ST_CASE,VEH_NO,PER_NO,AGE,SEX,PER_TYP,SEAT_POS,REST_USE,AIR_BAG,DRUGS,LOCATION,NUMOCCS,HIT_RUN,OWNER,V_CONFIG,HAZ_INV,TRAV_SP,DR_HGT,DR_WGT,PREV_SPD,SPEEDREL,VTRAFWAY,VNUM_LAN,VPROFILE,VPAVETYP,VSURCOND,P_CRASH1,P_CRASH2,DR_DRINK,VPICBODYCLASS,DRDISTRACT,DRIVERRF,DAY,MONTH,YEAR,DAY_WEEK,HOUR,RUR_URB,HARM_EV,RELJCT2,TYP_INT,REL_ROAD,LGT_COND,WEATHER,INJ_SEV
10689,1,1,30,1,1,11,20,8,9,0,3,0,3,0,1,107,73,165,0,3,1,2,6,2,1,1,6,0,13,12,37,15,12,2020,3,15,2,53,1,1,4,1,10,4
10690,1,1,83,1,1,11,3,2,9,0,1,0,1,0,1,80,71,165,0,9,3,4,1,2,1,1,9,0,13,96,999,28,12,2020,2,13,2,52,1,1,4,1,10,4
10691,1,1,48,1,1,11,20,1,9,0,1,0,1,0,1,90,999,999,0,0,3,3,1,2,1,6,6,0,7,96,8,26,12,2020,7,14,2,12,1,1,1,1,1,4
10692,1,1,34,1,1,11,20,20,9,0,1,0,1,0,1,999,67,196,1,0,3,3,1,2,1,1,12,0,7,96,0,19,12,2020,7,7,2,25,1,1,3,4,1,4
10693,1,1,48,1,1,11,3,20,0,0,1,0,1,0,1,999,66,203,1,0,6,1,5,2,1,1,80,0,7,96,0,14,12,2020,2,6,2,8,20,1,1,2,10,0
10694,1,1,26,1,1,11,99,8,9,0,2,0,0,0,1,999,71,140,0,0,3,3,1,2,1,1,13,1,7,96,0,7,12,2020,2,11,2,14,1,1,2,1,1,4
10695,1,1,20,1,1,11,20,8,0,0,2,0,2,0,1,90,70,160,0,3,3,3,1,2,2,14,6,0,13,96,0,29,11,2020,1,18,2,34,1,1,4,2,2,3
10697,1,1,36,1,1,11,99,3,8,0,1,0,0,0,1,999,69,160,0,0,3,3,1,2,1,15,10,0,13,96,0,20,11,2020,6,23,2,12,18,1,1,2,1,0
10698,1,1,51,1,1,11,20,1,8,0,1,0,2,0,1,93,73,210,0,0,3,2,5,1,1,1,13,1,119,96,89,15,11,2020,1,20,2,26,1,1,4,2,1,4
10701,1,1,60,1,1,11,3,1,1,0,3,0,1,0,1,999,73,210,0,3,6,2,1,2,1,1,6,1,13,96,0,11,11,2020,4,15,2,30,3,2,8,1,1,3
10702,1,1,57,1,1,11,20,20,9,0,2,0,1,0,1,999,71,175,0,0,5,5,1,2,2,1,12,0,13,96,999,10,10,2020,7,18,2,30,1,1,4,3,2,4
10703,1,1,23,1,1,11,99,8,0,0,1,0,2,0,1,999,999,999,0,0,3,4,1,2,1,99,51,1,60,96,999,3,11,2020,3,19,2,12,1,1,1,3,1,4
10704,1,1,51,1,1,11,99,8,9,0,1,0,1,0,1,999,69,230,0,0,1,2,1,2,1,14,13,0,13,96,0,18,10,2020,1,2,2,30,1,1,4,3,1,4
10706,1,1,18,1,1,11,3,20,0,0,1,0,2,0,1,80,70,135,0,3,5,5,6,2,1,6,6,0,7,96,8,4,11,2020,4,16,2,33,1,1,4,1,1,4
10707,1,1,73,1,1,11,3,20,0,0,2,0,2,0,1,20,69,181,0,0,1,2,1,2,1,1,17,0,13,96,38,5,11,2020,5,17,2,12,2,2,1,1,1,0
10708,1,1,55,2,1,11,3,2,0,0,1,0,1,0,1,999,66,185,0,0,1,2,1,2,1,11,15,0,7,96,38,6,11,2020,6,16,2,12,2,3,1,5,1,4
10710,1,1,25,1,1,11,20,1,9,0,1,0,2,0,1,70,999,999,0,3,1,2,1,2,1,1,6,1,3,96,8,7,11,2020,7,5,2,1,1,1,4,2,10,4
10711,1,1,32,1,1,11,20,2,0,0,1,0,1,0,1,999,71,225,0,0,4,3,1,2,1,1,5,1,13,96,89,7,11,2020,7,2,2,58,3,2,1,3,1,4
10715,1,1,999,9,1,11,99,99,9,0,99,1,9,99,1,999,999,999,99,9,5,5,6,2,1,1,99,0,999,96,8,9,11,2020,2,21,2,8,1,1,1,2,1,0
10717,1,1,30,2,1,11,20,8,0,0,1,0,2,0,1,50,999,999,0,0,5,5,5,2,1,1,10,0,13,96,58,11,11,2020,4,9,2,12,1,1,1,1,10,2
10718,1,1,26,2,1,11,3,20,9,0,1,0,1,0,1,999,63,240,0,0,2,2,1,2,1,14,80,0,13,96,0,11,11,2020,4,1,2,8,1,1,1,2,10,1
10724,1,1,18,1,1,11,20,1,9,0,2,0,2,0,1,999,73,220,0,9,1,2,6,2,1,14,13,0,13,96,999,14,11,2020,7,22,2,34,1,1,4,2,1,4
10725,1,1,26,2,1,11,20,1,9,0,5,0,3,0,1,60,60,120,0,0,1,2,6,2,1,14,12,1,13,96,58,14,11,2020,7,22,2,53,1,1,4,2,1,0
10727,1,1,66,1,1,11,20,8,9,0,1,0,2,0,1,60,76,186,1,0,1,2,1,2,1,14,10,0,3,96,89,15,11,2020,1,18,2,12,1,1,1,3,1,4
10728,1,1,33,1,1,11,20,20,9,0,1,0,0,0,1,999,76,220,2,3,1,6,1,2,1,1,6,0,80,96,8,15,11,2020,1,21,2,30,1,1,4,3,1,4
10730,1,1,53,1,1,11,20,1,9,0,2,0,3,0,1,999,66,328,0,0,2,5,1,2,1,1,51,1,5,96,89,16,11,2020,2,15,2,12,1,1,1,1,1,4
10731,1,1,55,1,1,11,3,20,0,0,1,0,1,6,1,999,68,180,0,0,2,2,1,2,1,11,15,0,66,96,999,16,11,2020,2,5,2,12,2,3,1,4,1,0
10737,1,1,50,1,1,11,99,1,9,0,1,0,1,0,1,999,70,240,0,0,1,4,1,2,1,1,10,0,13,96,0,19,11,2020,5,8,2,12,1,1,1,1,1,4
10738,1,1,31,1,1,11,20,99,9,0,1,0,1,0,1,999,67,170,0,0,1,2,6,2,1,1,13,1,13,96,58,20,11,2020,6,3,2,1,1,1,4,6,1,4
10741,1,1,58,1,1,11,3,8,8,0,2,0,2,0,1,8,70,255,0,0,1,2,1,2,1,11,15,1,60,96,38,20,11,2020,6,13,2,12,2,2,1,1,1,0
10744,1,1,69,1,1,11,20,8,0,0,1,0,2,0,1,65,68,215,1,0,2,2,1,2,1,1,12,0,7,96,0,21,11,2020,7,12,2,43,1,1,3,1,1,4
10745,1,1,999,9,1,11,99,99,9,0,99,1,9,0,1,999,999,999,99,9,2,5,1,2,1,99,80,0,7,96,999,21,11,2020,7,18,2,8,1,1,1,3,1,0
10749,1,1,32,2,1,11,3,1,0,0,1,0,1,0,1,20,64,999,0,0,2,3,1,2,1,11,15,0,13,96,38,22,11,2020,1,18,2,12,8,1,1,3,10,4
10750,1,1,999,9,1,11,99,20,9,0,99,1,9,99,1,999,999,999,99,9,1,2,1,2,1,1,50,0,999,96,38,22,11,2020,1,21,2,12,1,1,1,3,1,0
10752,1,1,52,1,1,11,20,1,9,0,1,0,2,0,1,65,66,140,0,0,1,2,6,2,1,1,12,1,13,96,73,24,11,2020,3,22,2,33,1,1,4,3,1,4
10753,1,1,41,1,1,11,20,8,0,0,1,0,1,0,1,999,71,185,2,0,1,2,5,2,2,14,10,0,13,96,0,25,11,2020,4,20,2,12,1,1,1,3,2,4
10755,1,1,25,2,1,11,3,1,9,0,1,0,1,0,1,999,68,160,6,0,2,2,6,2,1,1,13,0,13,96,999,21,12,2020,2,6,2,33,1,1,4,4,1,4
10756,1,1,63,1,1,11,20,1,0,0,1,0,1,0,1,999,72,220,0,0,1,5,1,2,1,1,50,1,13,96,89,30,12,2020,4,20,2,12,2,2,1,3,1,4
10757,1,1,32,1,1,11,20,20,8,0,1,0,2,0,1,999,70,170,0,0,1,2,1,2,1,14,12,0,7,96,0,30,12,2020,4,13,2,38,1,1,4,1,1,4
10758,1,1,18,1,1,11,20,1,0,0,4,0,2,0,1,999,75,176,0,0,1,2,1,2,1,14,87,0,7,96,83,19,12,2020,7,3,2,42,1,1,4,2,1,0
10759,1,1,999,9,1,11,99,99,9,0,99,1,9,99,1,999,999,999,99,9,2,2,1,2,2,1,80,0,999,96,999,27,11,2020,6,18,2,8,3,2,1,2,2,0
10760,1,1,39,1,1,11,99,1,1,0,1,0,1,0,1,999,71,250,0,0,1,2,1,2,1,1,17,0,13,96,38,21,7,2020,3,16,2,12,2,2,1,1,1,4
10761,1,1,25,2,1,11,3,20,0,0,3,0,1,0,1,999,67,165,0,0,2,4,1,2,1,1,80,0,7,96,39,2,2,2020,1,18,2,8,3,2,1,3,1,0
10762,1,1,999,9,1,11,99,99,9,0,99,1,9,99,1,999,999,999,99,9,5,5,1,2,2,1,80,0,999,96,999,18,2,2020,3,14,2,8,1,1,1,1,2,0
10763,1,1,23,1,1,11,99,8,1,0,1,0,2,0,1,999,69,165,0,9,2,2,5,2,1,99,99,1,7,96,999,28,2,2020,6,23,2,12,2,3,1,6,1,2
10771,1,1,18,2,1,11,99,8,9,0,2,0,2,0,1,110,65,124,0,3,1,2,1,2,1,14,13,1,13,96,0,4,12,2020,6,23,2,93,1,1,4,3,5,1
10772,1,1,19,1,1,11,3,1,9,0,1,0,0,0,1,60,74,132,1,0,1,2,6,2,1,1,10,1,3,6,0,27,12,2020,1,6,2,12,1,1,1,2,1,3
10774,1,1,40,1,1,11,20,1,0,0,1,0,2,0,1,65,70,210,0,3,1,2,1,2,2,14,6,0,13,96,8,20,12,2020,1,10,2,53,1,1,4,1,2,4
10776,1,1,30,1,1,11,3,1,0,0,2,0,3,0,1,75,74,180,0,3,1,2,1,2,1,14,13,1,60,96,0,14,11,2020,7,1,2,59,1,1,4,3,1,4
10785,1,1,34,2,1,11,20,1,9,0,1,0,2,0,1,999,67,210,0,0,3,2,6,1,1,1,51,0,60,96,0,26,3,2020,5,20,2,12,1,1,1,2,1,4
10786,1,1,62,1,1,11,20,20,9,0,1,0,1,0,1,999,70,210,0,0,6,2,5,2,1,14,12,1,81,96,0,6,12,2020,1,10,2,59,5,1,4,1,1,4
10792,1,1,67,1,1,11,99,20,9,0,1,0,2,0,1,25,72,185,1,0,1,2,6,2,1,1,13,0,7,96,0,27,11,2020,6,5,2,3,1,1,5,2,1,4
10793,1,1,18,1,1,11,3,20,1,0,2,1,2,0,1,999,999,999,0,0,2,4,5,2,2,1,80,0,60,96,0,27,11,2020,6,21,2,8,1,1,1,2,2,0
10794,1,1,54,2,1,11,3,1,8,0,1,0,2,0,1,999,67,140,0,0,1,4,1,2,2,1,13,0,7,96,999,28,11,2020,7,0,2,30,1,1,4,3,2,4
10796,1,1,69,2,1,11,20,1,0,0,1,0,2,0,1,40,62,236,0,0,1,2,6,2,1,14,13,0,7,96,0,29,11,2020,1,7,2,32,1,1,4,1,10,4
10797,1,1,88,1,1,11,3,20,0,0,2,0,1,0,1,10,70,170,0,0,1,2,1,2,1,11,15,0,13,96,89,29,11,2020,1,11,2,12,2,3,1,1,10,4
10800,1,1,27,1,1,11,3,20,9,0,1,0,3,2,1,999,68,138,0,0,1,2,1,2,1,1,13,0,11,96,58,30,11,2020,2,8,2,12,1,1,1,1,10,3
10801,1,1,41,1,1,11,20,1,9,0,1,0,1,0,1,999,71,315,0,0,1,2,6,2,1,6,10,0,3,96,89,30,11,2020,2,13,2,12,1,1,1,1,10,4
10802,1,1,93,1,1,11,3,1,0,0,1,0,1,0,1,55,72,175,0,0,1,2,1,2,1,1,13,0,60,96,0,1,12,2020,3,12,2,38,1,1,4,1,1,4
10804,1,1,58,1,1,11,99,1,9,0,2,0,1,0,1,999,70,210,0,0,1,2,1,2,1,1,12,0,60,96,8,1,12,2020,3,17,2,30,1,1,4,1,1,3
10807,1,1,21,1,1,11,3,20,0,0,1,0,2,0,1,999,999,999,0,0,1,3,1,2,1,1,80,0,2,96,0,2,12,2020,4,16,2,8,3,2,1,5,1,0
10808,1,1,24,2,1,11,20,1,9,0,1,0,1,0,1,999,64,202,0,0,1,2,6,2,1,1,14,0,13,96,39,2,12,2020,4,8,2,42,3,3,4,1,1,4
10809,1,1,60,1,1,11,3,20,0,0,1,0,3,6,1,55,67,999,0,0,2,2,5,2,1,1,12,0,66,96,0,3,12,2020,5,7,2,21,19,1,4,1,1,4
10810,1,1,999,9,1,11,99,20,9,0,99,1,9,0,1,999,999,999,99,0,1,5,1,2,1,1,83,0,13,96,999,3,12,2020,5,17,2,9,3,2,1,3,10,0
10811,1,1,38,1,1,11,20,8,0,0,1,0,2,0,1,999,73,400,0,0,1,4,1,2,1,1,12,0,60,96,89,3,12,2020,5,17,2,30,8,1,4,5,10,4
10812,1,1,22,1,1,11,99,8,9,0,2,0,0,0,1,999,69,160,1,0,1,2,5,2,1,14,13,0,13,96,0,5,12,2020,7,18,2,32,1,1,4,2,1,9
10815,1,1,999,9,1,11,99,20,9,0,99,1,1,0,1,999,999,999,99,9,1,5,1,2,1,1,51,0,2,96,999,5,12,2020,7,22,2,12,1,1,1,3,1,0
10816,1,1,19,1,1,11,3,20,0,0,1,0,0,0,1,10,65,115,0,0,1,2,1,2,2,1,17,0,5,96,38,6,12,2020,1,16,2,12,2,3,1,2,2,4
10817,1,1,61,1,1,11,99,20,9,0,1,0,1,0,1,999,72,200,0,0,1,2,1,2,1,1,13,0,13,96,0,7,12,2020,2,16,2,59,1,1,4,3,1,4
10819,1,1,44,2,1,11,3,20,0,0,4,0,1,0,1,45,62,215,0,0,5,5,1,2,1,1,80,0,7,96,0,8,12,2020,3,19,2,8,1,1,1,2,1,0
10821,1,1,47,1,1,11,99,8,9,0,1,0,2,0,1,999,74,240,0,0,1,2,5,2,1,1,10,0,7,96,0,10,12,2020,5,10,2,12,1,1,1,1,1,3
10824,1,1,23,1,1,11,20,1,8,0,2,0,1,0,1,999,74,230,0,0,1,2,1,2,1,14,13,0,13,96,0,10,12,2020,5,22,2,30,1,1,4,6,1,4
10827,1,1,48,2,1,11,3,1,1,0,1,0,2,0,1,45,62,110,0,0,5,5,1,2,1,1,54,1,5,96,51,29,12,2020,3,22,2,12,1,1,1,2,1,4
10828,1,1,63,1,1,11,3,20,0,0,1,0,3,6,1,50,72,250,3,0,1,2,6,2,1,1,3,0,66,96,28,11,12,2020,6,17,2,1,1,1,1,2,1,3
10829,1,1,30,1,1,11,3,2,0,0,1,0,1,0,1,12,72,230,0,0,0,0,0,0,0,11,15,0,13,96,38,11,12,2020,6,2,2,12,8,1,1,3,1,0
10830,1,1,33,2,1,11,20,8,9,0,2,0,1,0,1,5,62,130,0,0,1,2,1,2,2,11,15,0,13,96,38,12,12,2020,7,21,2,12,2,3,1,3,5,4
10832,1,1,19,1,1,11,20,8,0,0,5,0,2,0,1,80,68,145,0,3,1,2,1,2,1,14,6,0,13,96,0,13,12,2020,1,18,2,30,1,1,4,2,10,0
10836,1,1,40,1,1,11,20,1,9,0,1,0,1,0,1,999,70,160,0,9,1,5,1,2,1,1,50,0,13,96,39,16,12,2020,4,17,2,12,3,2,1,5,1,4
10837,1,1,26,1,1,11,20,8,0,0,1,0,1,0,1,999,72,170,1,0,1,2,1,2,1,1,12,0,13,96,0,17,12,2020,5,19,2,42,1,1,4,3,1,4
10838,1,1,71,2,1,11,20,1,0,0,5,0,1,0,1,80,64,168,0,3,2,3,1,1,1,1,17,0,60,96,39,17,12,2020,5,8,2,12,2,2,1,1,10,4
10839,1,1,27,1,1,11,3,20,0,0,1,0,1,0,1,35,70,220,1,0,1,2,6,2,1,1,80,0,60,96,0,18,12,2020,6,17,2,8,1,1,1,3,1,0
10840,1,1,53,1,1,11,99,1,9,0,1,0,1,0,1,999,73,172,0,0,1,5,1,2,2,1,50,0,60,96,89,19,12,2020,7,21,2,12,2,3,1,3,2,2
10843,1,1,48,1,1,11,99,1,9,0,1,0,1,0,1,999,68,169,0,0,1,2,1,2,1,1,10,0,7,96,0,21,12,2020,2,16,2,12,1,1,1,5,1,2
10848,1,1,78,1,1,11,99,2,8,0,1,0,1,0,1,999,71,210,1,0,2,3,1,2,2,1,50,0,13,96,89,24,12,2020,5,9,2,12,3,3,1,1,10,4
10849,1,1,21,1,1,11,20,8,9,0,1,0,2,0,1,70,67,130,1,9,1,2,1,2,1,1,13,1,7,96,73,25,12,2020,6,8,2,42,1,1,4,1,1,4
10850,1,1,58,2,1,11,3,8,0,0,2,0,1,0,1,999,999,999,0,0,3,2,1,2,1,1,50,0,13,96,26,4,1,2020,7,15,2,12,1,1,1,1,10,3
10851,1,1,56,1,1,11,20,20,0,0,1,0,1,0,1,40,71,137,0,0,1,2,1,2,1,1,12,1,7,96,0,26,6,2020,6,18,2,34,1,1,4,1,10,4
10852,1,1,64,2,1,11,3,20,0,0,1,0,1,0,1,10,999,999,0,0,2,2,1,2,1,11,15,0,7,96,38,31,7,2020,6,15,2,12,2,3,1,1,1,0
10854,1,1,66,2,1,11,20,20,0,0,1,0,2,0,1,999,62,110,0,0,1,2,1,2,1,10,12,0,81,96,0,8,11,2020,1,11,2,19,3,2,5,1,1,4
10855,1,1,54,1,1,11,3,1,0,0,1,0,4,0,1,40,75,340,0,0,1,2,1,2,1,1,87,0,13,96,0,14,12,2020,2,4,2,11,1,1,1,2,10,4
10856,1,1,21,1,1,11,3,20,0,0,3,0,2,0,1,35,71,200,3,0,1,2,1,2,1,1,80,0,7,96,0,27,12,2020,1,4,2,8,1,1,1,2,1,0
10857,1,1,41,1,1,11,3,8,0,0,1,0,1,0,1,999,72,195,0,0,2,2,1,2,1,1,9,0,7,96,0,29,12,2020,3,12,2,32,1,1,4,1,1,4
10858,1,1,62,1,1,11,3,20,0,0,1,0,1,0,1,999,73,250,0,0,2,5,1,2,1,1,80,0,3,96,0,9,9,2020,4,20,2,8,3,2,1,3,1,0
10860,1,1,41,1,1,11,20,20,8,0,1,0,1,0,1,75,75,185,0,9,5,5,1,2,1,14,13,0,13,96,89,19,12,2020,7,18,2,53,1,1,4,6,1,4
20001,1,1,55,1,1,11,20,1,0,0,1,0,1,0,1,998,67,160,1,0,1,2,1,2,4,1,5,0,60,99,0,13,1,2020,2,18,2,12,1,1,1,2,12,4
20002,1,1,32,1,1,11,3,98,9,0,1,1,1,0,1,998,67,165,0,0,1,4,1,2,4,10,82,0,13,96,0,22,1,2020,4,17,2,8,4,1,1,3,4,0
20004,1,1,46,2,1,11,3,1,0,0,1,0,2,0,1,998,68,160,0,0,1,2,1,2,4,1,66,0,13,99,0,3,2,2020,2,10,2,12,2,2,1,1,1,2
20006,1,1,20,1,1,11,3,20,0,0,1,0,1,0,1,65,69,160,0,0,3,6,2,2,2,1,80,0,13,98,0,9,2,2020,1,2,2,8,1,1,1,3,12,0
20007,1,1,999,9,1,11,99,99,9,0,99,1,9,99,1,998,999,999,99,0,5,3,1,2,4,99,80,0,999,96,0,12,2,2020,4,0,2,8,1,1,1,3,1,9
20010,1,1,28,2,1,11,3,20,0,0,1,0,1,0,1,998,62,123,0,0,3,4,1,2,3,1,80,0,7,0,0,17,3,2020,3,4,2,8,3,3,1,2,4,0
20012,1,1,42,1,1,11,20,98,1,0,1,0,1,0,1,998,69,160,0,3,3,2,2,2,1,3,9,1,7,96,0,10,5,2020,1,3,2,30,1,1,4,3,1,4
20016,1,1,18,1,1,11,99,99,8,0,1,0,2,0,1,998,65,150,0,5,6,1,1,2,1,1,12,0,13,99,999,6,6,2020,7,8,2,30,5,1,4,1,10,4
20017,1,1,35,1,1,11,20,20,9,0,1,0,2,0,1,998,74,200,1,3,2,2,1,2,1,6,61,1,80,99,34,16,6,2020,3,16,2,12,2,3,1,1,1,4
20019,1,1,39,1,1,11,99,1,9,0,1,0,1,0,1,998,74,220,0,5,1,2,1,2,1,1,10,0,7,96,35,22,6,2020,2,14,2,12,1,1,1,1,10,3
20020,1,1,56,1,1,11,20,20,0,0,1,0,1,0,1,998,77,205,1,0,2,2,1,2,1,14,12,1,81,9,36,24,6,2020,4,22,2,1,1,1,3,1,1,4
20028,1,1,999,1,1,11,99,98,8,0,1,1,9,0,1,998,999,999,99,9,3,3,1,2,2,3,80,0,60,99,999,25,8,2020,3,6,2,8,3,2,1,4,2,9
20030,1,1,20,1,1,11,20,20,9,0,1,0,1,0,1,60,66,115,0,3,1,2,1,2,1,3,55,0,80,96,999,27,8,2020,5,17,2,12,4,1,1,1,10,4
20032,1,1,31,1,1,11,20,8,9,0,1,0,1,0,1,64,78,235,0,0,2,2,1,2,2,14,9,0,13,96,58,3,9,2020,5,6,2,1,1,1,1,4,10,4
20033,1,1,39,1,1,11,99,8,0,0,2,0,1,0,1,998,66,185,0,3,3,4,1,2,2,14,6,1,13,99,36,5,9,2020,7,3,2,30,3,2,4,3,2,4
20035,1,1,28,2,1,11,99,98,0,0,1,0,1,0,1,30,60,135,1,0,4,3,1,2,98,1,80,1,7,0,0,19,9,2020,7,2,2,8,3,2,1,3,98,0
20038,1,1,18,1,1,11,99,99,1,0,1,1,2,0,1,999,73,140,0,0,4,2,1,2,1,1,80,1,7,99,6,23,9,2020,4,0,2,8,3,3,1,3,10,0
20040,1,1,22,2,1,11,3,20,0,0,1,0,1,0,1,30,65,190,0,0,3,2,1,2,2,1,80,0,7,96,0,29,9,2020,3,20,2,8,3,2,1,3,1,0
20041,1,1,21,1,1,11,99,8,0,0,1,0,1,0,1,998,69,165,0,3,2,2,1,2,1,1,66,0,13,99,36,29,9,2020,3,16,2,12,2,2,1,1,1,4
20044,1,1,55,2,1,11,3,99,0,0,1,0,1,0,1,45,67,140,0,0,2,2,1,2,1,1,80,1,7,96,0,24,10,2020,7,21,2,8,1,1,1,3,10,0
20045,1,1,22,2,1,11,3,1,0,0,1,0,3,1,1,998,66,160,0,0,1,2,5,2,3,6,9,0,60,0,0,27,10,2020,3,8,2,12,1,1,1,2,4,3
20048,1,1,23,2,1,11,99,98,1,0,2,0,1,0,1,999,64,135,2,9,3,2,1,2,4,1,50,1,7,3,39,29,11,2020,1,3,2,8,3,2,1,3,1,0
20053,1,1,91,1,1,11,99,20,0,0,1,0,1,0,1,998,69,200,0,0,5,2,1,2,2,11,80,0,60,0,38,31,12,2020,5,13,2,8,3,2,1,1,1,0
20054,1,1,35,1,1,11,20,1,9,0,1,0,1,0,1,998,69,200,0,9,1,2,1,2,1,99,9,1,60,99,999,6,8,2020,5,22,2,25,3,3,1,5,1,4
40001,1,1,24,1,1,11,99,98,1,0,6,0,2,0,1,65,72,160,0,4,5,6,1,2,1,15,6,1,7,99,58,1,1,2020,4,3,2,33,1,1,4,3,1,0
40002,1,1,30,1,1,11,99,20,1,0,1,0,2,0,1,45,71,180,0,9,2,3,1,2,1,1,80,1,13,99,91,1,1,2020,4,6,2,8,1,1,1,2,1,0
40004,1,1,31,1,1,11,20,1,9,0,1,0,2,0,1,65,71,180,1,0,3,3,1,2,1,1,98,1,7,99,51,4,1,2020,7,2,2,12,1,1,1,2,1,4
40006,1,1,46,2,1,11,20,9,9,0,2,1,1,0,1,25,70,185,0,0,5,6,1,2,1,11,15,0,13,99,38,4,1,2020,7,11,2,12,8,1,1,1,1,9
40007,1,1,40,1,1,11,20,1,1,0,5,0,2,0,1,80,68,160,0,4,1,2,1,2,1,1,5,1,13,3,82,4,1,2020,7,17,2,44,2,3,1,5,1,3
40008,1,1,88,1,1,11,20,1,9,0,1,0,1,0,1,998,66,190,0,0,2,4,1,2,1,1,14,0,7,99,39,4,1,2020,7,23,2,35,3,3,4,2,1,4
40009,1,1,55,1,1,11,3,20,9,0,1,0,1,0,1,45,68,185,2,0,5,7,5,2,1,1,10,0,13,99,0,5,1,2020,1,13,2,12,1,1,1,1,1,4
40010,1,1,32,1,1,11,99,20,0,0,1,1,2,0,1,35,69,200,0,0,2,2,1,2,1,1,80,1,1,99,0,6,1,2020,2,20,2,8,1,1,1,2,1,0
40011,1,1,19,2,1,11,3,8,0,0,2,0,1,0,1,35,66,143,0,0,2,5,1,2,1,14,10,0,7,0,28,7,1,2020,3,8,2,12,1,1,1,1,1,3
40012,1,1,61,1,1,11,99,8,9,0,1,0,1,0,1,75,71,190,0,4,1,5,1,2,1,1,51,0,7,99,39,9,1,2020,5,2,2,12,3,2,1,3,1,4
40013,1,1,51,1,1,11,3,8,9,0,1,0,1,0,1,998,70,160,0,4,2,3,1,2,1,1,11,0,13,99,28,10,1,2020,6,10,2,12,1,1,1,1,1,4
40015,1,1,28,2,1,11,3,20,0,0,1,0,2,0,1,45,64,215,0,0,5,5,1,8,1,1,80,0,13,0,0,10,1,2020,6,18,2,8,1,1,1,3,1,0
40017,1,1,23,1,1,11,3,98,0,0,1,0,1,0,1,55,68,259,0,3,2,6,1,2,1,3,17,0,13,0,27,12,1,2020,1,10,2,12,2,2,1,1,1,0
40018,1,1,28,1,1,11,99,20,9,0,1,0,2,0,1,53,66,165,0,9,5,5,1,2,1,1,51,0,13,99,26,12,1,2020,1,18,2,12,1,1,1,2,1,0
40021,1,1,52,1,1,11,3,8,9,0,1,0,2,0,1,998,72,195,0,3,2,2,1,2,1,15,51,0,13,12,37,14,1,2020,3,21,2,12,3,3,1,3,1,4
40022,1,1,33,1,1,11,3,8,9,0,1,0,1,0,1,998,76,278,0,4,3,3,1,2,1,14,13,0,13,99,0,16,1,2020,5,21,2,43,1,1,4,3,1,4
40023,1,1,22,1,1,11,20,20,0,0,2,0,2,0,1,998,56,120,0,3,4,4,1,2,2,3,6,1,13,0,37,17,1,2020,6,2,2,46,3,2,4,3,2,3
40024,1,1,45,1,1,11,20,20,9,0,1,0,1,0,1,998,66,140,0,9,1,6,1,8,1,1,62,0,80,99,39,17,1,2020,6,12,2,12,8,1,1,1,10,4
40026,1,1,66,1,1,11,99,98,0,0,1,0,1,0,1,998,73,155,0,0,1,2,1,2,1,1,17,0,13,0,38,19,1,2020,1,14,2,12,2,2,1,1,1,0
40027,1,1,28,1,1,11,99,20,1,0,1,0,2,0,1,55,69,160,99,0,5,5,1,2,1,14,10,0,7,99,28,19,1,2020,1,15,2,12,1,1,1,1,1,3
40029,1,1,61,2,1,11,99,1,9,0,1,0,1,0,1,40,67,170,0,0,5,5,1,2,1,1,10,0,13,99,51,22,1,2020,4,16,2,12,1,1,1,1,10,4
40030,1,1,30,1,1,11,20,1,9,0,1,0,2,0,1,998,67,150,2,9,6,2,5,2,1,99,99,0,3,99,999,26,1,2020,1,7,2,24,5,1,4,1,1,4
40034,1,1,45,1,1,11,3,20,0,0,1,0,3,1,1,35,71,220,0,0,1,2,1,2,1,1,80,0,67,0,0,29,1,2020,4,20,2,8,3,2,1,3,1,0
40035,1,1,52,2,1,11,20,20,0,0,1,0,1,0,1,55,64,188,0,0,2,4,1,2,1,1,12,1,94,99,28,29,1,2020,4,22,2,33,1,1,3,3,1,4
40037,1,1,27,1,1,11,3,20,0,0,2,0,0,0,1,55,72,175,0,0,3,3,1,2,1,1,80,0,7,0,0,3,2,2020,2,2,2,8,1,1,1,3,1,0
40038,1,1,65,1,1,11,99,20,0,0,1,0,3,6,1,5,69,212,0,0,1,3,1,2,1,10,13,0,66,0,28,3,2,2020,2,14,2,8,3,3,4,1,1,0
40039,1,1,35,2,1,11,20,8,9,0,1,0,1,0,1,100,61,143,0,4,3,5,1,2,1,6,6,0,13,99,35,3,2,2020,2,18,2,12,1,1,1,3,1,4
40040,1,1,59,1,1,11,20,8,8,0,1,0,2,0,1,998,68,224,0,9,2,2,1,2,1,1,9,0,13,99,28,5,2,2020,4,6,2,42,1,1,3,4,1,4
40042,1,1,60,1,1,11,3,8,9,0,1,0,1,0,1,75,58,90,0,4,2,2,1,2,1,1,50,0,7,99,26,7,2,2020,6,8,2,12,1,1,1,1,1,4
40043,1,1,32,1,1,11,20,98,9,0,1,0,1,0,1,998,69,140,0,9,5,6,1,8,1,1,9,1,60,99,28,8,2,2020,7,0,2,33,3,2,4,3,1,4