ST_CASE,VEH_NO,PER_NO,AGE,SEX,PER_TYP,SEAT_POS,REST_USE,AIR_BAG,DRUGS,LOCATION,NUMOCCS,HIT_RUN,OWNER,V_CONFIG,HAZ_INV,TRAV_SP,DR_HGT,DR_WGT,PREV_SPD,SPEEDREL,VTRAFWAY,VNUM_LAN,VPROFILE,VPAVETYP,VSURCOND,P_CRASH1,P_CRASH2,DR_DRINK,VPICBODYCLASS,DRDISTRACT,DRIVERRF,DAY,MONTH,YEAR,DAY_WEEK,HOUR,RUR_URB,HARM_EV,RELJCT2,TYP_INT,REL_ROAD,LGT_COND,WEATHER,INJ_SEV
40046,1,1,45,1,1,11,20,20,0,0,1,0,1,0,1,998,72,240,1,4,1,2,1,8,1,1,6,1,81,99,0,9,2,2020,1,17,2,7,2,3,1,3,10,4
40050,1,1,33,2,1,11,3,20,0,0,1,0,1,0,1,40,67,180,0,0,5,6,1,8,1,1,80,0,7,0,0,11,2,2020,3,21,2,8,3,4,1,3,1,0
40051,1,1,46,1,1,11,99,98,9,0,1,0,1,0,1,50,68,217,0,9,4,4,1,2,1,1,17,0,119,99,39,12,2,2020,4,4,2,12,2,2,1,3,1,2
40054,1,1,26,2,1,11,3,8,0,0,1,0,1,0,1,15,67,999,0,0,5,5,1,2,1,11,15,0,13,0,38,14,2,2020,6,12,2,12,2,3,1,1,1,0
40058,1,1,23,1,1,11,3,98,0,0,1,0,1,0,1,998,65,220,0,0,5,6,1,8,1,1,80,0,2,0,0,20,2,2020,5,21,2,8,1,1,1,3,1,0
40060,1,1,45,1,1,11,3,20,0,0,1,0,3,6,1,65,72,320,99,0,3,4,1,2,1,1,80,0,66,0,0,21,2,2020,6,21,2,8,1,1,1,3,10,0
40061,1,1,34,2,1,11,20,98,9,0,2,0,1,0,1,998,60,128,1,9,2,3,1,2,1,1,12,1,7,99,28,23,2,2020,1,2,2,33,1,1,3,3,10,4
40063,1,1,24,1,1,11,20,9,9,0,1,0,3,0,1,55,67,190,2,0,5,6,1,8,1,1,10,0,7,99,51,26,2,2020,4,3,2,12,1,1,1,2,1,4
40065,1,1,67,2,1,11,3,20,0,0,2,0,4,0,1,5,64,170,1,0,0,0,0,0,0,11,15,0,13,0,38,27,2,2020,5,11,2,12,8,1,1,1,1,0
40067,1,1,26,1,1,11,3,8,9,0,1,0,1,0,1,124,72,220,0,3,2,3,1,2,1,1,62,0,5,99,91,29,2,2020,7,22,2,12,2,3,1,3,1,3
40068,1,1,29,1,1,11,20,20,0,0,1,0,1,0,1,65,71,189,0,5,2,3,1,8,1,1,62,0,80,0,28,24,2,2020,2,11,2,12,2,3,1,1,1,4
40070,1,1,53,1,1,11,3,98,0,0,1,0,1,0,1,35,67,230,0,0,2,4,1,8,1,99,9,0,7,0,28,28,2,2020,6,13,2,33,1,1,4,1,1,4
40072,1,1,40,1,1,11,3,1,0,0,1,0,1,0,1,10,75,175,0,0,6,2,1,2,1,11,15,0,13,99,38,2,3,2020,2,19,2,12,2,2,1,3,1,0
40073,1,1,59,1,1,11,20,20,9,0,1,0,0,0,1,25,65,165,0,0,1,2,1,2,1,1,17,0,996,99,39,4,3,2020,4,15,2,12,2,4,1,1,1,4
40079,1,1,20,1,1,11,3,20,0,0,1,0,1,0,1,50,73,140,0,4,1,2,1,2,2,1,9,0,60,99,0,9,3,2020,2,20,2,30,1,1,4,3,2,4
40084,1,1,61,1,1,11,3,98,0,0,1,0,1,0,1,5,67,210,0,0,1,3,1,8,1,10,80,0,60,0,0,20,3,2020,6,16,2,8,3,2,1,1,1,0
40087,1,1,999,1,1,11,99,99,9,0,99,1,9,99,1,999,999,999,99,9,9,9,9,8,99,1,10,0,999,12,37,11,1,2020,7,9,2,12,1,1,1,9,99,9
40088,1,1,19,1,1,11,99,20,9,0,99,1,2,0,1,998,66,170,99,0,5,5,1,8,1,1,80,0,60,99,28,11,1,2020,7,19,2,8,1,1,11,2,1,0
40090,1,1,40,1,1,11,3,20,0,0,1,0,1,0,1,53,999,999,0,0,5,6,1,8,1,1,80,0,60,0,0,16,1,2020,5,5,2,8,1,1,1,3,1,0
40091,1,1,28,1,1,11,99,20,9,0,99,1,5,0,1,60,999,999,99,5,5,5,1,8,1,1,83,0,7,99,28,16,1,2020,5,17,2,9,1,1,11,1,1,0
40093,1,1,26,2,1,11,3,20,0,0,2,0,2,0,1,39,64,209,0,0,3,3,1,8,1,1,83,0,60,0,0,17,1,2020,6,18,2,15,1,1,1,2,6,9
40094,1,1,69,1,1,11,3,8,0,0,2,0,4,0,1,22,66,999,0,0,2,3,1,8,1,11,15,0,7,99,38,18,1,2020,7,11,2,12,8,1,1,1,1,4
40095,1,1,999,1,1,11,99,99,9,0,1,0,9,99,1,999,999,999,99,9,9,9,9,9,99,99,99,0,999,99,999,19,1,2020,1,16,2,99,99,99,99,9,99,4
40096,1,1,27,2,1,11,3,98,0,0,2,0,1,0,1,998,62,177,0,0,5,6,1,8,1,1,80,0,13,99,0,21,1,2020,3,21,2,8,1,1,1,3,10,0
40097,1,1,49,2,1,11,3,20,9,0,2,1,1,0,1,45,64,240,0,9,5,5,1,8,1,15,80,0,13,0,999,23,1,2020,5,3,2,8,1,1,1,3,1,0
40099,1,1,23,1,1,11,20,20,9,0,1,0,1,0,1,49,70,205,1,4,3,3,1,8,1,1,17,0,80,99,39,25,1,2020,7,0,2,12,2,2,1,3,1,4
40101,1,1,24,2,1,11,3,99,0,0,1,0,2,0,1,999,69,250,0,9,5,5,9,8,99,11,15,0,13,99,38,25,1,2020,7,15,2,12,2,3,1,1,99,0
40105,1,1,63,1,1,11,20,9,9,0,1,0,1,0,1,41,72,230,0,4,1,2,5,8,1,1,14,0,7,99,0,28,1,2020,3,16,2,39,1,1,4,1,1,4
40106,1,1,77,1,1,11,3,20,0,0,1,0,1,0,1,40,66,130,0,0,3,4,1,8,1,1,80,0,13,0,0,29,1,2020,4,6,2,8,3,3,1,3,10,0
40108,1,1,22,2,1,11,3,20,0,0,1,0,2,0,1,10,62,90,0,0,5,3,1,8,1,11,15,0,5,0,38,30,1,2020,5,18,2,12,3,2,1,3,1,0
40109,1,1,51,2,1,11,3,20,0,0,1,0,1,0,1,41,68,150,0,0,1,2,1,2,1,1,83,0,7,0,0,5,1,2020,1,12,2,9,3,2,1,1,1,0
40110,1,1,27,2,1,11,3,20,0,0,1,0,1,0,1,45,62,180,1,0,1,5,1,2,1,1,80,0,7,0,0,11,1,2020,7,22,2,8,1,1,1,2,1,0
40111,1,1,28,1,1,11,3,8,1,0,1,0,2,0,1,40,69,140,0,4,5,5,1,8,1,1,83,0,13,12,26,16,1,2020,5,19,2,9,1,1,1,2,1,0
40112,1,1,23,1,1,11,20,20,9,0,1,0,2,0,1,89,999,999,99,3,5,5,1,8,1,1,62,0,80,99,36,17,1,2020,6,23,2,12,8,1,11,3,1,4
40113,1,1,60,2,1,11,3,98,0,0,1,0,1,0,1,35,68,165,0,0,5,5,1,8,1,11,15,0,60,0,38,19,1,2020,1,13,2,12,2,4,1,1,1,0
40114,1,1,59,1,1,11,3,98,0,0,1,0,1,0,1,35,67,160,0,0,2,3,1,8,2,1,80,0,60,0,0,21,1,2020,3,6,2,8,1,1,1,2,2,0
40115,1,1,39,1,1,11,3,20,0,0,1,0,1,0,1,45,72,250,1,0,5,7,1,2,1,1,80,0,13,0,0,27,1,2020,2,20,2,8,3,2,1,3,1,0
40116,1,1,81,1,1,11,3,8,0,0,1,0,1,0,1,55,76,220,1,0,3,5,1,8,1,1,62,0,3,99,39,28,1,2020,3,6,2,12,2,2,1,1,1,4
40118,1,1,32,1,1,11,20,20,0,0,1,0,1,0,1,80,73,180,0,4,2,3,1,2,1,1,51,1,80,0,0,1,2,2020,7,18,2,12,3,3,1,3,1,4
40119,1,1,25,1,1,11,20,20,0,0,2,0,1,0,1,93,75,185,0,4,1,2,1,2,1,1,6,1,80,0,0,1,2,2020,7,18,2,33,1,1,4,3,1,3
40120,1,1,54,1,1,11,3,2,0,0,1,0,1,0,1,998,66,185,0,9,3,4,6,2,1,99,99,1,7,99,28,1,2,2020,7,19,2,25,1,1,3,3,1,4
40123,1,1,17,1,1,11,3,98,0,0,3,0,2,0,1,998,71,150,0,3,3,3,6,8,1,15,51,0,5,99,58,7,2,2020,6,14,2,12,1,1,1,1,1,0
40124,1,1,57,1,1,11,99,20,0,0,1,1,1,0,1,60,67,190,0,4,5,5,1,8,1,1,51,1,60,99,28,8,2,2020,7,13,2,12,1,1,1,1,1,0
40125,1,1,22,1,1,11,20,20,0,0,1,0,1,0,1,998,65,110,0,4,3,3,1,2,1,15,51,0,5,99,35,8,2,2020,7,23,2,12,1,1,1,3,1,4
40126,1,1,68,1,1,11,20,20,0,0,1,0,1,0,1,42,76,210,0,0,5,6,1,8,1,1,17,0,81,99,39,13,2,2020,5,11,2,12,2,4,1,1,1,4
40127,1,1,36,1,1,11,99,7,1,0,1,0,1,0,1,25,72,130,1,0,5,5,1,8,1,1,80,0,60,99,91,16,2,2020,1,2,2,8,3,4,1,3,1,0
40128,1,1,71,1,1,11,99,1,9,0,1,0,1,0,1,75,71,200,0,0,2,2,1,2,1,1,54,0,60,99,50,16,2,2020,1,3,2,12,1,1,1,2,1,4
40130,1,1,22,1,1,11,3,20,0,0,1,0,1,0,1,40,76,186,1,0,1,6,1,2,1,15,10,0,7,0,27,18,2,2020,3,1,2,12,3,2,1,3,1,0
40131,1,1,60,1,1,11,20,20,9,0,1,0,1,0,1,44,74,223,0,4,3,3,1,8,3,14,8,0,6,99,0,2,2,2020,1,16,2,7,1,1,1,3,1,4
40132,1,1,91,1,1,11,20,20,0,0,1,0,1,0,1,998,70,160,0,4,2,3,1,8,1,1,8,0,124,99,0,3,2,2020,2,13,2,7,3,3,1,1,1,4
40133,1,1,47,1,1,11,20,20,9,0,1,0,2,0,1,998,69,190,0,0,2,6,1,2,1,11,15,0,12,99,74,5,2,2020,4,6,2,12,2,2,1,3,1,4
40135,1,1,18,1,1,11,3,8,0,0,3,0,1,0,1,111,69,135,0,4,5,5,1,2,1,1,65,0,3,99,91,14,2,2020,6,18,2,12,2,2,1,3,1,1
40136,1,1,18,1,1,11,3,2,0,0,1,0,2,0,1,998,72,150,0,2,3,4,1,2,1,15,6,1,10,12,27,18,2,2020,3,20,2,35,1,1,4,3,1,4
40138,1,1,28,1,1,11,3,8,0,0,2,0,2,0,1,998,75,230,2,3,3,3,1,2,2,1,51,1,13,99,60,20,2,2020,5,23,2,12,1,1,1,3,1,3
40143,1,1,22,1,1,11,20,20,0,0,1,0,1,0,1,46,72,175,7,3,1,2,6,5,11,1,50,1,85,0,39,22,2,2020,7,18,2,12,3,2,1,1,10,4
40145,1,1,999,9,1,11,99,20,9,0,99,1,9,99,1,40,999,999,99,9,2,3,1,8,1,15,10,0,999,99,28,24,2,2020,2,4,2,12,1,1,1,3,1,9
40146,1,1,37,2,1,11,3,98,9,0,1,0,1,0,1,15,60,120,0,9,2,4,1,8,1,11,15,0,7,99,38,24,2,2020,2,13,2,12,2,2,1,1,1,4
40147,1,1,55,1,1,11,3,20,0,0,1,0,1,0,1,49,74,175,0,0,5,5,1,8,1,1,80,0,60,0,0,26,2,2020,4,19,2,8,1,1,1,3,1,0
40148,1,1,25,2,1,11,3,98,0,0,1,0,1,0,1,35,67,170,0,0,2,3,1,2,1,1,80,1,13,0,91,26,2,2020,4,20,2,8,1,1,1,3,1,0
40149,1,1,53,1,1,11,3,20,0,0,1,0,3,6,1,18,71,275,0,0,5,5,1,2,1,11,15,0,66,0,38,27,2,2020,5,6,2,12,2,4,1,3,1,0
40150,1,1,67,1,1,11,20,1,0,0,1,0,2,0,1,40,999,999,0,0,3,2,1,8,1,1,9,0,60,92,28,29,2,2020,7,15,2,33,3,2,4,1,1,4
40151,1,1,43,1,1,11,98,98,0,0,1,0,2,0,1,998,68,225,99,0,0,0,0,0,0,11,15,0,5,96,38,5,2,2020,4,16,2,12,8,1,11,8,98,3
40152,1,1,999,9,1,11,99,99,9,0,2,0,9,99,1,999,999,999,99,9,9,9,9,9,99,99,99,0,999,99,999,8,2,2020,7,99,2,99,99,99,99,9,99,9
40153,1,1,60,2,1,11,3,20,0,0,1,0,1,0,1,5,67,160,0,0,0,0,0,0,0,13,20,0,7,0,0,8,2,2020,7,15,2,8,4,1,1,1,1,0
40155,1,1,62,2,1,11,3,20,0,0,1,0,1,0,1,998,60,250,0,0,1,2,1,8,1,1,17,0,7,0,0,10,2,2020,2,12,2,12,2,2,1,1,1,0
40158,1,1,35,1,1,11,3,20,0,0,1,0,1,0,1,50,71,160,0,0,3,3,1,8,1,1,80,0,13,0,0,12,2,2020,4,5,2,8,3,7,1,3,1,0
40159,1,1,88,2,1,11,99,99,8,0,1,0,9,99,1,999,999,999,99,9,9,9,9,9,99,99,99,0,999,99,999,14,2,2020,6,99,2,12,98,99,99,9,99,4
40161,1,1,64,1,1,11,20,20,0,0,2,0,1,0,1,15,71,197,1,0,3,4,1,8,1,11,15,0,81,0,38,20,2,2020,5,19,2,12,2,2,1,3,1,3
40162,1,1,37,1,1,11,20,20,0,0,1,0,1,0,1,40,70,180,0,0,5,6,1,8,1,1,80,0,7,0,0,20,2,2020,5,20,2,8,1,1,1,3,1,9
40163,1,1,999,9,1,11,99,99,9,0,1,0,9,99,1,999,999,999,99,9,9,9,9,8,99,99,82,0,999,99,999,21,2,2020,6,99,2,8,99,99,99,8,98,9
40165,1,1,28,1,1,11,20,1,1,0,2,0,2,0,1,72,72,160,4,9,2,3,1,2,1,1,62,0,2,99,91,21,2,2020,6,12,2,12,2,2,1,1,1,3
40168,1,1,27,1,1,11,3,20,0,0,2,1,1,0,1,10,73,169,0,0,5,6,1,8,1,11,15,0,15,0,38,24,2,2020,2,17,2,12,2,4,1,5,1,0
40169,1,1,28,2,1,11,3,1,0,0,1,0,1,0,1,15,65,130,0,0,2,3,8,2,98,11,15,0,13,0,0,26,2,2020,4,14,2,12,2,3,1,1,98,0
40171,1,1,45,1,1,11,3,2,0,0,1,0,1,0,1,20,78,285,0,0,2,2,1,2,1,1,17,0,60,92,0,27,2,2020,5,13,2,12,2,4,1,1,1,2
40172,1,1,37,2,1,11,3,1,0,0,3,0,1,0,1,10,65,180,0,0,2,3,1,2,1,11,15,0,2,0,38,27,2,2020,5,14,2,12,2,2,1,1,10,0
40173,1,1,33,1,1,11,99,99,9,0,1,0,9,0,1,999,72,183,0,4,5,5,8,8,99,6,6,0,13,99,35,28,2,2020,6,18,2,33,1,1,4,9,99,4
40174,1,1,52,2,1,11,3,20,9,0,1,0,1,0,1,45,64,115,0,9,1,2,1,8,1,14,19,0,5,99,28,29,2,2020,7,8,2,30,1,1,4,1,1,4
40175,1,1,77,1,1,11,3,1,9,0,1,0,1,0,1,35,69,200,0,0,5,3,1,2,1,1,10,0,9,99,51,1,4,2020,4,11,2,12,1,1,1,1,10,4
40180,1,1,66,2,1,11,20,8,1,0,1,0,1,0,1,92,67,180,1,3,1,2,1,2,1,1,50,0,7,99,999,3,4,2020,6,14,2,12,3,3,1,1,1,4
40181,1,1,39,1,1,11,99,20,8,0,3,1,1,0,1,998,73,230,3,0,1,5,1,2,1,1,17,0,7,99,91,3,4,2020,6,19,2,12,2,4,1,2,1,9
40184,1,1,26,1,1,11,20,20,0,0,2,0,1,0,1,35,64,165,2,0,1,5,1,2,1,1,17,0,82,99,39,5,4,2020,1,17,2,12,2,2,1,1,1,4
40185,1,1,58,1,1,11,3,8,1,0,1,0,1,0,1,998,69,180,0,4,3,6,6,8,1,14,6,0,13,0,28,7,4,2020,3,12,2,24,1,1,4,1,1,4
40187,1,1,29,1,1,11,3,20,0,0,1,0,1,0,1,25,69,175,4,0,4,3,1,2,1,1,80,0,13,0,0,8,4,2020,4,19,2,8,1,1,1,2,1,0
40189,1,1,999,9,1,11,99,20,9,0,99,1,9,99,1,999,999,999,99,9,3,3,1,2,1,1,98,0,999,99,21,10,4,2020,6,15,2,54,1,1,1,1,1,9
40190,1,1,83,1,1,11,20,9,9,0,1,0,2,0,1,998,72,215,3,9,3,3,1,8,1,99,12,0,13,99,28,10,4,2020,6,16,2,12,1,1,1,1,1,4
40191,1,1,15,1,1,11,20,20,9,0,1,0,2,0,1,40,67,133,0,3,1,2,5,2,1,1,11,0,86,99,52,14,4,2020,3,0,2,14,1,1,7,2,1,4
40192,1,1,35,2,1,11,3,20,0,0,1,0,2,0,1,10,57,130,0,0,1,3,1,2,1,11,80,0,60,0,0,14,4,2020,3,8,2,8,3,2,1,1,1,0
40193,1,1,36,1,1,11,20,9,9,0,1,0,2,0,1,998,72,175,0,4,1,2,1,8,1,1,6,1,13,99,999,14,4,2020,3,19,2,30,3,3,4,3,1,4
40204,1,1,46,1,1,11,3,20,0,0,1,0,3,0,1,998,70,175,0,0,3,5,6,2,1,15,11,0,13,99,27,2,3,2020,2,15,2,12,1,1,1,1,10,0
40206,1,1,43,2,1,11,3,20,0,0,1,0,1,0,1,10,69,200,0,0,2,2,1,2,1,10,82,0,8,99,0,7,3,2020,7,17,2,8,8,1,1,1,1,0
40207,1,1,83,2,1,11,3,20,0,0,2,0,1,0,1,35,65,190,0,0,2,5,1,2,2,11,15,0,7,0,38,8,3,2020,1,11,2,12,2,4,1,1,2,0
40208,1,1,23,1,1,11,3,8,1,0,1,0,1,0,1,88,72,300,1,3,2,3,1,1,1,1,6,1,13,99,28,9,3,2020,2,2,2,33,3,3,3,6,1,4
40210,1,1,35,2,1,11,3,8,9,0,2,0,2,0,1,998,57,115,1,4,2,2,1,2,2,99,5,0,13,0,0,12,3,2020,5,23,2,44,1,1,1,2,2,3
40212,1,1,45,1,1,11,20,20,9,0,1,0,1,0,1,65,75,340,0,0,3,4,5,2,1,1,9,0,94,99,28,16,3,2020,2,15,2,39,1,1,3,1,1,4
40213,1,1,22,1,1,11,20,20,9,0,1,0,1,0,1,30,77,200,2,4,1,2,1,2,1,10,6,0,94,99,28,17,3,2020,3,21,2,33,3,3,4,2,1,4
40216,1,1,56,2,1,11,3,20,0,0,2,0,1,0,1,15,68,136,0,0,2,3,1,8,1,11,15,0,7,99,38,22,3,2020,1,11,2,12,2,4,1,1,1,0
40218,1,1,43,2,1,11,3,98,0,0,1,0,1,0,1,10,66,142,2,0,1,5,1,8,1,11,15,1,7,0,0,29,3,2020,1,21,2,12,2,4,1,1,1,0
40220,1,1,29,1,1,11,20,1,8,0,1,0,3,0,1,61,70,180,0,5,5,5,8,2,1,1,13,1,60,99,28,1,3,2020,1,1,2,14,1,1,7,3,1,4
40224,1,1,23,1,1,11,20,20,8,0,1,0,5,0,1,998,72,210,1,2,5,6,8,8,98,99,6,0,80,96,999,25,3,2020,4,16,2,33,1,1,4,1,99,4
40227,1,1,48,1,1,11,3,20,0,0,1,0,3,7,1,70,65,180,1,0,2,2,1,2,1,1,80,0,66,99,0,1,5,2020,6,4,2,12,1,1,1,2,1,2
40228,1,1,16,2,1,11,20,20,9,0,4,0,2,0,1,55,67,155,0,3,1,2,1,2,1,14,12,0,7,99,6,2,5,2020,7,4,2,1,1,1,4,2,1,4
40232,1,1,36,2,1,11,20,2,9,0,1,0,1,0,1,998,62,235,0,4,6,1,5,1,1,14,6,0,13,99,28,4,5,2020,2,12,2,25,5,1,4,1,1,4
40234,1,1,22,1,1,11,3,20,0,0,2,0,3,1,1,998,70,333,0,0,6,2,1,2,1,14,9,0,11,0,28,4,5,2020,2,14,2,20,5,1,4,1,1,2
40235,1,1,55,1,1,11,3,1,9,0,1,0,1,0,1,90,71,225,1,4,2,2,1,2,1,1,52,1,60,99,0,5,5,2020,3,23,2,12,1,1,1,3,1,4
40236,1,1,56,1,1,11,99,99,1,0,1,0,1,0,1,35,68,275,0,0,5,5,1,8,1,1,10,0,60,99,50,7,5,2020,5,5,2,12,1,1,1,1,1,4
40237,1,1,42,1,1,11,99,20,0,0,1,1,1,0,1,25,71,219,0,0,3,3,1,1,1,1,17,0,7,0,39,9,5,2020,7,18,2,12,3,3,1,1,1,0
40240,1,1,39,2,1,11,99,1,9,0,1,0,2,0,1,45,64,190,0,0,2,2,1,2,1,1,54,0,13,99,50,12,5,2020,3,22,2,12,1,1,1,2,1,4
40241,1,1,43,2,1,11,3,20,0,0,2,0,2,0,1,10,66,145,0,0,1,2,1,2,1,1,17,0,7,0,0,13,5,2020,4,10,2,12,2,2,1,1,1,2
40245,1,1,24,2,1,11,3,20,0,0,1,0,1,0,1,31,67,130,1,0,1,6,1,8,1,1,80,0,7,0,0,14,5,2020,5,21,2,8,3,4,1,3,1,0
40246,1,1,33,1,1,11,20,20,0,0,1,0,0,0,1,25,73,135,0,0,5,7,1,2,1,1,17,1,996,99,999,15,5,2020,6,19,2,12,2,4,1,1,1,4
40247,1,1,55,2,1,11,99,20,0,0,1,0,1,0,1,998,68,120,0,0,2,5,1,2,1,11,15,1,5,0,74,15,5,2020,6,20,2,12,2,4,1,3,1,0
40251,1,1,18,1,1,11,3,20,0,0,2,1,2,0,1,15,65,132,0,0,1,2,1,8,1,1,10,0,7,92,28,21,5,2020,5,13,2,9,1,1,1,1,1,0
40252,1,1,26,1,1,11,3,20,1,0,1,0,1,0,1,18,73,240,1,0,2,3,1,8,1,12,21,0,13,99,38,21,5,2020,5,16,2,12,1,1,1,1,1,0
40253,1,1,31,1,1,11,3,20,1,0,2,0,1,0,1,50,66,210,0,4,5,5,1,2,1,1,80,0,13,0,0,21,5,2020,5,20,2,8,1,1,1,3,1,0
40254,1,1,16,1,1,11,20,20,9,0,2,0,2,0,1,30,67,170,0,4,1,2,1,2,1,1,17,0,69,99,51,21,5,2020,5,22,2,12,3,6,1,3,1,4
40255,1,1,999,9,1,11,99,20,9,0,1,0,9,99,1,999,999,999,99,9,5,3,1,2,1,1,80,0,999,99,999,22,5,2020,6,1,2,8,1,1,1,2,1,9
40257,1,1,49,1,1,11,20,8,9,0,1,0,1,0,1,998,71,190,0,4,3,4,1,2,1,14,6,0,7,99,28,22,5,2020,6,14,2,12,1,1,1,1,1,4
40260,1,1,22,1,1,11,3,20,0,0,1,0,1,0,1,998,79,205,1,0,5,6,1,8,1,1,80,0,5,99,0,23,5,2020,7,20,2,8,1,1,1,5,1,0
40261,1,1,23,1,1,11,20,20,0,0,1,0,1,0,1,60,68,178,1,4,1,2,1,8,1,1,11,1,69,0,999,24,5,2020,1,4,2,14,1,1,4,3,1,4
40262,1,1,43,2,1,11,20,1,0,0,4,0,1,0,1,65,66,330,1,4,1,2,1,8,1,1,14,1,13,99,999,26,5,2020,3,9,2,33,1,1,4,1,1,4
40264,1,1,49,2,1,11,3,20,0,0,2,0,1,0,1,40,64,115,1,0,5,6,1,8,1,1,83,0,13,0,0,27,5,2020,4,4,2,9,1,1,1,3,1,0
40269,1,1,25,1,1,11,3,20,0,0,2,0,1,0,1,10,68,210,0,5,2,4,1,2,1,11,15,0,5,0,38,29,5,2020,6,19,2,12,2,4,1,3,1,0
40271,1,1,79,2,1,11,3,20,0,0,1,0,1,0,1,998,64,198,0,0,1,2,1,8,1,14,8,0,5,98,0,13,2,2020,5,17,2,8,1,1,4,1,1,0
40272,1,1,29,1,1,11,3,20,0,0,1,0,2,0,1,60,68,235,2,0,5,3,1,8,1,15,80,1,7,99,27,16,2,2020,1,0,2,8,3,3,1,2,1,0
40273,1,1,68,1,1,11,20,20,0,0,1,0,1,0,1,35,67,140,0,0,1,2,1,8,1,1,8,0,3,98,0,19,2,2020,4,14,2,99,1,1,4,1,1,4
40274,1,1,47,2,1,11,3,20,0,0,1,0,1,0,1,34,64,115,0,0,5,5,1,8,1,1,80,1,13,0,0,20,2,2020,5,6,2,8,1,1,1,3,1,0
40275,1,1,64,2,1,11,3,98,0,0,2,0,1,0,1,35,59,102,0,0,3,3,1,8,1,3,8,0,13,0,0,2,3,2020,2,15,2,33,3,4,4,1,10,3
40276,1,1,23,1,1,11,3,20,0,0,1,1,3,0,1,38,75,195,0,0,3,3,1,2,1,1,80,0,60,99,0,3,3,2020,3,6,2,8,1,1,1,3,1,0
40279,1,1,38,2,1,11,20,98,0,0,2,0,2,0,1,80,67,280,0,3,1,2,1,8,1,3,5,1,7,92,999,6,3,2020,6,22,2,44,1,1,1,2,1,4
40280,1,1,28,2,1,11,3,20,0,0,1,0,2,0,1,15,999,999,99,0,3,3,1,8,1,1,9,0,7,0,0,7,3,2020,7,9,2,33,1,1,4,1,1,1
40282,1,1,24,1,1,11,20,20,9,0,1,0,1,0,1,15,69,135,1,0,5,5,1,2,1,11,15,0,94,99,38,9,3,2020,2,20,2,12,2,4,1,3,10,4
40283,1,1,73,1,1,11,3,20,0,0,1,0,1,0,1,34,70,190,0,0,3,3,1,8,1,15,80,0,2,0,0,9,3,2020,2,23,2,8,1,1,1,3,1,0
40284,1,1,27,1,1,11,20,1,0,0,1,0,1,0,1,62,64,180,0,3,5,7,1,2,1,1,17,0,60,0,0,11,3,2020,4,17,2,12,2,7,1,1,1,2
40285,1,1,20,2,1,11,3,20,0,0,1,0,1,0,1,16,67,195,0,0,5,7,1,8,2,11,80,0,60,0,91,11,3,2020,4,17,2,8,3,4,1,1,2,0
40286,1,1,35,2,1,11,3,20,0,0,1,0,1,0,1,10,60,150,2,0,2,3,1,2,1,11,15,0,13,0,38,14,3,2020,7,16,2,12,2,3,1,1,1,0
40288,1,1,45,1,1,11,3,20,0,0,3,0,2,0,1,60,70,400,0,3,5,6,1,8,1,1,80,0,3,0,91,25,3,2020,4,22,2,8,1,1,11,3,1,0
40289,1,1,60,1,1,11,20,20,0,0,1,0,4,0,1,45,72,198,0,0,1,2,6,2,2,14,9,1,81,99,0,26,3,2020,5,23,2,24,1,1,4,2,3,4
40291,1,1,79,1,1,11,99,20,0,0,1,0,1,0,1,25,68,160,0,0,1,8,1,2,1,6,99,0,124,99,999,31,3,2020,3,11,2,5,1,1,4,1,1,4
40293,1,1,64,1,1,11,3,9,9,0,2,0,2,0,1,110,71,200,0,5,5,5,1,8,1,1,10,0,7,99,28,1,4,2020,4,11,2,1,1,1,4,1,1,4
40295,1,1,28,1,1,11,99,20,9,0,1,1,1,0,1,44,999,999,0,0,5,6,1,8,1,1,80,0,60,0,999,4,4,2020,7,21,2,8,3,3,1,3,1,0
40296,1,1,18,1,1,11,20,20,9,0,1,0,1,0,1,100,66,120,0,3,5,5,6,2,1,1,6,0,5,99,35,10,4,2020,6,7,2,33,1,1,4,1,1,4
40298,1,1,999,9,1,11,99,99,9,0,99,1,9,99,1,999,999,999,99,9,3,4,1,2,1,99,80,0,999,99,999,17,4,2020,6,7,2,8,1,1,2,3,1,9
40299,1,1,31,1,1,11,3,8,9,0,1,0,1,0,1,15,68,130,1,0,1,3,1,2,1,1,17,0,13,99,74,18,4,2020,7,4,2,12,2,4,1,2,1,4
40300,1,1,56,1,1,11,99,20,9,0,1,0,1,0,1,70,69,150,1,3,2,3,1,8,1,1,6,0,7,99,27,23,4,2020,5,20,2,24,1,1,3,2,1,4
40302,1,1,27,2,1,11,3,20,0,0,3,0,1,0,1,5,62,122,0,0,0,0,0,0,0,1,80,0,13,0,38,28,4,2020,3,12,2,8,8,1,1,1,1,0
40303,1,1,43,2,1,11,3,20,0,0,1,0,2,0,1,45,63,150,0,0,5,5,1,8,1,1,80,0,13,7,0,29,4,2020,4,19,2,8,1,1,1,5,1,0
40304,1,1,999,9,1,11,99,20,9,0,99,1,9,99,1,999,999,999,99,9,5,5,1,8,1,1,80,0,999,99,0,30,4,2020,5,23,2,8,1,1,1,3,1,9
40305,1,1,18,1,1,11,20,20,0,0,1,0,1,0,1,44,73,175,0,4,2,2,1,2,1,14,13,0,80,0,28,19,5,2020,3,22,2,33,1,1,4,3,1,4
40306,1,1,35,1,1,11,99,20,9,0,99,1,2,0,1,998,71,220,0,9,5,3,1,2,1,99,80,0,13,99,999,2,6,2020,3,0,2,8,3,3,11,2,10,9