ST_CASE,VEH_NO,PER_NO,AGE,SEX,PER_TYP,SEAT_POS,REST_USE,AIR_BAG,DRUGS,LOCATION,NUMOCCS,HIT_RUN,OWNER,V_CONFIG,HAZ_INV,TRAV_SP,DR_HGT,DR_WGT,PREV_SPD,SPEEDREL,VTRAFWAY,VNUM_LAN,VPROFILE,VPAVETYP,VSURCOND,P_CRASH1,P_CRASH2,DR_DRINK,VPICBODYCLASS,DRDISTRACT,DRIVERRF,DAY,MONTH,YEAR,DAY_WEEK,HOUR,RUR_URB,HARM_EV,RELJCT2,TYP_INT,REL_ROAD,LGT_COND,WEATHER,INJ_SEV
40310,1,1,25,2,1,11,20,20,1,0,2,0,2,0,1,30,67,125,0,0,2,4,1,2,1,11,15,0,13,0,28,4,6,2020,5,16,2,12,2,4,1,1,1,4
40312,1,1,20,1,1,11,20,9,9,0,1,0,2,0,1,998,69,125,0,0,5,7,1,8,1,1,62,0,13,99,39,5,6,2020,6,9,2,12,2,2,1,1,1,4
40313,1,1,999,9,1,11,99,99,9,0,99,1,9,0,1,998,999,999,99,9,1,2,1,2,1,1,80,0,7,99,999,5,6,2020,6,20,2,8,1,1,1,2,1,9
40314,1,1,86,1,1,11,3,20,0,0,1,0,1,0,1,998,65,155,0,0,5,6,1,8,1,1,80,0,7,0,0,5,6,2020,6,21,2,8,1,1,1,3,1,0
40315,1,1,43,1,1,11,20,20,9,0,1,0,1,0,1,65,71,270,0,4,6,1,6,2,1,14,6,1,60,99,28,6,6,2020,7,6,2,25,5,1,4,1,1,4
40316,1,1,22,2,1,11,3,1,0,0,1,0,1,0,1,998,61,160,0,0,3,3,1,2,1,1,54,1,7,0,50,7,6,2020,1,1,2,12,1,1,1,3,1,2
40317,1,1,29,2,1,11,20,9,0,0,3,0,1,0,1,998,62,145,0,4,2,3,1,8,1,15,6,1,13,0,91,7,6,2020,1,16,2,8,1,1,1,1,1,3
40318,1,1,26,1,1,11,3,1,0,0,1,0,1,0,1,998,71,205,0,4,2,4,1,2,1,1,50,0,13,98,26,8,6,2020,2,14,2,12,3,3,1,1,1,0
40319,1,1,55,1,1,11,3,1,0,0,1,0,1,0,1,45,74,285,0,0,2,4,1,8,1,1,80,1,13,0,0,9,6,2020,3,21,2,8,2,3,1,3,1,0
40323,1,1,46,1,1,11,3,8,0,0,1,0,2,0,1,15,69,210,0,0,5,5,1,2,1,11,15,0,13,99,38,13,6,2020,7,18,2,12,2,2,1,1,1,0
40325,1,1,59,1,1,11,99,20,0,0,1,0,1,0,1,40,73,190,2,0,5,5,1,8,1,1,80,0,7,0,0,13,6,2020,7,21,2,8,3,2,1,3,99,0
40327,1,1,41,2,1,11,3,1,0,0,1,0,2,0,1,75,71,140,0,4,3,2,1,2,1,1,6,0,7,99,58,16,6,2020,3,10,2,1,1,1,3,1,1,4
40328,1,1,41,1,1,11,20,20,9,0,1,0,5,0,1,25,72,170,0,4,1,2,1,8,1,1,98,0,80,99,0,18,6,2020,5,17,2,7,3,3,1,1,1,4
40329,1,1,57,1,1,11,2,20,9,0,1,0,2,0,1,998,69,250,0,0,3,3,1,8,1,1,98,0,7,0,0,18,6,2020,5,18,2,7,1,1,1,1,1,4
40331,1,1,29,2,1,11,3,1,0,0,1,0,1,0,1,25,65,260,0,0,5,5,1,8,1,15,80,0,13,0,0,20,6,2020,7,20,2,8,1,1,11,6,1,0
40335,1,1,26,1,1,11,3,20,1,0,1,1,1,0,1,75,64,164,0,3,2,3,1,2,1,1,52,1,3,0,91,24,6,2020,4,2,2,12,3,3,1,3,1,2
40336,1,1,63,1,1,11,99,20,9,0,1,0,1,19,1,25,999,999,99,0,1,2,1,8,1,1,9,0,78,99,28,24,6,2020,4,23,2,30,1,1,4,3,1,4
40338,1,1,32,1,1,11,20,8,9,0,1,0,2,0,1,998,69,185,0,4,3,6,1,2,1,1,51,0,13,99,27,29,6,2020,2,21,2,12,1,1,1,3,1,4
40339,1,1,30,2,1,11,3,8,0,0,1,0,2,0,1,45,60,175,0,0,5,4,1,2,1,1,17,0,3,99,39,24,4,2020,6,18,2,12,2,2,1,5,1,2
40340,1,1,62,1,1,11,99,20,0,0,1,0,1,0,1,40,64,120,1,0,2,4,1,2,1,1,83,0,60,99,0,29,4,2020,4,4,2,15,2,2,1,4,1,0
40341,1,1,83,1,1,11,99,20,9,0,1,0,1,0,1,45,65,160,0,0,1,2,1,2,1,1,12,0,103,99,28,11,6,2020,5,15,2,35,1,1,4,1,1,4
40342,1,1,65,2,1,11,3,20,0,0,1,0,1,0,1,5,60,168,0,0,2,5,1,8,1,11,15,0,7,0,38,11,6,2020,5,11,2,12,2,2,1,1,1,2
40343,1,1,56,1,1,11,20,20,0,0,2,0,1,0,1,35,68,175,0,4,6,2,1,8,1,14,6,1,81,99,28,13,6,2020,7,17,2,33,5,1,4,1,1,4
40345,1,1,15,1,1,11,20,20,0,0,4,1,2,0,1,76,71,150,0,0,6,1,5,2,1,1,9,1,7,0,27,15,6,2020,2,2,2,39,5,1,4,3,1,2
40346,1,1,53,1,1,11,20,1,9,0,1,0,2,0,1,55,72,225,0,4,5,6,1,8,1,1,10,0,3,0,51,17,6,2020,4,7,2,12,1,1,1,1,1,4
40347,1,1,52,1,1,11,20,20,0,0,1,0,1,0,1,65,70,250,1,4,6,2,1,2,1,1,6,0,81,0,28,21,6,2020,1,15,2,59,5,1,3,1,1,4
40348,1,1,51,2,1,11,3,20,0,0,2,0,1,0,1,35,64,200,0,9,5,5,1,2,1,1,83,0,13,99,0,24,6,2020,4,10,2,15,1,1,1,1,1,0
40351,1,1,67,1,1,11,20,20,9,0,1,0,1,0,1,998,68,185,0,9,3,5,1,2,1,14,12,0,94,99,999,2,7,2020,5,20,2,25,1,1,3,3,1,4
40353,1,1,22,1,1,11,99,98,9,0,1,0,2,0,1,70,70,320,1,3,2,5,1,8,1,1,17,1,2,99,39,3,7,2020,6,22,2,12,2,2,1,3,1,3
40356,1,1,33,1,1,11,20,20,9,0,1,0,2,0,1,60,70,165,0,4,2,3,1,8,1,1,6,0,80,99,28,5,7,2020,1,19,2,42,1,1,3,5,1,4
40358,1,1,19,1,1,11,99,98,9,0,2,0,2,0,1,90,68,140,0,4,5,5,1,2,1,1,17,1,13,99,39,7,7,2020,3,2,2,12,2,4,1,3,1,4
40359,1,1,20,1,1,11,99,20,0,0,2,0,1,0,1,35,71,165,0,0,5,5,1,2,1,1,80,0,13,99,0,7,7,2020,3,21,2,8,1,1,1,2,1,9
40361,1,1,17,1,1,11,3,20,0,0,4,0,2,0,1,10,69,145,0,0,2,2,1,8,1,11,15,0,60,0,0,10,7,2020,6,21,2,12,2,4,1,3,1,0
40363,1,1,50,2,1,11,20,1,1,0,1,0,1,0,1,48,63,200,1,4,5,5,1,2,1,1,10,0,7,99,23,11,7,2020,7,21,2,12,1,1,11,2,1,3
40364,1,1,21,1,1,11,3,8,0,0,1,0,1,0,1,998,67,140,0,3,2,3,1,2,1,14,6,1,1,99,28,12,7,2020,1,0,2,1,1,1,3,6,1,4
40365,1,1,21,2,1,11,3,20,0,0,1,0,1,0,1,998,66,180,0,0,5,5,1,8,1,1,83,0,13,99,0,12,7,2020,1,19,2,9,3,2,1,5,1,0
40367,1,1,26,2,1,11,20,20,0,0,2,0,4,0,1,73,66,165,1,9,3,5,1,2,1,1,13,0,2,0,999,16,7,2020,5,13,2,45,1,1,8,1,10,4
40368,1,1,26,1,1,11,3,20,0,0,1,0,1,0,1,998,68,150,0,0,3,6,1,2,1,15,10,0,13,0,35,16,7,2020,5,9,2,12,1,1,1,1,1,0
40370,1,1,22,1,1,11,3,9,9,0,2,0,2,0,1,68,65,170,1,3,1,2,1,8,1,14,6,0,5,99,28,14,7,2020,3,16,2,12,1,1,1,1,1,4
40372,1,1,34,1,1,11,3,20,0,0,2,0,1,0,1,65,69,150,0,0,2,2,1,2,1,1,80,0,7,0,0,18,7,2020,7,1,2,8,1,1,1,3,1,0
40375,1,1,36,1,1,11,20,20,9,0,1,0,2,0,1,998,71,250,0,4,2,2,1,2,1,1,12,0,60,0,0,20,7,2020,2,1,2,1,1,1,4,2,1,4
40378,1,1,36,1,1,11,99,20,0,0,2,1,1,0,1,998,67,170,0,9,5,7,1,8,1,99,13,0,7,99,28,22,7,2020,4,7,2,33,1,1,4,1,1,9
40379,1,1,999,9,1,11,99,20,9,0,99,1,9,99,1,40,999,999,99,0,2,6,1,2,1,1,80,0,999,99,0,23,7,2020,5,3,2,8,3,2,1,3,10,9
40385,1,1,34,1,1,11,20,20,9,0,1,0,1,0,1,998,73,165,0,4,3,5,1,2,1,1,17,0,80,99,39,26,7,2020,1,19,2,12,2,2,1,3,10,4
40386,1,1,60,2,1,11,20,20,0,0,1,0,1,0,1,10,65,180,0,0,0,0,0,0,0,11,15,0,95,0,38,27,7,2020,2,12,2,12,8,1,1,1,1,4
40387,1,1,38,1,1,11,20,1,9,0,1,0,1,0,1,45,73,145,2,0,5,6,1,8,1,1,17,0,13,99,39,28,7,2020,3,10,2,12,2,4,1,1,1,4
40388,1,1,998,8,1,11,98,99,9,0,99,1,9,99,1,998,999,999,99,9,1,2,1,2,1,1,80,0,999,99,999,29,7,2020,4,3,2,8,1,1,99,2,1,9
40390,1,1,50,1,1,11,3,20,0,0,1,0,1,1,1,10,73,275,1,0,1,2,1,2,1,11,15,0,63,0,38,31,7,2020,6,6,2,12,2,3,1,1,1,0
40394,1,1,65,1,1,11,20,1,0,0,1,0,1,0,1,998,68,185,0,0,5,5,1,8,2,1,12,0,13,96,27,22,3,2020,1,6,2,41,1,1,4,1,1,4
40396,1,1,32,1,1,11,20,8,8,0,1,0,1,0,1,998,69,175,0,4,5,5,1,8,1,1,17,0,3,0,39,5,4,2020,1,22,2,12,2,2,1,3,1,3
40397,1,1,21,1,1,11,3,20,0,0,2,0,2,0,1,998,72,210,0,0,1,2,8,8,98,12,21,0,60,96,38,8,4,2020,4,16,2,12,2,3,1,1,98,0
40398,1,1,63,1,1,11,99,20,8,0,1,0,1,0,1,998,71,175,0,5,1,2,8,8,98,1,50,1,60,99,39,12,4,2020,1,18,2,12,3,2,1,9,99,4
40400,1,1,37,1,1,11,20,20,0,0,1,0,1,0,1,61,64,110,1,3,1,2,1,2,1,14,6,1,80,99,0,15,4,2020,4,7,2,33,1,1,4,1,1,4
40401,1,1,23,1,1,11,98,9,8,0,2,0,1,0,1,998,68,170,99,9,5,3,8,8,98,11,15,1,60,96,91,22,4,2020,4,21,2,12,8,1,1,3,99,0
40403,1,1,72,1,1,11,3,20,0,0,1,0,1,0,1,40,71,150,0,0,5,5,1,2,1,1,80,0,7,0,0,1,4,2020,4,17,2,8,1,1,1,1,1,0
40404,1,1,42,1,1,11,3,20,0,0,1,0,1,0,1,40,71,160,3,0,5,5,1,8,1,1,83,0,13,0,0,13,4,2020,2,22,2,15,3,3,1,3,1,0
40405,1,1,48,1,1,11,20,1,0,0,2,0,1,0,1,57,68,160,0,0,1,2,1,2,1,14,10,1,60,99,51,26,4,2020,1,21,2,12,1,1,1,2,1,4
40407,1,1,64,1,1,11,3,3,0,0,1,0,3,0,1,998,71,200,0,4,3,4,1,2,1,1,13,1,60,0,28,23,5,2020,7,21,2,14,1,1,2,3,1,0
40409,1,1,27,2,1,11,3,20,0,0,1,0,1,0,1,998,62,125,0,9,3,4,1,2,1,1,82,0,1,99,0,25,5,2020,2,2,2,8,1,1,1,3,1,0
40412,1,1,51,2,1,11,3,9,0,0,1,0,1,0,1,998,65,205,1,0,5,6,1,8,1,1,80,0,13,0,0,28,5,2020,5,2,2,8,3,3,1,3,1,0
40413,1,1,57,1,1,11,3,1,0,0,1,0,2,0,1,9,67,125,0,4,2,3,5,2,1,14,13,1,7,99,28,29,5,2020,6,14,2,33,1,1,4,1,1,4
40414,1,1,30,1,1,11,3,20,0,0,1,0,1,0,1,37,75,205,0,0,2,4,1,8,1,1,80,0,8,99,0,29,5,2020,6,17,2,8,1,1,1,1,1,0
40415,1,1,38,1,1,11,20,20,9,0,1,0,1,0,1,40,71,180,0,4,1,2,1,2,1,1,6,1,69,99,51,18,6,2020,5,18,2,7,1,1,4,1,1,4
40416,1,1,35,1,1,11,3,98,9,0,1,0,2,0,1,45,69,180,0,4,2,4,1,2,1,1,50,0,7,99,6,19,6,2020,6,18,2,12,3,2,1,5,1,0
40417,1,1,23,1,1,11,3,20,0,0,1,0,1,0,1,47,999,999,99,0,1,6,1,2,2,1,80,0,13,0,0,10,3,2020,3,20,2,8,1,1,1,3,2,0
40418,1,1,28,1,1,11,3,20,0,0,1,0,1,0,1,998,72,235,0,0,5,5,1,2,1,1,80,0,13,0,13,26,4,2020,1,99,2,8,1,1,1,2,1,0
40419,1,1,45,1,1,11,3,8,0,0,2,0,2,0,1,15,72,310,0,0,3,4,1,8,1,11,15,0,5,0,38,9,5,2020,7,8,2,12,2,2,1,1,1,4
40420,1,1,23,1,1,11,3,20,0,0,2,0,2,0,1,40,75,145,0,0,5,5,1,8,1,1,83,0,60,0,39,10,5,2020,1,19,2,9,3,2,1,5,1,0
40422,1,1,22,1,1,11,20,20,0,0,2,0,2,0,1,30,72,160,0,4,3,2,6,8,1,1,6,0,105,99,58,14,5,2020,5,14,2,33,1,1,3,1,1,1
40423,1,1,33,2,1,11,3,20,0,0,4,0,1,0,1,40,62,240,0,3,3,2,1,2,1,15,80,0,2,99,91,16,5,2020,7,20,2,8,1,1,1,2,1,0
40424,1,1,48,1,1,11,3,20,0,0,2,0,2,0,1,33,999,999,99,0,2,6,1,8,1,1,80,0,95,99,0,20,5,2020,4,5,2,8,1,1,1,4,1,0
40425,1,1,70,1,1,11,99,98,9,0,1,0,1,0,1,95,68,180,0,3,3,3,1,8,1,99,13,0,13,99,999,20,5,2020,4,18,2,30,1,1,4,1,1,4
40426,1,1,40,2,1,11,20,20,0,0,1,0,1,0,1,998,59,200,0,0,5,5,1,8,1,1,80,0,13,0,0,20,5,2020,4,20,2,8,1,1,1,3,1,0
40427,1,1,44,1,1,11,99,20,0,0,1,0,2,0,1,40,74,200,0,0,2,2,1,8,1,1,83,0,7,99,89,23,5,2020,7,7,2,9,1,1,2,1,1,0
40428,1,1,64,2,1,11,3,8,0,0,1,0,1,0,1,45,64,230,0,0,1,4,1,8,1,1,67,0,13,0,39,31,5,2020,1,16,2,12,2,3,1,1,1,4
40429,1,1,77,1,1,11,20,20,0,0,1,0,1,0,1,998,69,190,0,0,1,2,1,2,1,12,21,0,105,0,0,3,6,2020,4,13,2,12,1,1,1,1,1,4
40430,1,1,17,2,1,11,3,9,0,0,4,0,2,0,1,55,69,170,0,0,3,3,1,8,1,15,11,0,7,0,27,4,6,2020,5,10,2,12,1,1,1,1,1,0
40431,1,1,75,2,1,11,99,99,9,0,1,0,1,0,1,68,59,106,0,0,5,5,1,8,1,1,10,0,7,99,51,15,6,2020,2,21,2,12,1,1,1,2,1,4
40432,1,1,40,1,1,11,20,20,9,0,1,0,2,0,1,80,69,165,0,4,2,3,1,2,1,1,66,0,80,99,0,30,6,2020,3,18,2,12,2,4,1,1,1,4
40433,1,1,63,1,1,11,20,98,0,0,1,0,2,0,1,15,70,170,0,0,3,3,1,2,1,1,13,1,5,99,28,7,7,2020,3,16,2,33,3,2,3,1,1,4
40434,1,1,27,2,1,11,3,20,0,0,2,0,1,0,1,45,70,220,0,0,2,4,1,2,1,1,80,0,7,0,0,21,7,2020,3,21,2,8,3,2,1,3,10,0
40435,1,1,18,2,1,11,3,20,0,0,1,0,2,0,1,30,64,121,0,0,1,2,1,2,1,11,15,0,13,99,38,28,7,2020,3,15,2,12,2,3,1,1,1,0
40437,1,1,999,9,1,11,99,99,9,0,99,1,9,99,1,999,999,999,99,9,5,6,1,8,1,99,80,0,999,99,999,2,5,2020,7,4,2,8,1,1,1,3,1,9
40442,1,1,71,1,1,11,20,20,9,0,1,0,1,0,1,998,73,275,0,9,1,2,1,8,99,99,19,0,1,99,38,10,5,2020,1,11,2,12,2,3,1,9,99,4
40443,1,1,19,1,1,11,3,1,0,0,1,1,2,0,1,45,65,129,1,0,5,6,1,8,1,1,80,0,13,0,0,10,5,2020,1,20,2,8,1,1,1,3,1,0
40444,1,1,16,1,1,11,20,1,0,0,1,0,2,1,1,45,68,150,0,3,1,2,1,8,1,1,17,0,60,0,91,16,5,2020,7,11,2,12,2,2,1,1,1,0
40448,1,1,999,9,1,11,99,99,9,0,99,1,9,99,1,999,999,999,99,9,2,2,9,8,99,99,99,0,999,99,999,22,5,2020,6,99,2,8,1,1,3,9,99,9
40449,1,1,59,2,1,11,99,20,0,0,2,0,1,0,1,25,60,160,0,0,3,2,1,2,1,1,83,0,60,0,0,23,5,2020,7,21,2,15,2,2,1,3,1,1
40451,1,1,29,1,1,11,99,1,0,0,1,0,1,0,1,66,68,190,0,3,1,2,1,2,1,1,6,0,13,0,0,29,5,2020,6,4,2,8,1,1,1,2,1,1
40452,1,1,24,1,1,11,99,99,9,0,1,0,9,99,1,999,68,240,1,9,6,1,9,8,99,99,99,0,999,99,999,30,5,2020,7,99,2,99,5,1,99,9,99,4
40453,1,1,58,1,1,11,99,99,9,0,1,0,9,99,1,999,999,999,99,9,1,2,5,8,99,1,14,0,999,99,999,30,5,2020,7,3,2,17,1,1,4,2,99,4
40454,1,1,999,1,1,11,99,99,9,0,99,1,9,99,1,999,999,999,99,9,2,3,9,8,99,99,99,0,999,99,999,31,5,2020,1,7,2,9,99,99,99,9,99,9
40455,1,1,39,1,1,11,3,20,0,0,2,0,2,0,1,45,75,239,0,0,5,7,1,2,1,1,80,0,7,0,0,11,5,2020,2,1,2,8,3,3,1,3,1,0
40456,1,1,69,1,1,11,3,1,8,0,1,0,1,0,1,25,71,299,0,0,1,2,5,8,1,14,13,0,15,0,28,19,5,2020,3,20,2,34,1,1,4,2,1,4
40458,1,1,24,1,1,11,20,20,9,0,1,0,1,0,1,998,71,170,1,4,3,3,1,2,1,15,62,0,80,99,38,31,5,2020,1,11,2,12,8,1,1,1,1,4
40459,1,1,70,1,1,11,20,20,9,0,1,0,2,0,1,5,66,205,0,0,3,2,1,8,1,99,9,0,103,99,999,30,6,2020,3,12,2,33,1,1,3,1,1,4
40460,1,1,59,2,1,11,3,20,8,0,1,0,2,0,1,998,65,120,0,9,3,4,1,8,1,1,17,1,7,99,39,10,7,2020,6,5,2,12,2,2,1,4,99,4
40461,1,1,49,2,1,11,3,9,0,0,1,0,1,0,1,42,64,130,0,0,2,8,1,8,1,1,8,0,13,0,27,21,7,2020,3,12,2,8,1,1,4,1,1,0
40464,1,1,999,9,1,11,99,20,9,0,99,1,5,19,1,998,999,999,99,4,3,3,1,8,1,1,51,0,74,99,26,2,6,2020,3,7,2,12,1,1,1,1,1,9
40465,1,1,31,1,1,11,20,20,0,0,1,0,1,0,1,50,73,150,0,0,1,2,1,4,1,1,12,0,60,99,28,20,6,2020,7,12,2,35,1,1,4,1,1,4
40466,1,1,35,1,1,11,20,1,1,0,1,0,1,0,1,35,72,150,0,4,5,5,5,2,1,1,13,1,13,99,28,1,7,2020,4,23,2,33,1,1,4,3,1,4
40468,1,1,28,1,1,11,3,98,0,0,1,0,1,0,1,94,67,160,0,2,5,7,1,8,1,15,11,0,3,0,27,22,7,2020,4,6,2,12,1,1,1,1,1,4
40469,1,1,999,9,1,11,99,99,9,0,99,1,9,99,1,999,999,999,99,9,5,5,1,8,1,1,80,0,999,99,999,30,7,2020,5,20,2,8,1,1,1,3,1,9
40470,1,1,54,1,1,11,3,20,0,0,1,0,1,0,1,40,67,240,0,0,3,3,1,2,1,1,80,0,7,0,0,1,8,2020,7,6,2,8,1,1,1,1,1,0
40473,1,1,68,1,1,11,99,1,9,0,1,0,1,0,1,998,69,185,0,0,5,6,1,2,1,11,15,0,3,99,38,5,8,2020,4,7,2,12,2,2,1,1,1,4
40474,1,1,57,1,1,11,20,20,0,0,1,0,1,0,1,45,73,344,0,0,1,2,1,2,1,1,5,0,996,99,0,6,8,2020,5,0,2,58,1,1,1,2,1,4
40477,1,1,19,1,1,11,3,98,0,0,2,0,1,0,1,40,67,135,0,0,5,5,1,2,1,1,83,0,3,0,0,8,8,2020,7,21,2,9,3,2,1,3,1,0
40478,1,1,29,1,1,11,99,98,0,0,1,1,2,0,1,100,70,190,0,3,3,3,1,2,1,15,52,1,13,99,27,8,8,2020,7,23,2,12,3,3,1,3,1,2
40482,1,1,71,1,1,11,3,20,0,0,1,0,3,1,1,35,71,170,0,0,2,4,1,2,1,2,80,0,74,0,0,11,8,2020,3,3,2,8,1,1,1,3,10,0
40483,1,1,35,1,1,11,3,98,9,0,1,0,2,0,1,15,71,160,0,0,2,4,1,2,1,11,15,0,13,99,38,12,8,2020,4,13,2,12,2,4,1,1,1,4
40486,1,1,71,1,1,11,20,9,9,0,1,0,1,0,1,22,75,265,0,9,1,2,1,8,1,99,9,0,7,99,28,14,8,2020,6,1,2,38,1,1,4,3,1,4
40488,1,1,27,1,1,11,3,20,0,0,1,0,1,0,1,998,72,260,2,0,2,3,1,8,1,1,80,0,13,0,0,15,8,2020,7,23,2,8,1,1,1,3,1,0
40490,1,1,75,1,1,11,3,3,0,0,2,0,1,0,1,20,69,195,0,0,5,6,1,8,1,11,15,0,7,99,0,18,8,2020,3,7,2,12,2,2,1,1,1,2
40491,1,1,51,1,1,11,20,20,9,0,1,0,1,0,1,998,76,260,0,4,5,5,6,2,1,1,9,0,7,99,28,18,8,2020,3,12,2,33,1,1,4,1,1,4
40493,1,1,36,2,1,11,3,20,8,0,1,0,2,0,1,8,63,220,0,0,5,5,1,8,1,10,80,0,7,99,38,19,8,2020,4,16,2,8,8,1,1,1,1,0
40494,1,1,19,2,1,11,20,20,9,0,1,0,1,0,1,45,66,160,0,4,1,4,1,8,1,1,3,0,13,12,57,19,8,2020,4,19,2,12,1,1,1,3,1,4
40497,1,1,25,1,1,11,3,1,0,0,1,0,1,0,1,60,70,180,1,4,3,5,1,2,1,1,17,0,13,0,0,21,8,2020,6,9,2,12,8,1,1,1,1,1
40498,1,1,41,1,1,11,3,98,0,0,1,0,1,0,1,50,71,210,0,4,2,5,1,2,1,1,50,0,7,5,6,22,8,2020,7,20,2,12,1,1,1,3,1,0
40499,1,1,38,2,1,11,3,1,0,0,4,0,4,0,1,76,68,142,0,4,3,4,1,2,1,1,50,1,7,99,6,22,8,2020,7,21,2,12,1,1,1,3,1,1
40501,1,1,21,1,1,11,20,20,0,0,1,0,1,0,1,70,67,147,0,3,2,3,1,8,1,1,17,1,60,0,39,22,8,2020,7,23,2,12,2,2,1,3,1,2
40502,1,1,20,1,1,11,3,20,0,0,1,0,1,0,1,60,66,120,0,4,5,5,1,8,1,1,51,0,13,0,0,23,8,2020,1,3,2,12,1,1,1,3,1,0
40503,1,1,76,2,1,11,99,9,9,0,1,0,1,0,1,15,63,115,0,0,2,4,1,2,1,11,15,0,13,99,38,25,8,2020,3,11,2,12,2,4,1,1,1,4
40505,1,1,55,2,1,11,3,20,0,0,1,0,1,0,1,998,63,173,0,0,3,3,1,2,1,1,80,0,13,0,0,27,8,2020,5,19,2,8,1,1,1,3,1,0
40508,1,1,18,2,1,11,3,20,9,0,4,0,2,0,1,35,68,170,0,0,2,3,1,2,1,1,80,1,7,0,0,28,8,2020,6,20,2,8,1,1,1,3,1,0
40509,1,1,65,1,1,11,3,1,0,0,1,0,1,0,1,5,71,205,0,0,1,2,5,2,1,1,12,0,13,0,28,29,8,2020,7,11,2,38,1,1,4,1,1,4
40510,1,1,58,2,1,11,3,20,0,0,1,0,1,0,1,45,64,115,0,0,5,7,1,8,1,1,80,0,7,0,0,29,8,2020,7,19,2,8,1,1,1,2,1,0
40511,1,1,57,1,1,11,3,1,0,0,1,0,1,0,1,45,69,250,0,0,5,5,1,8,1,1,13,1,13,0,28,30,8,2020,1,0,2,17,1,1,4,2,1,4
40512,1,1,44,1,1,11,3,1,1,0,1,0,1,0,1,30,74,190,0,4,5,5,1,2,1,11,15,0,2,0,38,30,8,2020,1,7,2,12,2,3,1,1,1,0
40513,1,1,27,1,1,11,3,1,1,0,1,0,1,0,1,61,74,220,1,0,5,6,4,8,1,1,17,1,7,99,39,4,6,2020,5,19,2,12,2,2,1,1,1,1
40515,1,1,25,1,1,11,20,1,9,0,3,0,2,0,1,999,999,999,99,0,5,6,1,8,99,1,17,1,13,99,39,7,6,2020,1,5,2,12,2,2,1,1,1,3
40516,1,1,45,1,1,11,99,99,9,0,3,0,9,99,1,999,71,170,1,9,9,9,9,9,99,99,99,1,999,99,999,7,6,2020,1,19,2,99,99,99,99,9,99,4
40517,1,1,23,1,1,11,99,1,9,0,1,0,0,0,1,998,74,240,3,0,5,6,1,8,1,99,10,0,13,99,28,8,6,2020,2,7,2,12,3,3,1,1,1,4
40520,1,1,28,2,1,11,3,20,0,0,3,0,1,0,1,998,64,164,0,0,3,3,1,8,98,1,80,0,13,99,0,14,6,2020,1,19,2,8,1,1,1,3,99,0
40521,1,1,65,1,1,11,3,20,0,0,1,0,1,0,1,998,70,200,0,0,3,3,1,2,1,1,80,0,7,99,39,18,6,2020,5,7,2,8,3,2,1,1,1,0
40522,1,1,69,1,1,11,20,8,0,0,1,0,1,0,1,62,68,172,0,3,2,2,1,8,1,14,13,1,60,99,0,23,6,2020,3,20,2,30,1,1,4,3,1,4
40523,1,1,26,1,1,11,99,99,9,0,1,0,1,0,1,50,72,160,1,4,2,3,1,8,1,1,14,0,7,99,39,27,6,2020,7,3,2,39,3,3,4,3,1,4
40524,1,1,30,1,1,11,20,20,9,0,2,0,1,0,1,998,69,150,1,9,3,3,9,8,1,15,10,0,98,99,38,28,6,2020,1,13,2,12,2,2,1,1,99,4
40525,1,1,45,2,1,11,99,20,9,0,1,0,9,0,1,999,62,220,0,5,5,5,9,8,99,99,99,0,13,99,999,28,6,2020,1,23,2,58,1,1,4,6,99,4
40526,1,1,52,1,1,11,20,20,9,0,1,0,1,0,1,998,69,300,0,9,3,4,9,9,99,1,99,0,7,99,999,29,6,2020,2,4,2,12,2,2,1,3,99,4
40527,1,1,47,1,1,11,20,20,9,0,1,0,1,0,1,65,73,225,0,5,3,3,8,8,98,14,6,0,81,96,28,29,6,2020,2,20,2,33,1,1,4,3,98,4
40528,1,1,48,2,1,11,3,20,0,0,2,0,3,20,1,8,66,170,0,9,5,5,1,8,1,11,15,0,62,0,0,30,6,2020,3,11,2,12,2,2,1,1,1,1
40529,1,1,21,1,1,11,3,20,0,0,2,0,1,0,1,15,71,192,0,0,0,0,0,0,0,10,16,0,60,0,38,2,5,2020,7,15,2,12,8,1,1,1,1,0
40530,1,1,25,2,1,11,20,8,1,0,1,0,2,0,1,63,63,130,0,3,2,3,1,2,1,1,6,1,13,99,28,3,6,2020,4,17,2,33,1,1,4,1,1,4
40531,1,1,26,1,1,11,3,20,0,0,1,0,1,0,1,65,72,197,0,0,3,5,1,2,1,1,80,0,7,0,0,4,7,2020,7,10,2,8,1,1,1,1,1,0
40532,1,1,74,1,1,11,20,20,9,0,1,0,1,0,1,55,69,175,0,9,3,4,1,2,1,1,9,0,81,99,28,8,7,2020,4,13,2,43,1,1,3,1,1,4
40533,1,1,18,1,1,11,3,9,0,0,1,0,2,0,1,998,69,135,0,4,1,3,5,8,1,14,12,0,13,0,28,1,9,2020,3,8,2,33,1,1,4,1,1,4
40534,1,1,25,1,1,11,20,20,0,0,1,0,2,0,1,125,72,160,3,3,5,5,1,2,1,14,13,1,80,0,28,1,9,2020,3,20,2,30,1,1,4,3,1,4
40538,1,1,44,2,1,11,3,20,0,0,1,0,1,0,1,40,69,220,0,0,5,5,1,2,1,1,80,0,7,0,0,5,9,2020,7,19,2,8,3,3,1,3,1,0
40539,1,1,39,1,1,11,2,20,0,0,1,0,1,0,1,45,71,185,3,0,5,6,1,8,1,1,80,0,3,0,0,5,9,2020,7,23,2,8,1,1,1,3,1,0