ST_CASE,VEH_NO,PER_NO,AGE,SEX,PER_TYP,SEAT_POS,REST_USE,AIR_BAG,DRUGS,LOCATION,NUMOCCS,HIT_RUN,OWNER,V_CONFIG,HAZ_INV,TRAV_SP,DR_HGT,DR_WGT,PREV_SPD,SPEEDREL,VTRAFWAY,VNUM_LAN,VPROFILE,VPAVETYP,VSURCOND,P_CRASH1,P_CRASH2,DR_DRINK,VPICBODYCLASS,DRDISTRACT,DRIVERRF,DAY,MONTH,YEAR,DAY_WEEK,HOUR,RUR_URB,HARM_EV,RELJCT2,TYP_INT,REL_ROAD,LGT_COND,WEATHER,INJ_SEV
40540,1,1,31,1,1,11,3,98,0,0,3,0,2,0,1,999,72,175,0,4,1,2,1,8,1,1,14,0,60,99,39,6,9,2020,1,21,2,14,1,1,5,2,1,0
40541,1,1,41,1,1,11,20,20,0,0,1,0,1,0,1,998,68,200,0,0,5,5,1,2,1,1,10,1,7,0,91,7,9,2020,2,14,2,12,3,4,1,1,10,2
40542,1,1,43,1,1,11,3,8,9,0,2,0,2,0,1,998,73,210,0,0,1,2,1,2,1,1,17,0,13,0,0,8,9,2020,3,0,2,12,2,2,1,3,10,4
40543,1,1,67,1,1,11,3,20,9,0,1,0,1,0,1,25,66,180,0,0,1,2,1,2,1,1,13,0,13,99,28,8,9,2020,3,7,2,38,1,1,4,1,1,4
40546,1,1,28,2,1,11,20,20,9,0,2,0,2,0,1,998,64,160,0,4,3,4,1,2,1,6,6,0,7,99,35,10,9,2020,5,13,2,1,1,1,3,1,1,4
40548,1,1,19,1,1,11,20,1,9,0,1,0,2,0,1,998,47,60,0,4,3,5,5,2,1,1,51,1,13,99,6,12,9,2020,7,4,2,12,1,1,1,3,1,4
40550,1,1,56,2,1,11,3,8,9,0,1,0,1,0,1,998,57,162,0,0,1,2,1,2,1,11,15,0,13,99,48,12,9,2020,7,20,2,12,2,3,1,2,1,4
40551,1,1,32,2,1,11,3,20,0,0,2,0,1,0,1,998,70,150,1,4,2,3,1,2,1,1,6,0,7,0,0,12,9,2020,7,20,2,1,1,1,3,3,1,0
40553,1,1,37,2,1,11,20,20,0,0,1,0,1,0,1,65,62,102,0,4,3,4,1,2,1,1,9,1,60,0,28,14,9,2020,2,2,2,1,1,1,4,3,1,4
40554,1,1,33,2,1,11,20,1,9,0,1,0,2,0,1,998,65,160,1,3,2,2,1,2,1,98,9,0,13,99,58,14,9,2020,2,13,2,12,1,1,1,1,1,4
40555,1,1,84,1,1,11,20,20,0,0,1,0,1,0,1,998,70,180,0,0,6,1,1,1,1,14,12,1,81,0,28,14,9,2020,2,23,2,41,5,1,4,3,1,4
40557,1,1,60,2,1,11,3,1,0,0,1,0,1,0,1,42,59,95,0,0,2,5,1,2,1,1,17,0,2,0,39,17,9,2020,5,10,2,12,2,2,1,1,1,4
40559,1,1,29,2,1,11,20,20,9,0,1,0,1,0,1,998,62,160,2,4,1,2,1,2,1,1,6,1,60,99,58,18,9,2020,6,23,2,30,3,3,4,3,1,4
40560,1,1,37,1,1,11,3,1,1,0,4,0,2,0,1,998,71,220,0,0,1,2,1,2,1,14,10,0,60,0,51,19,9,2020,7,9,2,12,1,1,1,1,1,3
40562,1,1,27,1,1,11,20,1,9,0,2,0,1,0,1,50,69,180,1,4,1,2,1,2,1,14,13,0,60,99,58,19,9,2020,7,18,2,38,3,3,4,3,1,4
40563,1,1,18,1,1,11,20,1,1,0,1,0,2,0,1,70,75,180,0,4,3,5,1,8,1,1,52,1,60,99,91,19,9,2020,7,21,2,12,2,2,1,3,1,1
40565,1,1,19,1,1,11,99,8,9,0,1,0,2,0,1,55,69,155,1,0,5,5,1,2,1,1,10,0,13,99,28,21,9,2020,2,11,2,12,1,1,1,1,1,3
40567,1,1,30,1,1,11,3,98,0,0,1,0,1,0,1,50,70,195,0,0,5,5,1,2,1,1,80,0,7,0,0,22,9,2020,3,18,2,8,3,3,1,3,1,9
40568,1,1,39,1,1,11,3,20,0,0,1,0,1,0,1,64,68,143,0,0,5,5,1,2,1,1,51,0,13,98,0,23,9,2020,4,20,2,12,1,1,1,2,1,0
40569,1,1,56,1,1,11,99,99,9,0,1,0,2,0,1,998,70,200,0,0,1,6,1,8,1,1,80,0,60,0,38,23,9,2020,4,23,2,8,3,2,1,3,1,0
40572,1,1,23,1,1,11,20,8,0,0,1,0,2,0,1,998,69,190,2,4,3,5,1,2,1,1,51,1,13,0,26,17,9,2020,5,23,2,12,1,1,1,3,1,4
40573,1,1,20,1,1,11,20,8,9,0,1,0,2,0,1,65,74,143,1,9,3,5,1,2,1,15,9,0,3,99,27,25,9,2020,6,20,2,25,1,1,3,3,1,4
40574,1,1,37,2,1,11,20,20,0,0,1,0,1,0,1,35,63,210,0,9,2,2,1,2,1,1,13,0,13,99,58,26,9,2020,7,16,2,41,1,1,4,1,1,4
40575,1,1,18,2,1,11,3,1,0,0,1,0,2,0,1,10,60,149,0,0,5,6,1,2,1,11,15,0,7,0,38,26,9,2020,7,20,2,12,2,2,1,3,1,2
40576,1,1,60,1,1,11,20,20,9,0,1,0,1,0,1,50,67,170,1,4,1,2,1,2,1,14,12,0,82,99,28,26,9,2020,7,23,2,43,3,3,4,2,1,4
40577,1,1,35,1,1,11,20,20,9,0,1,0,2,0,1,998,66,130,0,4,3,2,1,2,1,14,13,0,60,99,28,27,9,2020,1,5,2,1,1,1,1,3,1,4
40579,1,1,70,1,1,11,99,20,9,0,1,0,2,0,1,25,75,245,0,9,1,2,5,2,1,1,12,0,60,99,999,27,9,2020,1,16,2,38,1,1,4,1,1,4
40581,1,1,20,1,1,11,3,1,0,0,1,0,1,99,1,50,69,125,0,0,5,5,1,8,1,1,80,0,999,0,0,28,9,2020,2,20,2,8,1,1,1,2,1,0
40582,1,1,48,1,1,11,3,20,0,0,1,0,1,0,1,45,73,295,0,0,2,3,1,2,1,1,80,0,60,0,0,29,9,2020,3,4,2,8,3,2,1,3,1,0
40583,1,1,999,9,1,11,99,20,9,0,99,1,9,0,1,45,999,999,99,0,3,3,1,8,1,14,13,0,60,99,28,29,9,2020,3,6,2,8,1,1,4,4,1,9
40584,1,1,34,2,1,11,99,98,0,0,1,0,1,0,1,30,64,180,2,0,2,3,1,2,1,1,80,0,7,0,0,29,9,2020,3,18,2,8,3,2,1,1,1,0
40586,1,1,39,1,1,11,99,99,9,0,1,1,2,0,1,40,75,230,0,0,2,3,1,2,1,1,80,0,7,99,39,30,9,2020,4,16,2,8,1,1,1,1,1,9
40587,1,1,41,1,1,11,20,3,0,0,1,0,1,0,1,8,73,280,0,0,5,5,1,8,1,11,15,0,13,0,38,10,9,2020,5,18,2,12,2,3,1,1,1,4
40588,1,1,62,1,1,11,3,8,0,0,1,0,2,0,1,998,67,220,0,0,5,3,1,2,1,6,10,0,13,99,35,13,5,2020,4,10,2,12,1,1,1,1,1,4
40590,1,1,55,2,1,11,3,20,0,0,1,0,1,0,1,40,63,254,0,0,5,5,1,2,1,1,80,0,60,0,0,15,7,2020,4,22,2,8,3,3,1,3,1,0
40591,1,1,19,1,1,11,20,8,9,0,1,0,2,0,1,45,71,204,0,0,5,3,1,8,1,1,10,0,13,92,51,17,7,2020,6,6,2,12,1,1,1,1,1,4
40592,1,1,74,1,1,11,20,20,9,0,1,0,1,0,1,40,74,235,0,5,2,6,1,8,1,1,17,0,90,99,39,17,7,2020,6,12,2,12,2,2,1,1,1,4
40594,1,1,28,1,1,11,20,20,9,0,1,0,1,0,1,998,74,165,0,4,3,5,5,2,1,6,10,0,80,0,35,1,8,2020,7,7,2,12,1,1,1,1,1,4
40595,1,1,48,1,1,11,99,20,8,0,2,0,1,0,1,45,67,195,0,9,2,2,1,2,1,1,80,0,13,99,0,2,8,2020,1,21,2,8,1,1,1,2,10,0
40596,1,1,25,1,1,11,3,1,0,0,1,0,2,0,1,70,74,195,0,4,3,4,5,2,1,14,50,0,7,0,84,13,8,2020,5,17,2,12,1,1,1,1,10,2
40598,1,1,23,1,1,11,20,1,0,0,1,0,1,0,1,70,68,140,0,3,3,4,1,1,1,15,52,1,60,0,27,22,8,2020,7,20,2,12,1,1,1,3,1,0
40599,1,1,24,1,1,11,3,20,0,0,1,0,1,0,1,39,71,175,2,3,1,2,1,2,1,1,80,0,13,0,0,24,8,2020,2,18,2,8,1,1,1,1,1,0
40600,1,1,30,1,1,11,99,20,9,0,1,0,1,0,1,998,70,190,1,4,2,3,1,2,1,14,6,0,13,99,0,27,8,2020,5,21,2,33,3,2,4,3,1,4
40603,1,1,61,1,1,11,99,99,0,0,1,1,2,0,1,30,68,210,0,0,2,3,1,2,1,11,15,1,95,99,38,2,10,2020,6,20,2,12,2,2,1,3,1,9
40604,1,1,22,1,1,11,20,20,9,0,1,0,1,0,1,76,69,209,99,5,2,3,1,8,1,1,8,0,80,99,0,2,10,2020,6,20,2,5,8,1,1,3,1,4
40607,1,1,64,1,1,11,20,8,9,0,1,0,1,0,1,998,69,185,1,9,1,2,1,8,1,1,13,0,7,99,0,3,10,2020,7,18,2,33,1,1,4,2,1,4
40610,1,1,49,1,1,11,3,99,0,0,1,0,1,0,1,5,72,229,0,0,5,3,1,8,1,11,15,0,60,0,38,5,10,2020,2,19,2,12,2,3,1,3,1,9
40613,1,1,23,1,1,11,3,9,0,0,1,0,1,0,1,65,71,180,0,3,5,5,1,8,1,1,83,1,3,99,0,9,10,2020,6,1,2,15,1,1,1,3,1,0
40616,1,1,51,1,1,11,3,20,0,0,1,0,1,0,1,40,68,182,0,0,5,5,1,2,1,1,80,0,7,0,0,9,10,2020,6,20,2,8,1,1,1,3,1,0
40617,1,1,23,1,1,11,3,8,9,0,1,0,1,0,1,998,72,185,0,9,2,3,1,2,1,1,13,0,3,99,28,12,10,2020,2,11,2,59,3,3,4,1,1,4
40619,1,1,29,1,1,11,20,20,0,0,4,0,2,0,1,15,61,180,1,0,5,5,1,2,1,11,15,0,7,99,38,13,10,2020,3,18,2,12,8,1,1,1,1,0
40621,1,1,55,1,1,11,20,20,0,0,1,0,2,0,1,45,73,210,0,4,5,5,1,8,1,2,18,0,94,99,0,14,10,2020,4,16,2,1,1,1,1,1,1,4
40623,1,1,28,1,1,11,99,99,9,0,1,0,2,0,1,998,67,160,0,3,3,2,1,8,1,1,6,1,2,99,0,15,10,2020,5,2,2,33,1,1,4,3,1,4
40624,1,1,44,1,1,11,20,20,0,0,1,0,0,0,1,998,71,165,0,0,1,2,1,2,1,1,17,0,996,99,39,15,10,2020,5,10,2,12,2,2,1,1,1,4
40626,1,1,29,2,1,11,3,20,9,0,2,0,1,0,1,998,64,150,0,3,5,5,1,8,1,1,51,0,13,0,26,17,10,2020,7,23,2,12,1,1,1,2,1,2
40627,1,1,24,1,1,11,99,1,9,0,1,0,2,0,1,50,73,235,1,4,1,2,6,2,1,14,13,1,7,99,999,17,10,2020,7,23,2,35,1,1,4,2,1,4
40628,1,1,17,1,1,11,20,98,9,0,1,0,2,0,1,998,41,45,0,9,5,5,1,8,1,1,13,1,13,0,0,18,10,2020,1,4,2,43,1,1,5,3,1,4
40630,1,1,33,1,1,11,99,98,0,0,1,0,1,0,1,15,70,185,1,0,0,0,0,0,0,11,11,0,13,99,13,19,10,2020,2,13,2,12,8,1,1,1,1,0
40632,1,1,60,2,1,11,3,20,0,0,1,0,2,0,1,998,61,145,0,0,3,4,1,2,1,1,80,0,2,0,0,21,10,2020,4,23,2,8,1,1,1,3,1,0
40633,1,1,25,1,1,11,3,8,0,0,1,0,1,0,1,998,68,120,1,0,3,5,1,2,1,1,54,1,7,0,89,22,10,2020,5,3,2,12,1,1,1,3,1,1
40634,1,1,41,2,1,11,3,20,9,0,1,0,1,0,1,45,71,175,0,4,5,3,1,2,1,1,56,0,7,99,84,22,10,2020,5,7,2,12,1,1,1,1,1,4
40635,1,1,71,1,1,11,20,8,9,0,2,0,2,0,1,998,72,180,0,0,3,2,1,2,1,15,10,0,13,99,27,22,10,2020,5,12,2,12,1,1,1,1,1,4
40636,1,1,49,1,1,11,3,20,0,0,1,0,3,1,1,63,70,215,0,4,2,3,5,2,1,1,50,0,11,0,91,23,10,2020,6,13,2,12,3,2,1,1,1,0
40637,1,1,33,1,1,11,20,1,9,0,1,0,1,0,1,95,73,210,0,4,2,4,1,8,1,1,6,1,3,99,0,24,10,2020,7,17,2,39,1,1,4,5,1,4
40638,1,1,19,1,1,11,20,1,1,0,2,0,1,0,1,55,69,145,0,0,1,2,1,2,1,1,10,1,3,99,51,24,10,2020,7,18,2,12,1,1,1,2,1,3
40640,1,1,56,2,1,11,3,20,0,0,1,0,2,0,1,25,65,190,0,0,5,5,1,2,1,1,80,0,60,0,0,25,10,2020,1,20,2,8,3,2,1,2,1,0
40644,1,1,64,2,1,11,3,20,0,0,1,0,1,0,1,998,64,140,0,0,2,2,1,1,1,1,1,0,3,0,80,30,10,2020,6,13,2,1,1,1,4,1,1,4
40645,1,1,21,1,1,11,20,1,9,0,1,0,1,0,1,35,66,280,1,4,5,5,1,2,1,1,10,0,13,99,0,31,10,2020,7,15,2,12,3,2,1,1,1,4
40646,1,1,27,1,1,11,20,1,9,0,2,0,2,0,1,998,74,205,0,4,3,4,1,1,1,1,10,0,13,99,0,31,10,2020,7,13,2,14,1,1,2,1,10,4
40652,1,1,47,1,1,11,20,20,9,0,1,0,1,0,1,998,70,150,0,5,5,7,8,8,1,14,6,1,80,99,999,3,7,2020,6,19,2,33,1,1,4,9,99,4
40653,1,1,65,1,1,11,3,20,0,0,1,0,3,0,1,998,999,999,99,0,5,6,8,8,98,1,80,0,95,0,0,9,7,2020,5,3,2,8,1,1,1,6,99,0
40654,1,1,71,1,1,11,99,99,9,0,1,0,9,99,1,999,75,220,0,9,8,9,8,8,98,99,99,1,999,99,999,10,7,2020,6,99,2,99,99,99,99,9,99,4
40655,1,1,17,1,1,11,20,98,0,0,2,0,2,0,1,998,67,160,99,9,1,3,8,8,98,1,17,0,13,99,39,10,7,2020,6,20,2,12,2,2,1,6,99,3
40661,1,1,999,1,1,11,99,99,9,0,1,0,2,0,1,998,999,999,99,5,9,9,9,9,99,13,8,0,3,99,28,25,7,2020,7,18,2,8,1,1,4,9,99,0
40662,1,1,76,2,1,11,3,20,0,0,1,0,1,0,1,998,61,98,0,9,0,0,0,0,0,11,15,0,5,99,38,25,7,2020,7,19,2,12,8,1,1,5,99,0
40663,1,1,36,1,1,11,3,20,0,0,1,0,2,0,1,998,66,160,0,0,3,3,8,8,8,1,80,0,13,0,0,26,7,2020,1,4,2,8,1,1,1,1,99,0
40666,1,1,20,1,1,11,20,98,0,0,4,0,1,0,1,60,65,150,0,5,5,5,8,8,98,1,9,0,13,3,58,29,7,2020,4,20,2,33,1,1,4,9,99,2
40667,1,1,999,9,1,11,99,20,8,0,99,1,9,99,1,999,999,999,99,9,5,6,9,9,99,1,80,0,999,99,999,29,7,2020,4,21,2,8,1,1,1,9,98,0
40668,1,1,47,1,1,11,3,1,9,0,1,0,1,0,1,90,70,175,0,4,2,2,1,2,1,14,6,1,7,99,28,9,10,2020,6,22,2,33,1,1,4,2,1,3
40669,1,1,25,1,1,11,20,9,9,0,1,0,4,0,1,66,72,150,0,0,5,6,1,8,1,1,10,0,13,99,28,11,10,2020,1,0,2,12,1,1,1,3,1,4
40670,1,1,18,1,1,11,99,1,0,0,1,0,2,0,1,999,71,225,0,0,1,2,1,2,1,11,15,0,13,99,38,17,10,2020,7,13,2,12,2,4,1,1,1,0
40673,1,1,43,2,1,11,3,9,0,0,1,0,1,0,1,998,67,185,1,0,2,4,1,8,1,11,15,0,7,0,38,20,10,2020,3,19,2,12,2,3,1,3,1,0
40675,1,1,69,1,1,11,3,98,0,0,1,0,1,0,1,40,64,169,0,0,5,5,1,2,1,1,80,0,15,0,0,22,10,2020,5,18,2,8,1,1,1,2,1,0
40676,1,1,44,1,1,11,3,20,0,0,1,0,1,0,1,998,67,175,1,0,1,3,1,2,1,11,15,0,60,92,48,28,10,2020,4,16,2,12,8,1,1,5,1,0
40677,1,1,19,1,1,11,99,98,9,0,1,0,1,0,1,40,71,170,0,9,1,2,1,8,1,1,9,0,13,99,999,31,10,2020,7,19,2,42,1,1,4,3,1,4
40679,1,1,32,1,1,11,20,20,0,0,1,0,2,0,1,998,999,999,99,3,5,5,1,2,1,1,51,1,80,99,26,17,7,2020,6,22,2,12,1,1,1,3,1,4
40680,1,1,999,9,1,11,99,20,9,0,99,1,9,0,1,999,999,999,99,9,5,6,1,8,1,1,80,0,7,99,999,18,7,2020,7,21,2,8,3,2,1,3,1,9
40681,1,1,77,1,1,11,3,9,0,0,2,0,1,0,1,998,70,170,0,0,5,5,1,8,1,11,15,0,8,99,38,22,7,2020,4,9,2,12,2,4,1,1,1,0
40682,1,1,60,1,1,11,20,1,9,0,1,0,1,0,1,90,68,190,0,4,1,2,1,2,1,1,9,0,13,99,999,31,7,2020,6,5,2,1,1,1,4,2,1,4
40683,1,1,44,1,1,11,3,20,0,0,3,0,1,0,1,45,66,170,0,0,3,3,1,8,1,1,83,0,13,0,0,6,8,2020,5,0,2,15,1,1,1,3,1,0
40684,1,1,19,1,1,11,3,1,9,0,4,0,1,0,1,124,68,130,1,3,2,2,1,2,1,1,62,0,3,99,999,8,8,2020,7,23,2,12,2,2,1,2,1,4
40685,1,1,34,2,1,11,20,1,1,0,1,0,2,0,1,62,64,140,0,3,1,2,1,2,1,1,10,0,7,99,28,12,8,2020,4,4,2,12,1,1,1,4,1,3
40689,1,1,26,1,1,11,3,1,0,0,1,0,2,0,1,999,65,190,0,0,1,2,1,8,1,1,13,0,7,99,0,25,8,2020,3,13,2,39,1,1,4,1,1,4
40690,1,1,68,1,1,11,20,20,0,0,1,0,1,0,1,36,70,145,0,0,3,3,1,8,1,1,50,0,82,99,6,28,8,2020,6,11,2,12,3,3,1,1,1,4
40691,1,1,41,1,1,11,20,9,0,0,1,0,2,0,1,51,999,999,0,4,5,5,1,8,1,1,67,1,7,99,0,28,8,2020,6,19,2,12,8,1,1,5,1,4
40692,1,1,999,9,1,11,99,20,9,0,2,1,9,0,1,42,999,999,99,9,5,5,1,2,1,1,80,0,7,99,999,31,8,2020,2,20,2,8,1,1,1,3,1,9
40693,1,1,26,1,1,11,20,1,9,0,1,0,1,0,1,65,70,179,0,3,1,2,1,2,1,14,13,0,13,99,0,1,9,2020,3,11,2,18,1,1,4,1,1,4
40696,1,1,38,1,1,11,3,8,9,0,1,0,1,0,1,70,73,230,0,4,3,3,1,1,1,1,10,0,7,99,58,14,9,2020,2,6,2,33,3,2,3,1,1,4
40697,1,1,80,1,1,11,3,9,0,0,1,0,1,0,1,10,68,160,0,0,0,0,0,0,0,1,17,0,13,99,38,16,9,2020,4,9,2,12,8,1,1,1,1,1
40698,1,1,17,1,1,11,20,20,0,0,2,0,5,0,1,60,999,999,0,4,5,5,1,2,1,1,9,0,13,99,28,17,9,2020,5,15,2,12,1,1,1,1,1,4
40699,1,1,21,2,1,11,3,8,0,0,4,0,2,0,1,998,64,160,0,0,2,3,1,2,1,11,15,0,13,99,38,18,9,2020,6,11,2,12,2,4,1,1,1,0
40700,1,1,22,1,1,11,3,20,0,0,3,0,2,0,1,998,67,145,0,0,5,5,1,8,1,1,9,1,13,0,0,19,9,2020,7,2,2,33,1,1,4,3,1,2
40701,1,1,67,1,1,11,20,20,1,0,1,0,2,0,1,998,69,200,0,5,2,2,1,2,1,99,9,1,1,99,0,19,9,2020,7,8,2,14,1,1,4,1,1,4
40704,1,1,18,1,1,11,20,20,0,0,1,0,2,0,1,19,71,185,0,0,5,6,1,8,1,11,15,0,7,99,39,29,9,2020,3,9,2,12,2,2,1,1,1,0
40705,1,1,27,2,1,11,3,20,0,0,2,0,1,0,1,998,63,170,0,0,3,3,1,8,1,11,15,0,13,0,38,6,8,2020,5,14,2,12,2,2,1,1,1,0
40706,1,1,18,2,1,11,3,20,0,0,1,0,2,0,1,45,65,128,0,0,2,3,1,2,1,1,80,0,13,99,0,4,9,2020,6,20,2,8,1,1,1,2,1,0
40707,1,1,43,1,1,11,99,98,9,0,1,0,1,0,1,998,77,165,0,9,5,6,1,8,1,1,50,0,13,99,28,26,9,2020,7,9,2,12,3,3,11,1,1,4
40708,1,1,53,1,1,11,20,98,9,0,1,0,2,0,1,998,68,190,0,3,1,2,1,8,1,1,13,0,60,99,0,3,10,2020,7,14,2,30,3,3,4,1,1,4
40709,1,1,54,1,1,11,3,20,0,0,1,0,2,0,1,998,74,270,1,0,3,3,1,8,1,1,80,0,7,0,0,19,10,2020,2,4,2,8,2,3,1,3,1,0
40710,1,1,25,1,1,11,20,8,1,0,1,0,1,0,1,49,69,175,2,9,1,2,1,2,1,1,10,0,13,99,28,23,10,2020,6,4,2,12,1,1,1,2,1,4
40711,1,1,51,1,1,11,20,1,9,0,1,0,3,0,1,52,69,200,0,9,5,5,1,8,1,1,10,0,13,99,28,29,10,2020,5,12,2,12,1,1,1,1,1,4
40716,1,1,20,1,1,11,3,20,0,0,1,0,1,0,1,40,72,150,0,0,2,3,1,2,1,1,80,0,1,99,0,2,11,2020,2,21,2,8,1,1,1,3,1,0
40717,1,1,59,2,1,11,3,1,9,0,2,0,2,0,1,50,67,150,0,4,3,4,5,1,1,1,50,0,60,0,0,3,11,2020,3,15,2,12,1,1,1,1,1,4
40718,1,1,28,2,1,11,3,98,1,0,1,1,1,0,1,40,68,180,0,0,5,5,1,2,1,1,83,1,13,99,0,3,11,2020,3,19,2,9,1,1,1,3,1,0
40719,1,1,35,2,1,11,3,20,0,0,1,0,1,0,1,30,67,147,0,0,2,3,1,2,1,11,15,0,13,0,0,3,11,2020,3,21,2,12,2,4,1,3,1,0
40721,1,1,31,1,1,11,3,8,1,0,1,0,1,0,1,45,72,210,0,0,5,5,1,8,1,1,10,1,13,99,51,5,11,2020,5,2,2,12,1,1,1,3,1,3
40723,1,1,25,2,1,11,20,1,0,0,2,0,1,0,1,998,62,146,0,9,1,2,8,8,98,99,10,1,60,99,28,6,11,2020,6,21,2,12,1,1,1,2,1,1
40725,1,1,32,1,1,11,3,9,0,0,2,0,1,0,1,998,70,145,0,3,2,2,1,8,1,1,51,1,13,0,0,7,11,2020,7,23,2,12,1,1,1,3,1,0
40726,1,1,78,2,1,11,3,20,0,0,1,0,1,0,1,40,65,138,0,0,2,5,1,8,1,1,80,0,7,0,0,8,11,2020,1,17,2,8,3,2,1,3,10,0
40727,1,1,29,1,1,11,3,20,9,0,1,0,1,0,1,40,71,165,0,0,5,5,1,8,1,1,83,1,60,0,0,9,11,2020,2,6,2,15,1,1,11,3,10,0
40729,1,1,48,1,1,11,3,20,0,0,1,0,1,0,1,30,68,210,1,0,5,5,1,2,1,1,80,0,7,0,0,9,11,2020,2,19,2,8,1,1,1,2,10,0
40730,1,1,55,1,1,11,3,20,0,0,2,0,3,0,1,40,67,175,0,0,2,3,1,2,1,1,80,0,5,0,0,11,11,2020,4,21,2,8,1,1,1,3,1,0
40731,1,1,63,1,1,11,20,20,0,0,1,0,3,1,1,10,67,240,0,0,5,6,1,2,1,11,15,0,62,0,38,12,11,2020,5,6,2,8,3,3,1,1,1,0
40734,1,1,69,1,1,11,3,20,0,0,1,0,1,0,1,45,72,190,0,0,1,2,6,2,1,14,83,0,60,0,0,12,11,2020,5,11,2,9,2,3,1,1,1,0
40736,1,1,17,1,1,11,3,8,0,0,1,0,2,0,1,56,66,126,0,4,2,3,1,2,1,1,62,0,7,0,39,13,11,2020,6,8,2,12,2,2,1,1,1,0
40737,1,1,43,1,1,11,3,20,0,0,1,0,1,0,1,998,74,300,0,0,6,2,6,2,1,1,80,0,60,0,0,13,11,2020,6,10,2,8,5,1,1,1,1,0
40738,1,1,56,1,1,11,20,20,0,0,1,0,1,0,1,74,68,200,0,3,2,3,1,8,1,1,62,0,81,0,0,13,11,2020,6,21,2,12,8,1,1,3,1,4
40741,1,1,67,1,1,11,3,20,0,0,1,0,3,1,1,35,70,210,0,0,5,5,1,2,1,1,80,0,11,0,0,17,11,2020,3,18,2,8,1,1,1,3,1,0
40742,1,1,75,1,1,11,3,20,0,0,2,0,1,0,1,998,70,178,0,0,5,5,1,2,1,1,80,1,5,99,0,17,11,2020,3,21,2,8,1,1,1,2,1,0
40743,1,1,38,2,1,11,3,9,1,0,1,0,2,0,1,25,63,148,0,0,2,5,1,8,1,1,62,1,13,0,39,18,11,2020,4,6,2,12,2,11,1,3,1,2
40744,1,1,31,1,1,11,3,8,9,0,1,0,2,0,1,998,66,155,0,0,5,5,6,2,1,1,13,0,60,0,0,18,11,2020,4,23,2,30,1,1,4,2,1,4
40746,1,1,71,1,1,11,3,20,0,0,2,0,1,0,1,40,70,185,0,0,2,4,1,2,1,1,83,0,2,0,0,20,11,2020,6,10,2,9,2,2,1,1,1,0
40747,1,1,64,1,1,11,20,1,0,0,1,0,1,0,1,50,70,275,0,3,1,2,1,2,1,1,9,0,13,99,39,20,11,2020,6,18,2,38,3,2,4,3,1,4
40748,1,1,58,2,1,11,20,98,0,0,1,0,2,0,1,30,62,155,1,0,2,3,1,2,1,11,15,0,13,99,48,20,11,2020,6,18,2,12,2,2,1,3,1,1
40749,1,1,47,2,1,11,3,98,0,0,1,0,2,0,1,40,64,142,0,0,2,3,1,2,1,1,80,0,13,0,0,21,11,2020,7,18,2,8,1,1,1,3,1,0
40750,1,1,38,1,1,11,99,98,9,0,1,0,1,0,1,60,72,190,0,3,1,2,1,2,1,14,11,0,13,99,8,21,11,2020,7,18,2,14,1,1,7,2,1,4
40752,1,1,73,1,1,11,20,20,0,0,1,0,1,0,1,35,67,185,0,0,1,2,1,1,1,6,10,0,83,99,35,23,11,2020,2,13,2,12,1,1,1,1,1,4
40754,1,1,38,1,1,11,99,20,9,0,1,1,2,0,1,40,65,160,0,4,5,5,1,2,1,1,80,0,7,99,91,24,11,2020,3,1,2,8,1,1,1,3,1,9
40757,1,1,88,2,1,11,3,98,9,0,1,0,1,0,1,10,62,130,0,0,5,3,1,2,1,1,17,0,2,99,0,25,11,2020,4,17,2,12,2,2,1,5,1,4
40759,1,1,70,1,1,11,20,8,9,0,1,0,1,0,1,998,67,190,0,9,3,7,1,2,1,1,51,0,5,99,26,27,11,2020,6,15,2,12,1,1,1,1,1,4
40761,1,1,38,1,1,11,20,20,9,0,1,1,1,0,1,998,999,999,0,0,2,4,1,8,1,1,80,0,60,0,999,29,11,2020,1,14,2,8,1,1,1,1,1,0
40763,1,1,69,2,1,11,3,20,0,0,1,0,1,0,1,5,63,160,1,0,3,8,1,2,1,11,15,0,13,0,38,2,8,2020,1,11,2,12,2,2,1,1,10,4
40764,1,1,999,9,1,11,99,20,9,0,99,1,9,99,1,999,999,999,99,9,5,5,4,8,98,99,80,0,999,99,999,3,8,2020,2,23,2,8,1,1,1,2,98,9
40767,1,1,999,9,1,11,99,99,8,0,99,1,9,99,1,999,999,999,99,9,5,7,1,8,98,1,80,0,999,99,999,7,8,2020,6,23,2,8,1,1,1,6,98,9
40768,1,1,43,1,1,11,3,20,0,0,1,0,1,0,1,998,66,175,0,0,3,3,1,8,99,1,80,0,60,0,0,9,8,2020,1,21,2,8,1,1,1,3,99,0
40770,1,1,45,1,1,11,20,20,8,0,1,0,1,0,1,998,71,350,0,0,1,5,1,8,99,1,50,1,7,99,39,18,8,2020,3,22,2,12,3,2,1,3,1,4
40773,1,1,21,1,1,11,3,20,0,0,1,0,1,0,1,61,73,185,0,4,1,5,1,8,1,1,17,0,13,0,39,25,8,2020,3,18,2,12,2,2,1,3,1,2
40778,1,1,22,1,1,11,3,20,0,0,2,0,1,0,1,998,63,200,0,9,0,0,0,0,0,11,15,0,13,99,38,30,8,2020,1,22,2,12,8,1,1,3,98,0
40779,1,1,999,9,1,11,99,99,8,0,1,0,9,99,1,999,999,999,99,9,9,9,9,9,99,99,80,0,999,99,999,31,8,2020,2,99,2,8,99,99,99,9,99,9