ST_CASE,VEH_NO,PER_NO,AGE,SEX,PER_TYP,SEAT_POS,REST_USE,AIR_BAG,DRUGS,LOCATION,NUMOCCS,HIT_RUN,OWNER,V_CONFIG,HAZ_INV,TRAV_SP,DR_HGT,DR_WGT,PREV_SPD,SPEEDREL,VTRAFWAY,VNUM_LAN,VPROFILE,VPAVETYP,VSURCOND,P_CRASH1,P_CRASH2,DR_DRINK,VPICBODYCLASS,DRDISTRACT,DRIVERRF,DAY,MONTH,YEAR,DAY_WEEK,HOUR,RUR_URB,HARM_EV,RELJCT2,TYP_INT,REL_ROAD,LGT_COND,WEATHER,INJ_SEV
40780,1,1,33,1,1,11,99,99,8,0,1,0,9,99,1,999,70,175,3,9,2,2,9,9,99,99,99,0,999,99,999,31,8,2020,2,10,2,12,99,99,99,1,99,4
40784,1,1,56,1,1,11,20,20,9,0,1,0,1,0,1,46,71,220,0,0,2,4,1,2,1,1,78,0,82,99,39,8,10,2020,5,18,2,12,2,2,1,3,1,4
40785,1,1,22,1,1,11,20,1,0,0,1,0,2,0,1,62,65,160,0,4,2,2,1,2,1,1,17,0,60,99,39,5,8,2020,4,16,2,12,2,2,1,1,1,2
40786,1,1,22,1,1,11,20,20,0,0,1,0,1,0,1,55,71,135,1,5,5,3,1,2,1,10,6,1,125,0,48,15,8,2020,7,20,2,38,3,3,4,3,1,4
40787,1,1,30,2,1,11,20,1,0,0,1,0,2,0,1,13,67,126,0,0,1,2,1,2,1,11,15,0,13,99,38,20,8,2020,5,21,2,12,2,3,1,3,1,4
40788,1,1,26,1,1,11,3,2,0,0,1,0,1,0,1,13,71,205,2,0,0,0,0,0,0,11,15,0,13,0,38,15,9,2020,3,15,2,12,8,1,1,1,1,0
40789,1,1,37,1,1,11,99,20,0,0,2,1,2,0,1,50,69,180,0,4,2,3,1,2,1,1,13,1,60,99,38,10,10,2020,7,5,2,9,1,1,2,4,1,0
40790,1,1,23,1,1,11,3,20,0,0,1,0,2,0,1,30,71,185,1,0,3,3,1,8,1,1,83,0,7,0,0,5,11,2020,5,8,2,9,1,1,1,1,1,0
40791,1,1,83,2,1,11,3,9,0,0,1,0,1,0,1,50,64,129,0,9,5,7,1,8,1,1,54,1,7,99,51,6,11,2020,6,19,2,12,1,1,1,2,1,4
40794,1,1,82,1,1,11,2,20,9,0,1,0,1,0,1,65,73,178,0,0,3,2,1,2,1,1,12,0,3,99,999,1,12,2020,3,18,2,21,1,1,3,3,1,4
40796,1,1,23,1,1,11,99,99,0,0,1,0,1,0,1,998,73,150,0,3,5,5,1,8,1,1,51,1,13,99,91,1,12,2020,3,20,2,12,1,1,1,3,1,2
40797,1,1,39,1,1,11,3,20,0,0,1,0,1,0,1,45,70,225,1,0,3,4,1,8,1,1,80,0,13,0,0,3,12,2020,5,9,2,8,3,2,1,1,1,0
40800,1,1,67,1,1,11,3,20,0,0,1,0,1,0,1,40,70,168,0,0,2,3,1,8,1,1,80,0,3,0,0,4,12,2020,6,19,2,8,1,1,1,2,1,0
40801,1,1,55,1,1,11,20,20,0,0,1,0,1,0,1,998,68,162,0,4,3,5,1,2,1,15,51,1,81,0,35,4,12,2020,6,23,2,12,1,1,1,3,1,4
40802,1,1,22,2,1,11,20,20,9,0,1,0,2,0,1,25,68,122,0,9,1,2,1,2,1,1,9,0,69,0,0,5,12,2020,7,12,2,33,1,1,4,1,1,4
40804,1,1,60,1,1,11,20,1,9,0,1,0,1,0,1,60,72,210,0,0,2,2,6,2,1,6,54,0,13,99,27,5,12,2020,7,19,2,12,1,1,1,2,1,4
40805,1,1,32,1,1,11,3,20,0,0,2,0,2,0,1,42,62,120,1,0,5,5,1,2,1,1,80,0,7,0,0,5,12,2020,7,19,2,8,1,1,1,2,1,0
40806,1,1,21,1,1,11,3,3,0,0,5,0,2,0,1,998,69,305,0,0,2,4,1,2,1,1,1,0,7,0,80,5,12,2020,7,21,2,1,1,1,4,3,1,3
40810,1,1,76,1,1,11,99,20,9,0,2,0,1,0,1,45,66,170,0,0,3,3,1,2,1,1,80,0,13,0,0,7,12,2020,2,18,2,8,1,1,1,3,1,0
40814,1,1,22,1,1,11,20,1,0,0,1,0,1,0,1,50,70,200,1,0,1,2,6,2,1,1,10,0,60,99,28,11,12,2020,6,6,2,12,1,1,1,1,1,3
40815,1,1,33,1,1,11,20,20,9,0,1,0,1,0,1,998,70,210,3,0,1,5,1,2,1,3,62,0,82,99,39,11,12,2020,6,16,2,12,2,2,1,1,1,4
40816,1,1,999,9,1,11,99,99,9,0,99,1,9,0,1,999,999,999,99,9,5,5,1,8,1,1,13,0,7,99,999,11,12,2020,6,21,2,33,3,2,4,3,1,9
40817,1,1,23,1,1,11,20,1,9,0,1,0,2,0,1,55,71,195,0,9,5,5,1,2,1,1,12,0,7,99,0,13,12,2020,1,1,2,33,1,1,4,2,1,4
40818,1,1,26,1,1,11,20,1,0,0,2,0,1,0,1,998,73,260,0,3,1,2,1,2,1,1,5,1,13,99,0,13,12,2020,1,3,2,59,1,1,4,2,1,4
40820,1,1,34,1,1,11,20,20,9,0,1,0,1,0,1,998,69,155,0,3,5,5,1,8,1,1,72,1,81,0,0,13,12,2020,1,17,2,12,8,1,1,3,1,4
40821,1,1,43,1,1,11,20,8,9,0,1,0,1,0,1,90,69,200,0,9,3,5,1,2,1,6,8,0,7,99,58,13,12,2020,1,21,2,1,1,1,4,3,1,4
40822,1,1,25,1,1,11,99,99,9,0,1,0,2,0,1,55,67,170,0,4,4,5,1,2,1,1,50,0,13,99,0,14,12,2020,2,12,2,12,3,11,1,1,1,4
40823,1,1,32,1,1,11,20,20,0,0,1,0,1,0,1,54,71,165,0,4,2,2,1,2,1,1,9,1,5,99,999,14,12,2020,2,16,2,33,1,1,4,1,1,4
40825,1,1,41,2,1,11,20,20,0,0,2,0,1,0,1,998,69,220,0,0,1,2,1,2,1,11,15,0,13,0,38,15,12,2020,3,15,2,12,2,3,1,1,1,0
40829,1,1,21,2,1,11,99,98,9,0,1,0,2,0,1,5,71,97,0,0,0,0,0,0,0,1,17,0,13,99,38,18,12,2020,6,19,2,12,8,1,1,2,1,4
40830,1,1,999,9,1,11,99,99,9,0,99,1,9,99,1,999,999,999,99,9,3,3,1,2,1,99,80,0,999,99,999,20,12,2020,1,2,2,8,1,1,1,3,1,9
40832,1,1,27,1,1,11,99,98,0,0,1,0,2,0,1,40,74,165,1,0,3,3,1,2,1,1,80,0,7,0,0,23,12,2020,4,19,2,8,3,2,1,3,1,0
40833,1,1,47,1,1,11,99,8,0,0,4,0,2,0,1,998,67,200,0,9,2,2,1,1,1,99,99,0,2,99,999,24,12,2020,5,18,2,12,1,1,1,2,10,1
40835,1,1,35,1,1,11,99,20,9,0,2,1,1,0,1,998,999,999,0,0,1,2,1,8,1,1,80,0,60,0,0,26,12,2020,7,0,2,8,1,1,1,3,1,0
40836,1,1,42,1,1,11,20,20,9,0,1,0,1,0,1,998,68,226,0,9,2,5,1,8,1,1,10,0,7,99,999,27,12,2020,1,5,2,33,1,1,3,3,1,4
40837,1,1,48,1,1,11,3,20,0,0,2,0,2,0,1,47,68,200,0,4,3,3,1,8,1,3,6,0,1,0,0,27,12,2020,1,15,2,33,1,1,3,1,1,4
40838,1,1,43,1,1,11,3,20,0,0,1,0,0,0,1,45,68,190,0,0,5,5,1,2,1,1,80,0,13,99,0,28,12,2020,2,19,2,8,1,1,1,3,10,0
40839,1,1,59,2,1,11,3,20,9,0,3,0,1,0,1,998,67,200,0,9,8,8,8,8,98,99,99,0,5,99,38,29,12,2020,3,16,2,12,98,1,1,1,1,4
40842,1,1,56,1,1,11,3,20,0,0,1,0,9,6,1,61,66,150,0,9,6,2,1,8,1,1,13,0,66,99,39,31,12,2020,5,18,2,33,3,2,4,3,1,2
40843,1,1,48,1,1,11,3,20,0,0,1,0,2,0,1,36,73,235,2,0,5,5,1,2,1,1,83,0,7,0,28,8,11,2020,1,8,2,9,1,1,1,1,10,1
40844,1,1,20,1,1,11,20,1,9,0,2,0,1,0,1,998,67,170,0,4,6,2,1,1,1,15,50,0,3,99,0,19,11,2020,5,12,2,45,20,1,1,1,1,4
40845,1,1,62,1,1,11,3,20,0,0,1,0,3,6,1,60,69,245,1,4,2,4,1,2,1,1,50,0,66,99,999,24,11,2020,3,13,2,12,3,2,1,1,1,2
40846,1,1,20,1,1,11,3,20,0,0,1,1,2,0,1,49,70,155,0,0,2,2,1,2,1,1,80,0,13,0,39,25,11,2020,4,18,2,8,3,2,1,3,1,0
40847,1,1,21,1,1,11,20,20,1,0,3,0,2,0,1,998,999,999,0,4,2,4,1,8,1,1,6,1,13,0,0,25,9,2020,6,1,2,33,3,2,4,3,1,2
40848,1,1,32,1,1,11,3,9,0,0,1,0,1,0,1,998,72,165,0,3,3,3,1,8,1,1,65,0,13,99,26,9,10,2020,6,12,2,12,2,2,1,1,1,0
40850,1,1,22,1,1,11,3,9,0,0,1,0,1,0,1,998,68,233,0,0,5,6,1,2,1,15,10,0,3,0,27,13,11,2020,6,10,2,12,1,1,1,1,1,4
40851,1,1,21,1,1,11,3,9,9,0,1,0,4,0,1,125,74,160,3,3,3,3,1,8,1,1,68,1,3,96,6,14,11,2020,7,18,2,33,3,3,4,3,1,4
40852,1,1,28,1,1,11,3,20,0,0,1,0,1,0,1,31,68,170,0,0,2,2,1,8,1,1,80,0,13,0,0,17,11,2020,3,17,2,8,1,1,1,3,1,0
40855,1,1,56,1,1,11,3,20,0,0,1,0,1,0,1,998,64,285,0,9,5,5,8,8,98,99,80,0,13,96,999,2,10,2020,6,19,2,8,1,1,1,9,99,0
40856,1,1,999,9,1,11,99,99,8,0,99,1,9,99,1,998,999,999,99,9,1,7,8,8,98,11,15,0,999,96,38,2,10,2020,6,19,2,12,2,2,1,3,98,9
40859,1,1,999,9,1,11,99,99,8,0,2,0,9,99,1,999,999,999,99,9,3,9,9,8,99,99,99,0,999,99,999,7,10,2020,4,23,2,12,1,1,1,6,99,9
40863,1,1,48,2,1,11,3,1,8,0,1,0,9,0,1,998,64,125,0,9,9,9,9,8,99,99,10,0,15,99,28,15,10,2020,5,0,2,12,1,1,1,6,99,4
40864,1,1,59,1,1,11,3,20,0,0,2,0,1,0,1,998,65,230,0,0,5,5,8,8,8,1,80,0,60,0,0,17,10,2020,7,19,2,8,1,1,1,2,98,0
40868,1,1,24,2,1,11,99,99,8,0,1,0,9,99,1,998,66,145,0,9,1,2,9,9,99,11,15,0,999,99,999,27,10,2020,3,99,2,12,2,3,1,9,99,4
40869,1,1,32,1,1,11,99,99,0,0,1,0,9,0,1,998,999,999,0,9,5,6,8,8,8,1,80,0,7,99,0,28,10,2020,4,20,2,8,1,1,1,3,99,0
40870,1,1,32,2,1,11,3,1,0,0,1,0,1,0,1,998,66,115,0,9,1,6,8,8,98,11,15,0,7,99,38,28,10,2020,4,21,2,12,2,2,1,6,99,0
40871,1,1,19,1,1,11,20,20,8,0,1,0,2,0,1,998,65,150,1,9,5,6,8,8,98,1,67,0,13,99,999,31,10,2020,7,16,2,12,2,3,1,9,99,4
40872,1,1,33,1,1,11,20,20,8,0,1,0,1,0,1,80,71,193,2,5,2,3,8,8,98,6,73,0,94,96,999,2,9,2020,4,5,2,12,8,1,1,3,98,4
40873,1,1,23,1,1,11,20,20,8,0,1,1,2,0,1,32,69,130,99,0,1,7,1,2,1,1,80,0,125,0,0,3,9,2020,5,23,2,8,3,4,1,3,1,0
40876,1,1,50,1,1,11,3,20,0,0,1,0,1,0,1,998,64,170,0,0,1,6,8,8,98,1,83,0,7,96,0,7,9,2020,2,19,2,15,3,2,1,3,98,0
40877,1,1,38,1,1,11,99,98,1,0,1,0,1,0,1,50,68,240,0,5,1,5,8,8,98,6,17,0,7,96,39,8,9,2020,3,23,2,12,2,2,1,3,98,3
40879,1,1,999,9,1,11,99,99,9,0,99,1,9,99,1,999,999,999,99,9,5,7,8,8,98,1,83,0,999,99,999,9,9,2020,4,20,2,9,1,1,1,3,99,9
40880,1,1,999,9,1,11,99,99,8,0,1,0,9,99,1,998,999,999,99,9,9,9,9,8,99,99,80,0,999,99,999,14,9,2020,2,8,2,8,99,99,1,9,99,9
40882,1,1,28,1,1,11,99,99,8,0,1,0,2,0,1,998,73,220,0,9,2,2,8,8,98,99,99,0,13,96,999,16,9,2020,4,5,2,46,98,1,12,4,1,4
40883,1,1,999,9,1,11,99,99,9,0,99,1,9,99,1,999,999,999,99,9,1,6,8,8,8,1,80,0,999,99,999,17,9,2020,5,2,2,8,1,1,1,6,99,0
40884,1,1,55,1,1,11,20,20,8,0,1,0,1,0,1,998,74,198,0,9,1,6,8,8,8,1,9,0,94,99,999,20,9,2020,1,0,2,5,3,2,1,6,99,4
40885,1,1,28,1,1,11,3,20,0,0,1,0,2,0,1,10,70,155,0,0,1,6,1,8,1,11,80,0,7,0,38,20,9,2020,1,10,2,8,3,2,1,1,1,0
40888,1,1,50,2,1,11,20,20,9,0,1,0,2,0,1,998,66,120,0,9,5,6,8,8,98,1,54,0,13,99,51,24,9,2020,5,21,2,12,1,1,1,3,99,4
40889,1,1,31,1,1,11,20,20,9,0,2,0,2,0,1,998,68,135,0,9,1,2,8,8,98,14,13,0,7,99,999,25,9,2020,6,21,2,35,1,1,4,6,99,4
40890,1,1,32,1,1,11,3,20,0,0,1,0,2,0,1,35,67,230,1,0,3,3,1,8,1,1,80,0,13,0,0,25,9,2020,6,21,2,8,1,1,1,3,1,0
40893,1,1,999,9,1,11,99,99,9,0,99,1,9,0,1,999,999,999,99,9,5,6,8,8,98,99,80,0,999,99,999,28,9,2020,2,18,2,8,1,1,1,6,99,9
40894,1,1,999,9,1,11,99,99,8,0,99,1,9,99,1,999,999,999,99,9,5,6,9,9,99,99,80,0,999,96,999,1,11,2020,1,19,2,8,1,1,1,2,98,0
40895,1,1,999,9,1,11,99,99,8,0,99,0,9,99,1,999,999,999,99,9,9,9,9,8,99,99,82,0,999,99,999,3,11,2020,3,99,2,8,99,99,99,9,99,9
40896,1,1,998,9,1,11,99,99,9,0,99,1,9,99,1,999,999,999,99,9,9,9,9,9,99,99,99,0,999,99,999,3,11,2020,3,19,2,12,99,99,1,6,99,0
40897,1,1,999,9,1,11,99,99,9,0,99,1,9,99,1,999,999,999,99,9,9,9,9,8,99,99,82,0,999,99,999,4,11,2020,4,99,2,8,99,99,99,6,99,0
40898,1,1,38,2,1,11,3,20,1,0,1,0,3,0,1,998,66,184,1,0,2,5,1,2,1,11,15,0,7,99,38,4,11,2020,4,3,2,12,2,2,1,3,1,9
40899,1,1,999,9,1,11,99,99,8,0,1,0,9,99,1,999,999,999,99,9,9,9,9,9,99,99,82,0,999,99,999,5,11,2020,5,23,2,8,99,99,99,6,99,9
40900,1,1,999,1,1,11,99,99,9,0,1,0,9,99,1,999,999,999,99,9,0,0,0,0,0,99,99,0,999,99,999,9,11,2020,2,99,2,12,8,1,1,9,99,4
40901,1,1,999,9,1,11,99,99,8,0,1,0,9,99,1,999,999,999,99,9,9,9,9,9,99,99,82,0,999,99,999,11,11,2020,4,18,2,8,99,99,99,9,99,9
40902,1,1,18,1,1,11,99,20,1,0,2,0,2,0,1,75,69,149,0,5,5,5,8,8,98,1,67,1,60,99,999,16,11,2020,2,21,2,12,2,3,1,3,99,2
40904,1,1,68,1,1,11,3,1,0,0,1,0,4,0,1,998,999,999,99,9,1,7,8,8,98,11,15,0,13,99,38,18,11,2020,4,15,2,12,2,2,1,1,99,0
40905,1,1,46,2,1,11,3,1,0,0,1,0,1,0,1,998,62,188,0,9,1,5,8,8,8,1,80,0,13,99,999,19,11,2020,5,5,2,8,3,2,1,3,99,0
40908,1,1,999,9,1,11,99,99,8,0,99,1,9,99,1,999,999,999,99,9,5,6,8,8,98,99,80,0,999,99,999,22,11,2020,1,2,2,8,1,1,1,3,98,9
40909,1,1,25,1,1,11,20,20,1,0,1,0,1,0,1,998,68,165,0,9,1,7,8,8,98,99,10,1,60,99,91,27,11,2020,6,8,2,12,1,1,1,9,99,3
40910,1,1,999,8,1,11,98,98,8,0,99,1,9,99,1,999,999,999,99,9,8,8,8,8,98,99,85,0,999,96,999,28,11,2020,7,19,2,15,98,98,98,2,98,9
40911,1,1,34,1,1,11,20,20,8,0,1,0,9,0,1,998,72,228,0,9,8,8,8,8,98,99,99,0,125,96,999,29,11,2020,1,99,2,99,98,98,98,8,99,4
40912,1,1,42,1,1,11,99,1,8,0,1,0,1,0,1,998,71,240,0,5,5,7,8,8,98,99,6,1,7,96,999,29,11,2020,1,12,2,43,1,1,4,1,99,4
40913,1,1,37,1,1,11,20,20,8,0,1,0,1,0,1,998,71,165,0,5,1,5,8,8,98,1,17,1,60,96,39,29,11,2020,1,14,2,12,2,2,1,1,99,3
40914,1,1,46,1,1,11,20,20,8,0,1,0,0,0,1,998,66,175,1,5,5,6,8,8,98,1,6,0,12,96,999,29,11,2020,1,22,2,99,98,98,98,3,99,4
40916,1,1,22,1,1,11,3,1,0,0,3,0,1,0,1,998,68,185,0,5,5,6,8,8,98,1,6,0,3,99,28,5,12,2020,7,19,2,33,1,1,4,3,98,3
40921,1,1,22,1,1,11,99,1,8,0,3,0,2,0,1,998,66,160,0,9,1,2,8,8,8,1,13,0,13,99,39,13,12,2020,1,3,2,34,3,4,4,2,99,4
40922,1,1,67,1,1,11,3,20,0,0,1,0,3,0,1,998,70,180,0,9,2,3,8,8,8,11,15,0,60,99,999,13,12,2020,1,18,2,12,2,2,1,6,99,0
40923,1,1,58,1,1,11,3,20,0,0,1,0,9,6,1,998,999,999,99,9,1,5,8,8,8,11,80,0,66,96,38,14,12,2020,2,6,2,8,3,2,1,3,99,0
40924,1,1,14,1,1,11,3,20,0,0,6,0,2,0,1,998,999,999,99,9,1,2,9,8,99,1,17,0,7,99,0,16,12,2020,4,17,2,12,2,2,1,9,99,0
40926,1,1,36,1,1,11,3,20,0,0,1,0,9,0,1,998,999,999,99,9,5,5,8,8,98,1,80,0,60,96,999,17,12,2020,5,18,2,8,1,1,1,3,99,0
40927,1,1,17,1,1,11,3,1,0,0,1,0,2,0,1,998,999,999,99,5,5,6,8,8,98,1,82,0,13,96,91,20,12,2020,1,1,2,8,1,1,1,3,99,1
40928,1,1,22,2,1,11,3,1,1,0,3,0,2,0,1,998,66,265,2,9,2,3,8,8,98,1,17,1,7,96,0,20,12,2020,1,4,2,12,2,2,1,3,99,3
40929,1,1,66,1,1,11,3,8,0,0,1,0,1,0,1,998,75,185,0,0,2,5,1,2,1,11,15,0,7,0,38,21,12,2020,2,11,2,12,2,3,1,1,1,0
40930,1,1,22,1,1,11,99,98,0,0,2,0,1,0,1,998,999,999,0,9,2,4,8,8,98,1,17,0,13,96,39,21,12,2020,2,7,2,12,2,2,1,9,99,9
40931,1,1,999,9,1,11,99,99,9,0,1,0,9,99,1,999,999,999,99,9,9,9,9,9,99,99,82,0,999,99,999,24,12,2020,5,99,2,8,99,99,99,9,99,9
40932,1,1,23,1,1,11,20,1,0,0,1,0,2,0,1,96,65,130,0,5,2,4,8,8,8,1,62,0,13,99,91,26,12,2020,7,11,2,12,2,2,1,1,99,3
40933,1,1,46,1,1,11,99,20,8,0,1,0,9,99,1,999,71,210,0,9,1,2,8,8,98,1,50,1,999,96,91,26,12,2020,7,21,2,12,3,2,1,6,99,9
40934,1,1,38,1,1,11,20,20,0,0,1,0,2,0,1,998,74,310,0,9,3,3,8,8,98,1,17,0,60,96,39,29,12,2020,3,21,2,12,2,2,1,3,99,4
40935,1,1,999,9,1,11,99,99,9,0,2,0,9,99,1,999,999,999,99,9,9,9,9,9,99,99,99,0,999,99,999,30,12,2020,4,11,2,99,99,99,99,1,99,9
40936,1,1,32,1,1,11,99,20,0,0,2,1,9,0,1,998,75,212,0,5,1,5,8,8,98,1,17,0,13,96,91,30,12,2020,4,22,2,12,2,2,1,3,99,2
40937,1,1,38,1,1,11,3,20,0,0,2,0,2,0,1,998,76,220,2,9,8,8,8,8,98,1,80,0,13,96,0,31,12,2020,5,19,2,8,1,1,1,2,99,0
40938,1,1,71,1,1,11,3,8,0,0,1,0,1,0,1,10,76,275,0,0,1,6,1,8,1,11,15,0,13,99,38,20,10,2020,3,5,2,12,2,2,1,4,1,4
40939,1,1,90,1,1,11,3,1,0,0,2,0,1,0,1,15,67,135,0,0,3,5,1,2,1,11,15,0,13,0,38,21,10,2020,4,15,2,12,2,2,1,1,1,3
40940,1,1,22,1,1,11,3,20,0,0,2,0,2,0,1,45,72,185,1,0,1,2,1,2,1,1,83,0,60,0,0,23,10,2020,6,21,2,15,1,1,1,2,1,0
40941,1,1,64,1,1,11,99,20,1,0,1,0,1,0,1,50,74,190,0,0,3,5,1,8,1,1,12,1,7,0,91,25,10,2020,1,17,2,12,1,1,1,3,1,2
40942,1,1,28,1,1,11,99,20,9,0,1,1,2,0,1,47,72,180,0,0,5,3,1,8,1,1,11,0,7,99,28,7,11,2020,7,18,2,8,1,1,2,3,1,0
40944,1,1,52,1,1,11,20,20,0,0,1,0,1,0,1,45,68,270,3,9,5,5,1,2,1,1,80,0,60,99,999,22,11,2020,1,19,2,8,1,1,1,3,1,0
40945,1,1,40,1,1,11,20,20,1,0,2,0,1,0,1,45,72,195,1,4,5,3,1,2,1,1,6,1,105,99,58,26,11,2020,5,18,2,33,1,1,4,3,1,4
40946,1,1,72,1,1,11,20,1,9,0,1,0,1,0,1,45,75,210,0,9,1,3,1,2,1,99,14,0,13,99,39,19,12,2020,7,20,2,33,3,3,4,3,1,4
40947,1,1,21,1,1,11,20,20,8,0,1,0,2,0,1,998,69,145,0,5,2,4,1,8,98,10,9,1,60,96,999,25,12,2020,6,1,2,33,3,2,3,6,99,4
40948,1,1,27,1,1,11,20,1,9,0,3,0,1,0,1,85,72,200,0,3,1,2,1,8,1,1,14,0,60,99,39,28,8,2020,6,17,2,33,3,3,4,1,1,3
40951,1,1,31,1,1,11,20,20,1,0,1,0,2,0,1,68,67,185,1,3,5,5,1,8,1,1,62,0,80,99,0,28,10,2020,4,15,2,12,8,1,1,1,1,4
40952,1,1,53,1,1,11,20,9,9,0,2,0,1,0,1,998,68,167,0,0,5,5,1,8,1,1,10,0,13,99,28,28,10,2020,4,18,2,12,1,1,1,3,1,1
40953,1,1,63,2,1,11,3,20,0,0,1,0,1,0,1,40,60,135,0,0,3,3,1,8,1,15,80,0,13,0,0,3,11,2020,3,4,2,8,1,1,1,3,1,0
40954,1,1,79,1,1,11,3,8,9,0,2,0,1,0,1,15,69,164,0,0,1,2,1,2,1,11,15,0,15,99,38,15,11,2020,1,19,2,12,2,3,1,3,1,4
40955,1,1,26,1,1,11,20,20,0,0,1,0,2,0,1,15,65,178,1,0,1,2,1,2,1,11,80,0,3,99,38,30,11,2020,2,15,2,8,3,3,1,1,1,0
40956,1,1,999,9,1,11,99,99,9,0,99,1,9,99,1,999,999,999,99,9,5,5,1,8,1,1,80,0,999,99,999,9,12,2020,4,20,2,8,1,1,1,3,10,9
40957,1,1,84,2,1,11,3,20,0,0,1,0,1,0,1,15,66,156,0,0,0,0,0,0,0,11,15,0,7,99,38,10,12,2020,5,17,2,12,8,1,1,3,10,4
40958,1,1,26,2,1,11,3,20,9,0,1,0,1,0,1,998,67,230,3,9,5,9,1,8,1,1,80,0,7,6,999,20,12,2020,1,0,2,8,1,1,1,2,1,0
40960,1,1,25,1,1,11,3,20,0,0,1,0,2,0,1,998,69,200,0,0,5,6,1,8,1,1,80,0,60,0,0,26,12,2020,7,18,2,8,1,1,1,3,1,1
40961,1,1,19,2,1,11,3,20,0,0,1,0,2,0,1,58,60,115,0,9,5,6,1,8,1,1,67,0,13,99,0,28,12,2020,2,14,2,12,8,1,1,1,10,0
40962,1,1,54,2,1,11,3,20,0,0,3,0,1,0,1,45,62,175,0,0,3,5,1,8,1,2,53,0,13,0,0,16,5,2020,7,21,2,12,1,1,1,3,1,2
40963,1,1,80,1,1,11,3,8,0,0,1,0,1,0,1,40,74,220,1,4,5,5,1,8,1,1,51,0,7,0,0,11,9,2020,6,7,2,12,1,1,1,1,10,4
40964,1,1,31,2,1,11,3,20,9,0,1,0,1,0,1,35,58,110,0,0,4,2,1,8,1,1,17,0,7,0,39,10,10,2020,7,1,2,12,2,2,1,3,1,1
40966,1,1,48,2,1,11,99,20,8,0,2,0,2,0,1,30,63,115,0,0,1,2,8,8,98,99,98,0,7,99,999,12,6,2020,6,23,2,5,1,1,1,6,99,0
40975,1,1,77,1,1,11,3,20,0,0,2,0,1,0,1,15,69,160,0,0,3,3,1,8,1,11,15,0,13,0,38,20,12,2020,1,16,2,12,2,4,1,1,1,4
50008,1,1,35,1,1,11,3,1,0,0,2,0,2,0,1,998,999,999,0,0,3,2,6,2,1,1,80,0,7,0,0,27,1,2020,2,18,2,8,1,1,1,2,1,0
50010,1,1,24,2,1,11,20,20,9,0,3,0,2,0,1,998,61,110,1,0,3,4,6,1,1,1,53,0,13,99,0,29,1,2020,4,21,2,12,1,1,1,2,1,4
50015,1,1,41,1,1,11,20,1,0,0,1,0,1,0,1,998,75,230,2,3,1,2,1,2,2,1,65,0,7,99,6,23,1,2020,5,5,2,12,8,1,1,2,2,4
50016,1,1,54,1,1,11,20,20,0,0,1,0,1,0,1,998,75,200,0,9,5,5,1,2,1,1,13,0,13,99,0,21,1,2020,3,4,2,18,1,1,4,2,1,4
50019,1,1,24,1,1,11,20,20,9,0,1,0,2,0,1,998,71,260,0,3,1,5,1,2,1,1,17,0,80,12,39,2,1,2020,5,15,2,12,2,2,1,1,10,4
50025,1,1,33,1,1,11,3,8,0,0,1,0,1,0,1,998,76,270,0,0,5,5,1,2,2,1,80,0,60,0,87,9,1,2020,5,21,2,8,8,1,1,2,10,0
50028,1,1,18,1,1,11,3,1,1,0,3,0,2,0,1,68,999,999,0,4,5,5,1,2,4,1,6,0,13,99,58,11,1,2020,7,16,2,12,1,1,1,1,12,2
50033,1,1,33,1,1,11,3,20,0,0,1,0,1,0,1,998,68,205,1,0,1,4,1,2,1,1,80,0,3,0,0,14,2,2020,6,20,2,8,1,1,1,2,1,0
50034,1,1,67,2,1,11,3,8,9,0,1,0,1,0,1,998,63,175,0,9,1,2,1,1,1,1,13,0,13,0,51,15,2,2020,7,20,2,33,1,1,4,3,1,4
50038,1,1,37,2,1,11,3,99,0,0,3,0,1,0,1,998,64,260,0,4,2,2,6,1,2,14,6,0,13,0,8,24,2,2020,2,5,2,21,1,1,4,2,2,4
50043,1,1,34,1,1,11,3,1,0,0,1,0,3,1,1,998,75,230,1,9,3,3,1,2,1,1,50,0,65,99,0,6,2,2020,5,22,2,12,1,1,1,2,10,2
50044,1,1,30,1,1,11,3,20,0,0,1,0,1,0,1,998,72,185,3,0,1,2,1,2,2,1,80,0,60,0,87,11,2,2020,3,17,2,8,1,1,1,2,1,0
50047,1,1,18,2,1,11,3,3,0,0,1,0,2,0,1,998,67,135,0,4,3,4,6,2,2,14,6,0,13,0,87,4,2,2020,3,10,2,32,1,1,4,1,2,4
50050,1,1,26,1,1,11,20,20,9,0,1,0,2,0,1,998,73,180,1,3,5,5,1,2,1,1,50,0,98,99,6,28,2,2020,6,16,2,12,1,1,1,1,1,4
50051,1,1,47,1,1,11,20,20,0,0,1,0,2,0,1,998,67,170,0,3,1,2,1,2,1,1,17,0,82,0,36,28,2,2020,6,18,2,12,2,2,1,5,1,4