ST_CASE,VEH_NO,PER_NO,AGE,SEX,PER_TYP,SEAT_POS,REST_USE,AIR_BAG,DRUGS,LOCATION,NUMOCCS,HIT_RUN,OWNER,V_CONFIG,HAZ_INV,TRAV_SP,DR_HGT,DR_WGT,PREV_SPD,SPEEDREL,VTRAFWAY,VNUM_LAN,VPROFILE,VPAVETYP,VSURCOND,P_CRASH1,P_CRASH2,DR_DRINK,VPICBODYCLASS,DRDISTRACT,DRIVERRF,DAY,MONTH,YEAR,DAY_WEEK,HOUR,RUR_URB,HARM_EV,RELJCT2,TYP_INT,REL_ROAD,LGT_COND,WEATHER,INJ_SEV
50569,1,1,55,1,1,11,99,20,0,0,1,0,3,2,1,998,76,355,0,0,1,2,1,2,1,13,80,0,11,99,999,28,11,2020,7,8,2,8,1,1,1,1,1,0
50570,1,1,39,1,1,11,20,1,0,0,2,0,1,0,1,998,70,240,0,3,1,2,5,2,1,1,12,0,7,99,6,28,11,2020,7,17,2,39,1,1,4,3,1,4
50577,1,1,53,2,1,11,20,20,1,0,1,0,1,0,1,998,66,170,0,0,1,2,5,2,2,1,10,0,3,99,6,2,12,2020,4,15,2,12,1,1,1,1,2,4
50578,1,1,53,1,1,11,3,20,0,0,1,0,1,0,1,998,73,230,0,0,2,4,1,2,1,1,50,0,60,12,84,4,12,2020,6,16,2,8,1,1,1,1,1,0
50579,1,1,61,1,1,11,20,1,1,0,1,0,1,0,1,998,70,175,0,3,1,2,1,2,1,1,12,0,119,99,28,1,12,2020,3,9,2,42,1,1,4,1,1,4
50584,1,1,35,1,1,11,99,99,1,0,2,0,1,0,1,998,69,175,0,9,1,2,1,2,1,14,13,1,15,99,0,6,12,2020,1,3,2,30,3,3,4,2,1,4
50587,1,1,44,1,1,11,20,1,9,0,1,0,1,0,1,998,68,245,2,0,1,2,1,2,1,14,10,0,7,99,28,12,12,2020,7,8,2,12,1,1,1,1,1,4
50588,1,1,57,1,1,11,3,20,0,0,1,0,3,0,1,998,67,170,0,9,3,3,1,2,1,1,9,0,60,0,6,11,12,2020,6,5,2,25,1,1,4,2,1,0
50591,1,1,60,1,1,11,20,8,0,0,1,0,1,0,1,998,74,270,3,0,3,2,1,2,1,14,12,1,60,0,6,18,12,2020,6,16,2,30,1,1,4,1,1,4
50593,1,1,58,1,1,11,3,20,0,0,1,0,3,0,1,998,72,160,0,0,2,3,1,2,2,15,80,0,7,0,999,19,12,2020,7,22,2,8,18,1,1,2,2,0
50594,1,1,32,1,1,11,3,20,0,0,1,0,2,0,1,998,999,999,0,9,1,2,1,2,1,1,80,0,60,0,0,24,12,2020,5,6,2,8,1,1,1,2,1,0
50596,1,1,18,2,1,11,3,20,0,0,1,0,2,0,1,998,65,131,0,0,3,5,6,2,1,11,81,0,13,0,0,9,12,2020,4,20,2,8,3,2,1,3,1,0
50602,1,1,77,2,1,11,3,20,0,0,1,0,3,0,1,998,66,135,0,0,5,5,1,2,1,1,80,0,7,0,0,28,12,2020,2,17,2,8,3,3,1,2,1,0
50605,1,1,41,1,1,11,3,20,0,0,4,0,1,0,1,998,72,190,0,0,3,3,1,1,1,1,81,0,7,0,0,27,12,2020,1,22,2,8,1,1,1,2,1,0
50607,1,1,999,9,1,11,99,20,9,0,99,1,9,99,1,998,999,999,99,9,1,2,1,2,2,99,82,0,999,99,999,30,12,2020,4,22,2,8,3,3,1,2,2,0
50608,1,1,62,1,1,11,3,20,0,0,1,0,1,0,1,998,68,135,0,0,1,4,1,2,2,1,80,0,1,0,0,31,12,2020,5,13,2,8,1,1,1,1,2,0
50609,1,1,68,1,1,11,3,20,0,0,1,0,1,0,1,998,67,150,0,0,5,5,1,2,1,1,80,0,60,0,0,10,12,2020,5,20,2,8,1,1,1,2,1,0
50610,1,1,22,1,1,11,3,20,8,0,1,0,2,0,1,998,68,212,0,0,1,2,1,2,2,1,80,0,13,0,0,11,12,2020,6,17,2,8,1,1,1,3,1,0
50613,1,1,46,1,1,11,3,20,8,0,1,0,2,0,1,998,73,190,0,0,5,5,1,2,1,1,80,0,3,0,0,17,12,2020,5,21,2,8,1,1,1,3,1,0
50615,1,1,42,1,1,11,3,20,0,0,2,0,1,0,1,998,69,210,0,0,5,5,5,2,1,1,80,0,13,0,0,27,12,2020,1,18,2,8,1,1,1,2,1,0
80005,1,1,22,1,1,11,20,8,0,0,1,0,1,0,1,35,72,180,3,0,1,3,1,2,1,1,14,1,13,0,39,7,1,2020,3,3,2,33,3,3,4,2,98,4
80006,1,1,35,1,1,11,20,9,9,0,1,0,2,0,1,998,68,175,0,5,5,3,1,2,1,14,13,1,13,96,36,3,1,2020,6,4,2,33,1,1,4,3,98,4
80007,1,1,24,1,1,11,3,1,0,0,1,0,1,0,1,75,68,145,2,0,3,2,1,2,1,1,12,1,13,96,0,9,1,2020,5,22,2,33,19,1,3,2,98,4
80010,1,1,66,1,1,11,3,20,0,0,1,0,3,21,1,15,69,225,0,0,1,3,1,2,1,11,80,0,16,96,6,9,1,2020,5,10,2,8,3,2,1,1,98,0
80011,1,1,21,1,1,11,3,1,0,0,1,0,1,0,1,42,66,165,0,0,2,3,1,2,1,1,62,0,60,96,23,10,1,2020,6,22,2,12,2,2,1,3,98,0
80016,1,1,16,1,1,11,3,8,0,0,3,0,2,0,1,83,70,130,0,2,2,2,5,2,1,1,62,0,7,96,8,17,1,2020,6,11,2,12,2,3,1,1,98,2
80017,1,1,998,8,1,11,99,20,9,0,99,1,9,0,1,25,999,999,99,0,4,3,1,1,1,6,80,0,7,96,8,15,1,2020,4,18,2,8,1,1,1,3,98,0
80018,1,1,41,2,1,11,3,20,0,0,1,0,3,21,1,10,65,165,0,0,2,3,1,2,1,1,80,0,16,96,0,18,1,2020,7,18,2,8,1,1,1,3,98,0
80022,1,1,25,1,1,11,3,20,0,0,1,0,3,0,1,40,71,175,0,0,2,2,5,2,1,1,80,0,13,96,16,23,1,2020,5,19,2,8,1,1,1,3,98,0
80024,1,1,29,1,1,11,99,99,0,0,1,0,1,0,1,100,70,200,0,3,1,2,1,2,1,1,12,1,7,96,36,25,1,2020,7,22,2,35,1,1,4,2,98,4
80026,1,1,67,2,1,11,20,8,0,0,1,0,1,0,1,75,62,124,0,0,3,4,6,1,1,1,12,1,1,96,6,25,1,2020,7,19,2,25,1,1,3,3,98,4
80027,1,1,998,8,1,11,99,99,0,0,99,1,9,99,1,40,999,999,99,0,1,7,1,2,1,1,80,0,999,96,0,27,1,2020,2,6,2,8,3,2,1,3,98,0
80028,1,1,37,2,1,11,3,8,0,0,1,0,1,0,1,15,65,145,0,0,2,3,1,2,1,11,15,0,7,96,38,31,1,2020,6,20,2,12,8,1,1,3,98,0
80030,1,1,25,1,1,11,99,1,0,0,1,0,1,0,1,998,72,210,1,5,5,7,1,2,1,1,13,0,7,96,36,20,1,2020,2,0,2,33,1,1,4,3,98,4
80032,1,1,19,1,1,11,99,20,9,0,1,0,2,0,1,45,72,175,0,0,1,2,1,2,4,1,81,1,13,96,6,22,1,2020,4,7,2,8,1,1,2,4,98,0
80033,1,1,27,2,1,11,3,20,0,0,1,0,1,0,1,75,63,200,0,0,2,2,5,2,1,16,60,0,15,96,0,1,2,2020,7,19,2,1,19,1,4,2,98,4
80035,1,1,20,2,1,11,20,1,9,0,1,0,2,0,1,45,65,200,0,0,6,1,6,2,2,1,12,1,7,96,6,3,2,2020,2,4,2,31,5,1,4,3,98,4
80037,1,1,39,2,1,11,20,1,0,0,1,0,2,0,1,40,63,130,0,0,2,2,1,2,1,1,54,1,13,96,51,2,2,2020,1,1,2,12,1,1,1,3,98,4
80038,1,1,64,2,1,11,3,1,0,0,1,0,1,0,1,15,67,160,1,0,2,3,5,2,1,11,15,0,13,96,38,2,2,2020,1,12,2,12,2,2,1,1,98,4
80039,1,1,40,2,1,11,20,20,0,0,1,0,1,0,1,25,68,175,0,0,1,2,1,2,1,10,10,0,94,96,0,8,2,2020,7,16,2,1,3,2,1,1,98,4
80042,1,1,44,2,1,11,3,20,0,0,1,0,2,0,1,10,70,185,0,4,1,5,1,2,4,1,66,0,15,96,87,12,2,2020,4,18,2,12,3,2,1,3,98,4
80043,1,1,31,1,1,11,20,3,0,0,1,0,1,0,1,10,68,170,0,0,2,3,6,1,2,11,15,0,13,96,38,13,2,2020,5,12,2,12,2,2,1,1,98,4
80045,1,1,22,2,1,11,3,1,0,0,1,0,2,0,1,107,62,140,0,3,3,4,1,2,1,1,51,1,7,96,36,17,2,2020,2,1,2,12,1,1,1,3,98,0
80046,1,1,53,1,1,11,3,20,1,0,1,0,3,6,1,45,74,240,0,0,6,3,6,1,1,1,50,0,66,96,39,2,2,2020,1,13,2,12,3,3,1,1,98,3
80047,1,1,27,1,1,11,20,1,0,0,1,0,3,0,1,45,71,150,0,3,1,2,6,2,4,14,6,0,60,96,36,18,2,2020,3,7,2,31,1,1,4,1,4,4
80048,1,1,35,1,1,11,3,20,0,0,1,0,1,1,1,15,68,184,0,0,1,4,1,2,1,11,80,0,60,92,38,1,2,2020,7,6,2,8,3,2,1,3,98,0
80049,1,1,22,1,1,11,3,20,0,0,3,0,1,0,1,22,73,190,0,0,2,4,1,1,2,11,15,0,7,96,52,7,2,2020,6,17,2,12,2,2,1,5,98,2
80050,1,1,27,2,1,11,3,8,1,0,1,0,2,0,1,998,64,190,0,0,1,2,1,2,1,1,10,0,7,96,91,16,2,2020,1,22,2,12,1,1,1,2,98,3
80053,1,1,18,2,1,11,3,20,0,0,2,0,2,0,1,40,65,140,0,0,1,6,5,2,1,1,80,0,7,96,0,20,2,2020,5,19,2,8,1,1,1,3,98,0
80054,1,1,34,1,1,11,20,1,0,0,1,0,1,0,1,45,72,285,1,3,2,2,1,2,3,1,6,0,60,96,36,18,2,2020,3,6,2,33,1,1,4,4,4,4
80056,1,1,28,2,1,11,3,20,0,0,1,0,2,0,1,25,62,165,2,0,2,2,1,2,1,6,10,0,7,92,28,22,2,2020,7,12,2,8,1,1,3,1,98,0
80057,1,1,27,1,1,11,99,1,0,0,1,0,1,0,1,998,73,165,1,0,3,2,1,2,1,14,12,1,60,96,36,21,2,2020,6,2,2,52,1,1,3,3,98,4
80058,1,1,22,1,1,11,20,8,1,0,2,0,2,0,1,90,70,240,1,3,2,3,1,2,1,1,13,1,7,96,36,16,2,2020,1,4,2,33,3,2,4,3,98,4
80060,1,1,998,8,1,11,98,98,8,0,99,1,9,0,1,998,999,999,99,0,1,5,1,2,1,1,80,0,7,96,0,22,2,2020,7,2,2,8,3,2,1,3,98,0
80061,1,1,47,1,1,11,3,20,0,0,1,0,1,0,1,35,76,220,0,0,2,4,1,2,1,1,80,0,7,96,0,5,2,2020,4,4,2,8,3,2,1,3,98,0
80062,1,1,20,1,1,11,3,20,0,0,1,0,3,0,1,45,69,135,0,0,2,2,1,2,1,1,80,0,7,96,16,23,2,2020,1,21,2,8,1,1,1,2,1,0
80063,1,1,72,2,1,11,3,1,0,0,2,0,1,0,1,20,58,147,0,0,2,4,1,2,1,11,15,0,13,3,39,26,2,2020,4,15,2,12,2,2,1,1,98,3
80064,1,1,28,2,1,11,20,20,9,0,1,0,2,0,1,998,63,130,2,0,2,2,6,2,1,14,12,1,60,96,58,28,2,2020,6,0,2,33,1,1,3,3,98,4
80065,1,1,30,1,1,11,3,20,0,0,1,0,1,0,1,55,73,195,1,0,3,6,1,1,1,1,50,0,7,92,6,16,2,2020,1,3,2,12,18,1,1,3,98,3
80066,1,1,58,1,1,11,3,20,0,0,1,0,1,0,1,10,70,180,0,0,1,2,1,2,1,1,13,0,13,96,6,5,2,2020,4,18,2,19,1,1,5,3,98,4
80067,1,1,36,1,1,11,20,20,1,0,1,0,1,0,1,45,72,205,0,3,2,1,1,1,1,1,14,1,94,96,39,27,2,2020,5,23,2,33,3,6,4,3,98,4
80072,1,1,64,1,1,11,3,20,0,0,1,0,3,21,1,5,70,225,0,0,2,2,2,1,1,2,80,0,16,96,0,3,3,2020,3,18,2,8,1,1,1,3,98,0
80073,1,1,28,1,1,11,3,20,0,0,1,0,1,0,1,15,70,154,0,3,1,2,1,2,1,4,17,0,13,96,38,7,3,2020,7,15,2,1,2,2,1,1,98,0
80074,1,1,62,2,1,11,3,20,0,0,1,0,1,0,1,15,63,160,0,0,1,2,1,2,1,4,17,0,7,96,38,10,3,2020,3,17,2,12,2,2,1,1,98,0
80075,1,1,23,2,1,11,3,1,0,0,2,0,1,0,1,40,66,190,0,3,1,2,1,2,1,14,13,1,13,96,36,10,3,2020,3,23,2,14,1,1,7,3,98,1
80077,1,1,23,1,1,11,20,20,0,0,1,0,1,0,1,75,70,160,2,3,2,4,1,2,1,1,62,1,98,96,36,10,3,2020,3,13,2,12,2,2,1,1,98,4
80078,1,1,39,1,1,11,99,20,1,0,1,0,1,0,1,998,66,155,1,0,1,3,1,2,2,11,80,0,60,96,6,8,3,2020,1,20,2,8,3,2,1,3,2,0
80080,1,1,26,1,1,11,3,3,0,0,2,0,1,0,1,110,63,135,0,3,3,2,6,2,2,1,12,1,13,96,58,15,3,2020,1,7,2,24,1,1,3,1,5,3
80082,1,1,24,2,1,11,3,3,0,0,1,0,2,0,1,10,59,95,0,0,2,4,1,2,1,11,15,0,13,96,38,11,3,2020,4,17,2,12,2,2,1,1,98,0
80083,1,1,54,2,1,11,20,1,9,0,1,0,2,0,1,50,67,220,0,0,2,4,1,2,1,1,11,0,7,92,6,14,3,2020,7,14,2,12,3,2,1,1,98,4
80084,1,1,70,1,1,11,3,8,0,0,1,0,1,0,1,40,71,250,0,3,1,2,2,2,1,1,13,1,7,96,6,14,3,2020,7,19,2,14,1,1,7,5,98,4
80085,1,1,43,1,1,11,3,1,0,0,4,0,1,0,1,90,69,178,0,3,3,4,1,2,1,1,6,1,60,96,36,16,3,2020,2,19,2,25,1,1,4,3,10,1
80086,1,1,27,1,1,11,99,20,0,0,4,0,1,0,1,103,999,999,0,3,2,4,1,1,1,1,62,1,13,96,36,16,3,2020,2,19,2,12,2,2,1,3,98,4
80087,1,1,26,2,1,11,3,20,0,0,1,0,1,0,1,25,66,135,0,0,5,5,1,2,1,1,80,0,7,96,0,17,3,2020,3,18,2,8,1,1,1,1,98,0
80091,1,1,42,2,1,11,3,20,0,0,1,0,2,0,1,36,67,130,0,0,2,1,1,2,1,1,80,0,13,96,0,20,3,2020,6,22,2,8,1,1,1,2,98,0
80093,1,1,55,1,1,11,3,20,0,0,1,0,1,0,1,998,63,95,0,0,2,2,1,2,1,1,83,0,13,96,6,24,3,2020,3,19,2,9,1,1,1,3,98,0
80094,1,1,39,2,1,11,3,1,1,0,1,0,2,0,1,45,67,165,0,0,1,2,1,2,1,1,12,1,7,96,6,25,3,2020,4,5,2,30,1,1,4,2,98,4
80097,1,1,67,2,1,11,3,20,0,0,1,0,1,0,1,998,69,200,1,0,4,1,1,2,1,11,80,0,7,96,38,15,3,2020,1,12,2,8,2,3,1,1,98,0
80098,1,1,72,1,1,11,3,20,0,0,1,0,1,0,1,35,76,215,0,0,2,4,1,2,1,1,80,0,7,96,0,7,3,2020,7,19,2,8,3,3,1,3,98,0
80099,1,1,35,1,1,11,20,20,1,0,1,0,2,0,1,55,78,280,0,0,3,1,1,2,1,1,50,0,5,96,36,24,3,2020,3,8,2,25,1,1,3,1,98,4
80100,1,1,28,1,1,11,3,8,0,0,1,0,2,0,1,45,67,135,0,3,1,2,1,2,1,1,17,0,7,96,74,27,3,2020,6,15,2,12,2,2,1,1,98,3
80101,1,1,24,2,1,11,3,20,0,0,5,0,2,0,1,35,63,191,0,0,2,2,1,2,1,14,80,0,13,92,39,8,3,2020,1,18,2,8,1,1,1,5,98,0
80102,1,1,18,1,1,11,99,20,1,0,1,1,2,0,1,45,68,125,0,0,1,5,1,2,1,6,51,1,7,96,91,16,3,2020,2,5,2,9,1,1,2,3,98,0
80103,1,1,48,1,1,11,20,20,0,0,1,0,2,1,1,999,66,999,0,5,5,5,1,2,1,1,6,1,60,96,36,25,3,2020,4,16,2,1,1,1,4,1,98,4
80104,1,1,32,2,1,11,20,1,1,0,1,0,1,0,1,65,67,185,0,0,2,2,5,2,1,1,9,0,13,96,6,1,4,2020,4,11,2,12,18,1,1,1,98,4
80108,1,1,12,1,1,11,3,20,0,0,1,0,5,0,1,70,999,999,0,3,1,2,1,2,1,14,12,0,7,96,37,5,4,2020,1,6,2,1,1,1,1,3,98,4
80113,1,1,22,2,1,11,3,20,0,0,1,0,1,0,1,998,67,120,1,0,2,2,1,2,1,1,80,0,60,96,0,9,4,2020,5,7,2,8,3,3,1,1,98,0
80115,1,1,56,1,1,11,3,1,0,0,1,0,1,0,1,72,73,225,0,0,3,3,1,1,1,15,51,0,9,92,27,14,4,2020,3,14,2,45,18,1,1,1,98,4
80118,1,1,67,1,1,11,3,8,0,0,1,0,1,0,1,78,76,218,0,0,3,3,6,1,1,1,9,0,7,96,0,15,4,2020,4,16,2,18,19,1,4,1,98,4
80119,1,1,54,1,1,11,20,20,0,0,1,0,0,0,1,85,69,230,0,3,1,2,6,2,1,1,14,1,13,96,39,18,4,2020,7,16,2,59,3,3,4,1,98,4
80121,1,1,76,2,1,11,20,1,0,0,1,0,2,0,1,40,65,170,0,0,2,4,1,2,1,1,51,0,13,96,6,15,4,2020,4,14,2,12,3,2,1,1,98,4
80123,1,1,79,2,1,11,20,1,0,0,1,0,1,0,1,35,60,177,0,0,1,4,1,2,1,1,12,0,7,96,6,20,4,2020,2,17,2,30,1,1,4,1,98,4
80125,1,1,18,1,1,11,20,20,0,0,2,0,1,0,1,95,72,163,0,3,1,2,1,2,1,1,13,1,60,96,36,25,4,2020,7,23,2,1,1,1,4,2,98,4
80126,1,1,22,1,1,11,20,3,0,0,1,0,2,0,1,100,65,155,0,3,2,2,1,2,1,14,6,0,60,96,37,26,4,2020,1,1,2,42,1,1,3,3,98,4
80129,1,1,18,1,1,11,3,20,0,0,1,0,2,0,1,25,67,150,0,0,2,2,1,1,1,1,17,0,13,96,52,26,4,2020,1,17,2,12,2,2,1,1,98,0
80130,1,1,37,2,1,11,20,20,0,0,1,0,1,0,1,100,65,145,0,3,3,4,5,1,1,6,6,0,80,96,36,27,4,2020,2,16,2,25,1,1,4,1,98,4
80131,1,1,64,1,1,11,3,20,0,0,1,0,1,0,1,80,72,190,1,3,4,1,1,2,1,14,14,1,3,96,39,25,4,2020,7,16,2,33,3,6,4,1,98,4
80132,1,1,20,1,1,11,20,1,0,0,4,1,1,0,1,30,69,160,1,0,2,4,1,1,1,1,14,1,13,96,6,26,4,2020,1,22,2,38,3,3,5,3,1,1
80134,1,1,34,1,1,11,20,20,9,0,1,0,2,0,1,998,75,230,0,5,2,4,1,2,1,1,17,1,98,96,39,18,4,2020,7,19,2,12,2,2,1,3,98,4
80136,1,1,999,9,1,11,99,98,8,0,99,1,9,0,1,998,999,999,99,0,2,4,1,2,1,1,80,0,60,96,0,3,5,2020,1,1,2,8,3,3,1,3,98,0
80137,1,1,26,1,1,11,3,8,1,0,5,1,2,0,1,80,75,190,1,3,2,3,1,2,1,6,51,0,7,96,36,3,5,2020,1,18,2,12,2,3,1,1,98,0
80140,1,1,58,1,1,11,20,20,0,0,1,0,1,0,1,64,74,265,0,3,1,2,1,2,1,1,13,0,81,96,36,4,5,2020,2,15,2,1,1,1,4,1,98,4
80141,1,1,19,1,1,11,20,20,1,0,2,0,5,0,1,70,66,170,0,3,1,2,1,2,1,1,6,0,60,96,37,7,5,2020,5,2,2,33,1,1,4,2,98,4
80143,1,1,22,1,1,11,20,20,0,0,1,0,1,0,1,998,69,173,3,0,2,4,1,2,1,1,52,0,80,96,26,2,5,2020,7,19,2,1,3,3,1,1,98,4
80144,1,1,25,1,1,11,20,20,0,0,1,0,1,0,1,45,71,175,1,0,5,4,5,2,1,1,62,0,80,96,85,6,5,2020,4,18,2,1,3,2,1,1,98,4
80145,1,1,17,1,1,11,3,20,0,0,1,0,2,0,1,998,68,160,0,0,2,4,2,1,1,1,83,0,7,96,0,1,5,2020,6,18,2,9,2,2,1,1,98,0
80147,1,1,22,1,1,11,3,1,1,0,1,0,2,0,1,998,69,145,1,0,1,2,1,2,1,1,10,0,15,96,28,12,5,2020,3,6,2,12,1,1,1,4,98,4
80148,1,1,22,1,1,11,20,20,0,0,2,0,3,1,1,15,71,185,0,0,2,2,1,1,1,11,15,0,63,96,38,13,5,2020,4,17,2,12,2,2,1,1,98,3
80149,1,1,45,1,1,11,20,20,1,0,1,0,1,0,1,45,75,250,0,3,1,2,6,2,1,1,6,0,82,96,36,13,5,2020,4,19,2,1,1,1,1,1,1,4
80150,1,1,70,1,1,11,20,20,0,0,1,0,1,0,1,55,73,175,0,4,6,1,1,2,1,10,6,0,83,96,30,14,5,2020,5,13,2,1,3,3,1,1,98,4
80152,1,1,36,1,1,11,20,20,1,0,1,0,2,0,1,65,74,400,0,2,3,2,1,2,1,1,6,0,60,96,74,15,5,2020,6,4,2,1,19,1,4,2,98,4
80154,1,1,16,1,1,11,3,1,1,0,2,0,2,0,1,99,65,145,1,3,2,3,1,2,1,1,13,1,13,96,36,16,5,2020,7,19,2,33,3,3,4,5,98,3
80156,1,1,50,1,1,11,20,20,0,0,1,0,2,0,1,40,67,165,0,0,1,6,1,2,1,1,17,0,80,96,39,8,5,2020,6,9,2,12,3,3,1,1,98,4
80157,1,1,42,1,1,11,20,20,1,0,1,0,1,0,1,95,68,130,1,3,2,1,2,2,1,1,51,1,80,96,36,16,5,2020,7,15,2,12,3,3,1,1,98,4
80159,1,1,24,1,1,11,3,1,0,0,1,0,1,0,1,75,74,999,0,3,3,4,1,2,2,1,51,1,13,96,36,16,5,2020,7,23,2,12,18,1,1,3,98,1
80161,1,1,37,1,1,11,20,20,0,0,1,0,1,0,1,55,74,200,0,0,3,5,1,2,1,15,5,0,82,96,8,19,5,2020,3,11,2,1,1,1,1,1,98,4
80162,1,1,29,2,1,11,3,20,0,0,1,0,2,0,1,27,999,999,4,0,2,3,6,2,1,1,80,0,13,96,0,20,5,2020,4,20,2,8,3,2,1,3,98,0
80165,1,1,47,1,1,11,20,20,9,0,1,0,2,0,1,20,74,325,3,0,2,5,3,1,1,1,10,1,81,96,6,23,5,2020,7,21,2,12,3,2,1,5,98,4
80170,1,1,28,1,1,11,3,3,0,0,2,0,4,0,1,60,67,999,0,3,2,4,1,2,1,1,17,0,7,96,39,19,5,2020,3,17,2,12,2,2,1,1,98,4
80172,1,1,39,1,1,11,20,20,0,0,1,0,1,0,1,50,68,170,0,3,5,5,1,2,1,1,62,0,80,96,36,22,5,2020,6,17,2,12,2,3,1,1,98,4
80174,1,1,999,9,1,11,98,98,8,0,99,1,9,99,1,998,999,999,99,0,5,6,1,2,1,1,80,0,999,96,0,22,5,2020,6,20,2,8,1,1,1,3,98,0
80177,1,1,29,1,1,11,20,20,9,0,1,0,1,0,1,998,67,191,1,5,2,4,1,2,1,1,67,1,80,96,36,19,5,2020,3,13,2,1,2,2,1,1,98,4
80178,1,1,32,1,1,11,20,20,9,0,1,0,3,0,1,85,67,140,0,3,2,2,1,2,1,1,62,1,94,96,36,26,5,2020,3,17,2,12,2,3,1,1,98,4
80180,1,1,83,1,1,11,3,20,1,0,1,0,1,0,1,35,75,193,0,0,2,5,6,2,1,15,50,1,60,96,39,27,5,2020,4,10,2,12,3,2,1,1,98,4
80181,1,1,40,2,1,11,20,20,0,0,1,0,2,0,1,100,62,130,0,3,2,2,5,2,1,1,13,1,13,96,36,11,5,2020,2,20,2,33,3,2,4,5,98,4
80183,1,1,999,9,1,11,98,98,8,0,99,1,9,99,1,55,999,999,99,0,1,2,6,2,1,14,80,0,999,96,0,14,4,2020,3,0,2,8,1,1,1,2,98,0
80186,1,1,28,1,1,11,20,20,1,0,2,0,2,0,1,88,69,215,0,3,2,2,1,1,1,15,6,0,13,96,36,1,6,2020,2,4,2,1,1,1,4,2,98,4
80188,1,1,20,1,1,11,20,8,0,0,1,0,1,0,1,60,72,195,0,0,1,2,6,2,1,6,9,1,5,96,33,5,6,2020,6,15,2,12,1,1,1,1,98,4
80193,1,1,22,2,1,11,20,1,0,0,1,0,2,0,1,45,64,150,0,0,2,3,1,1,1,1,12,0,13,96,6,4,6,2020,5,17,2,12,1,1,1,1,98,4
80194,1,1,29,1,1,11,3,20,0,0,1,0,1,0,1,20,70,155,0,0,5,5,1,2,1,11,80,0,7,96,0,10,6,2020,4,21,2,8,8,1,1,2,1,0
80196,1,1,52,1,1,11,20,20,0,0,1,0,0,0,1,60,70,160,1,0,2,3,6,2,1,1,13,0,81,96,52,13,6,2020,7,16,2,1,1,1,4,1,98,4
80197,1,1,998,8,1,11,99,99,0,0,99,1,9,99,1,40,999,999,99,0,2,3,1,2,1,1,80,0,999,96,0,10,6,2020,4,0,2,8,1,1,1,3,98,0
80200,1,1,67,1,1,11,3,20,0,0,1,0,1,0,1,30,66,215,0,0,4,2,1,2,1,1,17,0,8,96,39,10,6,2020,4,17,2,12,2,2,1,1,98,0
80201,1,1,999,9,1,11,99,20,9,0,99,1,9,0,1,55,999,999,99,3,2,4,1,2,1,1,80,0,7,96,0,16,6,2020,3,21,2,8,3,3,1,3,98,0
80202,1,1,20,1,1,11,3,8,0,0,1,0,1,0,1,998,69,154,1,5,2,5,2,2,1,14,62,0,13,96,36,3,6,2020,4,6,2,12,2,2,1,1,98,0
80203,1,1,26,1,1,11,20,1,0,0,1,0,2,0,1,85,73,205,0,3,3,5,1,2,1,1,52,0,9,96,36,3,6,2020,4,18,2,12,18,1,1,1,98,1
80204,1,1,19,1,1,11,3,1,9,0,3,0,1,0,1,998,999,999,0,0,1,7,1,2,1,1,17,1,13,96,39,4,6,2020,5,4,2,12,2,2,1,4,98,4
80205,1,1,40,1,1,11,99,20,1,0,2,1,2,0,1,998,71,178,0,0,2,3,1,2,1,1,80,1,13,96,6,2,6,2020,3,21,2,8,3,2,1,3,98,0
80206,1,1,42,1,1,11,20,20,9,0,1,0,1,0,1,998,72,240,0,5,2,1,1,2,1,6,6,1,81,96,36,7,6,2020,1,20,2,33,3,6,3,3,98,4
80207,1,1,31,1,1,11,3,20,0,0,1,0,1,0,1,998,68,210,1,0,2,3,1,2,1,14,80,0,2,96,0,8,6,2020,2,17,2,8,1,1,1,1,98,0
80208,1,1,42,2,1,11,3,1,9,0,1,0,1,0,1,72,62,225,0,0,2,2,1,2,1,1,12,0,15,96,0,11,6,2020,5,18,2,12,1,1,1,1,98,4
80209,1,1,33,1,1,11,20,20,0,0,1,0,2,0,1,55,71,190,2,3,5,3,1,2,1,6,66,1,81,96,36,14,6,2020,1,22,2,12,2,2,1,3,98,4
80211,1,1,65,2,1,11,3,8,0,0,2,0,1,0,1,12,63,115,0,0,1,2,1,2,1,11,15,0,7,3,38,19,6,2020,6,12,2,12,2,3,1,1,98,4
80213,1,1,66,1,1,11,20,20,0,0,1,0,1,0,1,55,70,190,0,0,1,2,6,2,1,1,50,0,82,93,6,21,6,2020,1,14,2,1,3,3,1,1,98,4
80214,1,1,33,1,1,11,20,20,0,0,1,0,2,0,1,75,70,225,0,0,3,2,1,2,1,15,8,0,7,96,58,3,6,2020,4,18,2,1,1,1,4,1,98,4
80215,1,1,17,2,1,11,3,1,0,0,3,0,1,0,1,998,64,130,0,0,2,4,1,2,1,11,15,0,7,96,38,19,6,2020,6,20,2,12,2,2,1,3,98,2
80217,1,1,22,1,1,11,20,1,0,0,1,0,1,1,1,75,72,145,2,3,1,2,2,2,1,14,13,1,60,96,36,23,6,2020,3,1,2,17,1,1,4,2,1,4
80218,1,1,61,1,1,11,20,20,0,0,1,0,3,6,1,40,66,200,0,0,1,2,5,2,1,14,13,1,66,92,0,23,6,2020,3,10,2,59,3,10,4,1,1,4