ST_CASE,VEH_NO,PER_NO,AGE,SEX,PER_TYP,SEAT_POS,REST_USE,AIR_BAG,DRUGS,LOCATION,NUMOCCS,HIT_RUN,OWNER,V_CONFIG,HAZ_INV,TRAV_SP,DR_HGT,DR_WGT,PREV_SPD,SPEEDREL,VTRAFWAY,VNUM_LAN,VPROFILE,VPAVETYP,VSURCOND,P_CRASH1,P_CRASH2,DR_DRINK,VPICBODYCLASS,DRDISTRACT,DRIVERRF,DAY,MONTH,YEAR,DAY_WEEK,HOUR,RUR_URB,HARM_EV,RELJCT2,TYP_INT,REL_ROAD,LGT_COND,WEATHER,INJ_SEV
80219,1,1,32,2,1,11,99,99,9,0,1,1,1,0,1,50,62,160,0,3,2,3,5,2,1,1,11,0,7,96,36,23,6,2020,3,12,2,12,1,1,1,1,98,0
80221,1,1,60,1,1,11,20,20,0,0,1,0,1,0,1,55,76,380,0,0,6,1,1,2,1,16,9,0,82,96,0,7,6,2020,1,13,2,1,5,1,4,1,98,4
80223,1,1,24,1,1,11,20,20,0,0,1,0,2,0,1,85,70,205,1,3,5,5,1,1,1,1,67,0,80,96,52,24,6,2020,4,15,2,1,2,3,1,1,98,4
80226,1,1,999,9,1,11,98,98,8,0,99,1,9,99,1,999,999,999,99,0,5,3,1,2,1,1,80,0,999,96,0,28,6,2020,1,22,2,8,1,1,1,3,98,0
80227,1,1,52,1,1,11,3,1,1,0,1,0,1,0,1,998,67,238,1,0,5,3,1,2,1,1,12,0,60,96,91,26,6,2020,6,9,2,8,3,3,4,1,98,0
80228,1,1,23,1,1,11,3,8,0,0,1,0,2,0,1,998,66,130,2,0,2,2,1,2,1,1,17,0,13,96,74,14,6,2020,1,22,2,12,2,2,1,3,98,2
80230,1,1,998,8,1,11,98,98,8,0,99,1,9,0,1,30,999,999,99,0,1,2,2,2,1,1,83,0,60,96,6,23,6,2020,3,21,2,9,2,2,1,3,98,0
80231,1,1,69,1,1,11,3,1,0,0,1,0,1,0,1,50,69,175,0,0,2,3,5,1,1,1,13,0,60,96,0,30,6,2020,3,20,2,46,3,2,4,3,98,4
80232,1,1,23,1,1,11,3,20,0,0,5,0,2,0,1,50,72,168,0,3,1,2,2,2,1,1,98,1,60,96,36,21,6,2020,1,6,2,43,3,3,1,1,98,2
80236,1,1,75,1,1,11,20,20,0,0,1,0,1,0,1,35,66,170,0,0,6,1,1,2,1,1,90,0,98,96,81,20,6,2020,7,14,2,73,20,1,1,1,98,4
80237,1,1,32,1,1,11,3,20,0,0,1,0,2,0,1,38,69,165,0,0,1,3,1,2,1,1,80,0,7,96,0,21,6,2020,1,21,2,8,1,1,1,2,98,0
80238,1,1,32,2,1,11,20,1,1,0,1,0,2,0,1,50,66,150,0,3,1,2,1,2,1,1,11,1,13,96,39,17,6,2020,4,21,2,14,3,2,7,2,98,4
80239,1,1,52,1,1,11,99,8,0,0,2,0,1,0,1,50,71,215,0,3,1,6,6,2,1,1,17,0,7,96,38,8,6,2020,2,0,2,12,2,2,1,3,98,2
80240,1,1,49,1,1,11,20,20,1,0,1,0,1,0,1,55,67,155,1,3,3,2,6,2,1,1,12,1,81,96,36,9,6,2020,3,4,2,24,1,1,3,3,98,4
80241,1,1,25,1,1,11,20,20,9,0,2,0,0,0,1,998,70,160,2,5,1,2,1,2,1,1,62,0,80,96,91,10,6,2020,4,18,2,12,2,3,1,1,98,4
80242,1,1,55,2,1,11,20,8,1,0,1,0,1,0,1,75,64,191,0,0,3,2,1,2,1,1,12,1,7,96,91,28,1,2020,3,15,2,57,1,1,3,1,1,3
80243,1,1,22,1,1,11,20,20,9,0,1,0,1,0,1,90,66,999,0,3,3,2,1,1,1,1,13,1,94,96,36,5,4,2020,1,22,2,24,1,1,4,2,98,4
80246,1,1,49,2,1,11,3,20,0,0,1,0,1,0,1,25,62,120,0,0,6,1,6,1,1,14,80,0,7,96,0,25,5,2020,2,0,2,8,20,1,1,3,98,0
80247,1,1,41,1,1,11,20,8,1,0,4,0,4,0,1,75,71,210,0,3,2,4,5,2,1,6,50,0,7,96,39,27,5,2020,4,18,2,12,2,2,1,1,98,0
80248,1,1,24,1,1,11,20,20,0,0,1,0,1,0,1,100,73,250,0,3,3,2,1,2,1,1,51,1,80,99,36,2,7,2020,5,22,2,12,1,1,1,2,98,4
80249,1,1,28,1,1,11,3,8,0,0,2,0,2,0,1,110,73,205,2,3,6,2,6,2,1,14,6,1,13,96,36,3,7,2020,6,2,2,25,5,1,4,3,98,3
80251,1,1,22,1,1,11,20,20,0,0,1,0,1,0,1,98,71,150,1,3,1,2,1,2,1,1,6,0,80,96,36,4,7,2020,7,18,2,38,1,1,5,1,98,4
80252,1,1,28,2,1,11,3,8,1,0,2,0,2,0,1,89,62,125,1,3,2,1,6,2,1,1,6,0,1,93,36,5,7,2020,1,6,2,17,19,1,4,1,98,4
80253,1,1,20,1,1,11,20,20,0,0,1,0,2,0,1,78,68,145,1,3,2,5,1,2,1,1,62,0,80,96,52,5,7,2020,1,20,2,1,2,2,1,5,98,4
80254,1,1,53,1,1,11,3,20,0,0,1,0,1,0,1,5,73,290,0,0,1,2,1,2,1,13,80,0,60,96,0,2,7,2020,5,11,2,8,8,1,1,1,98,0
80255,1,1,39,1,1,11,20,1,1,0,1,0,2,0,1,55,71,240,0,3,1,6,1,2,1,15,51,1,13,96,36,2,7,2020,5,14,2,12,3,2,1,1,98,4
80257,1,1,27,1,1,11,3,20,1,0,1,0,1,0,1,998,76,167,0,0,2,3,1,2,1,1,80,1,13,96,91,6,7,2020,2,22,2,8,3,2,1,3,98,0
80258,1,1,32,1,1,11,20,20,0,0,1,0,0,0,1,75,70,165,1,3,1,2,1,2,1,1,13,1,80,96,36,7,7,2020,3,4,2,1,1,1,4,2,98,4
80260,1,1,44,1,1,11,20,20,0,0,1,0,1,0,1,45,65,160,1,0,1,2,5,2,1,1,50,0,82,93,0,9,7,2020,5,18,2,1,3,2,1,1,98,4
80261,1,1,32,1,1,11,3,20,0,0,1,0,2,0,1,25,70,165,0,0,2,2,1,2,1,1,80,0,13,96,0,9,7,2020,5,23,2,8,1,1,1,2,98,0
80262,1,1,67,1,1,11,3,20,0,0,1,0,1,0,1,15,73,185,0,0,2,3,5,1,1,11,83,0,7,96,0,11,7,2020,7,11,2,9,2,3,1,1,98,0
80267,1,1,24,1,1,11,20,20,0,0,1,0,1,0,1,45,70,150,3,3,5,3,1,2,1,14,6,1,94,96,36,17,7,2020,6,2,2,33,1,1,4,2,98,4
80268,1,1,37,1,1,11,20,1,0,0,1,0,1,0,1,62,74,210,0,0,2,4,5,2,1,1,13,0,7,96,6,18,7,2020,7,15,2,33,3,2,12,1,98,4
80270,1,1,25,1,1,11,20,20,1,0,1,0,2,0,1,65,78,190,0,0,2,2,1,2,1,1,13,1,60,96,58,18,7,2020,7,15,2,1,1,1,1,1,98,4
80271,1,1,32,1,1,11,20,20,0,0,1,0,1,0,1,100,69,170,1,3,1,2,1,2,1,1,13,1,81,96,36,19,7,2020,1,21,2,33,1,1,4,2,98,4
80274,1,1,24,1,1,11,3,20,0,0,1,0,3,0,1,40,68,130,0,0,2,3,5,1,1,1,80,0,7,96,0,9,7,2020,5,13,2,8,1,1,1,1,1,0
80277,1,1,40,1,1,11,3,8,1,0,2,0,1,0,1,147,69,200,1,3,2,2,6,2,1,14,13,1,13,96,36,12,7,2020,1,6,2,33,1,1,4,1,98,4
80280,1,1,36,2,1,11,20,20,0,0,1,0,1,0,1,60,61,160,1,0,3,4,1,1,1,1,98,1,82,96,55,22,7,2020,4,23,2,1,1,1,1,3,98,4
80281,1,1,28,1,1,11,3,1,0,0,1,0,1,0,1,50,73,999,0,0,2,4,1,2,1,1,83,0,1,96,0,23,7,2020,5,21,2,9,3,2,1,3,98,0
80285,1,1,21,1,1,11,20,20,0,0,1,0,1,0,1,10,70,250,2,0,2,3,1,2,1,1,17,0,94,96,39,3,7,2020,6,19,2,12,2,2,1,1,98,4
80287,1,1,32,1,1,11,99,1,0,0,2,0,2,0,1,45,72,174,0,3,1,2,1,2,1,1,9,1,3,96,36,26,7,2020,1,19,2,12,1,1,1,1,98,2
80288,1,1,39,1,1,11,20,20,0,0,1,0,1,0,1,65,74,250,0,3,6,2,5,2,1,3,6,0,80,96,37,28,7,2020,3,1,2,1,5,1,1,2,98,4
80290,1,1,39,2,1,11,98,98,8,0,2,1,2,0,1,998,67,130,0,0,2,2,1,2,1,1,80,0,15,96,0,20,7,2020,2,22,2,8,3,2,1,3,98,0
80295,1,1,45,1,1,11,20,1,1,0,1,0,1,0,1,80,67,150,0,3,2,5,1,2,1,1,17,1,7,96,39,20,7,2020,2,6,2,12,2,2,1,1,98,4
80296,1,1,19,1,1,11,20,20,1,0,2,0,2,0,1,105,67,170,0,3,1,2,1,2,1,1,6,1,7,96,36,23,7,2020,5,22,2,24,1,1,4,2,98,4
80297,1,1,70,1,1,11,99,1,0,0,1,0,1,0,1,40,67,145,0,0,1,3,1,2,1,1,10,0,60,96,74,26,7,2020,1,15,2,12,1,1,1,1,1,4
80298,1,1,13,1,1,11,20,8,1,0,2,0,5,0,1,998,999,999,0,5,3,3,2,2,1,1,6,1,7,96,52,13,7,2020,2,1,2,33,1,1,3,3,98,4
80299,1,1,44,1,1,11,3,20,0,0,1,0,2,0,1,45,72,225,1,0,2,2,1,2,1,1,83,0,13,96,0,17,7,2020,6,0,2,15,1,1,1,2,98,0
80300,1,1,22,2,1,11,3,20,0,0,1,0,1,0,1,42,62,127,0,0,2,4,1,2,1,1,80,0,5,96,0,20,7,2020,2,23,2,8,1,1,1,3,98,3
80301,1,1,81,1,1,11,99,20,0,0,1,0,1,0,1,998,73,220,0,0,2,6,1,2,2,1,83,0,9,96,0,26,7,2020,1,22,2,15,3,2,1,3,2,0
80302,1,1,36,1,1,11,99,20,0,0,1,0,1,0,1,30,69,170,1,0,4,5,1,2,1,1,80,0,7,96,0,14,7,2020,3,22,2,8,1,1,1,3,98,0
80303,1,1,39,1,1,11,3,8,0,0,2,0,1,0,1,71,69,190,0,3,3,5,1,1,1,1,52,0,7,5,36,23,7,2020,5,4,2,12,18,1,1,3,98,0
80304,1,1,66,1,1,11,3,2,0,0,1,0,1,0,1,10,72,175,0,0,2,5,1,2,1,11,15,0,7,96,38,6,7,2020,2,9,2,12,2,2,1,1,98,0
80306,1,1,30,2,1,11,3,20,1,0,2,0,1,0,1,20,66,143,0,0,2,4,6,2,1,11,15,1,13,92,38,2,7,2020,5,16,2,12,2,3,1,1,98,1
80308,1,1,33,2,1,11,99,20,9,0,1,1,2,0,1,66,65,140,1,3,5,5,6,2,2,1,62,0,13,96,36,3,7,2020,6,18,2,12,2,3,1,1,2,0
80309,1,1,25,1,1,11,20,20,0,0,1,0,2,0,1,75,67,160,1,3,6,1,5,2,1,1,6,0,80,96,36,4,7,2020,7,19,2,1,20,1,1,1,98,4
80310,1,1,35,1,1,11,20,20,0,0,1,0,1,0,1,998,68,260,0,5,6,3,6,2,1,14,11,0,80,96,36,9,7,2020,5,15,2,14,3,2,2,1,98,4
80311,1,1,23,1,1,11,20,20,0,0,3,0,2,0,1,50,71,200,0,3,2,2,5,2,1,17,6,1,3,96,36,17,7,2020,6,18,2,33,19,1,3,1,98,4
80312,1,1,54,1,1,11,20,20,0,0,1,0,1,0,1,35,70,190,0,0,1,2,1,2,1,1,17,0,94,96,39,18,7,2020,7,14,2,12,2,2,1,1,98,4
80313,1,1,16,2,1,11,3,20,0,0,4,0,3,0,1,7,59,105,0,0,1,2,2,1,1,12,21,0,7,96,52,21,7,2020,3,18,2,12,1,1,1,1,98,0
80314,1,1,60,1,1,11,3,1,0,0,1,0,1,0,1,10,73,190,0,0,2,4,1,2,1,11,15,1,60,96,38,15,6,2020,2,13,2,12,2,2,1,1,1,4
80315,1,1,26,1,1,11,20,20,9,0,1,0,2,0,1,58,67,150,1,3,1,4,1,2,1,1,62,0,80,96,36,10,6,2020,4,11,2,12,2,3,1,1,98,4
80316,1,1,26,2,1,11,3,20,0,0,6,0,2,0,1,80,61,120,0,3,3,4,6,2,1,1,6,1,7,96,58,1,8,2020,7,16,2,1,1,1,4,1,98,4
80318,1,1,23,1,1,11,20,20,0,0,1,0,2,0,1,60,67,180,0,0,2,2,1,2,1,1,12,1,94,96,36,2,8,2020,1,0,2,31,1,1,3,2,98,4
80322,1,1,28,1,1,11,20,20,0,0,1,0,0,0,1,80,69,175,0,3,2,3,1,2,1,1,67,0,80,96,36,4,8,2020,3,14,2,12,2,2,1,1,98,4
80323,1,1,37,2,1,11,3,20,0,0,1,0,1,0,1,40,65,190,0,0,5,6,1,2,1,1,80,0,13,96,0,7,8,2020,6,22,2,8,1,1,1,3,98,0
80325,1,1,36,1,1,11,20,20,9,0,1,0,2,0,1,998,73,160,0,5,2,4,1,2,1,1,61,0,80,96,36,9,8,2020,1,8,2,12,8,1,1,1,98,4
80329,1,1,68,1,1,11,20,1,0,0,1,0,1,0,1,45,69,182,0,3,1,2,1,2,1,1,12,0,7,96,0,11,8,2020,3,14,2,33,1,1,4,1,98,4
80330,1,1,73,2,1,11,3,20,0,0,1,0,2,0,1,17,59,142,0,0,2,3,1,2,1,11,80,0,7,92,38,13,8,2020,5,9,2,8,3,2,1,1,98,0
80331,1,1,42,1,1,11,20,20,0,0,2,0,1,0,1,75,999,999,0,3,6,1,1,2,1,14,54,1,81,96,51,16,8,2020,1,0,2,12,5,1,1,3,98,4
80332,1,1,18,2,1,11,20,8,0,0,1,0,2,0,1,998,67,130,0,5,2,3,1,1,1,15,50,1,7,96,36,16,8,2020,1,7,2,12,3,3,1,1,1,4
80336,1,1,39,1,1,11,20,20,9,0,2,0,1,0,1,70,72,190,0,3,2,2,1,2,1,14,13,1,94,96,36,16,8,2020,1,20,2,33,1,1,4,3,98,4
80339,1,1,32,1,1,11,20,8,0,0,1,0,2,0,1,998,71,165,1,0,2,2,1,2,1,1,10,1,5,96,91,18,8,2020,3,15,2,12,1,1,1,1,98,3
80343,1,1,29,1,1,11,20,20,0,0,1,0,2,0,1,65,74,245,1,3,3,4,1,1,1,1,4,1,98,98,0,22,8,2020,7,22,2,1,18,1,1,3,1,4
80344,1,1,31,1,1,11,20,1,0,0,1,0,1,0,1,40,70,175,5,0,2,3,1,1,1,1,54,1,13,96,51,23,8,2020,1,12,2,12,1,1,1,1,98,4
80345,1,1,26,2,1,11,20,1,0,0,1,0,2,0,1,85,63,175,3,3,3,3,1,2,1,1,13,0,2,96,36,24,8,2020,2,2,2,59,19,1,4,3,98,4
80347,1,1,22,1,1,11,20,20,0,0,1,0,2,0,1,106,70,165,1,3,3,4,5,2,1,15,10,0,80,96,36,24,8,2020,2,20,2,12,1,1,1,5,98,4
80348,1,1,22,1,1,11,20,20,9,0,1,0,0,0,1,998,68,160,0,0,1,2,5,2,1,1,17,1,114,96,53,21,8,2020,6,17,2,12,2,2,1,1,98,4
80349,1,1,37,1,1,11,20,20,9,0,1,0,1,0,1,65,71,185,0,3,2,3,1,2,1,14,12,1,7,96,58,21,8,2020,6,18,2,33,1,1,3,1,98,4
80350,1,1,21,1,1,11,3,20,0,0,1,0,1,0,1,998,71,280,2,0,5,5,1,2,1,11,15,0,7,96,38,23,8,2020,1,0,2,12,8,1,1,3,98,0
80351,1,1,61,1,1,11,20,20,1,0,1,0,1,0,1,998,71,160,0,0,3,3,1,2,1,16,10,0,81,96,52,18,8,2020,3,1,2,12,18,1,1,3,98,4
80352,1,1,22,1,1,11,20,20,9,0,1,0,2,0,1,90,67,125,2,3,5,3,1,2,1,1,51,1,6,96,36,23,8,2020,1,21,2,12,3,3,1,2,98,4
80353,1,1,18,1,1,11,20,20,0,0,1,0,2,0,1,78,68,150,0,3,2,6,1,1,1,1,62,1,12,96,36,26,8,2020,4,5,2,12,2,2,1,3,98,4
80354,1,1,27,1,1,11,3,20,0,0,2,0,1,0,1,35,65,125,3,0,2,3,1,2,1,1,80,0,3,96,0,28,8,2020,6,1,2,8,3,2,1,3,98,0
80358,1,1,27,1,1,11,3,99,0,0,2,0,0,0,1,80,70,180,2,3,3,3,6,2,1,14,4,1,3,96,58,30,8,2020,1,0,2,42,1,1,4,2,98,4
80359,1,1,17,1,1,11,20,8,0,0,3,0,2,0,1,90,67,140,1,3,6,1,6,2,1,14,13,1,8,96,36,30,8,2020,1,1,2,1,5,1,4,3,1,3
80360,1,1,51,1,1,11,3,20,0,0,1,0,1,0,1,50,75,225,0,0,2,4,1,2,1,1,80,1,13,96,0,8,8,2020,7,21,2,8,1,1,1,2,98,0
80361,1,1,20,1,1,11,99,8,1,0,3,0,2,0,1,998,67,190,0,5,2,1,6,2,1,1,11,1,13,96,36,28,8,2020,6,23,2,14,1,1,7,3,98,2
80363,1,1,998,8,1,11,99,99,0,0,99,1,9,99,1,60,999,999,99,3,2,5,1,1,1,1,80,0,999,96,36,11,8,2020,3,22,2,8,1,1,1,3,98,0
80364,1,1,36,1,1,11,99,20,0,0,1,0,2,0,1,998,69,185,0,0,2,4,1,2,1,1,83,0,3,96,0,13,8,2020,5,17,2,9,3,2,1,1,98,0
80365,1,1,20,2,1,11,20,20,0,0,1,0,2,0,1,55,62,135,0,3,1,2,1,4,1,1,11,1,13,96,58,15,8,2020,7,4,2,1,1,1,4,2,1,4
80366,1,1,40,1,1,11,20,20,1,0,1,0,1,0,1,70,71,205,2,3,1,2,5,2,1,1,12,0,81,96,36,19,8,2020,4,18,2,33,3,10,4,3,98,4
80367,1,1,43,1,1,11,20,20,9,0,1,0,1,0,1,998,68,160,0,5,3,3,5,2,1,1,13,1,60,96,36,27,8,2020,5,1,2,24,19,1,8,3,98,4
80368,1,1,59,1,1,11,20,20,9,0,1,0,2,0,1,998,76,240,0,0,1,5,1,2,1,1,17,1,60,96,39,28,8,2020,6,13,2,12,2,2,1,1,98,4
80369,1,1,66,1,1,11,3,20,1,0,1,0,1,0,1,998,73,185,0,0,2,3,1,2,1,1,80,0,7,96,91,31,8,2020,2,19,2,8,3,2,1,5,98,0
80370,1,1,15,1,1,11,20,1,9,0,2,0,2,1,1,998,999,999,0,0,5,5,1,2,1,11,83,0,60,96,52,18,8,2020,3,20,2,9,3,3,1,3,1,0
80371,1,1,999,9,1,11,98,98,8,0,99,1,9,99,1,55,999,999,99,0,3,4,5,2,1,1,80,0,999,96,0,6,8,2020,5,1,2,8,18,1,1,3,98,0
80372,1,1,17,1,1,11,99,20,0,0,2,1,1,0,1,998,71,160,1,0,1,2,1,2,1,1,98,0,13,96,36,28,8,2020,6,22,2,5,1,1,1,2,1,0
80373,1,1,73,2,1,11,3,3,0,0,2,0,1,0,1,15,64,133,0,0,1,3,1,2,1,11,15,0,7,96,39,22,8,2020,7,15,2,12,2,2,1,1,98,1
80374,1,1,51,2,1,11,20,1,0,0,1,0,1,0,1,30,66,210,0,0,4,2,1,2,1,1,13,0,7,0,6,14,8,2020,6,6,2,33,3,2,4,1,1,4
80375,1,1,25,1,1,11,20,20,1,0,2,0,1,0,1,30,72,138,0,0,4,3,1,2,1,1,17,1,12,96,39,30,8,2020,1,23,2,12,2,2,1,3,98,4
80376,1,1,54,1,1,11,99,20,9,0,1,1,1,0,1,40,71,214,0,3,5,5,2,2,1,10,6,0,60,96,91,10,8,2020,2,19,2,33,3,3,4,1,98,0
80378,1,1,36,1,1,11,3,20,0,0,1,0,1,0,1,48,73,210,2,3,2,1,1,1,1,1,17,0,60,96,36,15,1,2020,4,16,2,12,2,2,1,1,98,1
80379,1,1,87,1,1,11,3,20,0,0,1,0,1,0,1,10,63,125,0,0,1,7,1,2,1,11,15,0,13,96,38,6,3,2020,6,16,2,12,2,2,1,1,98,4
80380,1,1,22,1,1,11,20,8,0,0,1,0,2,0,1,64,75,280,0,3,2,5,6,2,1,1,17,0,7,96,39,17,6,2020,4,5,2,12,2,2,1,1,98,4
80381,1,1,86,1,1,11,3,1,0,0,2,0,1,0,1,40,68,160,0,0,1,5,1,2,1,11,17,0,13,96,39,29,7,2020,4,12,2,12,2,2,1,1,98,2
80382,1,1,27,1,1,11,20,20,0,0,1,0,2,0,1,90,72,160,0,3,2,2,1,2,1,1,62,0,80,96,36,12,8,2020,4,16,2,12,2,2,1,1,98,4
80386,1,1,17,1,1,11,3,20,0,0,2,0,2,0,1,65,72,210,0,4,6,1,6,2,1,14,6,0,60,96,74,4,9,2020,6,16,2,1,5,1,4,1,98,1
80387,1,1,51,2,1,11,3,1,0,0,1,0,2,0,1,25,69,170,0,0,2,4,1,2,1,11,15,1,3,96,91,4,9,2020,6,20,2,12,2,2,1,3,98,1
80390,1,1,22,1,1,11,3,1,0,0,4,0,2,0,1,60,999,999,0,3,3,3,1,2,1,1,12,0,7,3,36,6,9,2020,1,23,2,33,1,1,3,2,98,4
80391,1,1,17,1,1,11,20,20,0,0,3,0,2,0,1,85,72,225,0,3,2,2,6,1,1,1,11,1,7,96,58,7,9,2020,2,1,2,1,19,1,4,2,98,1
80393,1,1,20,1,1,11,20,20,0,0,3,0,2,0,1,70,999,999,0,0,3,2,1,2,1,1,1,0,7,96,80,7,9,2020,2,6,2,1,1,1,1,1,98,4
80395,1,1,999,9,1,11,98,98,9,0,99,1,9,0,1,53,999,999,99,3,4,3,1,2,1,15,83,0,13,96,36,7,9,2020,2,1,2,15,1,1,1,3,1,0
80397,1,1,31,1,1,11,3,20,0,0,2,0,1,0,1,42,68,120,2,3,2,3,1,2,1,1,83,0,13,92,39,11,9,2020,6,6,2,15,3,2,1,1,1,0
80399,1,1,25,1,1,11,20,8,0,0,1,0,1,0,1,15,69,180,0,0,5,5,6,2,1,11,15,0,13,96,38,12,9,2020,7,11,2,12,8,1,1,1,1,4
80404,1,1,23,1,1,11,20,20,0,0,1,0,1,0,1,60,66,160,0,2,1,7,1,2,1,1,52,0,94,12,36,14,9,2020,2,16,2,12,3,2,1,1,98,4
80407,1,1,18,2,1,11,3,1,0,0,2,0,2,0,1,20,64,120,0,0,2,5,1,1,1,11,15,0,7,96,38,18,9,2020,6,19,2,12,2,2,1,3,98,0
80408,1,1,25,1,1,11,3,20,0,0,2,0,1,0,1,50,65,145,1,0,2,4,5,2,1,1,80,1,7,96,0,19,9,2020,7,21,2,8,1,1,1,2,98,0
80412,1,1,64,2,1,11,3,8,0,0,2,0,1,0,1,10,64,145,0,0,2,2,1,2,1,11,15,0,13,96,38,10,9,2020,5,15,2,12,2,2,1,1,98,4
80413,1,1,67,1,1,11,20,20,0,0,1,0,1,0,1,30,74,274,0,0,1,2,2,2,1,14,13,0,81,96,0,12,9,2020,7,12,2,52,1,1,4,1,98,4
80414,1,1,26,1,1,11,3,8,0,0,1,0,1,0,1,50,66,195,0,0,3,3,5,2,1,1,13,0,13,96,27,13,9,2020,1,1,2,14,1,1,2,3,98,0
80415,1,1,27,2,1,11,20,20,0,0,3,0,1,0,1,25,62,200,0,0,2,3,1,1,1,11,15,0,7,96,38,25,9,2020,6,18,2,12,2,2,1,1,98,3
80416,1,1,66,2,1,11,3,20,0,0,1,0,1,0,1,15,60,98,0,0,1,5,1,2,1,11,15,0,13,96,38,25,9,2020,6,19,2,12,2,2,1,1,98,0
80418,1,1,26,2,1,11,3,20,0,0,1,0,1,0,1,15,64,132,1,0,0,0,0,0,0,11,15,0,7,96,38,26,9,2020,7,19,2,12,8,1,1,3,98,0
80419,1,1,30,1,1,11,20,20,1,0,1,0,1,0,1,25,69,189,0,0,1,2,1,2,1,1,17,1,12,96,39,25,9,2020,6,19,2,12,2,2,1,3,98,4
80420,1,1,23,1,1,11,20,20,0,0,2,0,5,0,1,75,999,999,0,3,6,2,1,1,1,1,6,0,60,96,36,28,9,2020,2,4,2,39,5,1,4,3,98,3
80422,1,1,25,1,1,11,20,20,0,0,1,0,1,0,1,998,72,190,1,5,2,3,5,2,1,1,52,0,80,96,36,25,9,2020,6,23,2,12,18,1,1,3,98,3
80424,1,1,55,2,1,11,3,20,0,0,1,0,1,4,1,55,68,250,0,0,3,3,1,2,1,1,80,0,60,96,0,13,9,2020,1,5,2,8,18,1,1,2,98,0
80425,1,1,19,2,1,11,3,1,0,0,1,0,2,0,1,65,63,180,0,0,2,3,1,1,1,1,62,0,13,96,39,1,9,2020,3,18,2,12,2,3,1,1,98,1
80426,1,1,20,1,1,11,3,20,0,0,1,0,2,0,1,15,71,298,1,0,1,3,1,2,1,11,80,0,60,96,38,23,9,2020,4,9,2,8,3,2,1,1,98,0
80427,1,1,53,1,1,11,3,20,0,0,1,0,2,0,1,45,73,200,0,0,1,3,6,2,1,1,80,0,60,96,0,15,9,2020,3,20,2,8,1,1,1,2,98,0
80428,1,1,30,2,1,11,3,20,0,0,1,0,1,0,1,15,62,130,0,0,1,3,6,1,1,11,83,0,9,96,0,17,9,2020,5,22,2,9,2,3,1,3,98,0
80429,1,1,47,1,1,11,20,20,0,0,1,0,1,0,1,95,70,190,1,3,2,4,6,2,1,1,62,1,85,96,36,2,10,2020,6,19,2,12,2,2,1,3,98,4
80432,1,1,47,1,1,11,20,20,0,0,1,0,1,0,1,100,74,210,0,3,3,3,6,2,1,6,6,0,98,96,36,4,10,2020,1,13,2,24,1,1,4,1,98,4
80433,1,1,22,2,1,11,20,20,0,0,1,0,1,0,1,80,63,150,0,3,3,4,1,2,1,1,99,1,13,96,36,2,10,2020,6,20,2,1,19,1,4,3,98,4
80434,1,1,21,1,1,11,3,20,0,0,1,0,2,0,1,65,65,130,0,0,3,4,1,1,1,15,10,1,13,96,51,5,10,2020,2,6,2,12,18,1,1,3,98,4
80439,1,1,34,1,1,11,20,8,1,0,1,0,1,0,1,45,71,195,1,0,1,3,1,2,1,1,12,1,13,96,6,9,10,2020,6,4,2,30,3,2,4,2,98,4
80440,1,1,42,1,1,11,3,8,0,0,1,0,1,0,1,121,69,300,2,3,1,2,5,2,1,1,14,1,13,0,39,9,10,2020,6,12,2,25,1,1,4,1,98,4
80441,1,1,66,1,1,11,20,20,0,0,1,0,2,0,1,50,73,200,1,3,2,2,6,2,1,14,6,0,94,96,36,9,10,2020,6,14,2,1,1,1,4,1,98,4
80442,1,1,18,1,1,11,3,8,0,0,1,0,1,0,1,107,69,135,0,3,2,2,1,2,1,1,66,0,13,96,36,10,10,2020,7,16,2,12,2,2,1,1,98,2
80444,1,1,27,2,1,11,3,20,0,0,1,0,1,0,1,37,66,115,0,0,5,5,1,2,1,1,80,0,7,96,0,12,10,2020,2,20,2,8,1,1,1,3,98,0
80446,1,1,45,1,1,11,20,1,0,0,1,0,1,1,1,65,66,175,0,3,2,3,1,2,1,1,9,1,60,96,36,16,10,2020,6,17,2,12,1,1,1,1,10,3
80447,1,1,24,1,1,11,20,1,1,0,1,0,1,0,1,100,68,150,2,3,3,3,6,2,1,1,51,1,13,96,36,31,10,2020,7,23,2,12,1,1,1,3,98,4
80448,1,1,45,1,1,11,20,20,0,0,1,0,1,0,1,50,70,200,0,0,2,2,6,2,1,14,54,1,81,96,51,18,10,2020,1,0,2,12,1,1,1,2,98,4
80450,1,1,75,1,1,11,3,8,0,0,1,0,1,0,1,998,69,200,0,0,2,4,6,2,1,14,12,0,7,96,0,6,10,2020,3,10,2,32,1,1,4,1,98,4
80451,1,1,36,1,1,11,3,20,1,0,1,0,1,0,1,45,69,160,2,0,3,3,6,2,1,15,11,0,15,0,21,13,10,2020,3,14,2,12,20,1,1,1,98,0
80452,1,1,36,1,1,11,20,20,1,0,1,0,0,0,1,999,69,175,1,0,1,2,1,2,1,14,9,1,113,96,6,3,10,2020,7,18,2,1,1,1,1,5,98,4
80458,1,1,21,1,1,11,99,8,1,0,2,0,2,0,1,40,999,999,0,3,1,7,6,2,1,1,6,1,13,96,36,24,10,2020,7,1,2,1,1,1,4,3,98,2