ST_CASE,VEH_NO,PER_NO,AGE,SEX,PER_TYP,SEAT_POS,REST_USE,AIR_BAG,DRUGS,LOCATION,NUMOCCS,HIT_RUN,OWNER,V_CONFIG,HAZ_INV,TRAV_SP,DR_HGT,DR_WGT,PREV_SPD,SPEEDREL,VTRAFWAY,VNUM_LAN,VPROFILE,VPAVETYP,VSURCOND,P_CRASH1,P_CRASH2,DR_DRINK,VPICBODYCLASS,DRDISTRACT,DRIVERRF,DAY,MONTH,YEAR,DAY_WEEK,HOUR,RUR_URB,HARM_EV,RELJCT2,TYP_INT,REL_ROAD,LGT_COND,WEATHER,INJ_SEV
80459,1,1,41,1,1,11,20,20,1,0,1,0,3,1,1,55,68,165,2,0,2,4,1,1,1,1,13,0,11,92,6,30,10,2020,6,18,2,31,3,2,4,5,98,4
80460,1,1,49,1,1,11,3,20,0,0,1,0,1,0,1,50,66,180,0,3,5,5,1,2,1,1,83,0,5,96,36,21,10,2020,4,6,2,9,1,1,1,4,98,0
80461,1,1,20,2,1,11,3,1,0,0,1,0,1,0,1,16,63,110,0,0,2,5,6,2,1,11,15,0,13,96,38,4,10,2020,1,8,2,12,2,2,1,1,98,0
80462,1,1,49,1,1,11,20,20,9,0,1,0,2,0,1,998,69,225,0,5,2,2,1,2,1,1,66,1,80,96,36,22,10,2020,5,13,2,1,2,2,1,1,98,4
80463,1,1,26,1,1,11,20,20,9,0,1,0,1,0,1,998,72,163,2,5,2,3,1,2,1,1,62,1,80,96,36,22,10,2020,5,15,2,1,2,3,1,1,98,4
80464,1,1,33,1,1,11,3,1,0,0,2,0,1,0,1,998,70,200,5,5,1,2,1,2,4,14,6,0,60,96,87,25,10,2020,1,14,2,12,1,1,1,1,4,0
80465,1,1,29,2,1,11,20,8,1,0,1,0,1,0,1,60,67,140,2,3,2,2,6,2,1,1,11,1,5,96,36,29,10,2020,5,21,2,12,1,1,1,2,98,4
80466,1,1,41,1,1,11,20,20,0,0,1,0,3,0,1,60,999,999,0,3,6,1,5,2,1,14,6,0,80,96,36,31,10,2020,7,14,2,1,20,1,1,1,98,4
80467,1,1,998,8,1,11,20,1,9,0,99,1,9,0,1,998,999,999,99,3,2,4,1,2,1,1,62,1,60,96,36,29,10,2020,5,0,2,12,2,2,1,3,98,0
80468,1,1,19,1,1,11,3,1,0,0,3,0,1,0,1,65,68,120,0,2,1,2,5,2,1,14,6,0,13,96,36,10,10,2020,7,21,2,33,1,1,4,3,1,2
80469,1,1,26,1,1,11,20,20,0,0,1,0,0,0,1,25,71,185,3,0,1,2,1,2,1,1,17,1,84,96,39,15,10,2020,5,21,2,12,2,2,1,3,1,4
80470,1,1,63,1,1,11,3,8,0,0,1,0,2,0,1,75,68,200,0,3,3,3,1,2,1,1,51,0,7,96,36,13,10,2020,3,4,2,45,18,1,1,3,98,4
80471,1,1,71,2,1,11,3,20,0,0,1,0,1,0,1,40,63,135,0,0,2,3,1,2,1,1,80,0,7,96,0,12,10,2020,2,21,2,8,3,2,1,3,98,0
80473,1,1,40,1,1,11,3,20,0,0,1,0,1,0,1,1,72,999,1,0,4,4,1,2,1,1,83,0,60,96,0,30,10,2020,6,16,2,15,1,1,1,1,98,0
80474,1,1,37,1,1,11,3,20,0,0,1,0,1,0,1,45,72,165,0,0,2,4,1,2,1,1,80,0,3,96,0,23,10,2020,6,5,2,8,3,2,1,3,98,0
80475,1,1,999,9,1,11,98,98,8,0,99,1,9,99,1,999,999,999,99,9,6,1,1,1,1,1,80,0,999,96,0,14,8,2020,6,0,2,8,20,1,1,3,98,0
80476,1,1,24,1,1,11,3,20,0,0,2,0,0,0,1,85,70,150,1,3,3,3,1,2,1,1,6,1,13,96,36,14,9,2020,2,0,2,30,3,3,4,3,98,4
80477,1,1,49,2,1,11,3,20,0,0,4,0,1,0,1,15,62,170,0,0,5,6,1,2,1,1,80,0,7,96,0,25,9,2020,6,20,2,8,1,1,1,3,98,0
80478,1,1,37,1,1,11,3,20,1,0,7,0,2,0,1,55,999,999,0,0,6,2,5,2,1,1,13,1,7,0,6,1,11,2020,1,8,2,59,5,1,4,1,98,3
80480,1,1,30,1,1,11,3,20,0,0,1,0,1,0,1,30,74,200,1,0,1,4,1,2,1,1,83,0,60,96,0,2,11,2020,2,13,2,9,1,1,1,1,98,0
80482,1,1,18,2,1,11,3,20,0,0,1,0,2,0,1,40,60,137,0,0,2,2,1,2,1,1,80,0,3,96,0,3,11,2020,3,22,2,8,1,1,1,2,98,0
80486,1,1,28,1,1,11,3,8,0,0,2,0,1,0,1,75,69,165,1,0,3,2,1,2,1,1,12,0,7,7,0,6,11,2020,6,15,2,24,1,1,3,1,98,4
80488,1,1,42,2,1,11,20,20,0,0,1,0,1,0,1,30,64,138,0,0,1,4,1,2,1,1,80,0,60,96,0,6,11,2020,6,18,2,8,1,1,1,3,98,0
80489,1,1,52,1,1,11,20,20,1,0,1,0,1,0,1,998,74,185,0,5,5,3,1,2,1,14,13,1,81,96,36,6,11,2020,6,21,2,24,1,1,4,3,98,4
80490,1,1,31,2,1,11,99,20,0,0,1,0,1,0,1,998,66,120,1,0,1,6,6,2,1,14,83,0,7,96,0,8,11,2020,1,12,2,9,1,1,1,1,98,0
80491,1,1,74,2,1,11,20,8,0,0,1,0,1,0,1,15,63,108,0,0,3,4,1,2,1,11,15,0,7,96,39,10,11,2020,3,6,2,12,2,2,1,3,98,4
80493,1,1,80,1,1,11,20,20,0,0,1,0,1,0,1,25,74,230,0,0,1,3,1,2,1,4,17,0,13,96,39,13,11,2020,6,15,2,12,2,2,1,1,98,4
80495,1,1,48,1,1,11,3,8,0,0,1,0,2,0,1,80,71,210,0,3,2,6,1,1,1,10,12,1,7,96,36,12,11,2020,5,21,2,46,3,2,12,3,98,4
80496,1,1,27,1,1,11,3,20,0,0,1,0,3,6,1,68,72,999,0,0,2,2,1,2,1,1,80,0,66,96,0,16,11,2020,2,4,2,8,1,1,1,2,1,0
80498,1,1,31,2,1,11,3,20,0,0,1,1,2,0,1,15,57,130,0,0,1,3,1,2,1,11,83,0,60,96,38,17,11,2020,3,16,2,15,3,3,1,1,98,0
80499,1,1,63,1,1,11,3,20,0,0,1,0,1,0,1,35,66,160,0,0,5,5,1,2,1,1,80,0,13,0,0,7,11,2020,7,17,2,8,1,1,1,3,98,0
80500,1,1,91,1,1,11,20,20,0,0,1,0,1,0,1,75,71,180,1,0,2,2,1,1,1,17,9,0,60,96,58,17,11,2020,3,16,2,31,1,1,4,1,1,4
80501,1,1,26,1,1,11,3,8,0,0,2,0,1,0,1,85,67,150,1,3,2,2,2,2,1,10,6,1,13,96,39,22,11,2020,1,0,2,33,3,6,3,3,98,2
80502,1,1,31,1,1,11,99,20,0,0,1,0,2,0,1,35,69,170,1,0,2,3,1,2,1,1,80,0,7,96,60,22,11,2020,1,17,2,8,1,1,1,3,98,0
80503,1,1,25,1,1,11,20,8,9,0,2,0,1,0,1,998,66,999,1,0,6,2,1,2,1,1,12,1,13,96,6,13,11,2020,6,22,2,42,5,1,4,3,98,3
80504,1,1,29,1,1,11,20,8,0,0,1,0,1,0,1,126,67,180,0,3,1,4,1,2,1,17,51,0,13,96,36,17,11,2020,3,4,2,42,1,1,4,3,1,4
80505,1,1,43,1,1,11,20,1,9,0,1,0,1,0,1,998,71,180,0,5,1,2,1,2,1,6,52,1,7,96,36,20,11,2020,6,20,2,12,2,3,1,3,98,4
80510,1,1,30,1,1,11,20,20,9,0,1,0,0,0,1,35,70,165,0,0,1,5,1,2,1,14,62,1,87,96,24,22,11,2020,1,19,2,12,2,2,1,3,98,4
80511,1,1,69,1,1,11,20,20,1,0,1,0,1,0,1,998,72,195,0,0,3,3,1,1,1,1,1,1,60,96,80,24,11,2020,3,21,2,24,19,1,4,3,98,4
80512,1,1,41,2,1,11,3,20,0,0,2,0,2,0,1,998,64,170,0,0,2,3,6,2,1,1,80,0,7,96,74,27,11,2020,6,18,2,8,1,1,1,2,98,0
80513,1,1,35,2,1,11,3,20,0,0,4,0,2,0,1,25,67,160,0,0,5,5,1,2,1,1,80,0,7,96,0,29,11,2020,1,15,2,8,1,1,1,1,98,0
80514,1,1,58,2,1,11,3,20,0,0,1,0,1,0,1,20,66,165,0,0,2,2,1,2,1,11,80,0,13,96,0,3,11,2020,3,9,2,8,3,3,1,1,1,0
80515,1,1,25,2,1,11,3,1,0,0,1,0,1,0,1,55,70,155,0,0,1,3,1,2,1,1,17,0,7,96,39,30,11,2020,2,11,2,12,2,2,1,1,1,1
80517,1,1,31,1,1,11,3,20,0,0,1,0,2,0,1,35,68,160,0,0,2,4,1,2,1,1,83,0,5,96,0,21,11,2020,7,19,2,9,2,2,1,3,98,0
80518,1,1,30,1,1,11,20,1,1,0,2,0,2,0,1,50,68,170,0,3,1,7,1,2,1,1,10,1,3,96,28,17,11,2020,3,1,2,12,1,1,1,3,98,4
80519,1,1,42,1,2,13,3,20,0,0,1,0,6,0,1,5,998,997,998,8,1,2,2,2,3,0,98,0,13,16,54,24,11,2020,3,10,2,8,1,1,1,1,10,0
80520,1,1,53,1,1,11,20,20,1,0,1,0,2,0,1,998,67,220,0,0,6,1,6,2,1,14,12,1,2,96,52,13,11,2020,6,22,2,1,5,1,4,3,98,4
80521,1,1,18,1,1,11,20,20,0,0,1,0,2,0,1,999,71,150,0,0,5,5,1,2,1,1,80,0,13,96,6,20,11,2020,6,20,2,8,1,1,1,3,98,0
80523,1,1,59,1,1,11,99,8,0,0,1,0,1,0,1,35,71,150,0,0,5,3,1,2,1,1,13,1,7,96,6,13,10,2020,3,23,2,30,1,1,4,3,98,4
80524,1,1,30,1,1,11,20,20,0,0,1,0,2,0,1,75,71,168,1,3,1,7,1,2,1,1,62,0,80,96,74,12,10,2020,2,18,2,12,8,1,1,3,98,4
80525,1,1,36,2,1,11,20,8,1,0,1,0,1,0,1,75,63,180,0,3,1,2,1,2,1,1,13,0,7,96,36,3,12,2020,5,21,2,35,1,1,4,2,1,4
80526,1,1,44,1,1,11,20,1,1,0,3,0,2,0,1,69,71,175,1,3,1,3,1,2,1,1,17,1,13,96,39,4,12,2020,6,14,2,12,2,2,1,1,98,0
80529,1,1,68,1,1,11,20,1,0,0,1,0,1,0,1,5,67,136,0,0,1,2,1,2,1,11,15,0,60,96,38,6,12,2020,1,17,2,12,2,3,1,3,98,4
80530,1,1,40,1,1,11,3,20,0,0,1,0,1,0,1,20,74,180,0,0,1,2,1,2,1,1,80,0,60,92,38,7,12,2020,2,16,2,8,1,1,1,5,98,0
80531,1,1,58,1,1,11,3,20,0,0,1,0,1,0,1,40,67,180,1,0,2,6,1,2,1,1,80,0,60,96,0,8,12,2020,3,17,2,8,1,1,1,3,98,0
80533,1,1,28,2,1,11,20,20,0,0,1,0,2,0,1,60,66,145,0,4,3,3,1,1,4,17,90,0,7,96,81,12,12,2020,7,17,2,31,1,1,4,2,4,4
80537,1,1,39,2,1,11,3,8,0,0,1,0,2,0,1,15,999,999,0,0,2,3,1,2,1,11,15,0,2,96,38,14,12,2020,2,17,2,12,2,3,1,2,1,4
80538,1,1,65,1,1,11,3,20,0,0,1,0,1,0,1,998,69,162,0,0,1,4,1,2,1,11,80,0,7,96,60,3,12,2020,5,15,2,8,3,2,1,1,98,0
80540,1,1,29,2,1,11,3,20,0,0,1,0,2,0,1,50,64,150,0,0,3,4,5,2,1,1,80,0,7,96,0,16,12,2020,4,21,2,25,1,1,3,3,98,0
80541,1,1,72,2,1,11,20,8,0,0,1,0,1,0,1,50,61,150,0,3,1,6,1,2,1,15,50,0,13,96,36,18,12,2020,6,15,2,12,3,7,1,1,98,4
80542,1,1,999,9,1,11,99,99,9,0,99,1,9,99,1,20,999,999,99,0,1,7,1,2,1,1,80,0,999,96,0,16,12,2020,4,19,2,8,1,1,1,3,98,0
80545,1,1,28,1,1,11,20,20,1,0,1,0,2,0,1,65,72,175,1,0,6,1,5,1,1,14,13,1,7,96,0,27,12,2020,1,20,2,1,5,1,4,3,98,4
80547,1,1,64,2,1,11,3,8,0,0,1,0,1,0,1,999,63,216,0,0,2,3,1,1,1,1,17,0,13,96,39,23,12,2020,4,6,2,12,2,2,1,3,98,4
80548,1,1,50,1,1,11,20,20,0,0,1,0,1,0,1,68,68,180,1,3,6,2,1,2,1,14,52,0,81,96,36,6,12,2020,1,15,2,1,20,1,1,1,98,4
80549,1,1,19,1,1,11,20,8,0,0,2,0,1,0,1,85,69,150,2,3,2,2,6,1,1,1,6,1,13,96,36,27,12,2020,1,1,2,59,1,1,4,3,98,4
80551,1,1,44,2,1,11,20,20,0,0,1,0,1,0,1,65,65,170,0,3,6,1,5,2,1,1,12,0,7,96,58,27,12,2020,1,4,2,59,5,1,4,3,98,4
80553,1,1,25,1,1,11,20,1,1,0,1,0,1,0,1,80,65,150,0,3,1,2,1,2,1,1,14,1,60,96,39,31,12,2020,5,18,2,18,3,3,5,2,98,4
80554,1,1,22,1,1,11,3,1,1,0,1,0,3,0,1,60,999,999,0,0,2,2,1,2,1,14,50,0,60,96,91,30,12,2020,4,8,2,12,3,2,1,1,98,1
80555,1,1,35,1,1,11,20,8,0,0,2,0,2,0,1,998,67,150,0,5,2,3,1,1,1,1,6,1,13,96,36,31,12,2020,5,22,2,12,1,1,1,3,98,3
80556,1,1,21,1,1,11,3,1,0,0,1,0,1,0,1,998,76,175,5,5,2,3,1,2,1,1,12,1,13,96,74,23,12,2020,4,17,2,12,1,1,1,3,98,4
80557,1,1,39,2,1,11,3,20,0,0,1,0,1,0,1,998,62,140,0,0,2,6,1,2,1,1,80,0,5,96,0,23,12,2020,4,21,2,8,3,2,1,3,98,0
80558,1,1,21,1,1,11,3,20,9,0,3,0,2,0,1,998,74,170,2,5,1,3,6,2,3,14,6,1,7,96,91,29,12,2020,3,1,2,33,3,2,4,3,98,2
80559,1,1,23,1,1,11,99,20,0,0,1,1,1,0,1,20,70,210,1,0,1,3,1,2,1,11,80,0,60,96,6,31,12,2020,5,18,2,8,3,2,1,3,98,0
80560,1,1,31,1,1,11,3,20,0,0,1,1,1,0,1,45,69,180,0,0,1,3,1,2,1,1,80,0,13,96,0,5,12,2020,7,19,2,8,1,1,1,2,98,0
80561,1,1,36,1,1,11,3,20,0,0,1,0,2,0,1,35,73,185,0,0,2,3,1,2,1,1,80,0,60,96,0,9,12,2020,4,17,2,8,1,1,1,3,98,0
80562,1,1,36,2,1,11,20,1,1,0,2,0,2,0,1,90,61,127,0,3,3,5,5,2,1,1,6,0,13,96,36,29,12,2020,3,21,2,25,1,1,4,3,98,3
80563,1,1,60,1,1,11,20,20,0,0,1,0,1,0,1,27,69,214,1,0,5,5,1,2,1,1,80,0,7,96,0,20,12,2020,1,18,2,8,1,1,1,3,98,0
80564,1,1,21,1,1,11,3,1,0,0,1,1,2,0,1,40,66,163,0,3,2,2,6,2,1,1,12,0,13,0,6,8,12,2020,3,11,2,8,1,1,4,1,1,0
80565,1,1,77,2,1,11,3,8,0,0,1,0,1,0,1,40,62,115,0,0,2,2,6,2,1,1,50,0,8,96,6,17,11,2020,3,18,2,12,1,1,1,3,98,3
80566,1,1,999,9,1,11,99,99,9,0,99,1,9,99,1,45,999,999,99,3,5,5,1,2,1,1,80,0,999,96,0,2,11,2020,2,17,2,8,3,3,1,3,98,0
80568,1,1,33,1,1,11,20,20,0,0,1,0,2,0,1,45,75,200,0,0,2,3,1,1,1,1,62,0,94,96,0,18,7,2020,7,18,2,1,2,2,1,1,1,4
80569,1,1,24,1,1,11,20,20,0,0,1,0,1,0,1,60,69,160,1,3,3,2,1,1,1,14,13,0,80,96,36,28,2,2020,6,17,2,24,1,1,4,2,98,4
80570,1,1,28,1,1,11,20,1,0,0,1,0,2,0,1,60,999,999,0,3,1,5,6,2,1,1,12,1,13,96,36,25,11,2020,4,5,2,39,3,2,4,3,1,4
80571,1,1,86,2,1,11,3,1,0,0,2,0,1,0,1,45,60,154,0,0,2,3,1,2,1,1,10,0,13,96,28,2,1,2020,5,15,2,12,3,3,1,1,98,4
80572,1,1,44,1,1,11,3,20,0,0,5,0,2,0,1,10,999,999,0,0,2,3,1,1,1,11,15,0,7,96,38,26,2,2020,4,18,2,12,2,2,1,3,98,0
80573,1,1,59,1,1,11,3,20,0,0,1,0,1,0,1,70,71,240,0,0,3,2,1,2,1,1,13,1,119,96,0,20,6,2020,7,17,2,59,1,1,4,1,1,4
80575,1,1,73,1,1,11,20,20,0,0,1,0,1,19,1,998,69,200,0,0,2,3,1,2,1,1,10,0,78,96,6,14,10,2020,4,16,2,12,3,2,1,1,1,2
80576,1,1,26,1,1,11,3,1,1,0,1,0,2,0,1,998,76,170,1,5,2,3,5,2,1,1,62,1,7,96,36,2,12,2020,4,15,2,12,2,3,1,1,1,2
80577,1,1,65,1,1,11,20,20,0,0,1,0,2,0,1,15,69,165,0,0,2,3,1,1,1,11,15,0,94,96,52,15,6,2020,2,21,2,12,2,2,1,3,1,4
90001,1,1,69,1,1,11,3,20,0,0,1,0,1,0,1,998,68,999,0,0,1,4,1,2,1,1,80,0,60,99,0,1,1,2020,4,11,2,8,1,1,1,1,1,0
90002,1,1,47,1,1,11,20,8,1,0,1,0,1,0,1,998,72,999,1,9,3,3,6,2,2,1,9,1,13,99,0,4,1,2020,7,17,2,24,19,1,4,3,10,4
90004,1,1,56,1,1,11,3,1,8,0,1,0,1,0,1,998,71,999,0,0,1,2,1,2,2,1,12,0,5,0,999,11,2,2020,3,9,2,30,1,1,4,1,12,4
90005,1,1,21,1,1,11,20,8,8,0,1,0,2,0,1,998,72,999,0,4,1,2,5,2,4,14,6,0,13,99,0,1,2,2020,7,4,2,42,1,1,4,2,10,4
90006,1,1,19,1,1,11,20,8,0,0,1,0,2,0,1,68,72,999,0,3,4,1,1,2,1,1,13,0,7,0,8,14,1,2020,3,14,2,33,1,1,4,1,1,4
90008,1,1,63,1,1,11,99,20,8,0,1,0,1,0,1,998,66,999,0,9,1,4,1,2,2,1,80,0,7,99,999,14,1,2020,3,19,2,8,1,1,1,2,2,0
90009,1,1,51,1,1,11,3,20,0,0,1,0,1,0,1,999,70,999,2,0,1,4,1,2,1,1,80,0,7,0,0,22,1,2020,4,19,2,8,1,1,1,3,1,0
90010,1,1,999,9,1,11,99,99,8,0,99,1,9,99,1,998,999,999,99,9,1,2,1,2,1,1,80,0,999,99,999,18,2,2020,3,15,2,8,1,1,1,1,1,0
90011,1,1,35,1,1,11,99,20,8,0,1,0,1,0,1,998,67,999,0,9,1,2,1,2,1,1,80,0,13,99,0,23,2,2020,1,18,2,8,1,1,1,6,1,0
90012,1,1,84,1,1,11,99,1,8,0,1,0,1,0,1,998,64,999,0,0,1,2,5,2,1,1,66,0,13,99,0,21,1,2020,3,16,2,12,2,2,1,5,1,4
90013,1,1,24,1,1,11,8,20,8,0,1,1,2,0,1,998,70,999,0,3,3,2,6,2,1,1,80,0,13,99,999,9,1,2020,5,18,2,8,1,1,1,3,1,0
90014,1,1,56,1,1,11,20,8,8,0,1,0,3,0,1,998,72,999,0,9,1,2,1,2,1,1,13,0,7,99,95,19,1,2020,1,16,2,42,1,1,4,5,10,4
90015,1,1,24,1,1,11,20,8,8,0,1,0,1,0,1,999,72,999,0,3,1,2,6,2,2,14,12,0,60,99,999,19,2,2020,4,6,2,42,1,1,4,4,1,4
90016,2,1,34,1,1,11,99,99,8,0,1,0,3,6,1,998,74,205,0,9,3,3,1,2,1,1,13,1,66,99,999,7,1,2020,3,0,2,14,1,1,2,3,1,4
90017,1,1,38,2,1,11,20,8,8,0,1,0,1,0,1,998,65,999,0,9,2,3,1,2,2,14,12,0,7,99,0,10,1,2020,6,12,2,39,1,1,3,1,1,4
90018,1,1,17,1,1,11,99,99,8,0,1,0,2,0,1,998,69,999,0,9,3,2,1,2,1,14,13,0,13,99,0,17,1,2020,6,22,2,42,1,1,4,2,1,4
90021,1,1,43,1,1,11,99,8,8,0,2,0,2,0,1,999,72,999,0,9,1,2,5,2,1,14,10,0,60,99,28,31,1,2020,6,16,2,12,1,1,1,2,1,4
90022,1,1,61,1,1,11,20,1,8,0,1,0,1,0,1,998,72,999,0,9,1,2,6,2,2,14,62,0,3,0,0,7,2,2020,6,99,2,12,1,1,1,1,2,3
90023,1,1,70,1,1,11,99,8,8,0,3,0,9,0,1,999,999,999,99,0,1,2,6,2,1,14,62,0,7,0,0,15,2,2020,7,18,2,12,1,1,1,3,1,2
90024,1,1,31,1,1,11,20,20,8,0,1,0,1,0,1,998,70,999,99,9,3,3,1,2,1,14,99,1,81,99,999,23,2,2020,1,18,2,1,1,1,1,3,1,4
90027,1,1,60,1,1,11,20,1,8,0,1,0,2,0,1,998,68,999,0,9,1,2,1,2,1,14,13,1,7,99,0,10,3,2020,3,22,2,35,1,1,4,2,1,4
90028,1,1,23,1,1,11,3,8,8,0,1,0,2,0,1,998,67,999,1,3,3,2,5,2,1,14,12,1,13,99,58,10,3,2020,3,18,2,31,19,1,3,1,1,4
90029,1,1,61,1,1,11,3,20,8,0,1,0,1,0,1,0,69,999,0,0,3,4,6,2,1,5,53,0,13,0,0,24,2,2020,2,13,2,12,18,1,1,1,1,0
90030,1,1,17,2,1,11,8,20,8,0,1,1,2,0,1,998,999,999,99,9,1,2,1,2,1,1,80,0,7,0,91,23,1,2020,5,12,2,8,1,1,1,1,1,0
90031,1,1,29,1,1,11,99,8,1,0,1,0,1,0,1,998,72,999,0,9,1,2,1,2,1,1,10,1,13,99,28,7,3,2020,7,20,2,12,1,1,1,2,1,4
90033,1,1,38,2,1,11,20,8,8,0,2,0,2,0,1,998,63,999,0,0,1,4,1,2,1,1,10,0,8,0,0,24,1,2020,6,23,2,12,1,1,1,2,1,4
90034,1,1,28,1,1,11,3,20,8,0,1,0,3,6,1,998,69,999,99,9,3,3,5,2,1,1,50,0,66,0,999,15,3,2020,1,0,2,12,18,1,1,3,1,0
90035,1,1,19,1,1,11,8,1,0,0,2,0,1,0,1,998,999,999,0,9,1,2,1,2,1,1,17,1,7,10,999,21,2,2020,6,3,2,12,2,2,1,3,1,1
90036,1,1,25,1,1,11,20,8,8,0,2,0,2,0,1,998,999,999,0,9,3,4,1,2,1,1,54,0,7,99,999,21,3,2020,7,99,2,12,18,1,1,3,1,2
90037,1,1,68,1,1,11,3,20,8,0,1,0,1,0,1,998,64,999,0,0,1,2,6,2,1,1,80,0,7,0,0,29,1,2020,4,15,2,8,2,3,1,1,1,0
90038,1,1,74,2,1,11,20,8,8,0,1,0,1,0,1,998,64,999,0,0,1,2,6,2,1,1,13,0,13,99,999,7,1,2020,3,14,2,42,1,1,4,1,1,4
90039,1,1,29,1,1,11,3,20,8,0,1,0,2,0,1,998,999,999,0,9,3,2,1,2,2,1,13,0,13,99,999,28,3,2020,7,21,2,42,1,1,4,3,2,4
90040,1,1,39,1,1,11,3,20,8,0,1,0,2,0,1,998,68,999,0,0,1,4,1,2,2,1,80,0,13,0,0,4,4,2020,7,19,2,8,1,1,1,3,1,0
90041,1,1,30,1,1,11,3,8,8,0,4,0,9,0,1,998,999,999,99,3,1,2,1,2,1,6,61,1,13,99,91,9,2,2020,1,23,2,12,8,1,1,2,1,3
90043,1,1,28,1,1,11,3,1,8,0,1,0,2,0,1,998,75,999,0,3,1,2,1,2,1,14,6,0,13,99,28,4,4,2020,7,19,2,12,1,1,1,3,1,4
90044,1,1,22,1,1,11,99,1,8,0,2,0,2,0,1,998,64,999,0,9,3,2,1,2,1,99,13,0,13,99,0,4,4,2020,7,18,2,42,1,1,4,1,1,4
90045,1,1,18,1,1,11,99,20,8,0,3,0,2,0,1,998,72,999,0,0,2,2,1,2,1,1,12,0,60,99,0,30,3,2020,2,22,2,35,1,1,3,3,10,1
90046,1,1,38,1,1,11,20,1,8,0,1,0,3,0,1,998,999,999,0,9,6,1,1,2,1,14,12,0,2,99,0,5,4,2020,1,0,2,25,5,1,4,3,1,4
90047,1,1,19,1,1,11,99,20,8,0,5,0,2,0,1,103,999,999,0,9,3,2,1,2,2,14,6,0,13,99,36,9,4,2020,5,16,2,42,1,1,3,1,2,2
90048,1,1,44,1,1,11,3,20,0,0,1,0,1,0,1,998,72,999,0,0,1,4,1,2,1,1,80,0,13,0,0,21,1,2020,3,99,2,8,3,2,1,3,1,0
90049,1,1,50,1,1,11,3,3,0,0,1,0,2,0,1,998,77,999,0,0,1,4,1,2,1,1,66,0,7,0,0,1,1,2020,4,15,2,12,2,2,1,1,1,4
90050,1,1,32,1,1,11,20,20,8,0,1,0,5,0,1,998,69,999,0,3,1,2,1,2,1,1,52,0,80,99,36,27,3,2020,6,20,2,12,8,1,1,3,1,4
90051,1,1,31,2,1,11,99,20,8,0,1,1,2,0,1,998,64,999,0,9,1,4,1,2,1,1,12,0,7,99,36,12,2,2020,4,4,2,43,1,1,4,3,1,0
90052,1,1,21,1,1,11,3,20,8,0,2,0,4,0,1,998,75,999,0,0,1,2,1,2,1,1,66,0,13,0,0,17,4,2020,6,99,2,12,2,2,1,1,10,1
90053,1,1,33,1,1,11,20,1,8,0,1,0,1,0,1,998,71,999,0,9,1,2,1,2,1,14,13,0,13,99,8,20,4,2020,2,9,2,19,3,10,4,1,1,4
90054,1,1,53,2,1,11,3,20,8,0,1,1,1,0,1,998,66,999,0,0,1,4,1,2,1,1,80,0,7,0,0,9,4,2020,5,23,2,15,1,1,1,3,1,0
90055,1,1,77,1,1,11,99,8,8,0,1,0,1,0,1,999,71,999,0,9,1,2,1,2,2,1,62,0,13,99,999,18,4,2020,7,7,2,12,1,1,1,1,2,3
90056,1,1,74,1,1,11,3,20,8,0,1,0,1,0,1,998,66,999,0,0,1,2,1,2,1,1,80,0,7,0,0,17,2,2020,2,16,2,8,18,1,1,1,1,0
90057,4,1,46,1,1,11,3,8,0,0,1,0,1,0,1,83,73,999,0,3,3,2,1,2,1,15,13,1,13,0,28,22,4,2020,4,16,2,14,1,1,2,1,1,1
90058,1,1,69,1,1,11,3,8,8,0,1,0,1,0,1,998,72,999,0,0,5,5,1,2,1,1,10,0,13,99,28,23,4,2020,5,21,2,12,1,1,1,3,1,4
90059,1,1,24,1,1,11,99,99,8,0,1,0,1,0,1,998,70,999,0,9,1,2,1,2,1,14,13,0,3,99,0,8,3,2020,1,11,2,35,1,1,4,1,1,4
90060,1,1,33,1,1,11,8,20,8,0,1,1,2,0,1,998,999,999,99,3,1,4,5,2,1,1,80,0,13,5,91,4,3,2020,4,21,2,8,3,2,1,3,1,0
90061,1,1,37,1,1,11,20,20,8,0,1,0,1,0,1,998,68,999,1,9,3,4,1,2,1,1,9,0,80,99,999,29,4,2020,4,13,2,57,1,1,3,1,10,4
90062,1,1,46,1,1,11,3,1,8,0,1,0,3,0,1,998,68,999,0,9,3,4,1,2,1,14,13,0,60,99,0,4,5,2020,2,11,2,43,1,1,6,1,1,4
90063,1,1,71,1,1,11,3,1,8,0,1,0,1,0,1,998,72,999,0,0,3,8,1,2,1,1,54,0,3,0,0,30,4,2020,5,16,2,12,1,1,1,1,1,4
90065,1,1,53,1,1,11,20,20,8,0,1,0,1,0,1,998,68,999,0,0,1,2,1,2,1,1,14,0,81,99,999,7,4,2020,3,19,2,43,3,2,5,3,1,4
90066,1,1,57,2,1,11,20,1,8,0,1,0,1,0,1,998,65,999,0,9,1,2,1,2,1,1,12,0,13,99,999,30,4,2020,5,19,2,42,1,1,4,5,1,4
90067,1,1,17,1,1,11,99,1,8,0,1,0,5,0,1,998,999,999,0,3,1,5,1,2,1,1,50,0,7,99,39,7,5,2020,5,9,2,12,3,2,1,1,1,0
90068,1,1,63,2,1,11,3,20,8,0,1,0,1,0,1,998,67,999,0,0,1,2,1,2,2,1,80,0,13,0,0,1,5,2020,6,4,2,8,2,2,1,3,2,0