ST_CASE,VEH_NO,PER_NO,AGE,SEX,PER_TYP,SEAT_POS,REST_USE,AIR_BAG,DRUGS,LOCATION,NUMOCCS,HIT_RUN,OWNER,V_CONFIG,HAZ_INV,TRAV_SP,DR_HGT,DR_WGT,PREV_SPD,SPEEDREL,VTRAFWAY,VNUM_LAN,VPROFILE,VPAVETYP,VSURCOND,P_CRASH1,P_CRASH2,DR_DRINK,VPICBODYCLASS,DRDISTRACT,DRIVERRF,DAY,MONTH,YEAR,DAY_WEEK,HOUR,RUR_URB,HARM_EV,RELJCT2,TYP_INT,REL_ROAD,LGT_COND,WEATHER,INJ_SEV
90070,1,1,45,1,1,11,20,20,8,0,1,0,2,0,1,998,63,999,0,4,3,3,1,2,1,14,6,0,80,0,28,16,5,2020,7,17,2,1,18,1,1,1,1,4
90071,1,1,43,1,1,11,3,20,0,0,1,0,1,0,1,998,69,999,0,0,1,2,1,2,3,1,80,0,5,0,0,9,1,2020,5,17,2,8,1,1,1,3,4,0
90072,1,1,75,2,1,11,3,20,0,0,3,0,1,0,1,998,66,999,0,9,1,2,1,2,1,1,80,0,13,99,0,8,2,2020,7,19,2,8,1,1,1,2,1,0
90074,1,1,45,2,1,11,3,20,8,0,1,0,2,0,1,998,64,999,0,0,3,2,1,2,1,14,60,0,7,0,0,20,5,2020,4,15,2,1,18,1,1,1,1,0
90075,1,1,37,1,1,11,20,8,0,0,1,0,1,0,1,47,72,999,0,3,1,2,5,2,2,1,10,0,13,99,28,13,1,2020,2,16,2,12,1,1,1,2,2,4
90076,1,1,20,1,1,11,3,8,8,0,1,0,2,0,1,999,69,999,0,4,1,2,1,2,2,1,12,0,13,99,999,16,5,2020,7,1,2,53,19,1,4,2,2,4
90077,1,1,37,2,1,11,99,20,8,0,1,0,1,0,1,998,61,999,0,3,1,2,5,2,1,1,80,0,13,99,36,21,4,2020,3,22,2,8,3,3,1,3,1,0
90078,1,1,26,1,1,11,99,1,1,0,2,0,4,0,1,998,70,999,1,9,1,4,1,2,1,14,12,0,5,99,999,25,4,2020,7,16,2,33,3,7,3,1,1,3
90080,1,1,42,1,1,11,20,20,8,0,3,0,1,0,1,998,71,999,0,0,1,2,3,2,1,1,66,0,13,0,0,17,5,2020,1,4,2,12,2,2,1,3,10,3
90081,1,1,52,1,1,11,8,8,8,0,1,0,1,0,1,94,69,999,1,3,3,3,1,2,1,15,6,1,7,0,28,31,5,2020,1,1,2,24,1,1,3,3,1,4
90082,1,1,36,1,1,11,20,20,8,0,1,0,0,0,1,998,77,999,0,3,1,2,1,2,1,1,17,0,12,99,36,6,6,2020,7,11,2,12,2,2,1,1,1,4
90083,1,1,999,1,1,11,99,1,8,0,2,0,9,0,1,998,999,999,99,3,1,2,1,2,1,1,17,0,3,99,39,9,6,2020,3,2,2,12,2,2,1,3,1,3
90084,1,1,33,1,1,11,20,3,8,0,1,0,2,0,1,998,999,999,99,3,1,4,1,2,1,1,17,0,13,99,39,25,5,2020,2,21,2,12,2,2,1,3,1,4
90087,1,1,52,1,1,11,20,20,8,0,2,0,2,0,1,998,68,999,0,0,2,2,1,2,1,14,1,0,82,0,0,17,5,2020,1,13,2,1,1,1,1,1,1,2
90088,1,1,58,1,1,11,20,20,8,0,1,0,1,0,1,998,999,999,99,0,0,0,0,0,0,10,16,0,12,0,38,31,5,2020,1,14,2,12,8,1,1,1,1,4
90089,1,1,42,2,1,11,3,20,8,0,2,0,2,0,1,998,64,999,0,0,3,3,1,2,1,1,13,1,7,0,58,10,6,2020,4,0,2,1,1,1,1,3,1,4
90090,1,1,17,1,1,11,99,20,0,0,1,0,2,0,1,998,69,999,0,9,1,2,1,2,1,6,80,0,7,99,999,12,6,2020,6,19,2,8,1,1,1,1,1,0
90092,1,1,33,2,1,11,20,20,8,0,1,0,1,0,1,998,66,999,0,0,3,4,6,2,1,14,12,1,94,0,28,16,6,2020,3,99,2,26,19,1,3,1,1,4
90093,1,1,24,1,1,11,20,20,8,0,1,0,2,0,1,998,69,999,0,3,1,2,6,2,1,1,6,1,13,99,8,15,6,2020,2,0,2,58,1,1,1,3,1,4
90094,1,1,24,1,1,11,20,20,8,0,2,0,1,0,1,998,69,999,0,3,1,2,6,2,1,14,6,0,3,99,58,16,5,2020,7,22,2,33,1,1,4,3,1,3
90095,1,1,45,1,1,11,99,1,8,0,2,0,1,0,1,998,68,999,0,0,1,2,1,2,1,1,13,0,13,0,0,25,6,2020,5,0,2,46,3,3,4,3,1,4
90097,1,1,42,1,1,11,3,99,8,0,1,0,1,0,1,998,999,999,99,9,2,4,1,2,1,11,15,0,13,99,999,22,6,2020,2,14,2,12,2,2,1,1,1,0
90099,1,1,999,9,1,11,99,2,8,0,99,1,9,0,1,998,999,999,99,9,1,2,1,2,1,6,54,0,13,99,36,1,7,2020,4,17,2,12,1,1,1,1,1,0
90100,1,1,27,1,1,11,20,1,1,0,2,1,2,0,1,998,70,999,0,4,1,2,3,2,1,1,12,0,13,3,36,19,6,2020,6,19,2,33,1,1,4,1,1,2
90102,1,1,18,1,1,11,99,99,8,0,1,0,2,0,1,998,75,999,0,3,1,2,1,2,1,6,6,0,13,0,58,21,6,2020,1,4,2,12,1,1,1,3,1,4
90103,1,1,29,1,1,11,99,8,8,0,4,0,1,0,1,998,70,999,0,9,1,4,5,2,1,1,99,0,60,99,26,16,6,2020,3,12,2,12,1,1,1,1,1,3
90104,1,1,91,1,1,11,3,8,8,0,1,0,1,0,1,998,69,999,0,0,1,4,1,2,1,11,15,0,7,99,38,8,3,2020,1,12,2,12,2,2,1,1,1,1
90105,1,1,58,1,1,11,20,8,8,0,1,0,1,0,1,998,66,999,0,3,1,2,1,2,1,1,13,1,13,0,8,12,6,2020,6,14,2,33,1,1,4,1,1,4
90108,1,1,32,1,1,11,20,20,8,0,2,0,0,0,1,998,70,999,0,0,1,2,1,2,1,1,98,1,88,0,0,5,7,2020,1,19,2,5,1,1,1,1,1,0
90109,1,1,34,1,1,11,20,20,8,0,1,0,1,0,1,998,999,999,99,9,4,2,1,2,1,1,80,0,85,99,999,9,7,2020,5,21,2,8,3,2,1,3,1,3
90110,2,1,37,1,1,11,3,1,8,0,1,0,1,0,1,998,68,999,0,9,1,4,6,2,1,1,50,0,7,0,0,20,6,2020,7,4,2,8,2,2,1,2,1,0
90111,1,1,26,2,1,11,20,8,8,0,1,0,2,0,1,998,63,999,1,3,2,2,1,2,1,14,12,1,7,99,58,3,4,2020,6,20,2,42,1,1,4,2,1,4
90112,1,1,22,1,1,11,99,20,8,0,2,1,1,0,1,998,72,999,0,3,1,2,1,2,1,1,13,0,60,99,36,4,7,2020,7,19,2,8,1,1,2,1,1,0
90113,1,1,28,2,1,11,3,20,8,0,1,0,1,0,1,998,60,999,2,0,4,4,1,2,1,1,80,0,13,0,0,12,7,2020,1,16,2,8,3,2,1,1,1,0
90114,1,1,31,1,1,11,20,20,8,0,1,0,1,0,1,998,66,999,0,3,1,2,5,2,1,98,54,1,113,0,36,7,3,2020,7,19,2,12,1,1,1,2,1,4
90115,1,1,45,1,1,11,3,20,0,0,3,0,2,0,1,998,999,999,99,0,3,3,1,2,1,1,53,0,7,0,0,27,6,2020,7,2,2,12,18,1,1,3,1,0
90116,1,1,47,1,1,11,99,8,8,0,1,0,1,99,1,94,69,999,0,3,1,4,1,2,2,14,6,0,7,99,999,6,2,2020,5,99,2,33,1,1,4,3,2,4
90118,1,1,60,1,1,11,3,20,8,0,1,0,1,0,1,0,68,999,0,0,1,2,1,2,1,5,67,0,7,0,0,14,7,2020,3,15,2,12,2,3,1,1,1,0
90119,1,1,22,1,1,11,99,99,8,0,3,0,2,0,1,998,999,999,99,3,1,2,1,2,1,1,11,1,13,99,36,22,6,2020,2,20,2,33,1,1,4,3,1,4
90121,1,1,26,1,1,11,20,20,8,0,1,0,2,0,1,998,73,999,0,0,4,2,1,2,1,1,60,0,98,0,0,26,6,2020,6,21,2,12,2,2,1,3,1,4
90122,1,1,32,1,1,11,20,20,8,0,1,0,0,0,1,998,71,999,0,9,1,2,6,2,1,1,13,1,69,99,999,30,6,2020,3,22,2,33,1,1,4,6,1,4
90123,1,1,87,1,1,11,3,8,8,0,1,0,1,0,1,998,66,999,0,0,1,2,5,2,1,11,15,0,7,99,38,6,7,2020,2,7,2,12,2,3,1,1,1,4
90124,1,1,85,1,1,11,20,8,8,0,2,0,1,0,1,998,68,999,0,3,1,3,1,2,1,1,52,0,13,99,39,18,7,2020,7,15,2,12,8,1,1,1,1,4
90125,1,1,25,1,1,11,20,1,8,0,2,0,0,0,1,998,999,999,99,9,1,4,5,2,1,1,17,1,7,99,0,28,7,2020,3,19,2,12,2,2,1,1,1,1
90126,1,1,36,1,1,11,3,20,0,0,1,0,3,6,1,998,69,190,0,0,3,3,1,2,1,1,60,0,66,0,0,17,7,2020,6,0,2,12,1,1,1,3,1,2
90127,1,1,31,1,1,11,99,7,0,0,1,0,1,0,1,998,68,999,0,0,3,3,1,2,1,15,11,1,3,99,0,26,7,2020,1,0,2,24,1,1,4,3,1,4
90128,1,1,36,1,1,11,20,20,8,0,1,0,1,0,1,998,72,999,1,4,6,1,6,2,1,14,6,1,80,0,0,29,7,2020,4,18,2,24,5,1,8,1,1,4
90129,1,1,29,1,1,11,3,8,1,0,1,0,1,0,1,998,69,999,0,0,3,2,1,2,1,14,13,1,13,0,0,1,8,2020,7,0,2,24,1,1,4,3,1,4
90132,1,1,51,1,1,11,99,8,0,0,1,0,1,0,1,998,69,999,0,0,3,2,6,2,1,1,54,0,2,99,0,5,8,2020,4,99,2,12,18,1,1,2,1,4
90134,1,1,18,1,1,11,3,8,0,0,1,0,2,0,1,998,64,999,0,9,1,2,1,2,1,14,12,0,5,99,999,31,7,2020,6,22,2,17,1,1,4,2,1,4
90135,1,1,55,1,1,11,20,20,8,0,1,0,1,0,1,998,66,999,0,3,4,1,1,2,1,14,6,1,94,99,0,2,8,2020,1,99,2,33,1,1,4,3,1,4
90136,1,1,78,2,1,11,20,8,8,0,1,0,1,0,1,998,63,999,0,9,6,3,1,2,1,15,12,1,2,99,30,7,8,2020,6,18,2,35,5,1,3,1,1,4
90137,1,1,26,1,1,11,20,20,8,0,1,0,1,0,1,998,68,999,0,0,1,2,1,2,1,6,80,0,6,0,33,19,8,2020,4,18,2,12,2,3,1,1,1,4
90138,1,1,46,2,1,11,3,20,8,0,1,0,2,0,1,998,64,999,0,9,1,2,1,2,1,1,80,1,7,99,999,12,8,2020,4,22,2,8,1,1,1,3,1,0
90139,1,1,60,1,1,11,20,20,8,0,1,0,1,0,1,998,999,999,99,0,1,2,5,2,1,14,13,0,6,99,28,1,8,2020,7,11,2,59,1,1,4,1,1,4
90140,1,1,24,1,1,11,99,1,8,0,1,1,1,0,1,998,999,999,99,3,1,2,1,2,1,1,54,0,13,99,91,27,8,2020,5,13,2,12,1,1,4,1,1,0
90141,1,1,21,1,1,11,20,2,8,0,1,0,2,0,1,998,66,999,0,3,2,2,6,2,1,1,6,1,13,99,28,22,8,2020,7,2,2,53,1,1,4,2,1,4
90142,1,1,39,1,1,11,3,8,8,0,2,0,2,0,1,998,67,999,0,9,1,4,1,2,1,6,80,1,7,99,39,31,8,2020,2,20,2,8,2,2,1,3,1,0
90143,1,1,17,2,1,11,3,20,8,0,1,0,2,0,1,998,66,999,0,0,3,4,1,2,1,1,80,0,13,0,0,16,8,2020,1,21,2,8,18,1,1,3,1,0
90144,1,1,95,1,1,11,99,1,8,0,1,0,1,0,1,998,999,999,99,9,1,2,1,2,1,10,16,0,13,99,0,18,7,2020,7,11,2,12,2,3,1,1,1,3
90145,1,1,20,1,1,11,8,99,8,0,1,0,2,0,1,998,76,999,0,0,3,3,1,2,1,1,13,1,13,0,28,23,8,2020,1,23,2,35,19,1,4,2,1,4
90146,1,1,23,1,1,11,20,20,1,0,1,0,1,0,1,998,72,999,0,9,1,2,6,2,1,14,12,0,80,99,0,7,9,2020,2,15,2,24,1,1,4,1,1,4
90147,1,1,23,1,1,11,20,8,8,0,2,0,1,0,1,998,71,999,0,3,1,2,5,2,2,14,10,1,3,0,28,1,2,2020,7,1,2,12,1,1,1,3,10,4
90148,1,1,37,1,1,11,20,8,8,0,1,0,1,0,1,998,66,999,0,0,3,4,1,2,1,14,13,1,13,0,0,4,9,2020,6,22,2,33,19,1,4,6,1,4
90150,1,1,35,1,1,11,20,20,8,0,1,0,1,0,1,998,72,999,1,3,3,2,1,2,1,14,6,0,80,99,0,5,9,2020,7,12,2,24,1,1,3,1,1,4
90151,1,1,26,1,1,11,20,20,8,0,1,0,0,0,1,998,71,999,0,3,2,4,1,2,1,1,80,0,80,0,36,7,6,2020,1,18,2,8,3,3,1,5,1,3
90152,1,1,27,1,1,11,20,20,8,0,1,0,1,0,1,998,72,999,0,3,1,2,6,2,1,14,13,1,80,99,0,20,6,2020,7,21,2,24,1,1,4,2,1,4
90153,1,1,77,2,1,11,3,8,8,0,1,0,1,0,1,998,66,999,0,9,2,2,5,2,1,1,64,0,7,0,0,5,6,2020,6,15,2,12,18,1,1,1,1,3
90154,1,1,72,1,1,11,3,1,8,0,1,0,1,0,1,998,73,999,0,0,1,2,1,2,1,14,62,0,60,0,0,19,7,2020,1,4,2,12,1,1,1,3,1,3
90155,1,1,26,2,1,11,99,20,8,0,1,1,1,0,1,998,60,999,0,0,3,4,1,2,1,1,13,1,8,99,36,23,8,2020,1,23,2,8,1,1,2,3,1,0
90156,1,1,41,1,1,11,20,8,0,0,1,0,2,0,1,77,72,999,0,3,3,2,1,2,1,14,9,1,60,0,28,30,8,2020,1,1,2,24,19,1,4,3,1,4
90157,1,1,44,2,1,11,3,8,8,0,1,0,1,0,1,998,999,999,99,9,3,3,6,2,1,1,10,1,3,99,28,9,9,2020,4,6,2,12,1,1,1,1,1,4
90159,1,1,53,1,1,11,20,20,0,0,2,0,0,0,1,998,73,999,0,0,3,5,1,2,1,1,53,0,82,99,0,3,9,2020,5,14,2,12,18,1,1,1,1,3
90160,1,1,999,9,1,11,99,99,8,0,99,1,9,99,1,998,999,999,99,9,1,4,1,2,1,1,80,0,998,99,999,27,9,2020,1,1,2,8,1,1,1,3,1,0
90161,1,1,46,1,1,11,3,1,1,0,1,0,1,0,1,998,73,999,0,0,1,2,1,2,1,1,12,0,7,99,0,19,9,2020,7,22,2,39,1,1,4,3,1,4
90162,1,1,27,1,1,11,20,20,1,0,1,0,1,0,1,998,69,999,0,3,4,2,5,2,1,14,6,1,80,0,28,2,9,2020,4,1,2,33,3,4,4,3,1,4
90163,1,1,62,2,1,11,99,20,0,0,1,0,1,0,1,998,65,999,0,9,1,2,1,2,1,1,80,0,7,99,999,24,9,2020,5,5,2,8,1,1,1,3,1,0
90164,1,1,37,1,1,11,3,8,8,0,1,0,1,0,1,998,71,999,0,0,1,2,1,2,1,11,15,0,60,99,0,22,9,2020,3,23,2,12,4,1,1,3,1,2
90165,1,1,35,1,1,11,99,20,8,0,1,0,3,2,1,999,70,999,0,0,4,3,1,2,1,10,83,0,63,0,0,6,10,2020,3,16,2,9,3,2,1,1,1,0
90167,1,1,50,1,1,11,99,20,1,0,1,0,1,0,1,0,71,999,0,0,3,4,1,2,1,5,53,0,7,99,0,1,10,2020,5,23,2,12,18,1,1,3,1,4
90168,1,1,31,1,1,11,99,99,8,0,1,0,1,0,1,999,68,999,0,3,3,3,5,2,1,1,9,0,3,99,8,10,10,2020,7,15,2,57,1,1,3,1,1,4
90170,1,1,23,1,1,11,99,8,1,0,2,0,1,0,1,998,999,999,0,3,1,2,5,2,1,14,13,1,3,99,999,9,9,2020,4,5,2,30,1,1,4,3,1,4
90171,1,1,26,1,1,11,3,8,1,0,1,0,2,0,1,998,70,999,0,9,1,2,3,2,1,14,10,0,3,99,28,22,4,2020,4,22,2,12,1,1,1,3,1,1
90172,1,1,37,1,1,11,3,8,8,0,2,0,1,0,1,999,69,999,0,0,3,2,1,2,1,1,18,0,13,0,0,19,9,2020,7,1,2,12,1,1,1,3,1,0
90173,1,1,53,1,1,11,3,8,8,0,1,0,2,0,1,998,74,999,0,9,1,5,1,2,1,1,13,1,60,99,0,10,10,2020,7,7,2,33,1,1,4,1,1,4
90174,1,1,25,1,1,11,20,8,8,0,1,0,3,0,1,998,999,999,99,9,3,2,1,2,1,14,12,0,60,99,0,1,11,2020,1,2,2,24,19,1,3,2,1,4
90175,1,1,999,9,1,11,99,99,8,0,99,1,9,0,1,998,999,999,99,9,1,2,1,2,1,1,99,0,13,99,999,5,11,2020,5,14,2,8,1,1,1,1,1,0
90177,1,1,19,1,1,11,3,8,8,0,3,0,1,0,1,999,70,999,0,3,1,8,3,2,1,1,62,0,13,0,8,14,10,2020,4,14,2,12,2,3,1,1,1,1
90178,1,1,33,1,1,11,3,8,8,0,2,0,1,0,1,998,72,999,0,9,3,4,1,2,1,1,12,0,7,99,0,14,10,2020,4,3,2,24,19,1,3,3,1,4
90179,1,1,46,1,1,11,99,99,8,0,1,0,1,0,1,998,75,999,1,9,3,2,1,2,2,99,12,1,7,99,0,29,10,2020,5,16,2,35,1,1,3,1,2,4
90180,1,1,79,2,1,11,3,20,8,0,1,0,1,0,1,998,64,999,99,0,1,2,6,2,1,11,15,0,13,0,0,8,8,2020,7,17,2,12,8,1,1,1,1,0
90181,1,1,33,1,1,11,20,20,8,0,1,0,1,0,1,67,69,999,0,3,3,2,1,2,1,14,6,0,125,0,58,6,11,2020,6,18,2,1,1,1,1,2,1,4
90182,1,1,61,2,1,11,20,1,8,0,1,0,1,0,1,998,67,999,0,9,1,2,5,2,1,11,13,0,8,99,58,30,7,2020,5,23,2,33,3,3,4,3,1,4
90183,1,1,52,1,1,11,3,20,8,0,1,0,1,1,1,998,72,999,0,0,6,1,1,2,1,11,80,0,60,0,0,7,11,2020,7,17,2,8,3,2,1,2,1,0
90185,1,1,49,1,1,11,3,20,8,0,1,0,3,6,1,0,71,235,0,0,3,3,1,2,2,5,53,0,66,0,0,11,11,2020,4,21,2,12,1,1,1,3,2,0
90186,1,1,31,1,1,11,99,20,8,0,3,0,2,0,1,998,66,999,0,9,1,2,1,2,1,14,6,0,13,99,73,12,11,2020,5,11,2,1,3,3,4,1,10,1
90187,1,1,45,1,1,11,20,20,8,0,1,0,1,0,1,66,73,999,0,3,3,3,1,2,2,14,6,1,7,0,28,12,11,2020,5,9,2,24,19,1,4,1,10,4
90188,1,1,50,2,1,11,20,1,0,0,1,0,1,0,1,998,61,999,0,9,3,2,5,2,1,1,13,1,13,99,0,15,11,2020,1,14,2,24,19,1,4,1,1,4
90189,1,1,69,1,1,11,3,1,8,0,1,0,2,0,1,998,68,999,0,9,3,2,6,2,1,14,13,0,60,99,0,19,11,2020,5,10,2,30,19,1,8,1,1,4
90190,1,1,65,2,1,11,20,8,8,0,3,0,2,0,1,998,65,999,0,9,3,3,1,2,1,1,60,0,7,99,0,14,11,2020,7,12,2,12,18,1,1,1,1,4
90191,1,1,26,1,1,11,20,20,8,0,1,0,2,0,1,998,66,999,0,0,2,4,1,2,1,98,8,0,80,99,0,22,10,2020,5,17,2,1,1,1,1,5,1,4
90192,1,1,32,1,1,11,3,20,8,0,1,0,3,6,1,999,70,999,0,0,3,4,1,2,1,2,53,0,66,0,0,25,10,2020,1,2,2,12,18,1,1,3,1,0
90193,1,1,55,1,1,11,20,20,1,0,1,0,1,0,1,998,71,999,0,9,1,8,1,2,1,1,9,1,80,99,999,29,11,2020,1,18,2,39,1,1,4,3,1,4
90194,1,1,87,1,1,11,20,20,8,0,1,0,1,0,1,998,69,999,0,9,1,2,6,2,2,1,10,0,60,99,999,29,10,2020,5,10,2,12,1,1,1,1,2,4
90195,1,1,52,1,1,11,3,20,0,0,1,0,3,19,1,998,67,999,0,0,3,2,1,2,1,1,66,0,11,0,0,27,11,2020,6,19,2,12,2,2,1,3,1,0
90196,1,1,24,1,1,11,20,20,8,0,1,0,2,0,1,998,72,999,0,3,1,2,1,2,1,14,13,1,98,99,8,7,11,2020,7,5,2,33,3,3,4,3,1,4
90197,1,1,29,2,1,11,99,1,8,0,2,0,1,0,1,998,68,999,0,9,3,5,1,2,1,99,13,1,13,3,0,22,11,2020,1,1,2,23,1,1,4,3,1,4
90198,1,1,28,1,1,11,3,20,8,0,1,0,1,0,1,998,71,999,0,0,3,3,1,2,4,1,61,0,13,0,0,31,10,2020,7,6,2,12,18,1,1,4,1,0
90199,1,1,999,9,1,11,8,20,8,0,2,1,9,0,1,998,999,999,99,0,5,2,1,2,1,1,83,0,13,99,36,13,8,2020,5,20,2,9,2,3,1,3,1,0
90200,1,1,39,1,1,11,3,20,8,0,1,1,0,0,1,998,999,999,0,0,1,2,1,2,1,1,13,1,95,99,36,5,7,2020,1,21,2,14,1,1,2,2,1,0
90202,1,1,23,1,1,11,99,20,8,0,1,0,1,0,1,998,72,999,0,0,1,8,1,2,1,1,17,0,13,0,39,24,3,2020,3,17,2,12,2,2,1,1,1,0
90203,1,1,34,1,1,11,3,20,8,0,1,0,3,1,1,998,66,999,0,0,3,2,1,2,2,1,53,0,11,0,0,23,11,2020,2,1,2,12,18,1,1,3,1,0
90205,2,1,56,1,1,11,3,20,0,0,1,0,3,1,1,50,999,999,1,4,3,3,1,2,6,1,12,0,11,0,28,30,11,2020,2,13,2,14,1,1,3,1,2,0
90206,1,1,23,1,1,11,3,20,0,0,1,0,3,0,1,998,75,999,0,0,1,2,1,2,1,1,80,0,13,0,0,20,11,2020,6,17,2,8,1,1,1,2,1,0
90207,1,1,53,1,1,11,20,1,0,0,1,0,1,0,1,999,72,999,0,9,2,3,5,2,1,14,11,1,13,99,0,29,11,2020,1,18,2,24,1,1,4,2,1,4
90208,1,1,31,2,1,11,3,20,8,0,2,0,1,0,1,998,62,999,0,0,1,2,1,2,2,1,80,0,13,0,999,4,12,2020,6,19,2,8,1,1,1,3,2,0
90210,1,1,31,2,1,11,3,8,1,0,2,0,1,0,1,998,64,999,0,9,3,4,1,2,1,99,99,1,13,99,999,29,11,2020,1,1,2,12,18,1,1,3,1,4
90213,1,1,28,1,1,11,3,1,8,0,1,0,1,0,1,998,68,999,0,0,3,3,1,2,1,14,54,1,13,99,0,6,12,2020,1,2,2,12,1,1,1,3,1,4
90214,1,1,69,1,1,11,3,20,0,0,2,0,3,0,1,998,70,999,0,9,1,2,1,2,1,1,80,0,60,99,0,27,11,2020,6,19,2,8,1,1,1,2,1,0
90215,1,1,43,1,1,11,3,20,0,0,1,0,3,6,1,998,999,999,99,9,3,2,5,2,1,1,54,0,66,0,0,25,11,2020,4,1,2,12,18,1,1,2,1,0
90216,1,1,18,1,1,11,3,3,8,0,3,0,2,0,1,999,78,999,0,9,3,2,1,2,1,14,13,0,13,99,28,10,12,2020,5,16,2,42,1,1,4,5,1,2
90217,1,1,60,2,1,11,3,20,8,0,2,0,1,0,1,60,66,999,0,9,2,2,1,2,2,1,80,0,13,99,999,24,12,2020,5,16,2,8,1,1,1,2,2,0
90218,1,1,22,2,1,11,3,8,8,0,2,0,2,0,1,50,60,999,2,9,1,2,1,2,6,14,62,0,13,99,999,25,12,2020,6,19,2,12,18,1,1,2,1,2
90219,1,1,40,1,1,11,20,20,8,0,1,0,1,0,1,998,74,999,0,9,3,2,6,2,1,14,12,0,80,99,0,13,7,2020,2,13,2,25,19,1,3,1,1,4
90220,1,1,19,1,1,11,20,1,8,0,3,0,1,0,1,70,68,999,0,3,1,2,6,2,1,1,6,1,13,99,58,28,12,2020,2,4,2,42,1,1,4,2,1,4
90221,1,1,999,9,1,11,99,99,9,0,99,1,9,0,1,998,999,999,99,9,1,2,1,2,2,14,80,0,7,99,0,24,12,2020,5,17,2,8,1,1,1,2,2,9
90222,1,1,67,1,1,11,20,1,1,0,1,0,1,0,1,22,68,999,0,0,1,3,1,2,2,1,66,0,13,99,0,25,12,2020,6,15,2,12,2,2,1,1,2,4
90223,1,1,34,1,1,11,20,20,8,0,1,0,1,0,1,998,69,999,0,3,2,2,1,2,1,1,62,1,98,0,8,7,5,2020,5,16,2,12,2,2,1,1,1,4
90224,1,1,49,2,1,11,3,20,8,0,1,0,1,0,1,998,64,999,0,9,1,5,5,2,1,1,80,0,2,99,999,25,12,2020,6,19,2,8,1,1,1,3,1,0
90226,1,1,53,1,1,11,3,20,0,0,1,0,2,0,1,998,71,999,0,9,2,4,1,2,2,1,80,0,2,0,0,4,12,2020,6,18,2,8,8,1,1,3,2,0
90227,1,1,38,1,1,11,20,8,0,0,1,0,1,0,1,998,63,999,0,0,1,4,1,2,1,11,15,0,60,0,38,22,10,2020,5,15,2,12,2,3,1,1,1,1
90229,1,1,49,1,1,11,3,20,8,0,1,0,4,6,1,999,67,999,0,0,1,5,3,2,1,11,54,0,66,0,0,19,10,2020,2,20,2,12,2,3,1,3,1,0
90231,1,1,51,2,1,11,3,8,8,0,1,0,1,0,1,998,68,999,0,0,1,2,6,2,1,14,62,0,5,99,0,5,11,2020,5,12,2,12,1,1,1,1,1,4
90232,1,1,46,1,1,11,3,1,8,0,2,0,1,0,1,998,999,999,99,0,1,5,1,2,1,11,15,1,7,0,91,27,11,2020,6,20,2,12,2,4,1,3,1,0
90233,1,1,83,1,1,11,3,20,8,0,1,0,1,0,1,998,68,999,0,0,1,5,1,2,1,11,15,0,13,99,38,22,12,2020,3,9,2,12,8,1,1,1,1,4
90234,1,1,39,2,1,11,3,20,8,0,4,0,1,0,1,998,66,999,0,0,3,2,1,2,1,1,61,0,15,0,0,21,6,2020,1,19,2,12,18,1,1,5,1,0
90235,1,1,46,1,1,11,3,20,8,0,1,1,2,0,1,998,72,999,0,0,1,4,1,2,1,1,80,0,7,0,8,1,5,2020,6,20,2,8,2,2,1,2,1,0
90236,1,1,47,1,1,11,99,20,9,0,1,1,0,0,1,999,71,999,0,0,1,4,1,2,1,1,80,0,13,99,6,22,10,2020,5,20,2,8,3,2,1,3,1,0
90237,1,1,18,1,1,11,3,1,8,0,1,0,1,0,1,998,71,999,0,3,1,2,1,2,1,1,62,0,5,99,0,13,12,2020,1,18,2,12,8,1,1,3,1,3
90238,1,1,41,2,1,11,3,20,8,0,1,0,2,0,1,998,999,999,99,0,1,4,1,2,1,1,80,0,7,0,0,29,12,2020,3,18,2,8,1,1,1,3,1,0
90239,1,1,50,1,1,11,3,1,0,0,1,0,1,0,1,998,67,999,0,9,1,2,1,2,1,1,10,0,7,0,0,21,12,2020,2,15,2,12,1,1,1,1,1,4
90240,1,1,47,1,1,11,20,20,8,0,1,0,0,0,1,998,76,999,0,3,1,2,6,2,1,2,6,0,98,99,0,22,6,2020,2,23,2,1,1,1,1,3,1,4
90241,1,1,999,1,1,11,20,20,8,0,1,1,9,0,1,998,999,999,99,0,1,3,1,2,1,1,99,0,125,99,999,21,5,2020,5,16,2,9,8,1,1,1,1,0
90242,1,1,30,1,1,11,20,20,8,0,1,0,0,0,1,998,999,999,99,9,1,4,5,2,1,14,6,0,80,0,0,16,5,2020,7,19,2,30,1,1,4,5,1,4
90243,1,1,83,1,1,11,3,20,8,0,1,1,1,0,1,998,74,999,0,0,1,4,1,2,2,1,10,0,5,99,28,2,8,2020,1,14,2,12,1,1,1,1,2,4
90244,1,1,35,1,1,11,3,20,8,0,2,0,2,0,1,998,68,999,0,9,1,2,1,2,1,11,15,0,2,99,999,25,8,2020,3,19,2,12,2,2,1,3,1,0
90245,1,1,20,1,1,11,20,20,8,0,1,0,0,0,1,998,999,999,0,0,1,2,1,2,1,11,15,1,104,0,36,24,7,2020,6,13,2,12,8,1,1,1,1,4
90246,1,1,33,1,1,11,3,20,8,0,2,0,1,0,1,998,70,999,0,0,3,2,1,2,1,1,53,0,13,0,0,8,8,2020,7,14,2,12,1,1,1,1,1,0