ST_CASE,VEH_NO,PER_NO,AGE,SEX,PER_TYP,SEAT_POS,REST_USE,AIR_BAG,DRUGS,LOCATION,NUMOCCS,HIT_RUN,OWNER,V_CONFIG,HAZ_INV,TRAV_SP,DR_HGT,DR_WGT,PREV_SPD,SPEEDREL,VTRAFWAY,VNUM_LAN,VPROFILE,VPAVETYP,VSURCOND,P_CRASH1,P_CRASH2,DR_DRINK,VPICBODYCLASS,DRDISTRACT,DRIVERRF,DAY,MONTH,YEAR,DAY_WEEK,HOUR,RUR_URB,HARM_EV,RELJCT2,TYP_INT,REL_ROAD,LGT_COND,WEATHER,INJ_SEV
90247,1,1,40,1,1,11,3,98,8,0,1,0,3,2,1,998,69,999,0,0,1,2,1,2,1,11,83,0,11,0,0,1,5,2020,6,10,2,9,2,2,1,1,10,0
90248,1,1,32,1,1,11,20,20,8,0,2,0,0,0,1,998,75,999,1,9,1,4,6,2,1,6,71,0,98,99,27,28,6,2020,1,15,2,12,8,1,1,1,1,4
90250,1,1,999,9,1,11,3,20,8,0,99,1,9,0,1,998,999,999,99,4,1,2,1,2,1,1,80,0,60,99,39,20,9,2020,1,15,2,8,3,2,1,1,1,0
90252,1,1,37,2,1,11,20,20,0,0,1,0,1,0,1,998,61,999,0,3,1,2,1,2,1,14,71,0,94,99,0,6,8,2020,5,14,2,12,8,1,1,1,1,4
90253,1,1,64,1,1,11,20,20,8,0,1,0,9,0,1,999,999,999,99,0,1,2,1,2,1,11,15,0,60,99,999,14,8,2020,6,17,2,12,2,3,1,1,1,1
90254,1,1,46,1,1,11,3,20,8,0,1,0,1,0,1,998,71,999,0,0,1,2,1,2,1,1,84,0,13,0,0,6,11,2020,6,22,2,9,1,1,1,3,1,1
90255,1,1,59,1,1,11,20,8,0,0,1,0,1,0,1,998,70,999,0,3,1,2,6,2,1,14,10,1,13,99,28,21,5,2020,5,16,2,12,1,1,1,1,1,4
90258,1,1,24,1,1,11,3,20,8,0,1,0,2,0,1,998,67,999,1,0,1,4,1,2,1,1,80,0,13,10,0,20,11,2020,6,21,2,8,2,2,1,3,1,2
90259,1,1,18,2,1,11,3,1,8,0,2,0,1,0,1,998,59,999,0,9,2,2,6,2,1,14,10,0,13,99,36,23,6,2020,3,9,2,12,2,3,1,1,1,2
90260,1,1,59,2,1,11,3,1,8,0,1,0,1,0,1,998,63,999,0,0,1,2,6,2,1,1,62,0,5,0,0,24,9,2020,5,12,2,12,1,1,1,1,1,4
90261,1,1,27,1,1,11,20,20,8,0,2,0,1,0,1,998,72,999,0,3,1,2,1,2,1,14,6,1,81,99,8,4,4,2020,7,20,2,1,1,1,1,3,1,4
90263,1,1,28,1,1,11,20,20,1,0,2,0,0,0,1,998,73,999,0,0,1,2,1,2,1,1,8,1,82,99,36,25,6,2020,5,3,2,33,1,1,4,3,1,4
90264,1,1,51,1,1,11,3,20,1,0,1,0,1,0,1,998,69,999,0,0,4,4,1,2,1,1,17,1,60,0,0,11,7,2020,7,21,2,12,2,2,1,3,1,0
90265,1,1,23,1,1,11,3,20,8,0,2,0,2,0,1,0,70,999,1,0,1,2,1,2,1,5,66,0,13,0,0,18,7,2020,7,4,2,12,3,3,1,3,5,0
90266,1,1,38,2,1,11,20,1,8,0,1,0,1,0,1,998,60,999,0,0,1,2,6,2,1,1,13,1,7,99,0,21,7,2020,3,11,2,59,8,1,4,1,1,4
90267,1,1,78,1,1,11,3,1,8,0,2,0,2,0,1,998,66,999,0,3,3,5,3,2,1,14,52,0,2,99,28,30,7,2020,5,11,2,12,8,1,1,1,1,4
90268,1,1,70,1,1,11,3,8,8,0,1,0,9,0,1,998,999,999,99,3,4,1,1,2,1,1,8,0,13,0,28,5,8,2020,4,12,2,33,1,1,4,1,1,4
90269,1,1,69,1,1,11,20,8,0,0,1,0,4,0,1,100,64,999,0,3,1,2,5,2,1,1,13,1,13,99,0,6,12,2020,1,7,2,33,1,1,4,1,10,4
90270,1,1,25,1,1,11,3,20,8,0,1,0,2,0,1,998,71,999,0,2,5,2,1,2,1,14,13,0,3,12,58,8,11,2020,1,2,2,33,1,1,4,3,1,4
90271,1,1,24,2,1,11,3,20,0,0,1,0,2,99,1,998,68,999,0,0,1,2,1,2,1,1,80,0,7,0,999,24,1,2020,6,18,2,8,1,1,1,3,1,0
90272,1,1,50,1,1,11,3,20,0,0,4,0,2,0,1,998,999,999,99,0,3,4,1,2,1,14,80,0,7,0,0,28,7,2020,3,18,2,8,1,1,1,1,1,0
90274,1,1,80,1,1,11,3,1,8,0,1,0,1,0,1,998,73,999,0,0,1,2,6,2,1,1,80,0,13,0,36,16,11,2020,2,8,2,8,1,1,1,1,1,0
90275,1,1,40,2,1,11,3,1,8,0,1,0,1,0,1,998,68,999,0,4,1,2,5,2,1,1,10,1,7,99,28,11,10,2020,1,15,2,12,3,3,1,1,1,3
90276,1,1,35,2,1,11,99,20,8,0,1,0,1,0,1,998,60,999,0,9,1,2,1,2,3,99,99,0,7,99,999,17,12,2020,5,2,2,8,8,1,99,3,4,0
90278,1,1,999,9,1,11,99,99,8,0,99,1,9,99,1,999,999,999,99,9,3,2,1,2,1,99,80,0,999,99,0,8,3,2020,1,99,2,8,1,1,1,3,98,9
90279,1,1,28,1,1,11,3,20,8,0,2,0,1,0,1,45,67,999,0,3,2,2,1,2,1,14,12,1,7,99,36,27,12,2020,1,2,2,30,3,3,4,3,1,0
90280,1,1,59,1,1,11,20,8,1,0,1,0,1,0,1,998,71,999,0,9,1,2,1,2,1,1,12,1,60,99,0,9,2,2020,1,13,2,30,1,1,4,1,1,4
90281,1,1,86,2,1,11,3,8,8,0,1,0,1,0,1,998,62,999,0,3,1,2,1,2,1,1,14,0,13,99,39,10,8,2020,2,11,2,39,3,3,4,1,1,4
90282,1,1,63,1,1,11,99,98,8,0,1,0,1,99,1,998,72,999,0,9,1,4,1,2,1,1,80,0,5,99,0,16,9,2020,4,99,2,8,3,2,1,3,1,0
100004,1,1,72,1,1,11,3,2,0,0,2,0,1,0,1,998,70,260,0,0,1,2,8,2,1,1,17,0,13,99,39,4,1,2020,7,13,2,12,2,2,1,1,10,4
100005,1,1,50,1,1,11,3,20,0,0,1,0,3,0,1,998,67,251,0,0,2,3,1,2,1,1,80,0,60,0,0,7,1,2020,3,6,2,8,1,1,1,3,1,0
100006,1,1,29,2,1,11,3,20,0,0,1,0,1,0,1,998,65,130,1,0,2,4,8,2,1,1,80,0,7,0,0,8,1,2020,4,20,2,8,1,1,1,3,1,0
100007,1,1,75,1,1,11,3,20,0,0,3,0,3,21,1,998,70,285,0,0,2,2,8,2,1,1,68,0,73,0,0,9,1,2020,5,15,2,12,2,2,1,1,1,0
100008,1,1,72,1,1,11,20,1,0,0,1,0,1,0,1,998,67,165,0,0,1,2,8,2,1,1,13,0,60,99,6,12,1,2020,1,15,2,42,1,1,4,1,1,4
100012,1,1,31,1,1,11,3,8,8,0,1,0,1,0,1,109,73,150,1,4,2,2,1,2,1,15,51,1,13,99,27,8,2,2020,7,14,2,12,1,1,1,1,1,4
100015,1,1,50,1,1,11,3,20,0,0,1,0,3,0,1,43,72,229,0,0,2,5,8,2,1,1,80,0,7,0,0,20,2,2020,5,18,2,8,1,1,1,2,1,0
100020,1,1,26,2,1,11,3,20,0,0,1,0,2,0,1,50,62,999,99,0,2,2,1,2,1,1,80,0,1,0,0,18,3,2020,4,20,2,8,3,2,1,2,10,0
100021,1,1,47,2,1,11,3,8,0,0,2,0,1,0,1,998,66,170,1,0,2,4,8,8,1,1,19,0,7,0,0,14,3,2020,7,15,2,12,1,1,1,1,1,1
100022,1,1,66,2,1,11,20,20,0,0,1,0,1,0,1,998,61,130,0,0,2,4,1,2,1,6,10,0,13,0,6,20,3,2020,6,6,2,12,3,2,1,4,5,4
100023,1,1,63,1,1,11,3,20,0,0,1,0,1,0,1,998,71,171,0,0,2,2,8,2,1,1,80,0,7,0,0,14,4,2020,3,17,2,8,3,3,1,1,10,0
100024,1,1,49,1,1,11,20,1,0,0,2,0,1,0,1,998,73,285,0,0,2,4,1,2,1,3,15,0,7,0,0,2,4,2020,5,14,2,12,2,2,1,1,1,0
100025,1,1,30,1,1,11,3,20,1,0,1,0,2,0,1,82,72,220,0,3,3,3,1,1,1,1,11,0,13,0,6,18,4,2020,7,22,2,24,1,1,3,2,1,4
100026,2,1,41,1,1,11,99,1,8,0,1,0,1,0,1,998,68,230,0,9,3,4,8,2,1,1,98,0,60,0,6,22,4,2020,4,17,2,45,1,1,6,1,1,4
100027,1,1,27,1,1,11,20,20,1,0,1,0,2,0,1,998,74,195,0,4,6,1,2,1,1,14,6,0,80,96,4,4,5,2020,2,11,2,25,5,1,10,1,1,4
100028,1,1,24,2,1,11,20,8,0,0,1,0,1,0,1,998,60,999,1,0,2,6,1,2,2,98,19,0,13,0,0,6,5,2020,4,23,2,12,4,1,1,3,10,4
100029,1,1,52,2,1,11,99,99,0,0,1,0,9,0,1,68,66,999,0,0,2,6,1,1,1,1,19,0,7,0,0,10,5,2020,1,23,2,12,1,1,1,2,1,4
100030,1,1,29,1,1,11,3,1,1,0,1,0,1,0,1,38,71,150,1,0,1,2,1,2,1,12,21,0,13,0,38,11,5,2020,2,17,2,12,98,1,1,1,1,4
100032,1,1,66,1,1,11,3,20,0,0,1,0,1,0,1,998,68,150,0,0,2,4,1,2,1,11,15,0,13,0,6,13,5,2020,4,19,2,12,2,2,1,1,1,2
100033,1,1,53,1,1,11,20,20,0,0,1,0,1,0,1,998,72,999,0,0,3,2,1,2,1,1,12,0,6,0,6,24,5,2020,1,16,2,35,1,1,4,1,1,4
100037,1,1,35,2,1,11,3,1,0,0,1,0,1,0,1,42,64,163,0,0,3,2,1,2,1,99,10,1,13,0,0,9,6,2020,3,22,2,12,1,1,1,2,1,4
100040,1,1,42,2,1,11,3,1,0,0,1,0,1,0,1,61,64,120,0,0,1,2,1,2,1,1,19,0,60,0,0,16,6,2020,3,17,2,12,2,3,1,1,1,2
100041,1,1,43,1,1,11,3,20,0,0,1,0,3,0,1,0,74,260,5,0,2,4,1,2,1,5,99,0,60,0,0,5,6,2020,6,10,2,12,3,2,1,1,1,0
100042,1,1,53,1,1,11,20,20,1,0,1,0,1,0,1,43,67,999,0,0,2,2,1,2,1,10,10,0,81,0,4,21,6,2020,1,99,2,31,98,1,4,1,1,4
100044,1,1,33,1,1,11,3,20,0,0,1,0,2,0,1,72,66,203,0,9,2,4,1,2,1,1,13,0,7,0,0,26,6,2020,6,8,2,8,1,1,2,1,1,2
100045,1,1,60,2,1,11,3,1,0,0,1,0,1,0,1,998,64,135,1,0,3,4,8,2,1,11,15,0,13,0,0,27,6,2020,7,12,2,12,2,3,1,1,10,2
100047,1,1,86,2,1,11,20,1,0,0,1,0,1,0,1,24,66,160,0,0,1,2,1,2,1,2,50,0,13,0,6,3,7,2020,6,18,2,12,3,3,1,1,1,4
100049,1,1,45,1,1,11,3,20,0,0,1,0,1,0,1,30,66,265,0,0,1,2,1,2,1,14,19,0,7,0,0,3,7,2020,6,23,2,8,1,1,1,2,1,0
100050,1,1,24,2,1,11,20,8,1,0,1,0,1,0,1,88,65,180,3,3,6,2,1,2,1,1,13,1,7,0,4,4,7,2020,7,3,2,30,5,1,4,3,1,4
100051,1,1,18,2,1,11,3,8,8,0,6,0,2,0,1,998,64,195,0,0,1,2,8,8,1,14,13,0,7,0,6,6,7,2020,2,1,2,30,1,1,4,2,1,2
100052,1,1,31,1,1,11,3,8,0,0,1,0,2,0,1,998,70,150,1,0,3,4,1,2,1,1,80,0,13,0,0,14,7,2020,3,22,2,8,1,1,1,2,1,0
100056,1,1,999,9,9,99,99,99,9,0,99,1,9,99,1,998,998,997,998,8,3,4,1,2,1,0,99,0,999,16,999,2,8,2020,1,1,2,8,1,1,1,2,10,9
100057,1,1,19,1,1,11,20,1,1,0,1,0,1,0,1,998,72,999,0,0,2,4,1,2,1,1,11,1,13,93,6,2,8,2020,1,6,2,30,1,1,10,1,1,4
100058,1,1,37,1,1,11,3,20,0,0,2,0,4,99,1,998,69,999,0,0,2,4,8,2,1,1,50,0,62,0,0,3,8,2020,2,1,2,12,1,1,1,2,1,2
100059,1,1,20,1,1,11,20,20,0,0,1,0,1,0,1,100,74,999,0,3,3,4,8,1,1,14,13,0,80,0,6,7,8,2020,6,17,2,52,1,1,4,1,10,4
100060,1,1,999,9,9,99,99,99,9,0,99,1,9,99,1,999,998,997,998,8,2,4,2,2,1,0,99,0,999,16,0,11,8,2020,3,1,2,8,1,1,1,2,1,9
100067,1,1,30,2,1,11,3,20,0,0,1,0,2,0,1,998,60,136,0,0,2,4,1,2,2,15,80,0,13,0,0,2,9,2020,4,23,2,8,1,1,1,2,10,0
100069,1,1,33,2,1,11,3,20,0,0,3,0,1,0,1,40,70,170,1,0,2,4,1,2,1,1,80,0,7,0,0,4,9,2020,6,19,2,8,3,2,1,3,10,0
100071,1,1,41,2,1,11,8,20,0,0,2,0,1,0,1,998,62,135,0,0,1,2,1,2,1,11,15,0,13,0,6,7,9,2020,2,14,2,12,2,2,1,1,1,2
100072,1,1,44,1,1,11,3,20,0,0,1,0,1,1,1,998,72,200,1,0,2,2,1,2,1,1,83,0,62,0,6,8,9,2020,3,9,2,9,1,1,1,1,1,0
100073,1,1,17,1,1,11,20,8,1,0,1,0,2,0,1,55,72,150,0,3,1,2,1,2,2,1,9,0,3,99,4,9,9,2020,4,23,2,42,1,1,4,2,10,4
100074,1,1,66,1,1,11,20,8,0,0,1,0,1,0,1,72,73,250,0,3,3,2,1,1,1,14,12,0,1,0,6,15,9,2020,3,12,2,59,1,1,3,1,1,4
100075,1,1,52,1,1,11,20,1,0,0,1,0,2,0,1,48,70,210,0,0,2,6,8,2,1,15,10,0,7,0,51,18,9,2020,6,21,2,12,1,1,1,2,1,4
100076,1,1,48,1,1,11,99,99,1,0,1,0,2,0,1,999,73,237,0,0,2,2,1,2,1,1,54,1,7,0,0,19,9,2020,7,2,2,12,1,1,1,2,1,4
100078,1,1,16,1,1,11,20,98,0,0,2,0,9,0,1,0,74,178,0,0,1,2,1,2,1,5,54,0,80,0,0,23,9,2020,4,22,2,12,1,1,7,3,1,4
100080,1,1,48,2,1,11,3,8,0,0,2,0,1,0,1,999,63,125,0,0,2,5,1,2,1,3,15,0,13,0,0,28,9,2020,2,18,2,12,3,3,1,3,1,4
100081,1,1,49,1,1,11,3,20,0,0,1,0,3,1,1,998,69,999,0,0,1,2,1,2,1,11,15,0,65,0,0,29,9,2020,3,12,2,9,2,2,1,1,10,0
100082,1,1,28,1,1,11,3,20,0,0,1,0,1,0,1,998,65,146,0,0,4,2,1,2,1,1,80,0,60,0,0,30,9,2020,4,20,2,8,1,1,1,2,1,0
100083,1,1,22,1,1,11,20,20,1,0,1,0,1,0,1,78,67,141,0,3,2,4,8,2,1,1,51,0,98,0,6,2,10,2020,6,15,2,12,2,2,1,1,1,4
100084,1,1,36,2,1,11,3,20,0,0,1,0,2,0,1,998,62,114,0,0,2,4,8,2,1,11,15,0,7,0,0,2,10,2020,6,22,2,12,2,2,1,2,1,9
100085,1,1,66,1,1,11,99,99,0,0,1,0,1,0,1,16,68,190,2,0,2,4,1,2,1,3,68,0,7,0,0,8,10,2020,5,16,2,12,2,2,1,1,1,4
100086,1,1,29,2,1,11,3,20,0,0,7,0,1,0,1,999,63,999,1,0,3,4,1,2,1,15,10,0,7,0,6,18,10,2020,1,16,2,12,1,1,1,1,1,9
100087,1,1,36,1,1,11,3,8,0,0,1,0,1,0,1,998,72,999,0,0,1,4,1,2,2,1,62,0,3,0,0,29,9,2020,3,22,2,12,1,1,1,3,2,0
100089,1,1,33,1,1,11,20,20,0,0,1,0,3,2,1,0,69,178,0,0,2,4,1,8,1,5,98,0,11,0,0,27,10,2020,3,6,2,12,1,1,1,4,1,0
100090,1,1,57,1,1,11,3,20,0,0,1,0,2,0,1,998,70,260,0,0,1,2,1,2,1,16,59,0,60,0,6,28,10,2020,4,13,2,12,2,3,1,1,1,2
100091,1,1,72,2,1,11,3,2,0,0,2,0,1,0,1,0,64,150,1,0,3,4,1,2,1,5,53,0,7,0,0,2,11,2020,2,13,2,12,3,3,1,1,1,4
100097,1,1,22,1,1,11,3,20,0,0,2,0,2,0,1,998,68,999,0,0,3,5,1,2,1,1,5,0,3,0,0,25,11,2020,4,22,2,25,1,1,8,3,10,0
100099,2,1,34,2,1,11,3,1,1,0,1,0,1,0,1,66,62,125,2,0,3,4,1,2,1,1,13,1,13,0,6,7,12,2020,2,3,2,14,1,1,4,2,1,4
100100,1,1,63,1,1,11,20,1,0,0,1,0,1,0,1,998,66,180,0,0,1,2,1,2,1,1,54,0,60,0,0,7,12,2020,2,17,2,12,1,1,1,3,1,4
100102,1,1,25,1,1,11,3,1,0,0,1,0,1,0,1,998,72,200,0,0,6,1,1,1,2,3,13,0,7,0,6,10,7,2020,6,5,2,52,5,1,4,4,2,4
100105,2,1,54,2,1,11,3,20,0,0,1,0,1,0,1,66,63,185,1,0,3,2,1,2,2,1,50,0,13,0,0,14,12,2020,2,23,2,25,1,1,3,2,2,2
100106,1,1,999,9,9,98,99,99,8,0,99,1,9,99,1,999,998,997,998,8,2,4,1,1,2,0,99,0,999,16,0,24,12,2020,5,19,2,9,1,1,8,2,2,9
110001,1,1,32,1,1,11,99,1,8,0,1,1,1,0,1,92,72,298,99,3,3,3,1,2,1,17,66,0,7,99,38,31,5,2020,1,18,2,12,2,2,1,1,1,2
110002,1,1,34,2,1,11,99,1,1,0,1,0,2,0,1,999,67,165,0,3,3,6,1,2,1,1,55,1,7,99,0,4,1,2020,7,23,2,12,2,2,1,3,1,2
110003,1,1,37,1,1,11,99,20,9,0,1,1,1,0,1,999,68,197,0,0,2,4,5,2,2,1,80,0,13,99,999,26,2,2020,4,20,2,8,1,1,1,3,2,0
110004,1,1,33,2,1,11,99,8,1,0,2,1,2,0,1,62,65,149,0,3,3,3,1,2,1,14,6,1,7,0,6,1,1,2020,4,4,2,33,1,1,12,3,1,2
110005,1,1,45,1,1,11,3,8,0,0,2,0,1,0,1,70,69,185,0,3,3,4,5,2,1,6,13,0,3,0,6,28,4,2020,3,9,2,30,1,1,4,1,1,2
110006,1,1,999,9,9,99,99,99,9,0,99,1,9,99,1,999,998,997,998,8,3,6,1,2,1,0,80,0,999,16,999,28,1,2020,3,20,2,8,1,1,1,3,1,9
110007,1,1,40,1,1,11,20,20,1,0,1,0,1,0,1,999,73,307,0,9,3,4,5,2,1,99,9,0,95,99,999,20,4,2020,2,15,2,33,1,1,3,1,1,4
110008,1,1,35,1,1,11,3,20,0,0,1,0,1,0,1,999,74,240,2,9,2,2,5,2,1,1,80,0,13,0,0,8,6,2020,2,21,2,8,3,2,1,3,1,0
110009,1,1,28,2,1,11,3,20,0,0,3,0,0,0,1,998,69,300,0,0,2,2,6,2,1,14,55,0,7,0,0,30,6,2020,3,13,2,12,2,3,1,1,1,0
110010,1,1,54,1,1,11,20,20,1,0,1,0,1,0,1,998,72,169,99,9,3,2,6,1,1,14,13,1,7,96,0,15,8,2020,7,2,2,24,1,1,4,3,1,4
110011,1,1,24,2,1,11,3,20,0,0,1,0,1,0,1,998,67,230,0,0,6,1,1,1,1,1,80,1,13,0,0,23,8,2020,1,1,2,8,20,1,1,3,1,0
110012,1,1,31,1,1,11,20,8,1,0,1,0,2,0,1,998,74,190,0,3,1,2,1,2,1,6,13,1,13,99,0,5,9,2020,7,17,2,42,1,1,4,1,1,4
110013,1,1,38,1,1,11,99,20,1,0,2,0,1,0,1,998,67,145,0,9,1,2,1,2,1,1,87,0,7,99,6,20,9,2020,1,6,2,42,3,3,4,1,1,3
110014,1,1,45,1,1,11,3,20,0,0,1,0,1,0,1,999,66,185,0,0,1,2,1,2,1,1,84,0,7,0,0,15,10,2020,5,22,2,9,1,1,1,3,1,0
110015,1,1,20,1,1,11,3,1,8,0,1,0,1,0,1,998,68,130,0,0,2,4,5,2,2,1,80,0,13,99,0,3,1,2020,6,5,2,8,1,1,1,3,2,2
110016,1,1,20,1,1,11,20,98,1,0,1,0,2,0,1,998,72,160,99,9,1,2,1,2,1,1,17,0,6,93,6,23,10,2020,6,22,2,12,8,1,1,3,1,4
110017,1,1,26,1,1,11,3,20,0,0,1,0,1,0,1,998,75,327,1,0,1,4,1,2,2,1,80,0,13,0,0,7,2,2020,6,6,2,12,1,1,1,4,2,0
110018,1,1,43,1,1,11,3,1,0,0,2,0,1,0,1,998,64,152,0,0,1,2,1,2,1,1,66,0,7,0,0,4,5,2020,2,0,2,12,2,2,1,3,1,0
110019,1,1,28,1,1,11,20,20,1,0,1,0,1,0,1,998,72,191,0,3,1,6,1,2,1,1,55,1,85,96,8,29,5,2020,6,0,2,12,2,3,1,3,1,4
110020,1,1,36,1,1,11,20,8,1,0,2,0,1,0,1,999,73,190,99,3,1,4,6,2,1,1,10,0,13,99,6,16,11,2020,2,6,2,12,1,1,1,1,1,3
110021,1,1,73,2,1,11,3,1,0,0,1,0,1,0,1,35,68,260,0,0,1,7,1,2,1,1,11,0,13,0,0,8,6,2020,2,10,2,12,3,2,1,1,1,4
110022,1,1,43,1,1,11,20,98,1,0,1,0,0,0,1,998,71,200,99,0,1,4,1,2,1,1,9,0,12,99,6,19,6,2020,6,13,2,5,2,3,1,1,1,4
110023,1,1,30,1,1,11,20,20,0,0,1,0,1,0,1,998,73,280,0,3,1,2,6,2,1,1,5,0,98,0,0,18,7,2020,7,22,2,44,1,1,1,3,1,4
110024,1,1,26,1,1,11,3,20,0,0,2,0,3,0,1,53,68,170,0,0,1,4,5,2,1,1,80,0,13,0,16,24,7,2020,6,21,2,8,1,1,1,3,1,0
110025,1,1,60,1,1,11,3,20,0,0,1,0,1,0,1,998,67,200,0,0,1,6,1,2,2,1,80,0,5,0,0,21,8,2020,6,23,2,8,2,2,1,3,2,0
110026,1,1,31,1,1,11,99,8,8,0,3,0,1,0,1,998,66,130,0,0,2,4,6,2,1,14,64,0,7,0,0,25,8,2020,3,8,2,12,1,1,1,1,1,2
110027,1,1,34,1,1,11,20,98,0,0,1,0,1,0,1,998,67,165,0,9,1,4,5,2,1,14,9,0,80,0,52,23,8,2020,1,23,2,5,1,1,1,3,1,4
110028,1,1,43,1,1,11,20,20,1,0,1,0,0,0,1,998,71,165,0,0,4,1,1,2,1,1,55,0,12,0,0,28,8,2020,6,1,2,12,2,2,1,3,1,4
110029,1,1,26,1,1,11,99,99,8,0,1,0,2,0,1,998,72,140,0,3,1,4,1,2,1,1,9,0,13,12,0,8,9,2020,3,12,2,33,1,1,4,1,1,4
110030,1,1,34,1,1,11,99,8,1,0,3,1,1,0,1,999,67,140,0,3,1,4,6,1,1,1,55,0,13,99,8,31,10,2020,7,17,2,12,2,3,1,5,1,2
110031,1,1,37,1,1,11,3,99,9,0,1,0,2,1,1,999,67,189,0,0,3,4,1,1,1,1,50,0,11,0,6,23,10,2020,6,4,2,12,1,1,1,1,1,2
110032,1,1,18,1,1,11,3,20,1,0,1,0,2,0,1,998,68,225,0,0,1,4,5,2,1,1,80,0,13,0,0,19,11,2020,5,17,2,8,3,3,1,5,1,0
110033,1,1,45,2,1,11,99,20,0,0,1,0,1,0,1,999,59,147,0,3,2,4,6,2,1,14,13,1,3,96,6,20,12,2020,1,17,2,26,1,1,4,3,1,4
110034,1,1,40,1,1,11,3,8,1,0,1,0,1,0,1,98,70,220,0,2,3,6,1,1,1,1,13,1,1,99,8,20,9,2020,1,20,2,33,1,1,4,3,1,4
120001,1,1,51,2,1,11,3,20,0,0,1,0,1,0,1,55,65,999,0,0,2,2,1,8,1,1,80,0,7,0,0,3,1,2020,6,19,2,8,1,1,1,2,1,0
120002,1,1,65,1,1,11,3,20,0,0,1,0,1,0,1,45,74,999,0,0,2,4,1,8,1,1,80,0,7,0,0,3,1,2020,6,18,2,8,1,1,1,2,1,0
120003,1,1,25,1,1,11,20,20,0,0,1,0,4,0,1,25,72,999,0,0,1,2,1,8,1,1,80,1,13,0,0,1,1,2020,4,18,2,8,1,1,1,5,1,0
120004,1,1,68,1,1,11,3,1,0,0,1,0,1,0,1,70,69,999,0,0,3,4,1,8,1,1,12,0,7,99,6,6,1,2020,2,10,2,24,3,10,3,1,1,4
120005,1,1,47,1,1,11,3,1,9,0,1,0,1,0,1,75,70,999,1,0,2,4,1,8,1,14,12,0,13,99,6,1,1,2020,4,3,2,33,1,1,3,3,1,4
120006,1,1,50,1,1,11,3,20,0,0,1,0,1,0,1,15,68,999,0,0,2,4,1,8,1,13,80,0,60,0,31,2,1,2020,5,10,2,8,1,1,1,1,1,0
120007,1,1,53,1,1,11,20,20,9,0,1,0,1,0,1,998,73,999,0,0,2,3,1,2,1,1,98,1,98,99,0,2,1,2020,5,18,2,1,2,3,1,3,1,4
120009,1,1,28,2,1,11,3,8,1,0,1,0,1,0,1,50,62,999,2,0,2,2,1,8,1,1,54,1,13,99,51,1,1,2020,4,21,2,12,1,1,1,3,1,3
120010,1,1,998,9,1,11,20,98,0,0,99,1,9,99,1,998,999,999,99,0,8,8,8,8,1,99,80,0,999,96,999,6,1,2020,2,16,2,8,1,1,1,1,1,9
120011,1,1,84,1,1,11,3,8,0,0,1,0,1,0,1,25,67,999,0,0,1,2,1,2,1,1,17,0,7,99,38,6,1,2020,2,16,2,12,2,2,1,1,1,4
120012,1,1,53,1,1,11,3,20,0,0,1,0,1,1,1,10,69,999,0,0,3,6,1,2,1,11,15,0,74,99,38,4,1,2020,7,18,2,12,2,2,1,5,10,2
120013,1,1,57,2,1,11,20,20,1,0,1,0,1,0,1,77,68,999,0,0,2,2,1,8,1,14,12,0,7,0,58,3,1,2020,6,13,2,1,1,1,1,1,10,4
120014,1,1,34,1,1,11,20,1,1,0,2,0,2,0,1,15,65,999,2,0,2,3,1,2,1,1,17,1,13,0,38,5,1,2020,1,2,2,12,2,2,1,3,1,4
120017,1,1,49,1,1,11,3,20,0,0,1,0,1,0,1,15,68,999,0,0,2,2,1,8,1,11,80,0,60,0,0,2,1,2020,5,13,2,8,3,2,1,1,10,0
120018,1,1,48,1,1,11,3,20,0,0,1,1,2,0,1,45,74,999,1,0,2,2,1,8,1,1,80,0,13,0,0,1,1,2020,4,3,2,8,1,1,1,3,1,0
120019,1,1,22,1,1,11,3,8,1,0,3,0,2,0,1,110,72,999,0,0,3,3,1,8,1,15,11,1,13,93,38,1,1,2020,4,12,2,12,1,1,1,1,1,2
120020,1,1,70,1,1,11,3,20,0,0,2,0,1,0,1,70,72,999,0,0,2,3,1,8,1,1,8,0,7,99,0,8,1,2020,4,12,2,3,1,1,5,1,1,3
120022,1,1,70,2,1,11,3,20,0,0,1,0,1,0,1,45,64,999,0,0,2,2,1,8,1,1,80,0,13,0,0,7,1,2020,3,5,2,8,1,1,1,3,1,0
120023,1,1,30,1,1,11,3,1,1,0,1,0,1,0,1,65,71,999,0,0,3,5,1,8,1,1,13,0,13,99,6,6,1,2020,2,21,2,21,19,1,4,3,1,4
120024,1,1,42,2,1,11,3,1,0,0,1,0,1,0,1,45,63,999,1,0,3,6,1,1,1,1,13,0,13,0,6,3,1,2020,6,9,2,14,1,1,2,1,1,0
120025,1,1,73,1,1,11,3,20,0,0,1,0,2,0,1,40,74,999,0,0,5,5,1,8,1,1,83,0,7,0,0,5,1,2020,1,19,2,9,1,1,1,6,1,0
120026,1,1,25,2,1,11,3,8,0,0,1,0,1,0,1,50,69,999,0,0,2,6,1,8,1,1,80,0,13,99,0,5,1,2020,1,19,2,8,1,1,1,3,1,0
120027,1,1,23,2,1,11,20,20,0,0,2,0,2,0,1,55,74,999,0,0,6,1,6,8,1,14,13,0,13,99,6,6,1,2020,2,5,2,34,5,1,4,3,1,4
120028,1,1,22,1,1,11,3,20,9,0,99,1,1,0,1,45,74,999,3,0,2,3,1,8,1,1,80,0,13,96,0,6,1,2020,2,21,2,8,1,1,1,3,10,0
120029,1,1,71,1,1,11,3,1,0,0,2,0,1,0,1,20,70,999,0,0,1,2,1,8,1,11,15,1,13,0,38,1,1,2020,4,0,2,12,2,2,1,2,1,2