ST_CASE,VEH_NO,PER_NO,AGE,SEX,PER_TYP,SEAT_POS,REST_USE,AIR_BAG,DRUGS,LOCATION,NUMOCCS,HIT_RUN,OWNER,V_CONFIG,HAZ_INV,TRAV_SP,DR_HGT,DR_WGT,PREV_SPD,SPEEDREL,VTRAFWAY,VNUM_LAN,VPROFILE,VPAVETYP,VSURCOND,P_CRASH1,P_CRASH2,DR_DRINK,VPICBODYCLASS,DRDISTRACT,DRIVERRF,DAY,MONTH,YEAR,DAY_WEEK,HOUR,RUR_URB,HARM_EV,RELJCT2,TYP_INT,REL_ROAD,LGT_COND,WEATHER,INJ_SEV
120030,1,1,59,2,1,11,3,20,0,0,1,0,1,0,1,10,63,999,0,0,5,5,1,8,1,1,80,0,3,0,0,3,1,2020,6,18,2,8,1,1,1,2,1,0
120031,1,1,52,1,1,11,3,20,0,0,2,0,1,0,1,2,67,999,0,0,2,3,1,8,1,11,15,0,13,0,48,5,1,2020,1,6,2,12,2,3,1,2,1,4
120033,1,1,87,1,1,11,20,1,0,0,1,0,1,0,1,15,68,999,0,0,1,3,1,8,1,11,15,0,1,99,39,11,1,2020,7,11,2,12,2,2,1,1,1,4
120034,1,1,64,1,1,11,3,20,0,0,1,0,2,0,1,25,69,999,0,0,5,3,1,2,1,11,15,0,7,0,38,12,1,2020,1,18,2,12,2,2,1,3,1,0
120043,1,1,37,1,1,11,20,20,9,0,1,0,1,0,1,95,74,999,1,3,2,4,1,8,1,1,51,0,6,0,36,3,1,2020,6,20,2,12,1,1,1,3,1,4
120047,1,1,17,1,1,11,3,20,0,0,1,0,2,0,1,10,67,999,0,0,1,2,1,8,2,1,66,0,13,0,38,14,1,2020,3,6,2,12,2,2,1,3,1,0
120053,1,1,21,1,1,11,20,1,0,0,1,0,1,0,1,45,67,999,0,0,2,5,1,8,1,1,50,1,13,99,6,7,1,2020,3,2,2,12,1,1,1,2,1,4
120055,1,1,20,9,1,11,3,8,0,0,99,1,2,0,1,99,71,999,3,0,5,5,1,8,1,15,51,0,60,0,36,9,1,2020,5,2,2,12,1,1,1,3,1,9
120057,1,1,36,1,1,11,20,1,1,0,1,0,1,0,1,60,69,999,0,3,2,2,1,2,1,14,12,0,60,99,6,8,1,2020,4,5,2,33,1,1,3,3,1,4
120070,1,1,66,1,1,11,3,20,1,0,1,0,1,0,1,55,66,999,0,0,1,2,6,8,1,1,10,0,60,0,6,8,1,2020,4,14,2,12,1,1,1,1,1,4
120071,1,1,20,2,1,11,3,20,0,0,1,0,2,0,1,45,66,999,1,0,2,2,1,8,1,1,80,0,7,0,0,10,1,2020,6,19,2,8,3,3,1,2,1,0
120072,1,1,88,2,1,11,3,1,0,0,2,0,1,0,1,5,60,999,0,0,0,0,0,0,0,11,15,0,13,0,38,16,1,2020,5,12,2,12,4,1,1,1,1,2
120073,1,1,44,2,1,11,3,20,0,0,2,0,2,0,1,20,62,999,1,0,1,2,1,8,1,1,80,0,13,0,0,18,1,2020,7,21,2,8,1,1,1,2,1,0
120074,1,1,999,9,1,11,20,99,0,0,99,0,9,99,1,998,999,999,99,0,1,4,1,8,1,1,80,0,999,99,0,3,1,2020,6,20,2,8,1,1,1,3,1,1
120075,1,1,36,1,1,11,20,20,0,0,1,0,3,0,1,55,74,999,2,0,1,2,1,8,1,1,64,0,13,0,0,11,1,2020,7,18,2,12,1,1,1,5,1,0
120076,1,1,46,1,1,11,3,20,0,0,1,0,1,0,1,45,73,999,1,0,2,3,1,8,1,1,80,1,3,0,0,12,1,2020,1,18,2,8,1,1,1,3,1,0
120079,1,1,30,1,1,11,3,20,0,0,1,0,1,0,1,45,70,999,0,0,2,3,1,2,1,1,83,0,60,0,0,14,1,2020,3,18,2,9,3,2,1,2,1,0
120080,1,1,27,1,1,11,3,20,1,0,2,0,2,0,1,998,72,999,0,0,1,2,1,8,1,1,51,0,13,99,0,8,1,2020,4,0,2,12,1,1,1,2,1,1
120081,1,1,40,1,1,11,3,20,1,0,1,0,3,6,1,10,75,999,0,0,0,0,0,0,0,11,15,0,66,0,38,15,1,2020,4,14,2,12,8,1,1,1,1,2
120082,1,1,51,1,1,11,3,20,0,0,1,0,3,6,1,70,78,306,0,0,2,2,1,8,1,1,12,0,66,93,6,7,1,2020,3,20,2,12,1,1,1,2,1,0
120084,1,1,55,1,1,11,3,8,0,0,12,0,3,0,1,22,72,999,0,0,2,3,1,8,1,11,15,0,9,10,38,15,1,2020,4,7,2,12,2,3,1,1,1,3
120087,1,1,999,9,1,11,3,20,8,0,99,1,9,0,1,45,999,999,99,9,2,2,1,8,1,1,80,0,7,0,0,11,1,2020,7,1,2,8,1,1,1,2,10,9
120088,1,1,33,1,1,11,20,1,0,0,1,0,1,0,1,44,69,999,0,0,6,4,1,8,2,1,13,1,13,99,0,11,1,2020,7,2,2,46,3,3,8,3,2,4
120089,1,1,52,1,1,11,3,20,0,0,1,0,2,0,1,43,71,999,0,0,1,2,1,8,1,1,80,0,2,0,0,16,1,2020,5,6,2,8,1,1,1,2,1,1
120090,1,1,19,2,1,11,20,1,0,0,1,0,2,0,1,40,65,999,0,0,1,2,1,8,2,14,13,0,13,0,6,18,1,2020,7,11,2,53,1,1,4,1,10,4
120091,1,1,41,2,1,11,3,20,0,0,1,0,1,0,1,55,62,999,0,0,2,2,1,8,1,14,80,0,2,0,0,12,1,2020,1,4,2,8,1,1,1,2,1,0
120093,1,1,33,2,1,11,3,20,1,0,1,0,1,0,1,25,64,999,0,0,1,2,1,8,1,11,15,0,7,0,38,7,1,2020,3,23,2,12,2,2,1,3,1,0
120095,1,1,63,1,1,11,20,1,9,0,1,0,1,0,1,30,73,999,0,0,1,2,1,8,1,14,13,1,13,99,0,21,1,2020,3,18,2,33,1,1,4,2,1,4
120097,1,1,998,8,1,11,20,98,0,0,99,1,9,99,1,80,999,999,99,0,2,4,1,8,1,1,80,0,999,96,0,15,1,2020,4,21,2,8,3,2,1,3,1,9
120100,1,1,39,2,1,11,3,20,0,0,1,0,3,0,1,5,62,999,0,0,1,4,1,8,1,1,83,0,9,0,0,14,1,2020,3,13,2,9,2,2,1,1,1,0
120102,1,1,81,1,1,11,3,20,0,0,2,0,1,0,1,20,68,999,0,0,1,4,1,8,1,11,15,0,13,0,38,20,1,2020,2,16,2,12,2,3,1,1,1,3
120105,1,1,66,2,1,11,3,20,0,0,1,0,1,0,1,45,64,999,0,0,2,3,1,8,1,1,80,0,7,0,0,17,1,2020,6,21,2,8,1,1,1,3,1,2
120107,1,1,998,9,1,11,98,99,0,0,99,1,9,99,1,998,999,999,99,0,1,4,1,8,1,99,80,0,999,99,999,11,1,2020,7,18,2,8,1,1,1,3,1,1
120114,1,1,20,1,1,11,20,20,0,0,6,1,2,0,1,55,63,999,0,0,2,2,1,8,1,1,80,0,60,0,0,20,1,2020,2,18,2,8,1,1,1,2,1,0
120115,1,1,45,1,1,11,3,99,0,0,99,1,2,0,1,45,71,999,0,0,2,3,1,8,1,1,83,0,9,93,0,25,1,2020,7,18,2,9,1,1,1,3,1,0
120116,1,1,82,1,1,11,3,20,0,0,1,0,1,0,1,10,71,999,0,0,2,3,1,8,1,11,15,0,13,0,39,24,1,2020,6,8,2,12,2,3,1,1,1,4
120129,1,1,36,2,1,11,3,8,0,0,3,0,2,0,1,45,63,999,0,0,5,3,1,8,2,11,15,1,2,93,6,23,1,2020,5,15,2,12,2,2,1,1,2,3
120131,1,1,48,2,1,11,3,20,0,0,1,0,1,0,1,10,65,999,1,0,2,1,1,8,1,10,16,0,7,93,48,11,1,2020,7,3,2,12,3,3,1,3,1,0
120132,1,1,19,1,1,11,20,8,1,0,2,0,1,0,1,100,69,999,0,0,2,2,1,8,1,1,9,1,5,0,0,8,1,2020,4,1,2,33,1,1,4,2,1,4
120133,1,1,72,1,1,11,3,3,0,0,1,0,1,0,1,20,68,999,0,0,2,4,1,8,1,11,15,0,7,0,0,18,1,2020,7,18,2,12,2,2,1,3,1,0
120134,1,1,31,2,1,11,20,8,0,0,2,0,1,0,1,30,67,999,0,0,2,2,1,8,1,1,12,1,13,99,6,18,1,2020,7,22,2,33,1,1,3,3,1,4
120135,1,1,19,1,1,11,3,1,0,0,1,0,3,0,1,63,70,158,0,0,2,3,1,2,1,1,13,0,3,0,6,15,1,2020,4,0,2,33,19,1,4,3,1,4
120136,1,1,58,2,1,11,3,8,0,0,1,0,1,0,1,70,61,999,0,0,3,2,1,2,1,1,13,0,7,99,6,19,1,2020,1,5,2,39,1,1,4,2,10,4
120139,1,1,69,1,1,11,20,1,9,0,1,0,3,0,1,60,66,999,0,0,2,2,1,8,1,1,51,0,60,99,6,15,1,2020,4,8,2,12,3,2,1,1,1,4
120140,1,1,39,1,1,11,20,20,9,0,1,0,1,0,1,130,70,999,0,4,2,5,1,8,1,1,62,0,80,0,39,12,1,2020,1,21,2,12,2,2,1,3,1,4
120143,1,1,21,1,1,11,20,8,9,0,1,0,2,0,1,40,67,999,0,0,2,3,1,8,1,1,12,0,13,99,0,26,1,2020,1,0,2,33,3,3,3,3,1,4
120144,1,1,28,2,1,11,3,1,0,0,1,0,3,0,1,35,999,999,0,0,2,3,1,8,1,11,15,0,13,0,38,18,1,2020,7,18,2,12,2,3,1,2,10,2
120146,1,1,30,2,1,11,3,1,0,0,4,0,1,0,1,998,69,999,0,0,1,2,1,8,1,1,80,0,13,0,0,18,1,2020,7,20,2,8,1,1,1,3,1,0
120149,1,1,93,2,1,11,3,20,0,0,1,0,1,0,1,10,62,999,0,0,1,2,1,8,2,11,15,0,13,0,0,19,1,2020,1,9,2,9,2,3,1,1,1,0
120150,1,1,34,1,1,11,3,20,0,0,1,0,1,0,1,40,999,999,0,0,1,2,1,8,1,1,80,0,7,0,0,18,1,2020,7,22,2,8,1,1,1,2,1,0
120151,1,1,75,1,1,11,20,20,0,0,1,0,1,0,1,15,73,999,0,0,2,3,1,8,1,15,53,0,81,0,6,20,1,2020,2,13,2,12,1,1,1,1,1,4
120153,1,1,57,2,1,11,3,20,0,0,1,0,3,0,1,998,999,999,0,0,1,2,1,8,1,11,15,0,7,0,0,25,1,2020,7,15,2,12,2,3,1,1,1,0
120154,1,1,76,2,1,11,3,20,0,0,1,0,1,0,1,45,63,999,0,0,2,4,1,8,1,1,80,0,13,0,0,19,1,2020,1,21,2,8,1,1,1,3,10,0
120155,1,1,17,1,1,11,3,8,1,0,1,0,2,0,1,118,64,999,0,3,2,3,1,8,1,14,12,0,7,99,6,29,1,2020,4,0,2,33,1,1,3,2,1,4
120157,1,1,18,1,1,11,20,1,1,0,4,0,2,0,1,65,999,999,0,0,3,4,1,2,1,1,13,0,13,99,6,21,1,2020,3,4,2,24,1,1,4,3,1,4
120158,1,1,42,2,1,11,3,20,0,0,1,0,2,0,1,5,63,999,0,0,5,5,1,8,1,11,15,0,60,0,38,17,1,2020,6,22,2,12,8,1,1,3,1,0
120159,1,1,54,1,1,11,3,20,0,0,1,0,1,0,1,25,64,999,0,0,5,3,1,8,1,1,80,0,13,0,0,19,1,2020,1,18,2,8,1,1,1,2,1,0
120160,1,1,999,9,1,11,99,99,8,0,99,1,9,99,1,999,999,999,99,0,1,2,1,8,2,99,83,0,999,99,0,30,1,2020,5,20,2,9,2,2,1,3,10,0
120161,1,1,999,9,1,11,99,99,8,0,99,1,9,99,1,999,999,999,99,0,1,4,1,8,2,1,50,0,999,99,0,30,1,2020,5,6,2,12,1,1,1,4,2,0
120163,1,1,26,1,1,11,3,20,0,0,1,0,1,0,1,50,67,999,0,0,2,3,1,8,2,1,80,0,60,0,0,31,1,2020,6,19,2,8,3,2,1,2,2,0
120166,1,1,24,2,1,11,3,20,0,0,99,1,1,0,1,35,70,999,1,0,1,2,1,8,1,1,80,0,7,0,0,31,1,2020,6,19,2,8,3,2,1,3,10,0
120167,1,1,49,1,1,11,3,2,0,0,1,0,3,0,1,998,67,999,0,0,2,3,1,8,1,11,15,0,13,0,38,16,1,2020,5,18,2,12,2,3,1,3,1,0
120168,1,1,70,1,1,11,20,8,0,0,1,0,1,0,1,35,73,999,0,0,6,2,5,8,1,14,13,1,7,99,0,27,1,2020,2,12,2,42,5,1,4,1,10,4
120170,1,1,47,2,1,11,20,8,1,0,1,0,2,0,1,65,63,999,0,0,6,1,1,8,1,14,13,0,5,0,6,26,1,2020,1,21,2,24,5,1,4,3,1,4
120175,1,1,24,2,1,11,20,20,1,0,1,0,1,0,1,65,62,999,1,0,3,3,1,8,1,1,6,1,7,99,0,28,1,2020,3,2,2,1,1,1,1,2,1,4
120180,1,1,37,1,1,11,3,20,0,0,1,0,1,0,1,45,66,999,0,0,2,3,1,8,1,1,80,0,7,0,0,29,1,2020,4,20,2,8,1,1,1,3,10,0
120183,1,1,23,1,1,11,20,8,1,0,1,0,1,0,1,45,66,999,0,4,1,2,1,2,1,14,6,1,13,99,6,3,2,2020,2,4,2,59,1,1,4,2,1,4
120184,1,1,59,2,1,11,3,1,0,0,2,0,2,0,1,20,69,999,0,0,2,3,1,8,1,11,15,0,3,93,38,31,1,2020,6,12,2,12,2,2,1,1,1,2
120185,1,1,23,1,1,11,20,20,1,0,1,0,1,0,1,137,70,999,0,3,1,2,1,8,1,14,17,1,80,99,0,1,2,2020,7,8,2,12,2,2,1,1,10,4
120186,1,1,27,2,1,11,20,20,0,0,1,0,2,0,1,15,62,999,0,0,2,2,1,8,1,11,15,1,80,0,38,20,1,2020,2,17,2,12,2,3,1,1,1,4
120187,1,1,53,2,1,11,3,20,0,0,1,0,1,0,1,40,63,999,1,0,2,2,1,8,1,1,80,0,7,0,0,28,1,2020,3,19,2,8,3,3,1,3,1,0
120188,1,1,87,2,1,11,3,8,0,0,1,0,1,0,1,45,63,999,0,0,2,3,1,8,1,1,12,0,13,0,0,2,2,2020,1,22,2,33,1,1,3,3,1,4
120189,1,1,23,1,1,11,3,20,0,0,1,0,1,0,1,25,73,999,0,0,1,2,1,8,1,11,15,0,7,93,38,5,2,2020,4,18,2,12,2,2,1,5,1,0
120190,1,1,31,2,1,11,3,20,0,0,2,0,2,0,1,5,66,999,0,0,1,2,1,8,1,11,15,0,15,0,39,30,1,2020,5,15,2,12,2,3,1,1,1,1
120192,1,1,50,1,1,11,3,20,0,0,2,0,1,0,1,50,69,999,0,0,2,3,1,8,1,1,80,0,7,0,0,27,1,2020,2,18,2,8,1,1,1,2,1,0
120193,1,1,22,1,1,11,20,1,1,0,1,0,2,0,1,80,74,999,0,0,2,3,1,8,1,1,62,0,13,99,6,2,2,2020,1,14,2,12,1,1,1,1,1,4
120195,1,1,52,2,1,11,8,20,9,0,99,1,1,0,1,998,62,999,0,0,5,5,1,8,1,1,80,0,13,99,0,22,1,2020,4,21,2,8,1,1,1,3,1,0
120196,1,1,38,1,1,11,3,20,0,0,1,0,1,0,1,47,70,999,1,0,2,3,1,8,1,1,80,0,7,0,0,28,1,2020,3,20,2,8,1,1,1,2,1,0
120197,1,1,69,1,1,11,3,8,9,0,1,0,3,0,1,55,70,999,0,0,3,3,1,8,1,1,54,0,13,0,6,17,1,2020,6,14,2,12,1,1,1,1,1,4
120198,1,1,71,1,1,11,20,1,0,0,1,0,2,0,1,45,68,999,0,0,2,4,1,8,1,1,12,0,13,99,0,3,2,2020,2,19,2,33,3,3,3,3,1,4
120199,1,1,63,1,1,11,3,8,0,0,1,0,1,0,1,60,74,999,0,0,2,2,1,8,2,1,13,1,13,0,0,31,1,2020,6,18,2,1,1,1,1,2,2,4
120200,1,1,84,1,1,11,3,8,0,0,2,0,2,0,1,30,71,999,0,0,2,5,1,8,1,11,15,0,13,0,38,6,2,2020,5,18,2,12,2,2,1,5,10,3
120201,1,1,32,2,1,11,3,1,0,0,1,0,1,0,1,70,63,999,0,0,3,4,6,8,1,1,50,0,7,0,6,31,1,2020,6,9,2,12,1,1,1,1,10,1
120202,1,1,64,2,1,11,3,8,0,0,1,0,1,0,1,35,64,999,0,0,1,2,1,8,1,1,10,0,13,0,28,4,2,2020,3,19,2,12,1,1,1,2,1,4
120203,1,1,64,1,1,11,3,20,0,0,1,0,3,0,1,10,67,999,0,0,1,2,1,8,1,10,16,0,95,93,38,31,1,2020,6,9,2,12,2,3,1,1,10,0
120205,1,1,999,9,1,11,99,99,0,0,99,1,9,99,1,999,999,999,99,0,1,2,1,8,2,1,80,0,999,99,0,1,2,2020,7,8,2,8,1,1,1,2,2,9
120206,1,1,62,1,1,11,3,20,0,0,1,0,1,0,1,20,71,999,0,0,2,3,1,8,1,11,15,0,60,0,38,5,2,2020,4,18,2,12,2,2,1,5,1,1
120207,1,1,61,1,1,11,3,1,0,0,1,0,1,0,1,65,72,999,1,0,2,1,1,8,1,1,14,0,2,0,36,1,2,2020,7,14,2,19,1,1,5,1,1,4
120208,1,1,27,2,1,11,3,8,9,0,1,0,1,0,1,50,62,999,0,0,1,2,1,8,2,1,13,1,13,99,0,1,2,2020,7,0,2,30,1,1,4,3,2,4
120209,1,1,58,1,1,11,20,20,0,0,1,0,3,1,1,55,76,999,0,0,1,2,1,8,1,14,80,0,11,0,0,28,1,2020,3,6,2,8,1,1,1,2,1,0
120210,1,1,24,2,1,11,3,20,0,0,1,0,1,0,1,998,74,999,0,0,2,3,1,8,1,1,80,0,13,99,39,30,1,2020,5,8,2,8,16,1,1,1,1,0
120212,1,1,76,1,1,11,20,8,0,0,1,0,2,0,1,50,72,999,0,0,6,1,6,2,1,14,12,0,5,99,0,2,2,2020,1,13,2,35,19,1,4,1,1,4
120213,1,1,19,1,1,11,20,20,0,0,1,0,2,0,1,30,74,999,0,0,1,2,1,8,1,1,17,0,86,0,0,18,1,2020,7,18,2,12,2,2,1,5,1,4
120214,1,1,25,1,1,11,3,1,0,0,2,0,1,0,1,55,71,999,0,0,1,2,1,8,1,1,12,1,3,99,6,9,2,2020,1,2,2,52,1,1,4,3,1,4
120215,1,1,999,9,1,11,20,20,0,0,99,1,9,99,1,999,999,999,99,0,5,5,1,2,1,1,80,0,999,99,0,29,1,2020,4,23,2,8,1,1,1,3,1,0
120216,1,1,60,1,1,11,3,8,0,0,1,0,1,0,1,55,71,255,1,0,1,2,1,8,1,1,10,0,60,0,28,8,1,2020,4,6,2,12,1,1,1,2,1,4
120217,1,1,75,2,1,11,3,20,0,0,4,0,1,0,1,40,62,110,0,0,2,3,1,8,1,1,80,0,5,0,0,31,1,2020,6,18,2,8,1,1,1,3,1,0
120218,1,1,999,9,1,11,20,20,0,0,99,1,2,0,1,45,999,999,99,0,1,2,1,8,1,1,10,0,13,99,0,27,1,2020,2,4,2,12,1,1,1,2,1,9
120219,1,1,29,1,1,11,3,2,0,0,2,0,1,0,1,20,80,999,0,0,2,4,1,8,1,11,15,0,13,0,0,8,2,2020,7,16,2,12,2,2,1,1,1,0
120220,1,1,21,2,1,11,20,8,1,0,1,0,1,0,1,998,62,999,0,4,1,2,1,8,1,11,15,1,13,99,36,2,2,2020,1,2,2,42,3,2,4,3,1,4
120221,1,1,63,1,1,11,3,20,0,0,1,0,1,0,1,30,64,999,0,0,2,4,1,8,1,1,83,0,2,0,0,3,2,2020,2,16,2,9,1,1,1,1,1,0
120222,1,1,999,9,1,11,99,99,8,0,99,1,9,99,1,30,999,999,99,0,1,2,1,8,2,1,80,0,999,99,0,1,2,2020,7,0,2,8,2,3,1,3,2,0
120224,1,1,40,1,1,11,20,20,0,0,1,0,1,0,1,70,68,999,0,0,3,3,1,2,1,1,12,0,80,0,36,5,1,2020,1,17,2,24,1,1,3,2,1,4
120225,1,1,56,1,1,11,3,20,0,0,1,0,1,0,1,20,66,999,0,0,1,2,1,8,1,1,14,0,7,99,39,5,2,2020,4,12,2,42,3,3,4,1,10,4
120226,1,1,22,1,1,11,3,8,1,0,1,0,2,0,1,52,999,999,0,0,5,3,1,8,1,1,13,1,5,0,6,2,2,2020,1,21,2,59,1,1,4,3,1,4
120227,1,1,25,1,1,11,3,8,0,0,2,0,2,0,1,70,74,999,0,0,3,3,1,8,1,1,13,1,13,99,28,1,2,2020,7,2,2,35,1,1,4,2,1,4
120228,1,1,21,2,1,11,3,20,0,0,1,0,2,0,1,50,59,999,0,0,3,3,1,8,1,1,80,0,7,0,0,3,2,2020,2,20,2,8,1,1,1,3,1,0
120229,1,1,46,1,1,11,3,20,0,0,1,0,1,0,1,45,74,999,0,0,2,2,1,8,2,1,80,0,60,0,0,31,1,2020,6,19,2,8,1,1,1,2,1,0
120233,1,1,22,1,1,11,3,8,1,0,99,1,1,0,1,80,70,999,1,0,2,6,1,8,1,1,17,1,13,99,39,1,2,2020,7,23,2,12,2,2,1,3,1,1
120234,1,1,23,2,1,11,20,20,0,0,3,0,1,0,1,50,62,999,0,0,2,2,1,8,1,1,80,0,13,0,0,26,1,2020,1,20,2,8,1,1,1,3,1,0
120235,1,1,19,2,1,11,3,20,0,0,1,0,1,0,1,38,66,999,0,0,2,2,1,8,1,1,80,0,13,0,0,11,1,2020,7,23,2,8,1,1,1,3,1,1
120237,1,1,33,1,1,11,3,1,0,0,1,0,2,0,1,55,70,999,2,0,1,2,1,8,1,15,10,0,3,0,0,12,2,2020,4,6,2,12,1,1,1,2,1,4
120238,1,1,49,1,1,11,3,20,0,0,1,0,2,0,1,30,71,999,1,0,2,2,1,8,2,1,80,0,60,0,0,27,1,2020,2,2,2,8,1,1,1,2,2,0
120239,1,1,65,2,1,11,3,20,0,0,1,0,1,0,1,998,60,999,0,0,2,3,1,8,1,11,80,0,7,99,0,11,2,2020,3,17,2,8,3,3,1,1,1,0
120240,1,1,76,2,1,11,3,1,9,0,2,0,1,0,1,998,63,999,0,0,1,2,1,8,1,11,15,0,7,0,38,29,1,2020,4,12,2,12,2,3,1,1,1,4
120241,1,1,58,1,1,11,3,20,0,0,1,0,1,0,1,15,65,999,0,0,6,1,1,8,1,11,15,0,60,0,38,29,1,2020,4,19,2,12,2,3,1,3,1,0
120245,1,1,80,2,1,11,3,8,9,0,1,0,1,0,1,5,61,999,0,0,1,2,5,8,1,11,15,0,5,99,38,10,2,2020,2,14,2,12,2,3,1,1,1,4
120246,1,1,47,2,1,11,3,20,9,0,1,0,3,0,1,45,67,999,0,0,1,3,1,8,1,1,83,0,7,99,0,10,2,2020,2,15,2,9,3,2,1,1,1,0
120247,1,1,32,1,1,11,20,99,1,0,1,0,1,0,1,45,72,187,1,0,2,2,1,2,1,1,13,1,7,99,0,13,2,2020,5,22,2,33,1,1,4,3,1,4
120248,1,1,57,1,1,11,3,1,9,0,1,0,1,0,1,50,72,999,0,3,4,1,1,8,1,14,14,0,3,99,0,11,2,2020,3,22,2,31,1,1,6,3,1,4
120249,1,1,34,1,1,11,20,8,9,0,2,0,1,0,1,75,71,999,1,4,2,3,1,8,2,1,6,0,13,99,0,31,1,2020,6,23,2,33,1,1,4,3,2,4
120251,1,1,36,1,1,11,3,8,0,0,1,0,2,0,1,45,67,999,0,0,1,2,1,8,1,1,10,0,7,93,0,10,2,2020,2,14,2,12,1,1,1,1,1,2
120252,1,1,20,1,1,11,3,20,9,0,2,1,1,0,1,70,66,999,0,0,3,2,3,8,1,1,51,0,13,99,6,9,2,2020,1,0,2,12,1,1,1,2,1,0
120253,1,1,22,2,1,11,3,20,9,0,1,0,1,0,1,1,64,999,1,0,2,4,1,8,2,14,13,0,13,99,0,16,2,2020,1,4,2,30,3,2,4,3,2,4
120254,1,1,54,1,1,11,20,20,0,0,1,0,1,0,1,25,74,999,0,0,1,2,1,2,1,1,13,1,81,99,0,8,2,2020,7,23,2,33,1,1,4,3,1,4
120256,1,1,65,1,1,11,3,8,0,0,1,0,1,0,1,65,73,999,0,0,3,4,1,8,1,1,13,0,60,0,6,12,2,2020,4,11,2,59,1,1,4,1,10,4
120257,1,1,28,1,1,11,20,99,1,0,2,0,2,0,1,100,71,999,0,0,3,3,1,8,1,14,13,1,3,99,6,21,1,2020,3,1,2,24,1,1,4,3,1,4
120258,1,1,999,9,1,11,8,99,0,0,99,1,9,99,1,45,999,999,99,0,2,3,1,8,1,1,80,0,999,99,6,11,1,2020,7,0,2,8,3,2,1,2,1,0
120260,1,1,20,1,1,11,20,1,9,0,1,0,2,0,1,998,71,999,0,0,2,3,1,8,1,1,12,0,13,0,6,9,2,2020,1,20,2,33,1,1,3,3,1,4
120262,1,1,42,1,1,11,3,20,0,0,1,0,1,0,1,20,83,999,0,0,1,5,1,8,1,11,80,0,7,0,0,6,2,2020,5,23,2,8,3,2,1,3,1,0
120263,1,1,25,1,1,11,20,20,0,0,1,0,2,0,1,20,65,999,1,0,1,2,1,8,1,11,98,0,69,0,0,2,2,2020,1,17,2,1,3,3,1,1,1,4
120265,1,1,26,1,1,11,20,8,1,0,1,0,2,0,1,35,74,999,0,0,6,2,6,2,1,14,12,1,13,99,6,17,1,2020,6,3,2,42,5,1,4,2,1,4
120266,1,1,18,2,1,11,3,20,0,0,3,0,2,0,1,74,62,999,0,0,2,4,5,8,1,15,11,1,13,0,38,8,2,2020,7,6,2,12,1,1,1,3,1,3
120267,1,1,54,1,1,11,20,20,0,0,1,0,1,0,1,25,68,999,1,0,1,2,6,8,1,14,13,1,81,0,0,2,2,2020,1,11,2,42,1,1,4,1,1,4
120270,1,1,32,2,1,11,3,20,0,0,1,0,1,0,1,45,66,999,0,0,1,2,1,8,1,1,83,0,13,0,0,9,2,2020,1,18,2,9,1,1,1,3,1,0
120271,1,1,71,2,1,11,3,1,0,0,1,0,1,0,1,15,63,999,0,0,1,3,1,8,1,1,17,0,5,0,38,3,2,2020,2,14,2,12,2,3,1,1,1,2
120272,1,1,31,1,1,11,3,20,0,0,2,0,9,99,1,998,64,999,0,0,1,2,1,8,1,1,83,0,999,0,0,9,2,2020,1,20,2,9,1,1,1,2,1,0
120273,1,1,999,9,1,11,20,20,0,0,99,1,9,99,1,999,999,999,99,0,2,3,1,8,2,1,80,0,999,99,0,16,2,2020,1,18,2,8,1,1,1,2,2,9
120275,1,1,65,1,1,11,20,1,9,0,1,0,1,0,1,35,66,999,0,0,1,2,1,8,1,14,13,0,60,99,0,11,2,2020,3,19,2,42,1,1,6,2,1,4
120276,1,1,20,1,1,11,20,20,0,0,2,0,2,0,1,93,76,999,0,0,1,2,1,8,1,14,12,0,80,0,91,23,1,2020,5,19,2,53,1,1,4,5,10,3
120278,1,1,19,1,1,11,3,20,0,0,1,0,1,0,1,20,70,999,1,0,1,4,1,8,1,11,80,0,13,0,0,18,2,2020,3,18,2,8,3,2,1,5,1,0
120279,1,1,38,1,1,11,99,2,0,0,1,0,1,0,1,35,73,999,0,0,1,3,1,8,1,1,91,0,15,99,39,18,2,2020,3,10,2,10,6,1,1,1,1,4
120280,1,1,74,1,1,11,3,1,0,0,2,0,1,0,1,40,67,999,0,0,2,1,1,8,1,1,13,0,60,0,6,19,2,2020,4,9,2,33,1,1,4,1,10,4
120281,1,1,18,1,1,11,3,20,0,0,1,0,1,0,1,60,67,999,0,0,2,3,1,8,1,1,12,0,13,99,0,10,2,2020,2,23,2,33,1,1,3,3,1,4
120282,1,1,36,1,1,11,20,1,1,0,1,0,2,0,1,45,63,999,1,0,5,5,1,8,1,1,51,0,13,0,6,19,2,2020,4,3,2,12,1,1,1,3,1,4
120284,1,1,69,2,1,11,3,20,0,0,2,0,2,0,1,45,62,999,0,0,2,4,1,8,1,1,83,0,8,0,0,15,2,2020,7,21,2,9,1,1,1,3,10,0
120285,1,1,52,1,1,11,3,20,0,0,1,0,3,1,1,45,72,999,0,0,2,3,1,8,1,1,17,0,11,0,39,19,2,2020,4,16,2,12,2,2,1,1,1,4
120287,1,1,50,1,1,11,3,1,0,0,1,0,2,0,1,50,75,999,0,0,1,2,1,8,1,1,10,0,7,0,51,30,1,2020,5,14,2,12,1,1,1,1,1,1
120288,1,1,70,2,1,11,3,8,0,0,1,0,1,0,1,30,64,999,0,0,2,4,1,8,1,11,15,0,13,0,38,15,2,2020,7,20,2,12,2,2,1,3,1,2