ST_CASE,VEH_NO,PER_NO,AGE,SEX,PER_TYP,SEAT_POS,REST_USE,AIR_BAG,DRUGS,LOCATION,NUMOCCS,HIT_RUN,OWNER,V_CONFIG,HAZ_INV,TRAV_SP,DR_HGT,DR_WGT,PREV_SPD,SPEEDREL,VTRAFWAY,VNUM_LAN,VPROFILE,VPAVETYP,VSURCOND,P_CRASH1,P_CRASH2,DR_DRINK,VPICBODYCLASS,DRDISTRACT,DRIVERRF,DAY,MONTH,YEAR,DAY_WEEK,HOUR,RUR_URB,HARM_EV,RELJCT2,TYP_INT,REL_ROAD,LGT_COND,WEATHER,INJ_SEV
120289,1,1,47,2,1,11,3,20,0,0,3,0,1,0,1,35,65,999,0,0,1,4,1,8,1,1,80,0,7,0,0,19,2,2020,4,18,2,8,2,2,1,5,1,2
120290,1,1,58,1,1,11,3,8,0,0,1,0,1,0,1,90,71,999,0,0,2,3,1,8,1,1,17,0,13,0,36,28,1,2020,3,19,2,12,2,3,1,3,1,2
120292,1,1,29,1,1,11,3,8,0,0,1,0,4,0,1,8,73,999,0,0,2,3,1,8,2,11,15,0,7,93,38,14,2,2020,6,8,2,12,2,3,1,1,2,1
120293,1,1,30,1,1,11,20,8,0,0,1,0,2,0,1,60,71,999,0,0,3,2,1,8,2,1,52,1,7,99,6,16,2,2020,1,2,2,12,1,1,1,3,2,3
120294,1,1,60,1,1,11,20,20,1,0,1,0,1,0,1,25,70,999,0,0,1,2,1,2,1,1,13,1,83,0,0,22,2,2020,7,18,2,41,1,1,4,1,1,4
120295,1,1,999,9,1,11,99,99,8,0,99,1,9,99,1,999,999,999,99,0,1,4,1,2,1,1,80,0,999,99,0,22,2,2020,7,21,2,8,1,1,1,3,1,9
120301,1,1,28,1,1,11,20,20,9,0,1,0,1,0,1,55,68,999,2,0,3,3,6,8,1,1,51,0,80,99,6,26,1,2020,1,17,2,12,18,1,1,1,1,4
120302,1,1,31,2,1,11,3,20,0,0,2,0,1,0,1,40,66,999,1,0,5,5,1,2,1,1,80,0,13,0,0,23,2,2020,1,21,2,8,3,2,1,3,1,0
120303,1,1,75,2,1,11,3,3,0,0,2,0,1,0,1,15,65,999,0,0,1,3,6,8,1,11,15,0,5,0,38,22,2,2020,7,12,2,12,4,1,1,1,1,4
120304,1,1,24,1,1,11,20,20,0,0,1,0,1,0,1,70,76,999,1,3,1,3,1,8,1,1,98,0,80,0,0,8,2,2020,7,19,2,1,2,2,1,3,1,4
120305,1,1,50,1,1,11,20,8,0,0,1,0,1,0,1,80,68,999,0,0,3,4,1,8,1,15,12,1,7,99,6,2,2,2020,1,20,2,25,1,1,3,3,1,4
120306,1,1,37,1,1,11,20,1,0,0,1,0,2,0,1,65,78,999,0,0,3,6,6,2,2,14,13,1,60,99,6,23,2,2020,1,4,2,25,1,1,3,3,2,4
120309,1,1,58,1,1,11,3,20,0,0,1,0,1,0,1,45,65,999,0,0,2,4,1,8,1,1,80,0,13,0,0,13,2,2020,5,23,2,8,1,1,1,2,1,0
120313,1,1,35,1,1,11,20,1,1,0,1,0,2,0,1,70,71,999,0,0,3,4,1,8,1,1,52,0,60,99,6,26,1,2020,1,14,2,12,1,1,1,1,1,3
120315,1,1,42,1,1,11,3,20,0,0,2,0,3,0,1,45,71,999,0,0,2,3,1,8,1,1,13,0,13,0,36,14,2,2020,6,12,2,33,1,1,4,1,1,0
120320,1,1,20,2,1,11,3,7,0,0,2,0,1,0,1,29,67,999,0,0,2,4,1,8,1,11,15,0,7,93,39,13,2,2020,5,21,2,12,2,2,1,3,1,1
120321,1,1,58,1,1,11,3,20,0,0,3,0,1,0,1,45,67,999,0,0,2,5,1,8,1,1,80,0,13,0,0,10,2,2020,2,18,2,8,1,1,1,2,1,0
120322,1,1,21,1,1,11,3,20,0,0,2,0,2,0,1,998,73,999,0,0,1,3,1,8,1,1,80,0,13,99,0,22,2,2020,7,23,2,8,1,1,1,3,10,0
120325,1,1,25,1,1,11,20,1,9,0,1,0,2,0,1,60,999,999,0,3,1,2,1,2,1,14,12,0,13,99,0,24,2,2020,2,0,2,24,1,1,4,2,1,4
120326,1,1,35,1,1,11,3,20,0,0,1,0,0,0,1,35,68,999,0,0,2,3,1,8,1,1,80,0,13,0,0,10,2,2020,2,20,2,8,1,1,1,2,1,0
120328,1,1,29,1,1,11,3,20,0,0,1,0,1,0,1,45,70,999,0,0,2,4,1,8,1,1,80,0,3,0,0,22,2,2020,7,21,2,8,3,2,1,3,1,0
120330,1,1,34,1,1,11,3,20,8,0,99,1,1,0,1,45,68,999,0,0,1,2,8,8,1,1,13,0,60,99,6,8,2,2020,7,19,2,9,1,1,2,2,1,0
120331,1,1,83,1,1,11,98,20,9,0,1,0,1,0,1,998,73,999,0,0,1,2,1,2,2,1,13,0,13,99,0,26,2,2020,4,9,2,32,1,1,4,1,2,4
120332,1,1,68,1,1,11,3,20,0,0,2,0,1,0,1,998,70,999,0,0,5,5,1,8,1,1,83,0,2,0,0,18,2,2020,3,5,2,9,3,2,1,6,1,0
120334,1,1,26,1,1,11,20,20,0,0,1,0,1,0,1,50,70,999,0,0,5,3,1,2,1,1,13,1,85,0,0,18,1,2020,7,0,2,26,1,1,5,2,10,4
120336,1,1,30,1,1,11,20,20,0,0,2,0,3,1,1,45,73,999,0,0,2,6,1,8,1,1,17,0,11,99,0,24,2,2020,2,23,2,12,2,2,1,3,1,2
120337,1,1,47,1,1,11,3,8,1,0,2,0,1,0,1,25,73,999,2,0,1,2,1,8,1,11,15,0,5,0,38,22,2,2020,7,13,2,12,2,3,1,1,1,4
120338,1,1,27,1,1,11,20,20,9,0,1,0,1,0,1,998,69,999,1,0,1,2,1,8,1,98,13,0,13,99,0,27,2,2020,5,6,2,52,1,1,4,7,1,4
120339,1,1,24,1,1,11,3,20,0,0,1,0,2,0,1,55,999,999,6,0,2,3,1,8,2,1,80,0,9,0,0,16,2,2020,1,23,2,8,1,1,1,2,10,0
120340,1,1,72,1,1,11,3,8,0,0,1,0,2,0,1,10,70,999,0,0,1,2,1,8,1,11,15,0,7,0,38,8,2,2020,7,13,2,12,2,2,1,1,1,0
120342,1,1,33,1,1,11,3,8,0,0,1,0,1,0,1,45,67,999,0,0,2,3,1,8,1,1,50,1,13,15,6,22,2,2020,7,22,2,12,2,2,1,3,1,0
120343,1,1,26,2,1,11,3,20,0,0,1,0,1,0,1,40,67,999,0,0,2,4,1,8,2,1,80,0,5,0,0,16,2,2020,1,19,2,8,1,1,1,3,2,0
120344,1,1,29,1,1,11,20,1,9,0,1,0,1,0,1,5,73,999,0,0,1,3,1,8,1,1,17,0,13,99,38,11,2,2020,3,5,2,12,2,3,1,2,10,4
120345,1,1,53,1,1,11,3,20,0,0,1,0,1,0,1,35,66,999,0,0,2,5,1,8,2,1,80,0,13,0,0,22,2,2020,7,23,2,8,3,2,1,3,2,0
120348,1,1,58,2,1,11,3,20,0,0,1,0,1,0,1,55,64,999,0,0,3,6,1,8,1,1,80,0,7,0,0,7,2,2020,6,19,2,8,1,1,1,3,1,0
120349,1,1,43,1,1,11,3,1,0,0,1,0,1,0,1,50,70,999,1,0,3,2,1,8,1,1,12,0,13,0,51,22,2,2020,7,17,2,25,1,1,3,5,1,4
120350,1,1,51,1,1,11,3,20,9,0,1,1,2,0,1,40,67,999,0,0,5,5,1,8,1,1,80,0,7,99,0,29,2,2020,7,12,2,8,1,1,1,1,1,0
120352,1,1,32,1,1,11,3,1,0,0,1,0,1,0,1,70,72,999,0,3,2,3,1,2,1,1,12,1,7,99,36,29,2,2020,7,3,2,33,1,1,3,3,1,4
120353,1,1,64,2,1,11,3,20,0,0,2,0,3,0,1,20,71,999,0,0,1,2,1,8,2,1,17,0,13,0,38,21,2,2020,6,18,2,12,2,2,1,1,2,1
120354,1,1,86,1,1,11,3,8,1,0,1,0,3,0,1,10,70,999,0,0,1,2,1,8,1,11,15,0,7,93,39,27,2,2020,5,11,2,12,2,3,1,1,1,4
120356,1,1,59,1,1,11,3,20,0,0,1,0,1,1,1,70,72,999,0,0,3,4,1,8,1,1,52,0,11,93,6,25,2,2020,3,8,2,12,18,1,1,1,1,0
120357,1,1,32,2,1,11,20,1,0,0,2,0,1,0,1,5,61,999,0,0,0,0,0,0,0,11,15,0,13,99,38,28,2,2020,6,23,2,12,8,1,1,3,1,4
120358,1,1,32,1,1,11,3,20,0,0,1,0,2,0,1,35,66,999,0,0,1,2,6,8,1,1,80,0,60,0,0,27,2,2020,5,21,2,8,1,1,1,2,1,0
120359,1,1,53,1,1,11,20,8,9,0,1,0,2,0,1,40,66,999,0,0,2,3,1,8,1,1,10,0,13,99,0,22,2,2020,7,23,2,42,1,1,4,3,10,4
120360,1,1,48,2,1,11,2,20,0,0,1,0,3,21,1,17,63,999,0,0,6,6,6,8,1,1,80,0,16,0,0,13,2,2020,5,21,2,8,5,1,1,3,1,0
120361,1,1,80,1,1,11,3,20,0,0,2,0,1,0,1,5,78,999,0,0,5,5,1,8,1,1,80,0,2,99,38,28,2,2020,6,17,2,8,3,2,1,1,1,0
120362,1,1,21,1,1,11,20,20,0,0,1,0,1,0,1,130,68,999,0,3,2,2,5,8,1,14,13,0,80,0,0,22,2,2020,7,14,2,23,1,1,4,1,1,4
120363,1,1,57,1,1,11,3,20,0,0,1,0,1,0,1,15,72,999,0,0,2,5,1,8,1,11,15,0,7,0,38,21,2,2020,6,6,2,12,2,3,1,3,1,0
120365,1,1,58,2,1,11,3,20,0,0,1,0,3,0,1,25,63,999,0,0,1,2,3,8,1,14,80,0,7,0,0,3,2,2020,2,6,2,8,3,3,1,4,1,0
120366,1,1,30,1,1,11,20,20,1,0,1,0,2,0,1,71,66,999,0,3,2,3,1,8,2,1,62,0,80,99,0,26,2,2020,4,20,2,12,4,1,1,3,2,4
120368,1,1,42,1,1,11,20,20,0,0,2,0,2,0,1,61,73,999,0,0,1,3,1,8,1,1,14,0,13,0,39,8,1,2020,4,19,2,42,3,3,4,3,1,4
120369,1,1,41,1,1,11,3,8,0,0,1,0,1,0,1,65,72,999,1,0,3,2,1,8,1,1,50,0,60,0,0,26,2,2020,4,13,2,12,1,1,1,1,10,1
120370,1,1,17,1,1,11,3,20,0,0,2,0,2,0,1,15,74,999,0,0,1,2,1,8,1,11,15,0,60,0,38,1,3,2020,1,14,2,12,2,3,1,1,1,0
120372,1,1,30,1,1,11,3,20,0,0,2,0,2,0,1,30,66,999,0,0,1,2,1,8,1,11,15,0,7,0,48,26,2,2020,4,20,2,12,2,2,1,5,1,0
120373,1,1,54,2,1,11,3,20,0,0,1,0,1,0,1,10,62,999,0,0,1,2,1,8,1,1,80,0,13,0,0,3,3,2020,3,7,2,8,2,2,1,1,1,0
120374,1,1,19,1,1,11,3,20,0,0,1,0,2,0,1,45,999,999,1,0,2,4,1,8,1,1,83,0,13,99,0,19,2,2020,4,18,2,9,3,3,1,3,1,0
120376,1,1,17,1,1,11,3,8,0,0,3,0,1,0,1,65,71,999,0,0,3,4,5,8,1,6,12,0,13,0,36,17,2,2020,2,23,2,24,1,1,4,2,1,2
120377,1,1,38,2,1,11,3,8,0,0,1,0,2,0,1,75,71,999,0,0,2,4,1,8,1,1,17,1,7,99,0,17,2,2020,2,18,2,12,2,2,1,3,10,3
120378,1,1,30,2,1,11,3,8,1,0,1,0,1,0,1,68,62,999,0,0,3,3,5,8,2,1,50,0,13,99,6,25,2,2020,3,13,2,12,1,1,1,1,2,4
120380,1,1,19,1,1,11,3,8,0,0,1,0,2,0,1,100,75,999,0,0,2,2,1,8,1,14,12,1,13,99,6,23,2,2020,1,4,2,42,1,1,3,2,1,4
120382,1,1,22,1,1,11,3,1,0,0,1,0,1,0,1,70,74,999,0,0,3,4,1,8,1,1,13,0,13,0,6,4,2,2020,3,16,2,14,1,1,2,1,10,1
120384,1,1,39,1,1,11,3,20,0,0,1,0,1,0,1,45,72,999,0,0,2,2,1,8,1,1,80,0,60,0,0,1,3,2020,1,20,2,8,1,1,1,2,1,0
120386,1,1,88,2,1,11,3,1,0,0,1,0,1,0,1,30,64,999,0,0,1,2,1,8,1,1,17,0,13,0,39,26,2,2020,4,9,2,12,2,2,1,1,10,4
120388,1,1,33,8,1,11,3,20,9,0,99,1,4,0,1,999,68,999,0,0,2,3,1,8,1,1,80,0,13,0,0,8,3,2020,1,3,2,8,1,1,1,3,1,9
120389,1,1,24,2,1,11,3,20,0,0,5,0,2,0,1,55,57,999,0,0,2,4,1,8,1,1,80,0,7,99,0,23,2,2020,1,6,2,8,3,2,1,3,1,0
120390,1,1,24,1,1,11,3,20,0,0,1,0,3,0,1,998,71,999,0,0,2,5,1,8,1,1,80,0,13,0,0,25,2,2020,3,19,2,8,1,1,1,3,1,0
120392,1,1,67,2,1,11,3,8,0,0,1,0,1,0,1,5,66,999,0,0,0,0,0,0,0,1,17,0,3,0,38,3,1,2020,6,20,2,12,8,1,1,3,1,3
120393,1,1,68,1,1,11,20,20,0,0,1,0,1,0,1,65,70,999,0,0,3,5,1,2,1,1,13,0,60,99,6,3,1,2020,6,6,2,1,1,1,4,1,1,4
120394,1,1,23,1,1,11,20,8,9,0,1,0,2,0,1,75,67,999,1,0,2,2,1,8,1,1,13,0,13,99,36,4,1,2020,7,12,2,24,1,1,4,1,1,4
120396,1,1,51,2,1,11,20,1,1,0,1,0,2,0,1,998,66,999,0,0,3,4,1,8,1,1,54,0,13,99,51,6,1,2020,2,21,2,12,1,1,1,2,1,4
120397,1,1,33,2,1,11,3,1,0,0,1,0,2,0,1,50,63,999,0,0,3,4,1,8,1,1,52,0,60,93,6,7,1,2020,3,10,2,12,1,1,1,1,1,4
120399,1,1,19,1,1,11,8,20,1,0,2,0,2,0,1,998,72,999,1,0,1,3,1,8,1,99,12,1,1,99,6,9,1,2020,5,20,2,33,1,1,4,3,1,1
120403,1,1,73,1,1,11,3,20,0,0,2,0,1,0,1,35,70,999,0,0,2,3,1,8,1,1,80,0,2,0,0,14,1,2020,3,20,2,8,2,3,1,3,1,0
120406,1,1,43,1,1,11,3,20,1,0,2,0,3,2,1,60,74,999,0,0,2,2,1,8,1,1,80,0,11,0,0,23,1,2020,5,5,2,8,1,1,1,2,1,0
120408,1,1,51,1,1,11,3,20,0,0,4,0,1,19,1,70,69,999,0,0,3,3,1,8,1,1,1,0,78,0,0,26,1,2020,1,12,2,59,1,1,4,1,1,2
120409,1,1,30,1,1,11,3,1,1,0,1,0,2,0,1,50,77,999,0,0,2,2,1,8,1,1,54,1,7,99,51,26,1,2020,1,3,2,12,18,1,1,3,1,0
120410,1,1,22,2,1,11,3,20,0,0,1,0,2,0,1,70,67,999,1,0,3,4,1,8,1,1,80,0,13,0,0,28,1,2020,3,21,2,8,1,1,1,3,1,0
120411,1,1,999,9,1,11,99,20,8,0,99,1,4,1,1,55,999,999,99,0,3,4,1,8,2,1,80,0,11,99,0,1,2,2020,7,15,2,8,1,1,1,1,2,9
120412,1,1,60,1,1,11,3,8,9,0,1,0,1,0,1,25,66,999,1,0,6,2,1,8,2,1,12,0,13,0,58,1,2,2020,7,8,2,42,5,1,6,1,10,4
120417,1,1,27,1,1,11,20,20,9,0,1,0,3,0,1,35,72,999,0,0,2,2,1,8,1,14,13,0,12,99,0,15,2,2020,7,23,2,42,1,1,4,3,1,4
120418,1,1,28,1,1,11,8,20,0,0,1,0,1,0,1,45,66,999,0,0,2,5,1,8,1,98,51,0,7,99,0,1,2,2020,7,22,2,12,2,2,1,3,1,0
120419,1,1,21,1,1,11,20,8,9,0,1,0,2,0,1,83,66,999,0,0,2,5,1,8,1,1,13,0,7,99,0,16,2,2020,1,7,2,30,1,1,4,1,1,4
120420,1,1,72,1,1,11,3,8,0,0,2,0,1,0,1,998,76,999,0,0,1,2,1,8,1,11,15,0,60,0,38,19,2,2020,4,11,2,12,2,3,1,1,10,2
120421,1,1,36,2,1,11,3,20,0,0,1,0,2,0,1,10,66,999,0,0,4,1,1,8,1,1,13,1,7,99,6,22,2,2020,7,21,2,33,1,1,4,3,1,4
120424,1,1,56,1,1,11,3,20,0,0,1,0,1,0,1,10,69,999,0,0,2,4,1,8,1,15,11,0,13,0,0,24,2,2020,2,13,2,12,1,1,1,1,1,1
120425,1,1,60,1,1,11,3,1,0,0,1,0,1,0,1,50,73,999,2,0,2,2,1,8,1,1,80,0,13,0,0,24,2,2020,2,21,2,8,1,1,1,2,1,0
120427,1,1,33,1,1,11,3,20,0,0,1,0,2,0,1,40,72,999,1,0,6,2,1,8,1,15,11,0,60,0,28,27,2,2020,5,9,2,12,5,1,1,1,1,0
120429,1,1,25,2,1,11,3,20,0,0,1,0,2,0,1,55,64,999,0,0,2,2,5,8,1,1,80,0,13,0,0,25,2,2020,3,23,2,8,1,1,1,2,1,0
120430,1,1,70,1,1,11,3,20,0,0,1,0,1,0,1,10,68,999,0,0,1,2,1,8,1,1,80,0,7,0,38,26,2,2020,4,8,2,8,3,2,1,1,1,0
120431,1,1,999,9,1,11,99,99,8,0,99,1,9,99,1,35,999,999,99,0,1,2,1,8,1,1,80,0,999,99,0,1,3,2020,1,4,2,8,1,1,1,2,1,0
120433,1,1,56,1,1,11,20,20,9,0,1,0,1,0,1,50,67,999,0,0,2,4,1,8,1,1,62,0,60,0,39,9,2,2020,1,9,2,12,2,2,1,1,1,4
120434,1,1,33,2,1,11,98,99,0,0,1,0,2,0,1,60,65,999,0,0,2,2,1,8,1,1,13,0,13,99,0,14,2,2020,6,18,2,33,1,1,4,3,1,4
120435,1,1,26,1,1,11,3,20,0,0,1,0,2,1,1,53,73,999,0,0,3,2,1,8,1,1,52,0,74,0,6,18,2,2020,3,17,2,12,1,1,1,1,1,2
120436,1,1,38,1,1,11,20,8,9,0,1,0,1,0,1,55,66,999,0,4,3,3,1,8,2,1,12,0,7,99,0,20,2,2020,5,21,2,24,1,1,4,3,2,4
120437,1,1,28,1,1,11,3,20,0,0,1,0,1,0,1,45,66,999,0,0,1,4,1,8,1,1,80,0,13,0,0,29,2,2020,7,19,2,8,1,1,1,3,1,0
120438,1,1,66,1,1,11,20,20,0,0,1,0,1,0,1,44,68,999,1,0,2,3,1,8,1,1,50,1,6,0,6,1,3,2020,1,18,2,12,2,2,1,5,1,4
120439,1,1,35,1,1,11,20,20,9,0,1,0,1,0,1,5,66,999,0,0,2,3,1,8,1,12,21,0,81,99,0,1,3,2020,1,2,2,12,2,2,1,3,1,4
120440,1,1,19,1,1,11,3,20,9,0,1,0,1,0,1,998,70,999,0,0,2,2,1,8,1,1,80,0,13,0,0,5,3,2020,5,14,2,8,1,1,1,1,10,0
120441,1,1,48,1,1,11,3,20,0,0,1,0,1,0,1,35,70,999,0,0,1,2,1,8,1,1,80,0,13,0,0,6,3,2020,6,19,2,8,1,1,1,2,1,0
120442,1,1,35,2,1,11,3,8,0,0,1,0,1,0,1,998,64,999,1,0,2,2,1,8,1,1,12,1,13,99,0,6,3,2020,6,1,2,59,1,1,4,2,1,2
120443,1,1,37,1,1,11,3,20,9,0,1,0,2,0,1,998,72,999,0,0,5,5,1,8,1,1,80,0,13,99,0,9,3,2020,2,1,2,8,1,1,1,3,1,0
120444,1,1,57,2,1,11,3,20,0,0,1,0,2,0,1,20,65,999,0,0,2,6,1,8,1,1,17,0,13,93,39,18,1,2020,7,5,2,12,2,2,1,3,1,0
120445,1,1,19,2,1,11,3,20,0,0,5,0,1,0,1,25,63,999,0,0,1,2,1,8,1,1,98,0,5,0,0,22,1,2020,4,19,2,5,1,1,1,3,1,0
120446,1,1,77,2,1,11,3,1,0,0,1,0,1,0,1,15,61,999,0,0,2,3,1,8,1,11,15,0,7,0,38,10,2,2020,2,14,2,12,2,2,1,1,1,4
120447,1,1,72,2,1,11,3,8,1,0,1,0,1,0,1,15,65,999,0,0,1,3,1,8,1,1,17,0,5,0,39,13,2,2020,5,21,2,12,2,2,1,3,1,4
120448,1,1,39,1,1,11,20,8,1,0,1,0,1,0,1,50,69,999,1,0,1,2,1,8,1,14,54,0,13,99,51,18,2,2020,3,17,2,12,1,1,1,1,10,4
120449,1,1,74,1,1,11,3,8,0,0,1,0,1,0,1,10,66,999,0,0,1,2,1,8,1,1,17,0,7,93,38,30,1,2020,5,16,2,12,2,2,1,1,1,2
120450,1,1,60,1,1,11,3,20,0,0,1,0,1,0,1,998,69,999,2,0,2,3,1,8,1,1,62,0,7,99,0,27,2,2020,5,8,2,12,2,2,1,1,10,4
120451,1,1,37,1,1,11,3,20,0,0,2,1,2,0,1,20,999,999,0,0,1,2,1,8,2,11,15,0,60,93,60,26,2,2020,4,23,2,12,2,2,1,3,2,0
120453,1,1,36,1,1,11,3,20,0,0,1,0,1,0,1,15,66,999,0,0,2,4,1,8,1,1,83,0,60,0,0,11,2,2020,3,22,2,9,2,2,1,3,1,0
120454,1,1,39,2,1,11,3,20,0,0,1,0,1,0,1,45,66,999,0,0,1,2,1,8,1,1,80,0,8,0,0,2,3,2020,2,9,2,8,1,1,1,1,1,0
120455,1,1,58,2,1,11,3,8,1,0,1,0,1,0,1,45,64,999,0,0,2,5,1,8,1,1,17,0,7,99,39,27,2,2020,5,13,2,12,2,2,1,1,1,1
120457,1,1,998,9,1,11,99,99,9,0,99,1,9,99,1,50,999,999,99,0,2,3,1,8,1,1,80,0,999,99,0,28,2,2020,6,0,2,8,1,1,1,2,1,9
120458,1,1,88,1,1,11,3,8,0,0,2,0,1,0,1,10,71,999,0,0,0,0,0,0,0,11,15,0,13,93,38,3,3,2020,3,17,2,12,4,1,1,1,1,4
120459,1,1,29,1,1,11,3,20,0,0,2,0,1,0,1,998,73,999,0,0,2,4,1,8,1,1,83,0,13,0,0,27,2,2020,5,21,2,9,2,2,1,3,1,0
120460,1,1,27,1,1,11,20,20,0,0,1,0,2,0,1,998,74,999,1,0,2,2,1,8,1,1,12,0,80,0,0,10,3,2020,3,4,2,59,1,1,4,3,1,4
120461,1,1,68,2,1,11,3,2,0,0,1,0,1,0,1,998,66,999,0,0,5,7,1,8,1,11,15,0,13,0,38,10,3,2020,3,10,2,12,2,2,1,1,1,1
120462,1,1,50,1,1,11,20,1,0,0,1,0,2,0,1,65,72,999,2,0,6,3,1,2,1,14,12,1,95,99,6,8,2,2020,7,7,2,25,5,1,8,1,10,4
120463,1,1,74,1,1,11,20,1,0,0,1,0,1,0,1,10,66,999,0,0,2,2,1,8,1,1,17,0,13,0,38,4,3,2020,4,17,2,12,2,2,1,1,1,4
120464,1,1,21,1,1,11,3,8,0,0,5,0,1,0,1,147,72,999,0,0,3,6,1,8,1,15,13,1,5,0,36,8,3,2020,1,3,2,35,1,1,4,3,1,3
120465,1,1,59,1,1,11,3,8,0,0,1,0,2,0,1,5,75,999,0,0,2,4,1,8,1,11,15,0,7,0,38,4,3,2020,4,23,2,12,2,3,1,3,1,1
120466,1,1,43,1,1,11,3,8,1,0,2,0,1,0,1,65,74,999,0,0,6,2,1,8,1,15,12,1,13,99,36,9,3,2020,2,20,2,31,5,1,4,3,10,4
120467,1,1,22,1,1,11,3,99,9,0,1,0,1,0,1,90,71,999,1,3,3,3,1,2,1,1,13,0,60,99,6,1,3,2020,1,0,2,52,1,1,4,2,1,4
120468,1,1,70,1,1,11,3,20,0,0,1,0,1,0,1,45,70,999,0,0,2,2,1,8,1,1,80,0,60,0,0,4,3,2020,4,20,2,8,1,1,1,2,1,0
120469,1,1,47,1,1,11,20,20,9,0,2,0,2,0,1,50,69,999,0,0,2,4,1,8,1,15,11,0,81,0,6,10,3,2020,3,0,2,12,1,1,1,3,1,4
120470,1,1,67,2,1,11,3,20,0,0,1,0,1,0,1,70,69,999,0,0,3,5,1,8,1,1,80,0,1,0,0,24,2,2020,2,21,2,8,18,1,1,3,1,1
120471,1,1,22,1,1,11,3,1,1,0,1,0,1,0,1,60,68,999,0,0,1,2,6,8,2,6,10,1,13,99,34,26,2,2020,4,16,2,12,1,1,1,1,2,4
120473,1,1,23,1,1,11,3,20,0,0,2,0,2,0,1,45,69,999,0,0,3,3,1,8,1,1,80,0,13,0,0,7,3,2020,7,6,2,8,1,1,1,4,1,0
120474,1,1,19,1,1,11,3,2,0,0,1,0,1,0,1,5,67,999,0,0,2,3,1,8,1,11,15,0,13,0,38,3,3,2020,3,19,2,12,2,3,1,3,1,0
120475,1,1,35,1,1,11,20,20,9,0,1,0,1,0,1,50,70,999,0,3,1,2,1,8,1,6,54,1,94,0,35,8,3,2020,1,1,2,12,1,1,1,3,1,4
120476,1,1,28,2,1,11,3,8,1,0,1,0,1,0,1,65,66,999,0,0,3,3,1,8,1,1,54,1,5,0,51,9,3,2020,2,2,2,12,1,1,1,3,1,4
120477,1,1,82,2,1,11,3,20,0,0,2,0,1,0,1,10,64,999,0,0,2,4,1,8,1,11,15,0,13,0,38,13,3,2020,6,6,2,12,2,2,1,3,1,2
120478,1,1,34,1,1,11,3,20,0,0,2,0,2,0,1,30,71,999,3,0,5,5,1,8,1,1,83,0,13,99,0,14,3,2020,7,13,2,9,1,1,1,1,1,0
120479,1,1,46,2,1,11,3,8,9,0,1,0,1,0,1,15,67,999,0,0,2,3,1,8,1,12,21,0,7,99,38,11,1,2020,7,16,2,12,2,2,1,1,1,4
120480,1,1,32,1,1,11,3,1,1,0,99,1,2,0,1,80,72,999,0,0,3,3,1,8,1,1,51,1,60,93,6,9,2,2020,1,6,2,12,18,1,1,4,1,0
120481,1,1,21,1,1,11,3,1,0,0,1,0,1,0,1,60,69,999,1,0,3,3,1,8,1,1,52,0,13,93,6,19,2,2020,4,18,2,12,1,1,1,3,1,0
120483,1,1,39,1,1,11,20,1,1,0,1,0,1,0,1,998,72,999,0,3,1,2,1,8,1,1,12,1,7,99,39,1,3,2020,1,1,2,33,3,2,4,3,1,4
120485,1,1,62,1,1,11,3,8,0,0,3,0,2,0,1,15,69,999,0,0,2,4,1,8,1,11,15,0,7,0,38,8,3,2020,1,23,2,12,2,2,1,3,1,2
120486,1,1,22,1,1,11,3,8,9,0,1,0,3,0,1,65,76,999,2,0,1,2,1,8,1,14,10,1,13,99,28,14,3,2020,7,6,2,12,1,1,1,3,1,4
120487,1,1,18,1,1,11,3,8,0,0,1,0,1,0,1,15,69,999,0,0,1,2,1,8,1,1,17,0,13,0,38,4,2,2020,3,18,2,12,2,3,1,3,1,4
120488,1,1,74,2,1,11,20,1,0,0,1,0,1,0,1,55,63,999,0,0,2,3,1,8,1,1,50,0,7,99,6,17,2,2020,2,15,2,12,2,2,1,1,1,4
120490,1,1,32,1,1,11,3,20,0,0,1,0,4,0,1,10,69,999,0,0,1,3,1,8,1,11,80,0,95,12,0,12,3,2020,5,15,2,8,3,2,1,1,1,0
120491,1,1,51,1,1,11,3,20,0,0,1,0,0,0,1,1,76,999,0,0,3,3,1,8,1,12,21,0,60,0,38,10,3,2020,3,22,2,12,1,1,1,3,1,0
120493,1,1,28,1,1,11,20,1,1,0,1,0,1,0,1,55,65,999,1,0,2,2,1,8,2,1,12,0,60,99,6,26,2,2020,4,21,2,12,1,1,1,2,2,4
120496,1,1,63,1,1,11,20,20,9,0,1,0,1,0,1,55,70,195,1,0,2,2,1,8,1,1,98,1,81,0,51,14,3,2020,7,2,2,12,1,1,1,3,10,4
120497,1,1,36,1,1,11,3,20,0,0,1,0,1,0,1,15,68,999,1,0,2,3,1,8,1,12,21,0,60,0,0,4,3,2020,4,21,2,12,1,1,1,2,1,0
120498,1,1,25,1,1,11,3,8,9,0,1,0,2,0,1,35,66,999,0,0,5,3,1,2,1,1,13,0,13,0,0,6,3,2020,6,12,2,43,1,1,4,1,1,4
120499,1,1,29,1,1,11,20,20,9,0,1,0,1,0,1,72,71,999,0,3,2,3,1,8,1,1,80,0,80,0,6,27,2,2020,5,19,2,8,1,1,1,3,1,3
120500,1,1,82,1,1,11,3,99,0,0,3,0,1,0,1,65,68,999,0,0,3,6,1,8,1,1,13,0,7,99,0,1,3,2020,1,17,2,38,1,1,5,1,1,4
120501,1,1,21,2,1,11,3,20,0,0,1,0,1,0,1,25,59,999,0,0,3,5,1,8,1,2,53,0,7,99,0,4,3,2020,4,13,2,12,1,1,1,1,1,2