ST_CASE,VEH_NO,PER_NO,AGE,SEX,PER_TYP,SEAT_POS,REST_USE,AIR_BAG,DRUGS,LOCATION,NUMOCCS,HIT_RUN,OWNER,V_CONFIG,HAZ_INV,TRAV_SP,DR_HGT,DR_WGT,PREV_SPD,SPEEDREL,VTRAFWAY,VNUM_LAN,VPROFILE,VPAVETYP,VSURCOND,P_CRASH1,P_CRASH2,DR_DRINK,VPICBODYCLASS,DRDISTRACT,DRIVERRF,DAY,MONTH,YEAR,DAY_WEEK,HOUR,RUR_URB,HARM_EV,RELJCT2,TYP_INT,REL_ROAD,LGT_COND,WEATHER,INJ_SEV
120502,1,1,19,1,1,11,20,8,1,0,1,0,2,0,1,65,70,999,0,0,2,3,1,8,2,14,13,0,13,99,6,5,3,2020,5,7,2,42,1,1,6,1,2,4
120503,1,1,74,1,1,11,20,8,0,0,2,0,1,0,1,20,70,999,0,0,1,2,1,8,1,11,15,0,7,0,38,6,3,2020,6,11,2,12,2,3,1,1,1,0
120504,1,1,21,1,1,11,3,8,0,0,2,0,1,0,1,50,67,999,0,0,2,2,1,8,1,1,67,0,13,0,0,8,3,2020,1,11,2,12,2,2,1,1,10,4
120506,1,1,41,2,1,11,20,8,8,0,1,0,1,0,1,45,66,999,0,0,3,4,1,2,1,11,15,0,13,99,38,12,3,2020,5,14,2,12,2,3,1,1,1,4
120508,1,1,20,1,1,11,20,8,1,0,1,0,2,0,1,40,71,999,1,0,1,2,1,8,1,1,10,1,60,99,38,14,3,2020,7,4,2,12,1,1,1,2,1,4
120509,1,1,59,1,1,11,3,20,0,0,1,0,3,0,1,45,67,999,0,0,2,3,1,8,1,1,80,0,13,0,0,3,3,2020,3,20,2,8,3,2,1,3,1,0
120510,1,1,31,1,1,11,3,20,0,0,1,0,1,0,1,50,68,999,0,0,2,3,1,8,1,1,80,0,13,0,0,15,3,2020,1,23,2,8,3,2,1,3,1,0
120511,1,1,57,2,1,11,3,8,0,0,1,0,1,0,1,15,65,999,0,0,2,2,1,8,1,12,98,0,7,93,38,3,3,2020,3,13,2,12,2,2,1,1,1,3
120512,1,1,25,1,1,11,3,8,9,0,1,0,1,0,1,45,67,999,0,0,2,2,1,8,1,1,12,0,5,99,0,9,3,2020,2,20,2,33,1,1,3,3,1,4
120513,1,1,61,2,1,11,3,20,0,0,1,0,1,0,1,50,63,999,0,0,1,2,1,8,1,1,83,0,7,0,0,10,3,2020,3,7,2,9,3,2,1,2,1,0
120514,1,1,66,2,1,11,3,20,0,0,1,0,1,0,1,25,68,999,0,0,1,2,1,8,1,13,80,0,7,0,31,11,3,2020,4,14,2,8,1,1,1,1,1,3
120515,1,1,70,1,1,11,20,20,9,0,1,0,1,0,1,50,76,999,0,0,1,2,1,8,1,1,17,0,94,0,6,12,3,2020,5,16,2,12,2,2,1,1,1,4
120517,1,1,40,1,1,11,3,20,0,0,1,0,1,0,1,20,67,999,0,0,2,5,1,8,1,11,15,0,13,0,38,12,3,2020,5,19,2,12,2,2,1,5,1,0
120519,1,1,48,2,1,11,3,8,0,0,1,0,1,0,1,45,64,999,2,0,2,4,1,8,1,1,67,0,13,99,36,13,3,2020,6,12,2,12,2,2,1,1,1,3
120520,1,1,22,2,1,11,3,20,0,0,1,0,1,0,1,45,62,999,0,0,3,3,1,8,1,1,80,0,13,0,0,13,3,2020,6,20,2,8,1,1,1,2,1,0
120523,1,1,82,1,1,11,3,20,0,0,2,0,1,0,1,50,64,999,0,0,2,3,1,8,1,1,80,0,7,0,0,15,3,2020,1,21,2,8,1,1,1,2,1,0
120524,1,1,26,2,1,11,20,20,1,0,1,0,1,0,1,5,62,999,1,0,1,2,1,2,2,11,15,0,81,0,6,17,3,2020,3,23,2,12,2,3,1,3,2,4
120525,1,1,34,2,1,11,3,1,0,0,1,0,2,0,1,998,69,999,0,0,1,2,1,8,1,1,51,0,7,0,58,7,3,2020,7,22,2,12,1,1,1,2,1,3
120526,1,1,62,1,1,11,20,20,9,0,1,0,1,0,1,998,71,999,0,0,2,2,1,8,1,1,13,1,94,0,51,18,3,2020,4,18,2,33,3,2,4,1,1,4
120527,2,1,60,2,1,11,3,1,1,0,1,0,3,0,1,72,67,999,0,0,3,3,1,8,1,1,50,0,60,99,0,12,3,2020,5,18,2,12,1,1,1,1,10,4
120528,1,1,31,1,1,11,20,8,1,0,1,0,2,0,1,50,73,999,0,4,6,2,1,8,2,14,12,1,7,0,0,31,1,2020,6,16,2,25,5,1,4,5,2,4
120529,1,1,43,1,1,11,20,1,9,0,1,0,2,0,1,50,72,999,0,4,1,2,1,8,1,1,17,1,13,99,0,1,3,2020,1,1,2,12,2,2,1,3,1,4
120530,2,1,27,1,1,11,3,20,0,0,1,0,4,1,1,60,75,999,0,0,2,3,1,8,1,14,50,0,11,0,0,1,3,2020,1,2,2,12,1,1,1,2,1,0
120537,1,1,75,2,1,11,3,20,0,0,1,0,1,0,1,25,60,999,0,0,1,2,1,8,1,1,80,0,7,0,0,14,2,2020,6,11,2,8,8,1,1,1,1,0
120538,1,1,34,1,1,11,3,20,0,0,3,0,3,1,1,30,67,999,0,0,1,2,1,8,1,1,80,0,11,0,0,21,3,2020,7,12,2,8,1,1,1,1,1,0
120540,1,1,34,1,1,11,3,1,0,0,1,0,3,0,1,15,70,999,0,0,2,5,1,8,1,11,15,0,7,0,39,6,3,2020,6,23,2,12,2,2,1,3,1,0
120541,1,1,57,2,1,11,3,20,0,0,1,0,1,0,1,39,65,999,0,0,2,4,1,8,1,1,80,0,13,0,0,6,2,2020,5,19,2,8,3,3,1,3,1,0
120542,1,1,39,2,1,11,3,20,0,0,2,0,2,0,1,20,66,999,0,0,2,3,1,8,1,1,80,0,13,0,0,14,3,2020,7,22,2,8,3,2,1,3,1,0
120546,1,1,60,1,1,11,3,20,0,0,1,0,1,0,1,30,72,999,0,0,1,2,1,8,1,1,17,0,7,93,39,20,3,2020,6,23,2,12,2,2,1,3,1,1
120547,1,1,76,1,1,11,3,8,0,0,1,0,0,0,1,35,71,999,0,0,2,3,1,2,1,99,13,0,7,99,0,12,2,2020,4,11,2,42,1,1,4,1,1,4
120550,1,1,42,1,1,11,20,1,0,0,1,0,1,0,1,65,77,999,1,0,3,6,1,2,1,1,12,1,13,99,6,26,2,2020,4,2,2,25,1,1,3,3,1,4
120551,1,1,32,1,1,11,3,20,8,0,99,1,1,0,1,45,69,999,1,0,3,2,1,8,1,1,80,0,13,99,0,20,3,2020,6,5,2,8,1,1,1,2,1,0
120552,1,1,36,1,1,11,3,8,1,0,1,0,1,0,1,57,69,999,1,0,3,2,6,8,1,14,98,1,13,0,50,15,3,2020,1,3,2,12,1,1,1,3,1,3
120553,1,1,35,1,1,11,20,20,0,0,2,0,2,0,1,65,67,999,0,4,1,2,1,8,1,1,14,0,13,0,39,18,3,2020,4,3,2,42,3,3,4,3,1,4
120554,1,1,26,1,1,11,3,20,0,0,1,0,2,0,1,45,75,999,0,0,2,3,1,8,1,1,80,0,13,0,0,21,3,2020,7,22,2,8,1,1,1,3,1,0
120555,1,1,55,1,1,11,20,20,9,0,1,0,1,0,1,35,73,999,0,0,6,2,1,8,1,14,13,1,81,99,6,15,3,2020,1,20,2,25,5,1,4,3,1,4
120557,1,1,24,1,1,11,20,20,0,0,1,0,1,0,1,75,70,999,0,3,1,6,1,8,1,1,98,1,81,0,39,12,3,2020,5,21,2,1,2,2,1,3,1,4
120559,1,1,29,1,1,11,2,20,0,0,1,0,3,21,1,40,77,999,2,0,1,4,1,8,1,14,80,0,16,0,0,12,3,2020,5,22,2,8,3,2,1,2,1,0
120560,1,1,36,1,1,11,3,20,0,0,1,0,1,0,1,50,70,999,0,0,2,6,1,8,1,1,80,0,7,0,0,17,3,2020,3,18,2,8,3,2,1,5,1,0
120561,1,1,55,2,1,11,3,8,1,0,1,0,2,0,1,60,65,999,0,0,2,3,1,8,1,15,10,0,1,0,0,9,3,2020,2,7,2,12,1,1,1,3,10,3
120562,1,1,17,1,1,11,3,1,9,0,3,0,1,0,1,55,66,999,0,0,1,2,1,8,1,1,10,0,7,99,51,22,2,2020,7,0,2,12,1,1,1,2,1,4
120564,1,1,54,2,1,11,3,20,0,0,1,0,3,0,1,45,63,999,0,0,2,6,1,8,1,1,80,0,5,0,0,15,3,2020,1,9,2,8,1,1,1,1,1,0
120565,1,1,32,1,1,11,3,8,1,0,1,0,2,0,1,60,67,999,0,3,2,2,1,8,1,14,12,1,13,99,6,13,3,2020,6,17,2,33,1,1,3,1,1,4
120566,1,1,36,1,1,11,20,20,0,0,1,0,1,0,1,65,72,999,0,3,2,3,1,8,1,15,98,0,80,99,85,15,3,2020,1,18,2,1,2,3,1,5,1,4
120567,1,1,53,1,1,11,3,20,1,0,1,0,1,0,1,35,69,999,0,0,1,2,1,8,1,1,80,1,60,0,0,21,3,2020,7,20,2,8,3,3,1,2,10,0
120568,1,1,31,1,1,11,3,20,0,0,2,0,1,0,1,45,72,999,0,0,5,6,1,8,1,1,83,0,3,0,0,3,1,2020,6,21,2,9,3,2,1,3,1,0
120569,1,1,29,2,1,11,20,8,0,0,1,0,1,0,1,65,64,999,0,0,2,2,1,8,1,14,13,1,5,99,0,21,2,2020,6,20,2,59,1,1,4,3,1,4
120570,1,1,27,1,1,11,20,20,0,0,1,0,1,0,1,75,69,999,1,3,2,3,1,8,1,14,12,1,80,99,0,23,2,2020,1,18,2,33,1,1,3,3,10,4
120573,1,1,83,1,1,11,3,20,0,0,1,0,1,0,1,45,70,999,0,0,2,3,1,8,1,1,83,0,2,0,0,19,3,2020,5,21,2,9,1,1,1,3,1,0
120574,1,1,56,1,1,11,3,20,0,0,2,0,1,0,1,45,72,999,0,0,2,2,1,8,1,1,80,0,13,0,0,18,3,2020,4,22,2,8,1,1,1,2,1,0
120575,1,1,46,2,1,11,3,2,0,0,1,0,1,0,1,998,67,999,0,0,2,3,5,8,1,11,15,0,13,99,0,3,3,2020,3,15,2,12,2,2,1,1,10,0
120576,1,1,40,2,1,11,3,20,0,0,1,0,3,0,1,30,66,999,1,0,2,3,1,8,1,1,80,0,7,0,0,23,3,2020,2,14,2,8,1,1,1,1,1,0
120580,1,1,47,1,1,11,20,8,0,0,1,0,2,0,1,60,68,999,0,0,1,5,1,8,2,1,51,0,13,99,0,12,1,2020,1,4,2,12,1,1,1,3,1,4
120582,1,1,43,2,1,11,3,8,0,0,1,0,2,0,1,60,64,999,1,0,1,2,1,2,1,1,10,0,5,0,28,14,1,2020,3,9,2,12,1,1,1,1,1,1
120587,1,1,71,1,1,11,3,20,0,0,1,0,1,0,1,40,75,999,0,0,2,2,1,8,1,15,80,0,60,0,0,16,1,2020,5,20,2,8,1,1,1,3,1,0
120593,1,1,17,2,1,11,3,20,0,0,1,0,2,0,1,10,66,999,0,0,3,3,1,8,1,11,15,0,13,0,38,16,1,2020,5,11,2,12,2,2,1,1,1,1
120594,1,1,81,2,1,11,3,8,0,0,1,0,1,0,1,30,63,999,0,0,0,0,0,0,0,11,15,0,5,0,38,29,1,2020,4,14,2,12,8,1,1,1,1,4
120596,1,1,46,1,1,11,3,20,0,0,1,0,1,0,1,45,70,999,0,0,2,3,1,8,1,1,80,0,60,0,38,15,1,2020,4,19,2,8,1,1,1,3,1,0
120598,1,1,55,1,1,11,3,2,1,0,1,0,1,0,1,55,69,999,0,0,2,3,1,2,1,14,12,1,13,99,0,4,2,2020,3,18,2,32,3,3,3,3,1,4
120601,1,1,57,1,1,11,20,20,0,0,2,0,1,0,1,45,73,999,0,4,6,1,1,8,1,14,12,0,81,93,0,9,2,2020,1,17,2,1,5,1,4,1,1,4
120602,1,1,82,1,1,11,3,20,0,0,2,0,2,0,1,10,67,999,0,0,0,0,0,0,0,11,15,0,13,0,38,5,2,2020,4,12,2,12,4,1,1,1,1,2
120603,1,1,21,2,1,11,3,20,0,0,2,0,1,0,1,998,999,999,0,0,1,2,1,8,1,1,80,0,7,0,0,8,2,2020,7,19,2,8,1,1,1,3,1,0
120604,1,1,34,2,1,11,3,20,0,0,2,0,1,0,1,20,65,999,0,0,1,2,1,8,1,11,83,0,7,93,38,11,2,2020,3,9,2,9,3,2,1,1,1,0
120607,1,1,76,2,1,11,3,8,0,0,2,0,1,0,1,30,999,999,0,0,2,3,1,8,1,11,15,0,13,93,38,9,2,2020,1,18,2,12,2,2,1,5,1,3
120608,1,1,26,1,1,11,20,20,1,0,1,0,1,0,1,65,69,999,0,0,2,2,1,8,1,1,13,1,7,0,0,20,2,2020,5,22,2,1,1,1,4,2,1,4
120609,1,1,36,1,1,11,20,3,0,0,2,0,2,0,1,35,64,999,0,0,2,3,1,8,2,1,12,0,7,99,0,22,2,2020,7,22,2,33,1,1,3,3,2,4
120614,1,1,39,1,1,11,20,1,9,0,1,0,1,0,1,90,69,999,0,3,2,3,1,8,1,1,12,0,13,0,6,17,2,2020,2,9,2,42,1,1,3,1,1,4
120615,1,1,38,1,1,11,3,20,0,0,2,0,3,1,1,45,68,999,0,0,2,3,1,8,1,1,83,0,11,0,0,21,2,2020,6,22,2,9,3,2,1,3,1,0
120617,1,1,24,1,1,11,20,20,9,0,1,0,1,0,1,60,66,999,0,0,3,5,1,8,1,1,51,0,80,99,6,27,2,2020,5,0,2,12,1,1,1,3,1,4
120618,1,1,57,1,1,11,3,20,0,0,1,0,3,6,1,45,73,999,0,0,2,2,1,8,1,1,80,0,66,0,0,12,2,2020,4,3,2,8,1,1,1,3,1,0
120619,1,1,17,2,1,11,3,2,0,0,1,0,2,0,1,15,70,999,0,0,2,2,1,8,1,1,17,0,13,0,38,14,2,2020,6,20,2,12,2,2,1,1,1,0
120620,1,1,56,1,1,11,20,20,0,0,1,0,1,0,1,45,72,999,0,0,2,5,1,8,1,1,80,0,119,0,0,7,3,2020,7,19,2,8,1,1,1,3,1,0
120621,1,1,62,1,1,11,3,20,0,0,1,0,1,0,1,35,68,999,0,0,2,3,1,8,1,1,83,0,13,0,0,7,3,2020,7,19,2,9,3,2,1,3,1,0
120622,1,1,60,1,1,11,20,20,0,0,1,0,3,2,1,70,69,999,0,0,3,3,5,8,1,1,1,0,11,0,0,5,3,2020,5,11,2,57,1,1,1,1,1,3
120623,1,1,68,2,1,11,3,20,0,0,2,0,1,0,1,35,69,999,0,0,1,2,1,8,1,1,80,0,7,0,0,8,3,2020,1,19,2,8,1,1,1,3,1,0
120626,1,1,21,1,1,11,3,8,0,0,4,0,2,0,1,55,74,999,0,0,3,4,1,8,1,15,10,0,13,0,6,25,2,2020,3,22,2,12,1,1,1,3,1,1
120627,1,1,69,1,1,11,20,20,0,0,2,0,1,0,1,25,67,999,0,0,1,3,1,8,1,1,83,0,60,0,0,4,3,2020,4,18,2,9,1,1,1,5,1,0
120628,1,1,57,1,1,11,20,8,0,0,1,0,1,0,1,55,71,999,0,0,1,2,1,8,1,1,11,0,7,0,0,10,3,2020,3,22,2,46,3,3,4,2,10,4
120630,1,1,32,1,1,11,3,1,0,0,2,0,1,0,1,45,73,999,0,0,1,2,1,8,1,6,10,0,13,12,51,14,3,2020,7,23,2,12,2,3,1,2,1,3
120631,1,1,48,1,1,11,3,20,0,0,1,0,3,21,1,998,76,999,0,0,2,3,1,8,1,1,80,0,16,0,0,17,3,2020,3,18,2,8,1,1,1,1,1,0
120632,1,1,30,1,1,11,20,1,9,0,1,0,2,0,1,55,73,186,0,0,1,2,1,8,1,1,13,0,13,99,6,15,3,2020,1,16,2,38,1,1,4,1,1,4
120634,1,1,65,1,1,11,3,20,0,0,1,0,1,0,1,35,78,999,0,0,1,4,1,8,1,1,80,0,3,0,0,20,3,2020,6,21,2,8,1,1,1,3,1,0
120635,1,1,39,1,1,11,20,20,0,0,1,0,1,0,1,60,67,999,1,4,1,2,1,2,1,14,13,0,80,0,0,12,3,2020,5,21,2,33,1,1,4,2,1,4
120639,1,1,22,2,1,11,3,1,0,0,2,0,2,0,1,60,64,999,0,0,3,2,1,8,1,1,13,1,13,99,6,16,3,2020,2,22,2,8,1,1,5,3,1,0
120640,1,1,16,1,1,11,3,8,0,0,1,0,2,0,1,20,69,999,0,0,2,4,1,8,1,11,15,0,60,0,38,15,3,2020,1,11,2,12,2,2,1,1,1,2
120641,1,1,81,1,1,11,8,99,9,0,1,0,1,0,1,35,68,999,0,0,2,2,1,8,1,99,13,0,13,99,0,21,3,2020,7,6,2,42,1,1,4,6,1,4
120642,1,1,21,2,1,11,20,8,1,0,2,0,1,0,1,45,68,999,0,0,2,4,1,8,1,1,17,0,8,99,39,21,3,2020,7,23,2,12,2,2,1,3,1,2
120643,1,1,44,1,1,11,20,20,0,0,2,0,1,0,1,50,76,999,0,0,2,3,1,8,1,2,98,0,81,0,0,9,3,2020,2,13,2,1,1,1,1,1,1,3
120644,1,1,17,1,1,11,20,20,1,0,1,0,2,0,1,82,999,999,0,3,2,2,6,8,1,14,13,0,98,0,6,10,3,2020,3,15,2,24,1,1,4,1,10,4
120646,1,1,36,1,1,11,20,20,9,0,2,0,2,0,1,70,71,999,0,0,3,3,1,8,1,1,12,1,7,99,58,17,3,2020,3,3,2,1,1,1,3,3,10,4
120649,1,1,30,2,1,11,3,20,0,0,3,0,1,0,1,35,67,999,0,0,2,4,1,8,1,1,80,0,7,0,0,17,3,2020,3,20,2,8,1,1,1,3,1,0
120651,1,1,35,1,1,11,3,20,0,0,1,0,3,0,1,40,73,999,0,0,2,2,1,8,1,1,80,0,13,99,0,26,3,2020,5,6,2,8,18,1,1,4,1,0
120652,1,1,45,2,1,11,20,20,9,0,1,0,2,0,1,65,62,999,0,0,2,2,1,2,1,1,12,1,7,99,58,22,3,2020,1,17,2,1,1,1,3,1,1,4
120653,1,1,46,1,1,11,3,20,0,0,2,0,2,0,1,55,71,999,0,0,6,2,1,8,1,1,80,0,60,0,0,25,2,2020,3,19,2,8,20,1,1,2,1,0
120654,1,1,69,1,1,11,3,20,0,0,1,0,3,0,1,45,999,999,99,0,2,4,1,8,1,1,80,0,7,0,0,1,3,2020,1,20,2,8,1,1,1,3,1,0
120656,1,1,36,1,1,11,3,20,0,0,1,0,2,0,1,45,69,999,0,0,2,3,1,8,1,1,80,0,8,0,0,4,3,2020,4,21,2,8,3,2,1,3,1,0
120657,1,1,22,2,1,11,20,20,9,0,2,0,2,0,1,45,65,999,0,0,1,2,1,8,11,1,98,0,69,99,6,23,3,2020,2,0,2,34,1,1,6,2,1,4
120658,1,1,57,1,1,11,3,20,0,0,2,0,1,0,1,50,69,999,0,0,2,3,1,8,1,1,80,0,60,0,0,23,3,2020,2,21,2,8,1,1,1,3,1,0
120660,1,1,22,1,1,11,3,8,0,0,1,0,2,0,1,65,69,999,0,0,3,6,1,8,1,1,51,1,7,93,6,18,1,2020,7,7,2,12,1,1,1,1,1,4
120661,1,1,64,1,1,11,3,1,1,0,1,0,2,0,1,50,70,999,0,0,1,2,1,8,1,1,52,0,60,99,6,22,3,2020,1,13,2,12,3,3,1,1,1,4
120662,1,1,53,1,1,11,3,8,1,0,2,0,2,0,1,70,72,230,2,0,1,4,1,8,1,1,10,0,13,99,28,16,3,2020,2,9,2,12,1,1,1,1,1,4
120664,1,1,44,1,1,11,20,8,9,0,1,0,3,0,1,30,73,999,1,0,1,2,1,8,1,1,17,0,1,0,39,23,3,2020,2,10,2,12,2,2,1,1,1,2
120665,1,1,26,1,1,11,3,20,0,0,1,0,1,0,1,45,76,999,1,0,2,6,1,8,1,1,80,0,60,0,0,23,3,2020,2,21,2,8,3,2,1,3,1,0
120666,1,1,75,2,1,11,3,8,0,0,1,0,1,0,1,10,67,999,0,0,1,2,1,8,1,1,17,0,3,0,38,17,3,2020,3,18,2,12,2,2,1,1,1,4
120668,1,1,58,1,1,11,3,20,0,0,1,0,4,0,1,80,62,999,0,3,2,2,6,8,1,15,51,0,7,93,0,16,3,2020,2,19,2,12,1,1,1,2,1,0
120669,1,1,35,1,1,11,20,20,1,0,1,0,1,0,1,80,69,999,1,0,3,6,1,8,1,1,50,0,80,99,6,28,3,2020,7,6,2,1,1,1,1,3,1,4
120673,1,1,27,1,1,11,20,20,1,0,1,0,2,0,1,60,69,999,0,0,5,5,1,8,1,1,17,1,82,99,6,19,3,2020,5,21,2,12,2,2,1,3,1,4
120676,1,1,56,1,1,11,3,20,0,0,1,0,1,0,1,45,71,999,0,0,2,3,1,8,1,1,80,0,7,0,0,18,3,2020,4,21,2,8,3,2,1,3,1,0
120677,1,1,54,1,1,11,3,20,0,0,1,0,3,6,1,998,68,999,0,0,2,2,1,8,1,14,80,0,66,0,28,24,2,2020,2,20,2,8,1,1,2,2,1,0
120679,1,1,998,8,1,11,20,20,8,0,99,1,9,99,1,998,999,999,99,0,3,3,8,8,1,99,80,0,998,96,0,14,3,2020,7,1,2,8,1,1,1,3,1,9
120681,1,1,60,2,1,11,3,1,0,0,1,0,1,0,1,10,65,999,0,0,1,2,1,8,1,11,15,0,5,0,38,20,3,2020,6,11,2,12,2,3,1,1,1,4
120682,1,1,22,2,1,11,3,20,0,0,1,0,2,0,1,45,66,999,0,0,2,3,1,8,1,1,80,0,13,0,0,25,3,2020,4,23,2,8,1,1,1,3,1,0
120683,1,1,21,1,9,99,20,99,8,0,1,0,6,0,1,998,998,997,998,8,1,2,1,8,8,0,19,0,2,16,0,26,2,2020,4,20,2,3,1,1,6,8,98,4
120684,1,1,36,1,1,11,20,20,1,0,1,0,3,1,1,70,74,999,0,0,2,3,1,8,1,1,13,0,11,99,28,22,3,2020,1,22,2,14,1,1,5,3,1,4
120685,1,1,41,2,1,11,3,20,0,0,1,0,1,0,1,25,63,999,0,0,1,3,1,8,1,11,80,0,13,0,38,20,3,2020,6,10,2,8,3,2,1,1,1,1
120686,1,1,41,2,1,11,20,8,0,0,1,0,3,0,1,10,66,999,1,0,2,3,1,8,1,11,15,0,7,0,38,25,3,2020,4,17,2,12,2,3,1,1,1,1
120689,1,1,43,1,1,11,3,20,0,0,1,0,1,0,1,50,74,999,1,0,2,2,1,8,1,2,80,0,13,99,0,3,3,2020,3,23,2,8,1,1,1,3,1,0
120692,1,1,33,2,1,11,3,1,1,0,1,0,1,0,1,70,63,999,0,0,5,5,1,8,1,1,51,1,13,0,6,29,3,2020,1,23,2,12,1,1,1,3,1,0
120694,1,1,29,1,1,11,3,8,0,0,1,0,1,0,1,60,75,999,1,0,2,2,1,8,1,1,12,0,7,99,6,1,4,2020,4,6,2,32,1,1,4,2,1,3
120697,1,1,55,2,1,11,20,2,0,0,1,0,2,0,1,55,66,999,0,0,2,4,6,8,1,1,12,1,7,0,6,31,3,2020,3,17,2,12,1,1,1,1,1,4
120699,1,1,44,1,1,11,3,20,0,0,2,0,4,1,1,15,64,999,3,0,2,3,1,8,1,12,21,0,74,0,38,21,3,2020,7,19,2,12,3,3,1,2,1,0
120700,1,1,35,1,1,11,3,20,0,0,1,0,1,0,1,45,68,999,1,0,2,3,1,8,1,1,80,0,13,0,0,1,4,2020,4,18,2,8,3,2,1,1,1,0
120701,1,1,20,1,1,11,20,8,9,0,1,0,1,0,1,90,65,999,0,0,2,3,1,8,1,15,13,1,13,99,6,25,3,2020,4,17,2,33,1,1,4,1,1,4
120702,1,1,31,1,1,11,3,8,0,0,3,0,2,0,1,10,999,999,99,0,1,2,1,8,1,11,15,0,13,99,38,2,4,2020,5,21,2,12,2,2,1,3,1,3
120703,1,1,41,2,1,11,3,20,0,0,2,0,1,0,1,45,63,200,0,0,2,3,1,8,1,1,80,0,13,0,0,24,3,2020,3,0,2,8,1,1,1,2,1,0
120704,1,1,22,1,1,11,3,20,0,0,1,0,1,0,1,998,72,999,0,0,2,4,1,8,1,15,80,0,7,0,0,1,4,2020,4,22,2,8,1,1,1,2,1,0
120705,1,1,67,2,1,11,3,20,0,0,2,1,1,0,1,45,64,999,0,0,2,2,1,8,1,1,83,0,7,3,0,22,3,2020,1,13,2,9,2,3,1,1,1,0
120706,1,1,54,1,1,11,20,20,9,0,1,0,1,0,1,35,67,999,1,0,1,2,1,8,1,1,98,0,81,99,0,30,1,2020,5,18,2,1,1,1,1,3,1,4
120708,1,1,66,1,1,11,3,8,9,0,1,0,1,0,1,30,68,999,1,0,2,3,1,8,1,14,12,0,13,99,0,4,4,2020,7,20,2,33,1,1,3,3,10,4
120709,1,1,20,1,1,11,20,8,9,0,2,0,1,0,1,998,999,999,0,0,1,2,1,8,1,1,12,1,3,99,6,29,3,2020,1,22,2,17,1,1,4,2,1,4
120711,1,1,31,1,1,11,20,20,1,0,1,0,1,0,1,65,73,999,2,0,6,1,6,2,1,14,12,1,80,99,0,26,1,2020,1,20,2,25,5,1,4,3,1,4
120713,1,1,59,2,1,11,20,8,9,0,1,0,1,0,1,80,66,999,0,0,1,2,1,8,1,1,10,1,13,0,28,19,3,2020,5,6,2,12,1,1,1,2,1,4
120716,1,1,69,1,1,11,3,8,0,0,1,0,1,0,1,15,71,999,0,0,1,2,1,8,1,11,15,0,13,0,38,31,3,2020,3,5,2,12,2,2,1,3,1,4
120718,1,1,67,1,1,11,3,1,0,0,2,0,1,0,1,35,76,295,0,0,2,4,1,8,1,1,17,0,7,93,39,9,1,2020,5,14,2,12,2,2,1,1,1,0
120719,1,1,76,1,1,11,20,20,0,0,2,0,2,0,1,45,74,999,0,0,2,2,1,8,1,1,13,0,83,0,0,11,3,2020,4,14,2,33,1,1,4,1,1,4
120721,1,1,21,2,1,11,3,1,0,0,1,0,2,0,1,30,64,999,0,0,1,2,1,8,1,11,15,0,7,93,39,1,3,2020,1,16,2,12,2,2,1,1,1,2
120722,1,1,25,1,1,11,20,1,0,0,5,0,1,0,1,55,67,999,0,0,3,3,6,8,1,14,98,0,13,92,6,25,3,2020,4,8,2,14,1,1,2,1,10,2
120725,1,1,43,2,1,11,3,20,0,0,2,0,2,0,1,35,64,999,0,0,2,3,1,8,1,1,80,0,13,0,0,27,3,2020,6,6,2,8,2,3,1,2,1,0
120726,1,1,34,2,1,11,20,2,0,0,1,0,1,0,1,70,61,999,1,0,3,3,1,8,1,1,12,0,13,99,0,1,4,2020,4,0,2,1,1,1,3,2,10,4
120727,1,1,33,2,1,11,3,99,1,0,1,0,1,0,1,35,65,999,0,0,1,3,1,8,1,1,13,1,7,99,0,2,4,2020,5,1,2,30,3,2,4,3,1,4
120729,1,1,25,1,1,11,20,8,9,0,2,0,5,0,1,90,72,999,0,0,6,1,6,2,1,1,12,0,7,0,6,6,4,2020,2,18,2,42,5,1,4,1,1,4
120730,1,1,55,1,1,11,3,20,9,0,99,1,1,0,1,998,70,999,0,0,1,2,1,8,1,1,80,0,13,99,0,24,3,2020,3,20,2,8,3,2,1,3,1,0
120731,1,1,998,8,1,11,98,98,8,0,99,1,9,99,1,998,999,999,99,0,3,3,1,8,1,1,80,0,999,0,0,3,4,2020,6,0,2,8,1,1,1,3,1,9
120732,1,1,34,1,1,11,3,20,0,0,1,0,3,0,1,50,71,999,1,0,2,3,1,8,1,1,51,0,7,0,0,25,3,2020,4,1,2,12,1,1,1,3,1,0
120733,1,1,79,1,1,11,3,8,0,0,1,0,1,0,1,45,77,999,0,0,1,2,1,8,1,1,13,0,13,99,0,27,3,2020,6,8,2,38,1,1,4,1,10,4
120734,1,1,49,1,1,11,20,20,0,0,1,0,3,99,1,20,69,999,0,0,1,2,1,8,1,11,83,0,126,0,38,24,3,2020,3,9,2,9,2,2,1,1,1,0
120735,1,1,54,1,1,11,20,20,0,0,1,1,1,0,1,998,68,999,1,0,2,4,1,8,1,1,80,0,60,99,0,24,2,2020,2,19,2,8,1,1,1,3,1,0
120736,1,1,81,1,1,11,3,20,0,0,1,0,1,0,1,14,68,999,0,0,2,3,1,8,1,11,15,0,60,0,38,26,3,2020,5,17,2,12,2,3,1,1,1,1
120737,1,1,19,2,1,11,3,20,0,0,1,0,2,0,1,30,61,103,1,0,2,2,1,8,1,1,83,0,13,99,0,14,3,2020,7,10,2,15,1,1,1,1,1,0
120738,1,1,77,1,1,11,3,2,0,0,2,0,1,0,1,15,70,999,0,0,1,2,1,8,1,11,15,0,13,99,38,6,4,2020,2,11,2,12,2,3,1,1,1,4