ST_CASE,VEH_NO,PER_NO,AGE,SEX,PER_TYP,SEAT_POS,REST_USE,AIR_BAG,DRUGS,LOCATION,NUMOCCS,HIT_RUN,OWNER,V_CONFIG,HAZ_INV,TRAV_SP,DR_HGT,DR_WGT,PREV_SPD,SPEEDREL,VTRAFWAY,VNUM_LAN,VPROFILE,VPAVETYP,VSURCOND,P_CRASH1,P_CRASH2,DR_DRINK,VPICBODYCLASS,DRDISTRACT,DRIVERRF,DAY,MONTH,YEAR,DAY_WEEK,HOUR,RUR_URB,HARM_EV,RELJCT2,TYP_INT,REL_ROAD,LGT_COND,WEATHER,INJ_SEV
120739,1,1,39,1,1,11,20,20,9,0,1,0,1,0,1,998,66,999,0,3,2,3,1,8,1,1,62,0,80,99,0,1,4,2020,4,6,2,12,8,1,1,4,1,4
120741,1,1,22,1,1,11,20,20,9,0,1,0,2,0,1,1,67,999,0,0,2,2,1,8,1,1,51,1,80,99,6,24,3,2020,3,2,2,12,1,1,1,3,1,4
120742,1,1,60,1,1,11,20,98,1,0,1,0,1,0,1,35,72,160,1,0,2,3,1,8,1,1,98,0,94,99,6,13,3,2020,6,12,2,1,1,1,1,1,10,4
120743,1,1,26,1,1,11,20,20,0,0,2,0,1,0,1,55,69,999,0,0,3,5,5,8,1,14,12,0,80,0,6,22,3,2020,1,6,2,25,19,1,3,4,1,2
120744,1,1,20,1,1,11,3,1,1,0,1,0,2,0,1,45,69,999,1,0,2,2,1,8,1,1,12,1,60,99,51,30,3,2020,2,17,2,33,1,1,3,1,10,4
120745,1,1,21,1,1,11,20,20,1,0,1,0,1,0,1,86,63,999,0,3,5,4,1,8,1,1,66,0,13,0,36,4,4,2020,7,20,2,12,2,2,1,3,1,4
120746,1,1,74,1,1,11,3,20,0,0,1,0,1,0,1,65,68,999,0,0,3,3,1,8,1,1,10,0,60,0,28,1,4,2020,4,9,2,12,1,1,1,1,1,4
120747,1,1,23,2,1,11,20,20,0,0,1,0,1,0,1,40,66,999,0,0,5,5,1,8,1,10,11,0,6,99,6,27,3,2020,6,17,2,12,3,2,1,1,1,4
120748,1,1,33,1,1,11,3,20,9,0,1,0,1,0,1,40,72,999,0,0,5,3,1,2,1,1,13,0,60,10,28,6,4,2020,2,20,2,9,1,1,4,3,1,0
120749,1,1,31,1,1,11,20,20,9,0,1,0,1,0,1,998,68,999,0,0,2,2,1,8,1,14,98,1,94,99,6,9,4,2020,5,17,2,1,1,1,1,1,1,4
120750,1,1,51,1,1,11,20,20,1,0,1,0,1,0,1,45,65,999,0,0,1,2,1,2,1,1,13,0,80,99,6,11,4,2020,7,19,2,1,1,1,6,5,1,4
120751,1,1,75,1,1,11,20,20,0,0,1,0,1,0,1,70,70,220,0,0,3,2,1,8,1,1,12,0,83,0,0,13,3,2020,6,14,2,34,1,1,3,1,1,4
120752,1,1,60,1,1,11,20,20,0,0,1,0,1,0,1,70,69,999,0,0,1,2,1,8,1,1,9,1,81,0,0,26,2,2020,4,2,2,5,1,1,2,2,1,4
120753,1,1,53,1,1,11,3,8,0,0,1,0,2,0,1,70,65,999,0,0,2,3,1,8,1,1,67,0,60,99,0,1,4,2020,4,21,2,12,2,3,1,3,1,3
120754,1,1,87,1,1,11,20,20,0,0,1,0,1,0,1,30,999,999,0,0,1,5,1,8,1,1,80,0,12,0,38,5,3,2020,5,15,2,8,1,1,1,1,1,4
120755,1,1,27,1,1,11,8,1,9,0,1,0,1,0,1,70,74,999,0,0,3,3,1,8,1,1,10,1,7,0,0,2,4,2020,5,22,2,12,1,1,1,2,1,4
120756,1,1,23,1,1,11,3,20,0,0,1,0,2,0,1,40,72,999,2,0,2,2,3,8,1,1,80,0,13,0,0,21,3,2020,7,22,2,8,1,1,1,2,10,0
120759,1,1,51,1,1,11,3,1,0,0,1,0,1,0,1,45,69,999,0,0,2,5,1,8,1,1,50,0,13,0,6,17,3,2020,3,18,2,12,3,2,1,1,1,4
120760,1,1,25,1,1,11,20,8,0,0,2,0,4,0,1,45,70,999,0,0,2,3,1,8,1,1,50,0,13,0,0,28,3,2020,7,20,2,12,3,2,1,3,1,0
120762,1,1,31,1,1,11,20,20,9,0,1,0,1,0,1,96,73,999,1,3,2,2,1,8,1,1,83,0,98,99,0,4,4,2020,7,11,2,9,2,3,1,1,1,4
120763,1,1,60,1,1,11,3,8,0,0,1,0,1,0,1,60,66,999,1,0,4,4,1,8,1,1,17,0,95,0,39,6,4,2020,2,12,2,12,2,2,1,1,1,1
120765,1,1,38,2,1,11,3,1,0,0,4,0,1,0,1,15,63,999,0,0,1,2,1,8,1,1,17,0,13,0,39,2,4,2020,5,23,2,12,2,2,1,3,1,4
120767,1,1,41,1,1,11,3,20,0,0,1,0,1,0,1,45,73,999,0,0,1,2,1,8,1,1,80,0,7,0,0,23,3,2020,2,3,2,8,1,1,1,2,5,0
120770,1,1,27,1,1,11,20,20,1,0,1,0,2,0,1,25,68,999,0,0,6,2,1,8,1,1,12,0,80,93,6,20,3,2020,6,17,2,12,5,1,1,1,1,4
120772,1,1,63,1,1,11,3,20,0,0,1,0,3,6,1,45,67,999,0,0,1,4,1,8,2,14,80,0,66,0,0,6,4,2020,2,2,2,8,3,3,1,2,10,0
120775,1,1,37,1,1,11,20,20,1,0,1,0,2,0,1,60,74,999,1,0,2,2,1,8,1,14,12,0,82,12,36,5,4,2020,1,20,2,33,1,1,3,3,1,4
120777,1,1,70,1,1,11,20,1,9,0,2,0,1,0,1,30,69,999,0,0,1,2,6,8,1,1,14,0,7,0,39,1,4,2020,4,5,2,43,3,3,4,2,1,4
120778,1,1,80,1,1,11,3,8,0,0,1,0,1,0,1,30,69,999,0,0,2,5,1,8,1,15,10,0,13,0,38,20,3,2020,6,10,2,12,1,1,1,1,1,3
120779,1,1,30,1,1,11,3,8,0,0,1,0,1,0,1,45,72,999,0,0,2,4,1,8,1,1,50,0,13,7,6,26,3,2020,5,18,2,12,3,2,1,1,1,1
120780,1,1,36,2,1,11,3,20,0,0,1,0,1,0,1,50,63,999,0,0,2,6,1,8,1,1,83,0,8,0,0,31,3,2020,3,14,2,9,2,2,1,1,10,2
120781,1,1,77,1,1,11,3,20,0,0,2,0,1,0,1,55,68,999,0,0,2,3,1,8,1,1,83,0,2,0,0,21,3,2020,7,20,2,9,3,2,1,3,1,1
120784,1,1,22,2,1,11,3,20,0,0,1,0,2,0,1,45,65,999,0,0,2,3,1,8,1,1,83,0,7,0,0,26,3,2020,5,17,2,15,1,1,1,1,1,0
120785,1,1,18,1,2,29,99,20,0,0,1,0,4,0,1,0,998,997,998,8,6,1,5,8,1,0,80,0,60,16,0,25,3,2020,4,15,2,8,20,1,1,1,1,2
120787,1,1,58,1,1,11,20,20,0,0,99,1,1,0,1,45,72,999,2,0,1,2,1,8,1,1,83,0,7,0,0,6,4,2020,2,19,2,15,1,1,1,2,1,0
120789,1,1,30,1,1,11,20,8,0,0,2,0,2,0,1,65,68,999,0,3,1,2,1,8,1,1,12,1,13,99,6,11,4,2020,7,18,2,35,1,1,4,1,1,3
120791,1,1,27,1,1,11,20,3,1,0,1,0,1,0,1,70,69,999,0,0,1,2,1,2,1,1,13,1,13,99,6,4,4,2020,7,8,2,53,1,1,4,1,1,4
120793,1,1,72,1,1,11,3,20,0,0,1,0,1,0,1,15,72,999,0,0,1,2,1,8,1,11,15,0,3,0,38,2,3,2020,2,18,2,12,2,3,1,2,1,4
120796,1,1,64,2,1,11,3,20,0,0,1,0,1,0,1,35,63,999,0,0,4,4,1,2,1,98,80,0,7,99,0,13,4,2020,2,21,2,8,1,1,1,3,1,0
120797,1,1,29,1,1,11,20,20,1,0,1,0,1,0,1,60,71,999,0,0,4,1,1,2,1,14,12,0,12,0,6,4,4,2020,7,21,2,33,3,6,4,3,1,4
120799,1,1,30,1,1,11,3,20,0,0,1,0,1,0,1,45,76,999,1,0,2,3,1,8,1,1,80,0,7,0,0,12,4,2020,1,20,2,8,3,3,1,3,1,0
120800,1,1,24,1,1,11,20,20,0,0,2,0,2,0,1,60,66,999,0,0,2,2,1,8,1,1,62,0,80,0,6,2,4,2020,5,21,2,12,8,1,1,2,1,4
120801,1,1,998,8,1,11,20,20,8,0,99,1,9,99,1,999,999,999,99,0,8,8,8,8,1,99,80,0,999,0,0,6,4,2020,2,22,2,8,1,1,1,3,1,9
120802,1,1,36,1,1,11,20,20,9,0,2,0,1,0,1,45,67,999,2,0,2,4,1,8,1,1,17,0,80,0,39,10,4,2020,6,22,2,12,3,2,1,3,1,4
120803,1,1,29,1,1,11,20,8,0,0,1,0,2,0,1,40,70,999,0,0,2,2,1,8,1,1,80,0,7,0,0,11,4,2020,7,1,2,8,3,2,1,3,1,0
120806,1,1,62,2,1,11,3,1,1,0,1,0,1,0,1,15,62,999,0,0,1,5,1,8,1,99,17,0,13,99,0,14,4,2020,3,13,2,12,2,2,1,1,1,4
120807,1,1,33,2,1,11,3,1,0,0,1,0,2,0,1,65,65,999,0,0,2,2,1,2,2,99,12,0,13,99,0,15,4,2020,4,6,2,12,1,1,1,4,10,4
120809,1,1,999,9,1,11,99,99,8,0,99,1,9,99,1,999,999,999,99,9,2,4,1,8,1,1,80,0,999,99,0,26,2,2020,4,0,2,8,1,1,1,3,1,0
120811,1,1,78,2,1,11,3,20,0,0,1,0,1,0,1,10,66,999,0,0,1,2,1,8,2,1,17,0,13,0,38,26,2,2020,4,14,2,12,2,2,1,1,10,4
120814,1,1,60,1,1,11,20,1,0,0,1,0,1,0,1,15,72,999,0,0,2,3,1,8,1,11,15,0,13,0,38,27,2,2020,5,19,2,12,8,1,1,3,1,4
120817,1,1,20,2,1,11,2,20,0,0,1,0,2,0,1,998,64,999,0,0,2,4,1,8,1,11,15,0,13,0,38,8,3,2020,1,1,2,12,2,3,1,3,1,1
120818,1,1,63,1,1,11,3,8,0,0,1,0,2,0,1,10,73,999,0,0,1,4,1,8,1,11,15,0,13,0,38,13,3,2020,6,22,2,12,2,3,1,2,1,2
120819,1,1,24,2,1,11,3,3,0,0,3,0,1,0,1,35,66,999,0,0,1,2,1,8,1,11,15,0,13,0,38,15,3,2020,1,23,2,12,2,4,1,3,1,0
120823,1,1,63,2,1,11,3,8,9,0,1,0,2,0,1,45,62,999,0,0,2,2,1,8,1,1,12,0,7,99,51,20,3,2020,6,14,2,42,1,1,4,1,1,4
120824,1,1,50,2,1,11,20,8,9,0,1,0,1,0,1,65,68,999,0,0,2,2,1,8,1,1,12,0,13,99,0,6,4,2020,2,0,2,42,1,1,3,3,1,4
120826,1,1,17,1,1,11,3,8,0,0,2,0,2,0,1,45,67,999,0,0,5,5,1,8,2,1,10,0,3,0,28,1,4,2020,4,0,2,12,1,1,1,3,10,3
120827,1,1,59,1,1,11,20,8,9,0,1,0,1,0,1,35,70,999,0,0,2,4,1,8,1,1,91,0,13,99,0,10,4,2020,6,8,2,10,6,1,1,1,1,4
120828,1,1,61,1,1,11,3,1,0,0,1,0,1,0,1,40,62,999,0,0,2,3,1,8,1,98,51,0,13,0,0,13,4,2020,2,16,2,12,1,1,1,1,1,2
120830,1,1,31,2,1,11,3,1,9,0,5,0,2,0,1,998,63,999,0,0,1,2,1,8,1,6,12,0,3,0,85,3,4,2020,6,16,2,38,1,1,6,1,1,3
120832,1,1,75,2,1,11,20,1,9,0,1,0,2,0,1,45,63,999,1,0,2,2,1,8,1,14,13,1,7,99,6,13,4,2020,2,14,2,33,1,1,4,1,1,4
120833,1,1,32,1,1,11,3,8,0,0,1,0,1,0,1,998,64,999,0,0,1,4,1,8,1,11,15,0,13,99,38,13,4,2020,2,15,2,12,2,2,1,1,1,0
120834,1,1,21,2,1,11,20,1,1,0,1,0,1,0,1,60,70,999,0,0,1,2,1,2,1,11,12,1,7,99,0,17,4,2020,6,17,2,32,8,1,4,1,1,4
120836,1,1,47,1,1,11,3,20,0,0,1,0,4,0,1,45,73,999,0,0,2,6,1,8,1,1,80,0,13,0,0,28,3,2020,7,6,2,8,1,1,1,3,1,0
120837,1,1,26,1,1,11,20,20,0,0,1,0,1,0,1,998,69,999,0,0,1,2,1,8,1,1,54,0,104,99,51,5,4,2020,1,23,2,12,1,1,1,3,1,4
120839,1,1,40,2,1,11,20,1,0,0,1,0,2,0,1,45,64,999,0,0,1,2,1,8,1,1,10,0,13,93,51,18,2,2020,3,0,2,12,1,1,1,2,1,4
120840,1,1,28,1,1,11,20,20,1,0,1,0,2,0,1,75,66,999,1,3,2,3,1,8,1,1,62,0,80,99,0,6,4,2020,2,17,2,12,2,3,1,1,1,4
120843,1,1,37,1,1,11,20,1,0,0,1,0,1,0,1,68,72,999,0,0,6,3,6,8,2,2,52,0,7,93,6,13,4,2020,2,12,2,12,20,1,1,1,2,0
120845,1,1,48,1,1,11,20,20,0,0,2,0,2,0,1,10,72,999,0,0,1,2,1,8,1,10,13,1,124,93,6,12,4,2020,1,16,2,14,3,3,4,1,1,4
120846,1,1,53,2,1,11,3,20,0,0,1,0,1,0,1,70,63,999,0,0,3,6,1,8,1,1,80,0,13,0,0,31,3,2020,3,16,2,8,1,1,1,1,1,0
120847,1,1,38,1,1,11,3,1,0,0,1,0,1,0,1,40,67,999,0,0,1,2,1,8,1,1,80,0,60,0,0,1,4,2020,4,16,2,12,1,1,1,1,1,2
120850,1,1,28,1,1,11,20,20,9,0,1,0,2,0,1,998,72,999,0,0,3,6,1,8,1,1,9,0,80,99,6,16,4,2020,5,17,2,5,1,1,1,1,10,4
120853,1,1,27,2,1,11,3,20,0,0,1,0,2,0,1,10,68,999,0,0,1,2,1,8,1,10,16,0,7,0,38,18,4,2020,7,12,2,12,4,1,1,1,1,0
120854,1,1,49,1,1,11,20,20,0,0,1,0,2,0,1,45,71,999,0,0,1,2,1,8,1,1,9,0,80,0,6,11,4,2020,7,8,2,1,3,4,4,1,1,4
120857,1,1,56,2,1,11,3,8,0,0,1,0,1,0,1,15,63,999,0,0,2,5,1,8,1,11,15,0,13,0,38,27,3,2020,6,16,2,12,2,3,1,1,1,1
120858,1,1,21,1,1,11,3,20,0,0,1,0,1,0,1,40,62,999,0,0,2,3,1,8,1,1,80,0,13,0,0,30,3,2020,2,20,2,8,1,1,1,3,1,0
120859,1,1,33,1,1,11,20,1,1,0,2,0,2,0,1,74,70,999,0,0,1,2,1,8,1,1,17,0,13,12,36,1,4,2020,4,21,2,12,2,2,1,2,1,3
120862,1,1,58,1,1,11,3,20,1,0,1,0,2,0,1,55,71,999,0,0,2,2,1,8,1,1,80,0,13,0,0,16,4,2020,5,20,2,8,1,1,1,2,1,0
120866,1,1,27,1,1,11,20,8,9,0,1,0,2,0,1,75,72,999,0,0,3,2,1,8,1,98,13,0,7,99,0,17,4,2020,6,20,2,25,1,1,3,3,1,4
120867,1,1,68,1,1,11,3,8,0,0,2,0,2,0,1,70,999,999,99,0,3,3,1,8,1,1,87,0,7,0,0,21,3,2020,7,22,2,11,1,1,1,2,1,4
120868,1,1,22,1,1,11,20,1,0,0,2,0,2,0,1,45,72,999,1,0,2,6,1,8,1,1,13,0,13,0,6,10,4,2020,6,3,2,33,1,1,4,3,1,2
120873,1,1,30,1,1,11,3,1,0,0,1,0,1,0,1,76,66,999,0,0,2,4,1,8,1,1,52,1,13,0,6,4,1,2020,7,3,2,12,3,2,1,3,1,2
120874,1,1,38,1,1,11,20,1,1,0,1,0,1,0,1,65,73,999,3,0,3,5,1,8,1,98,13,0,7,99,6,21,4,2020,3,10,2,12,1,1,2,1,1,4
120877,1,1,25,1,1,11,3,20,0,0,1,0,3,0,1,45,69,999,0,0,2,3,1,8,1,11,80,0,95,0,0,10,4,2020,6,23,2,8,2,2,1,3,1,0
120879,1,1,61,1,1,11,20,20,0,0,1,0,3,6,1,45,72,999,0,0,2,2,1,8,1,1,50,0,66,99,28,2,4,2020,5,3,2,12,1,1,1,2,1,0
120881,1,1,39,2,1,11,3,8,9,0,1,0,2,0,1,998,66,999,0,0,2,3,1,8,2,1,12,0,7,99,6,18,4,2020,7,15,2,42,1,1,3,1,10,4
120882,1,1,70,1,1,11,3,8,0,0,1,0,1,0,1,15,68,999,0,0,2,5,1,8,1,1,17,0,13,99,39,14,4,2020,3,7,2,12,2,2,1,1,10,4
120883,1,1,24,2,1,11,3,8,0,0,1,0,2,0,1,80,64,999,0,0,3,3,3,8,1,1,80,0,7,0,0,18,4,2020,7,20,2,8,1,1,1,2,1,2
120884,1,1,20,2,1,11,3,20,0,0,1,0,1,0,1,45,64,999,0,0,2,2,1,8,1,1,83,0,13,0,0,14,4,2020,3,11,2,9,3,3,1,1,1,2
120885,1,1,22,1,1,11,3,8,0,0,3,0,1,0,1,70,70,999,0,0,6,1,1,8,1,14,13,1,13,99,58,22,2,2020,7,3,2,59,5,1,4,3,1,4
120887,1,1,22,1,1,11,3,8,0,0,1,0,1,0,1,90,64,999,0,0,3,5,6,2,1,14,12,0,13,0,6,14,4,2020,3,5,2,25,1,1,3,3,1,4
120889,1,1,33,2,1,11,20,8,1,0,1,0,2,0,1,20,70,999,0,0,2,2,1,8,1,98,13,0,7,99,0,19,4,2020,1,4,2,42,1,1,4,3,1,4
120893,1,1,24,2,1,11,3,20,9,0,1,0,2,0,1,64,67,999,1,0,2,2,1,8,1,14,12,0,3,99,6,8,4,2020,4,21,2,1,1,1,3,2,10,4
120894,1,1,30,1,1,11,20,8,0,0,1,0,1,0,1,70,69,999,1,4,3,2,5,8,2,1,6,0,7,0,0,16,4,2020,5,7,2,24,1,1,3,1,2,3
120895,1,1,998,8,1,11,20,20,8,0,99,1,9,99,1,999,999,999,99,0,3,3,1,8,1,1,80,0,999,0,0,13,4,2020,2,5,2,8,1,1,1,3,1,9
120897,1,1,70,1,1,11,3,20,0,0,1,0,1,0,1,30,999,999,0,0,2,2,1,8,1,1,11,0,60,0,28,19,4,2020,1,16,2,9,1,1,2,1,1,0
120900,1,1,31,1,1,11,20,8,9,0,1,0,1,0,1,1,68,999,0,0,2,3,1,8,1,1,17,0,13,99,0,9,4,2020,5,20,2,12,1,1,1,3,1,0
120901,1,1,20,1,1,11,20,20,0,0,5,0,2,0,1,60,70,999,0,0,2,2,1,8,1,14,98,0,13,0,36,26,4,2020,1,16,2,1,3,2,1,1,1,3
120902,1,1,42,1,1,11,20,20,9,0,1,0,2,0,1,45,65,999,0,0,2,2,1,8,1,14,13,1,81,99,6,4,4,2020,7,21,2,33,1,1,4,2,1,4
120903,1,1,35,2,1,11,3,20,0,0,99,1,2,0,1,55,69,999,0,0,2,2,1,8,1,1,13,0,60,0,0,21,4,2020,3,21,2,9,1,1,4,2,1,0
120905,1,1,36,1,1,11,20,20,0,0,1,0,1,0,1,45,73,999,0,0,2,4,1,8,1,1,17,0,7,10,0,27,4,2020,2,14,2,12,2,2,1,1,1,2
120906,1,1,53,2,1,11,3,1,0,0,1,0,1,0,1,50,66,999,0,0,2,3,1,8,1,1,80,0,7,93,6,23,4,2020,5,16,2,8,1,1,1,1,1,1
120907,1,1,21,1,1,11,20,20,8,0,2,0,1,0,1,45,71,999,1,0,1,2,1,8,1,14,13,0,7,0,0,11,3,2020,4,0,2,1,1,1,4,2,1,4
120915,1,1,35,1,1,11,3,20,0,0,2,0,1,0,1,45,69,999,1,0,2,3,1,8,1,1,80,0,7,0,0,10,4,2020,6,22,2,8,1,1,1,3,1,0
120917,1,1,60,1,1,11,3,20,0,0,1,0,1,0,1,55,73,999,0,0,2,3,1,8,1,1,80,0,95,0,0,28,4,2020,3,22,2,8,1,1,1,3,1,0
120918,1,1,28,2,1,11,3,20,0,0,1,0,2,0,1,998,72,999,0,0,2,3,1,8,1,1,80,0,7,0,0,8,1,2020,4,20,2,8,1,1,1,3,1,0
120919,1,1,21,1,1,11,20,20,9,0,1,0,1,0,1,35,71,999,0,0,1,2,1,8,1,1,13,0,12,99,0,19,4,2020,1,8,2,33,1,1,4,1,1,4
120920,1,1,19,1,1,11,20,8,9,0,2,0,1,0,1,1,71,999,0,3,1,2,1,8,1,1,17,0,13,99,0,27,4,2020,2,19,2,12,2,2,1,1,1,3
120921,1,1,69,1,1,11,3,20,0,0,2,0,1,1,1,35,65,999,0,0,2,5,1,8,1,1,83,0,60,0,0,23,4,2020,5,19,2,9,3,2,1,1,1,0
120922,1,1,22,1,1,11,20,8,0,0,3,0,1,0,1,91,71,999,1,4,2,2,1,8,1,1,12,0,13,0,6,25,4,2020,7,14,2,33,1,1,3,1,10,4
120923,1,1,28,1,1,11,20,20,0,0,1,0,2,0,1,60,71,999,1,0,1,2,5,8,1,14,13,0,80,99,6,14,3,2020,7,5,2,33,1,1,4,3,1,4
120924,1,1,37,1,1,11,20,1,9,0,1,0,2,0,1,45,70,999,0,0,2,2,1,8,1,1,13,0,13,99,6,18,3,2020,4,11,2,33,1,1,4,1,1,4
120927,1,1,19,1,1,11,20,20,9,0,3,0,1,0,1,45,75,999,0,0,2,3,1,8,1,1,12,0,13,99,0,2,4,2020,5,15,2,33,1,1,3,1,1,0
120928,1,1,20,1,1,11,20,1,0,0,1,0,2,0,1,40,999,999,0,0,2,2,1,8,1,14,12,0,7,93,6,10,4,2020,6,14,2,59,1,1,3,1,1,4
120929,1,1,37,1,1,11,3,20,0,0,1,0,3,1,1,50,66,999,0,0,1,2,1,8,1,1,10,0,11,99,85,15,4,2020,4,8,2,12,3,2,1,1,1,0
120933,1,1,22,1,1,11,3,8,0,0,1,0,2,0,1,80,67,999,0,0,6,1,6,8,1,1,12,0,3,0,36,26,4,2020,1,20,2,42,5,1,3,3,1,4
120935,1,1,54,1,1,11,3,20,0,0,1,0,3,1,1,5,71,999,0,0,1,2,1,8,1,10,83,0,11,0,0,29,4,2020,4,7,2,9,2,3,1,1,1,0
120937,1,1,42,2,1,11,3,1,0,0,1,0,1,0,1,998,65,999,0,0,1,8,1,8,1,14,13,1,13,0,0,30,4,2020,5,4,2,33,1,1,4,3,10,4
120938,1,1,54,1,1,11,20,2,1,0,1,0,2,0,1,60,77,999,0,0,1,2,1,2,1,1,17,1,13,0,39,2,5,2020,7,16,2,12,2,3,1,1,1,4
120939,1,1,29,1,1,11,3,1,0,0,1,0,1,0,1,45,70,999,1,0,2,3,1,8,1,1,80,0,13,0,0,3,5,2020,1,0,2,8,1,1,1,3,1,0
120940,1,1,60,1,1,11,3,8,1,0,1,0,1,0,1,70,66,999,0,0,3,3,1,2,1,1,13,1,7,0,0,14,3,2020,7,10,2,34,1,1,4,1,1,4
120942,1,1,19,1,1,11,3,20,0,0,1,0,1,0,1,35,66,999,1,0,1,2,1,8,1,1,80,0,2,0,0,14,4,2020,3,23,2,8,1,1,1,2,1,0
120944,1,1,60,1,1,11,3,8,0,0,2,0,1,0,1,65,68,999,0,0,3,3,1,8,1,1,13,0,7,0,6,20,4,2020,2,13,2,25,1,1,4,1,1,2
120945,1,1,50,2,1,11,3,20,0,0,1,0,1,0,1,40,67,999,0,0,2,3,1,8,1,1,83,0,7,0,0,15,4,2020,4,21,2,9,1,1,1,6,1,0
120946,1,1,56,1,1,11,20,20,9,0,1,0,1,0,1,30,74,999,0,0,1,2,1,8,1,10,16,1,94,0,38,21,4,2020,3,20,2,12,2,3,1,3,1,4
120947,1,1,31,1,1,11,3,1,1,0,99,1,1,0,1,60,69,999,1,0,2,2,1,8,1,1,13,0,13,0,0,25,4,2020,7,12,2,12,1,1,6,1,1,1
120949,1,1,42,1,1,11,20,3,9,0,3,0,2,0,1,70,69,999,0,0,2,2,1,8,2,1,13,1,13,0,58,17,4,2020,6,2,2,33,1,1,4,2,2,4
120950,1,1,999,9,1,11,99,99,9,0,99,1,9,99,1,50,999,999,99,9,1,2,1,8,2,1,80,0,999,99,0,18,4,2020,7,0,2,8,1,1,1,2,1,9
120951,1,1,18,2,1,11,3,20,0,0,2,0,2,0,1,15,63,999,0,0,1,2,5,8,1,14,98,0,60,99,0,19,4,2020,1,22,2,5,1,1,1,3,1,0
120953,1,1,32,1,1,11,20,8,0,0,2,0,2,0,1,998,70,999,0,4,2,2,1,8,1,14,13,0,8,0,6,25,4,2020,7,19,2,33,1,1,4,1,1,2
120954,1,1,45,1,1,11,20,20,0,0,1,1,1,0,1,30,68,999,0,0,1,2,1,8,2,1,51,0,13,99,36,25,4,2020,7,5,2,12,1,1,1,2,10,0
120955,1,1,20,1,1,11,20,20,9,0,1,0,1,0,1,55,69,999,0,0,3,2,1,8,1,15,51,0,6,0,6,2,5,2020,7,13,2,12,1,1,1,1,1,4
120956,1,1,56,1,1,11,3,20,0,0,1,0,1,0,1,50,70,999,0,0,1,2,1,8,1,1,83,0,60,0,0,5,5,2020,3,16,2,9,1,1,1,1,1,0
120957,1,1,32,1,1,11,20,20,0,0,1,0,1,0,1,45,74,999,0,0,2,4,1,8,1,1,80,0,6,0,0,24,3,2020,3,18,2,8,1,1,1,1,1,2
120959,1,1,26,1,1,11,1,20,0,0,1,0,1,0,1,45,74,999,0,0,2,3,1,8,1,1,80,0,13,0,0,16,3,2020,2,22,2,8,1,1,1,3,1,1
120961,1,1,40,1,1,11,3,20,0,0,1,0,1,0,1,60,67,999,0,0,3,4,1,8,1,1,80,0,7,0,0,18,4,2020,7,22,2,8,1,1,1,3,1,0
120964,1,1,65,1,1,11,20,20,9,0,1,0,1,0,1,50,72,999,0,0,1,2,1,8,1,14,13,0,81,99,0,1,5,2020,6,19,2,14,1,1,6,5,1,4
120965,1,1,42,1,1,11,3,20,0,0,1,0,3,6,1,998,71,999,0,0,1,2,1,8,1,11,15,0,66,0,38,1,5,2020,6,11,2,12,4,1,1,1,1,0
120967,1,1,36,1,1,11,3,20,0,0,3,0,1,0,1,43,65,999,0,0,2,4,1,8,1,1,83,0,13,0,0,2,5,2020,7,9,2,9,2,2,1,1,1,0
120968,1,1,19,2,1,11,3,8,0,0,4,0,2,0,1,998,64,999,0,0,2,4,1,8,1,11,15,0,2,0,38,4,5,2020,2,19,2,12,4,1,1,1,1,0
120969,1,1,32,1,1,11,3,20,0,0,1,0,2,0,1,35,67,999,0,0,1,4,1,8,1,1,13,0,7,99,0,9,2,2020,1,17,2,30,3,3,4,5,10,4
120970,1,1,87,1,1,11,3,20,0,0,1,0,1,0,1,45,63,999,0,0,1,2,1,8,1,1,13,0,13,0,6,2,5,2020,7,3,2,19,1,1,5,3,1,4
120971,1,1,55,1,1,11,20,1,0,0,1,0,1,0,1,30,72,999,0,0,3,4,1,8,1,11,15,0,60,0,0,6,5,2020,4,3,2,12,2,2,1,3,1,4
120972,1,1,27,1,1,11,3,20,0,0,1,0,1,0,1,75,70,999,0,0,3,5,1,8,1,14,13,0,60,99,6,24,4,2020,6,19,2,14,1,1,4,5,1,0
120973,1,1,35,1,1,11,8,99,0,0,2,0,1,0,1,65,69,999,0,0,2,5,1,8,1,1,50,1,13,99,6,25,4,2020,7,3,2,12,1,1,1,3,1,4
120975,1,1,86,1,1,11,20,8,0,0,1,0,2,0,1,85,71,999,1,0,6,2,5,8,1,14,16,0,7,99,39,29,4,2020,4,5,2,59,5,1,4,3,1,4
120976,1,1,37,1,1,11,3,3,0,0,1,0,1,0,1,15,71,999,1,0,1,2,1,8,1,11,15,0,13,0,0,1,5,2020,6,14,2,12,2,2,1,1,1,0
120977,1,1,61,2,1,11,3,20,0,0,1,0,2,0,1,20,68,999,1,0,1,2,1,8,1,11,15,0,13,0,38,29,4,2020,4,20,2,12,2,2,1,3,1,0
120978,1,1,58,2,1,11,20,20,0,0,1,0,1,0,1,998,66,999,0,0,2,3,1,8,1,99,13,0,13,99,0,29,4,2020,4,20,2,19,1,1,4,3,1,4
120979,1,1,57,1,1,11,3,20,0,0,1,0,1,0,1,45,70,999,0,0,2,4,1,8,1,1,80,0,13,0,0,4,5,2020,2,21,2,8,1,1,1,2,1,0
120981,1,1,51,2,1,11,3,20,1,0,2,0,1,0,1,998,59,999,0,0,2,3,1,8,2,1,13,1,60,99,0,25,4,2020,7,0,2,1,1,1,4,3,2,2
120983,1,1,24,1,1,11,20,20,0,0,1,0,1,0,1,80,73,999,1,0,2,6,1,2,1,1,17,0,80,99,0,23,4,2020,5,21,2,1,2,2,1,3,1,4