ST_CASE,VEH_NO,PER_NO,AGE,SEX,PER_TYP,SEAT_POS,REST_USE,AIR_BAG,DRUGS,LOCATION,NUMOCCS,HIT_RUN,OWNER,V_CONFIG,HAZ_INV,TRAV_SP,DR_HGT,DR_WGT,PREV_SPD,SPEEDREL,VTRAFWAY,VNUM_LAN,VPROFILE,VPAVETYP,VSURCOND,P_CRASH1,P_CRASH2,DR_DRINK,VPICBODYCLASS,DRDISTRACT,DRIVERRF,DAY,MONTH,YEAR,DAY_WEEK,HOUR,RUR_URB,HARM_EV,RELJCT2,TYP_INT,REL_ROAD,LGT_COND,WEATHER,INJ_SEV
120984,1,1,63,1,1,11,3,20,0,0,1,0,2,0,1,20,76,999,0,0,2,3,1,8,1,1,80,0,60,0,0,2,5,2020,7,6,2,8,1,1,1,2,1,0
120985,1,1,49,1,1,11,1,1,0,0,2,0,1,0,1,1,72,999,0,3,2,3,1,8,1,1,13,0,60,99,6,3,5,2020,1,3,2,59,1,1,4,3,1,1
120987,1,1,45,1,1,11,3,20,0,0,2,1,1,0,1,998,66,999,0,4,1,2,1,2,1,1,80,0,7,93,36,2,5,2020,7,17,2,8,1,1,1,1,1,1
120988,1,1,42,1,1,11,3,20,0,0,1,0,2,0,1,10,72,999,0,0,1,2,1,8,1,11,15,0,7,0,0,4,5,2020,2,16,2,1,3,3,1,1,1,0
120990,1,1,57,1,1,11,20,20,0,0,1,0,1,0,1,20,73,999,0,0,1,2,1,8,1,14,12,0,98,0,0,28,3,2020,7,23,2,42,1,1,6,2,1,4
120991,1,1,16,2,1,11,3,8,0,0,1,0,2,0,1,60,999,999,0,0,2,2,1,8,1,14,13,0,13,0,6,26,4,2020,1,13,2,42,1,1,4,1,1,4
120993,1,1,29,2,1,11,3,20,0,0,1,0,1,0,1,20,66,999,0,0,1,2,1,8,1,11,15,0,13,93,39,2,5,2020,7,22,2,12,2,3,1,2,1,0
120994,1,1,37,1,1,11,20,20,0,0,1,0,1,0,1,65,70,999,1,0,6,2,5,8,1,14,12,0,60,0,6,9,4,2020,5,20,2,24,5,1,4,3,1,4
120997,1,1,999,8,1,11,20,20,9,0,99,1,9,99,1,998,999,999,99,0,2,5,1,8,1,1,80,0,999,99,0,8,5,2020,6,21,2,8,3,2,1,3,1,9
120998,1,1,63,1,1,11,3,20,0,0,1,0,1,0,1,45,71,999,0,0,2,2,1,8,1,1,83,0,60,0,0,27,4,2020,2,10,2,9,1,1,1,1,1,0
120999,1,1,32,1,1,11,3,1,0,0,1,0,1,0,1,45,68,999,4,0,1,2,1,8,1,11,15,0,13,99,39,28,4,2020,3,6,2,12,2,3,1,1,1,4
121000,1,1,60,2,1,11,3,8,0,0,1,0,1,0,1,50,66,999,0,0,1,2,1,8,1,14,13,0,5,0,6,19,4,2020,1,13,2,42,1,1,4,1,1,4
121001,1,1,38,1,1,11,3,8,0,0,1,0,1,0,1,60,76,999,1,0,2,3,1,8,2,1,13,1,13,99,6,31,3,2020,3,23,2,33,1,1,4,3,2,4
121002,1,1,26,1,1,11,3,20,0,0,2,1,1,0,1,60,999,999,0,0,1,2,1,8,1,1,10,1,7,0,6,9,5,2020,7,20,2,12,1,1,1,2,1,0
121003,1,1,74,1,1,11,3,20,0,0,1,0,1,0,1,5,68,999,0,0,2,2,1,8,1,10,16,0,13,0,39,6,5,2020,4,16,2,9,8,1,1,1,10,1
121004,1,1,17,1,1,11,3,8,0,0,1,0,2,0,1,25,72,999,0,0,2,4,1,8,1,11,15,0,7,0,38,27,4,2020,2,16,2,12,2,2,1,1,1,1
121005,1,1,75,1,1,11,3,8,0,0,2,0,1,0,1,70,66,999,0,0,3,3,1,8,1,1,80,0,13,0,0,10,4,2020,6,6,2,8,1,1,1,2,10,0
121007,1,1,64,1,1,11,20,20,0,0,2,0,3,6,1,60,999,999,3,0,6,2,5,8,1,14,12,0,66,0,6,7,5,2020,5,17,2,1,5,1,4,1,1,3
121008,1,1,23,2,1,11,20,20,0,0,1,0,1,0,1,50,70,999,0,0,2,3,1,8,1,1,83,0,60,0,0,4,5,2020,2,18,2,9,2,2,1,1,1,0
121009,1,1,62,1,1,11,98,8,9,0,5,0,3,0,1,10,69,999,1,0,1,2,1,2,1,1,17,0,7,99,0,6,5,2020,4,13,2,12,2,3,1,1,1,1
121011,1,1,31,2,1,11,3,20,0,0,2,0,2,0,1,25,61,999,0,0,2,3,1,8,1,11,15,0,5,93,38,26,4,2020,1,16,2,12,2,2,1,1,1,2
121012,1,1,23,1,1,11,20,1,0,0,2,0,3,0,1,50,72,999,1,0,2,3,1,8,1,1,17,0,60,0,39,2,5,2020,7,16,2,12,2,2,1,1,1,3
121013,1,1,26,1,1,11,20,20,0,0,1,0,1,0,1,40,68,999,1,0,2,2,1,2,1,1,12,1,80,0,0,10,5,2020,1,1,2,31,1,1,4,3,1,4
121014,1,1,22,1,1,11,3,20,0,0,1,0,1,0,1,35,69,999,2,0,1,2,1,8,1,1,80,0,3,0,0,23,4,2020,5,23,2,8,1,1,1,2,1,0
121015,1,1,43,1,1,11,3,20,0,0,1,0,1,0,1,50,66,999,0,0,2,4,1,8,1,1,80,0,13,0,0,4,5,2020,2,21,2,8,3,2,1,2,1,0
121016,1,1,21,1,1,11,3,8,9,0,99,1,4,0,1,999,69,999,0,9,1,6,1,8,1,1,17,0,3,99,39,5,5,2020,3,21,2,12,2,2,1,1,1,9
121018,1,1,20,2,1,11,20,20,9,0,2,0,9,0,1,30,999,999,99,0,2,4,1,8,1,12,21,0,5,99,38,12,2,2020,4,19,2,12,3,3,1,2,1,4
121019,1,1,39,1,1,11,20,20,9,0,1,0,1,0,1,60,68,999,0,0,2,3,1,8,1,1,13,0,81,99,6,9,2,2020,1,23,2,33,3,2,4,3,1,4
121020,1,1,23,1,1,11,3,2,0,0,1,0,2,0,1,20,71,999,1,0,2,3,5,8,1,11,15,0,13,0,38,3,4,2020,6,11,2,12,2,2,1,1,1,0
121021,1,1,80,1,1,11,3,8,0,0,2,0,1,0,1,45,74,999,0,0,2,3,1,8,1,1,17,0,7,0,39,6,4,2020,2,13,2,12,2,2,1,1,10,4
121023,1,1,29,1,1,11,20,20,0,0,1,0,1,0,1,50,71,999,0,0,6,2,1,8,1,14,13,1,80,99,6,10,5,2020,1,1,2,25,5,1,4,3,1,4
121025,1,1,21,1,1,11,20,20,9,0,1,0,1,0,1,10,64,999,0,0,1,2,1,8,1,1,17,1,3,0,39,28,4,2020,3,23,2,12,2,2,1,3,1,4
121026,1,1,55,1,1,11,3,8,1,0,1,0,1,0,1,50,68,999,0,0,5,3,1,8,1,14,13,1,13,0,0,7,5,2020,5,22,2,38,1,1,5,2,1,4
121027,1,1,22,1,1,11,20,20,9,0,1,0,2,0,1,45,67,999,1,0,2,3,1,8,1,1,67,0,80,99,0,12,5,2020,3,7,2,12,2,2,1,1,1,4
121028,1,1,18,2,1,11,3,1,0,0,1,0,2,0,1,70,67,999,0,0,3,3,1,8,1,1,10,1,13,15,6,6,5,2020,4,3,2,12,1,1,1,2,1,2
121031,1,1,23,1,1,11,20,1,1,0,1,0,2,0,1,80,70,999,0,0,2,2,1,8,1,98,12,0,13,0,0,5,5,2020,3,20,2,33,1,1,3,2,1,4
121032,1,1,53,1,1,11,3,20,0,0,2,0,2,1,1,40,67,999,0,0,2,4,5,8,1,14,83,0,63,0,0,9,5,2020,7,8,2,9,1,1,1,1,10,0
121034,1,1,22,1,1,11,20,20,9,0,1,0,2,0,1,60,73,999,4,3,5,4,1,8,1,1,67,0,80,99,0,7,5,2020,5,20,2,12,2,2,1,3,1,4
121035,1,1,999,9,1,11,99,99,9,0,99,1,9,0,1,50,999,999,99,0,2,3,1,8,1,6,10,0,13,99,36,2,5,2020,7,20,2,12,1,1,1,5,1,0
121037,1,1,63,1,1,11,3,20,0,0,1,0,1,0,1,30,70,999,0,0,2,3,1,8,1,10,16,0,60,0,39,6,5,2020,4,12,2,9,3,2,1,1,1,0
121038,1,1,38,1,1,11,98,20,1,0,5,0,2,0,1,998,65,999,0,0,1,2,6,8,1,1,13,0,7,99,0,3,5,2020,1,15,2,33,1,1,4,1,1,4
121039,1,1,75,1,1,11,3,20,0,0,1,0,1,0,1,1,70,999,0,0,1,2,1,8,1,1,80,0,7,0,0,19,2,2020,4,23,2,8,1,1,1,2,1,0
121041,1,1,25,1,1,11,98,8,9,0,2,0,2,0,1,1,67,999,0,0,1,2,1,8,1,6,13,0,7,99,36,19,2,2020,4,17,2,42,1,1,4,1,1,3
121043,1,1,81,1,1,11,3,8,0,0,1,0,1,0,1,40,68,999,0,0,5,4,1,8,1,11,15,0,7,0,0,5,5,2020,3,19,2,12,2,2,1,2,1,2
121044,1,1,17,1,1,11,20,20,1,0,2,0,2,0,1,70,63,999,0,0,1,2,1,8,1,14,12,0,60,0,0,6,5,2020,4,22,2,53,1,1,4,2,1,4
121045,1,1,18,1,1,11,20,1,9,0,99,1,2,0,1,60,999,999,0,3,1,2,1,8,2,1,50,0,7,0,36,10,5,2020,1,21,2,12,3,3,1,3,2,0
121046,1,1,21,2,1,11,3,20,1,0,3,0,2,0,1,48,64,999,0,0,1,2,1,8,1,1,10,0,8,0,58,24,3,2020,3,19,2,12,2,3,1,1,1,0
121047,1,1,24,1,1,11,20,1,0,0,2,0,2,0,1,66,68,999,2,0,1,3,1,8,1,1,12,0,7,0,6,16,5,2020,7,8,2,59,1,1,4,1,1,3
121048,1,1,24,1,1,11,3,20,0,0,1,1,1,0,1,12,999,999,0,0,1,2,1,8,1,11,15,1,60,93,38,21,4,2020,3,21,2,12,2,3,1,2,1,0
121049,1,1,43,1,1,11,20,8,0,0,1,0,1,0,1,50,69,999,0,0,2,6,1,8,2,1,17,0,13,99,39,24,4,2020,6,20,2,12,2,2,1,3,10,4
121051,1,1,51,2,1,11,3,8,0,0,1,0,2,0,1,65,999,999,0,0,2,2,5,8,1,14,13,0,2,99,0,15,5,2020,6,3,2,18,1,1,4,2,1,4
121053,1,1,19,1,1,11,20,1,9,0,1,0,2,0,1,55,67,999,1,4,1,2,1,8,1,1,51,0,60,0,0,28,3,2020,7,4,2,12,1,1,1,2,5,4
121054,1,1,30,2,1,11,3,20,9,0,99,1,2,0,1,45,62,999,0,0,5,5,1,8,1,1,13,1,7,0,38,17,5,2020,1,20,2,33,1,1,4,3,10,0
121055,1,1,73,2,1,11,3,8,0,0,2,0,1,0,1,998,62,999,0,0,1,2,1,8,1,11,15,0,7,0,38,4,3,2020,4,15,2,12,4,1,1,1,1,1
121056,1,1,52,1,1,11,20,20,9,0,2,0,1,0,1,998,68,999,1,0,2,2,1,8,1,11,15,1,81,99,38,2,5,2020,7,9,2,12,2,3,1,1,1,4
121061,1,1,18,2,1,11,3,20,0,0,1,0,2,0,1,8,62,999,0,0,1,2,1,8,1,11,15,0,7,0,38,29,3,2020,1,15,2,12,2,3,1,1,10,1
121065,1,1,24,1,1,11,20,8,0,0,1,0,1,0,1,90,66,999,1,3,1,2,1,8,1,14,13,1,3,99,58,5,4,2020,1,3,2,24,1,1,4,2,1,4
121066,1,1,22,1,1,11,20,20,9,0,1,0,1,0,1,40,71,999,0,3,2,2,1,8,1,14,12,0,80,0,0,4,4,2020,7,0,2,33,1,1,3,3,1,4
121067,1,1,34,1,1,11,20,20,0,0,2,0,2,0,1,30,69,999,0,0,1,4,1,8,1,1,98,0,80,0,6,16,4,2020,5,18,2,1,1,1,1,1,1,2
121068,1,1,39,1,1,11,20,20,0,0,2,0,1,0,1,45,70,999,0,0,2,4,1,8,1,1,12,0,81,99,6,9,5,2020,7,13,2,33,3,2,3,1,1,2
121072,1,1,63,1,1,11,3,8,0,0,1,0,1,0,1,998,65,999,0,0,2,4,1,8,1,1,12,1,60,99,58,12,5,2020,3,15,2,33,1,1,3,1,1,4
121073,1,1,26,2,1,11,20,1,9,0,3,0,2,0,1,40,61,999,1,0,2,2,1,8,1,15,12,0,60,99,6,17,5,2020,1,18,2,42,1,1,3,1,1,2
121074,1,1,17,1,1,11,3,1,0,0,1,0,1,0,1,35,71,999,0,0,1,3,1,8,1,1,80,0,13,0,0,4,5,2020,2,0,2,8,3,2,1,3,1,0
121075,1,1,31,1,1,11,3,20,0,0,1,0,1,0,1,1,70,999,0,0,2,4,1,8,1,15,80,0,13,0,0,17,5,2020,1,0,2,8,3,2,1,3,1,0
121077,1,1,77,1,1,11,3,20,0,0,1,0,1,0,1,998,70,999,0,0,5,5,1,8,1,1,80,0,2,0,0,15,5,2020,6,19,2,8,1,1,1,1,1,0
121079,1,1,50,1,1,11,20,20,1,0,1,0,2,0,1,45,74,999,0,0,2,2,1,8,1,1,12,0,85,99,6,3,5,2020,1,1,2,42,1,1,3,2,1,4
121080,1,1,20,1,1,11,20,20,0,0,1,0,1,0,1,55,71,999,1,0,1,2,1,8,1,1,10,0,60,99,6,15,5,2020,6,16,2,12,2,3,1,1,1,3
121082,1,1,70,2,1,11,3,1,0,0,2,0,4,0,1,35,64,999,0,0,1,2,1,8,1,14,10,1,13,0,28,4,5,2020,2,21,2,12,1,1,1,3,1,4
121083,1,1,51,1,1,11,3,1,9,0,1,0,2,0,1,55,68,999,0,0,1,2,1,8,1,1,10,0,3,0,0,12,5,2020,3,12,2,12,1,1,1,1,1,4
121085,1,1,58,2,1,11,20,1,1,0,3,0,2,0,1,55,61,999,0,0,2,2,1,8,1,15,13,0,60,93,6,12,5,2020,3,20,2,34,1,1,3,2,1,4
121086,1,1,47,1,1,11,3,20,0,0,1,0,2,0,1,45,73,999,0,0,2,3,1,8,1,1,80,1,7,0,0,8,5,2020,6,22,2,8,1,1,1,3,1,0
121087,1,1,35,2,1,11,3,20,0,0,1,0,1,0,1,45,64,999,1,0,1,2,1,8,1,6,83,0,7,0,0,25,4,2020,7,19,2,9,1,1,1,5,10,0
121089,1,1,31,2,1,11,3,1,0,0,1,0,1,0,1,20,66,999,0,4,2,3,1,8,1,11,13,0,1,0,0,15,5,2020,6,16,2,33,3,2,4,1,10,2
121092,1,1,57,1,1,11,3,8,0,0,1,0,1,0,1,25,72,999,0,0,2,3,1,8,1,11,15,1,13,93,38,2,5,2020,7,9,2,12,2,3,1,1,1,4
121093,1,1,81,1,1,11,8,8,9,0,1,0,2,0,1,998,66,999,0,0,2,5,1,8,1,1,17,0,7,99,39,6,5,2020,4,12,2,12,2,2,1,1,1,4
121095,1,1,37,2,1,11,3,1,0,0,2,0,1,0,1,40,70,999,1,0,1,2,1,8,1,1,10,0,7,99,6,8,5,2020,6,17,2,12,1,1,1,1,1,2
121096,1,1,32,2,1,11,20,1,1,0,2,0,1,0,1,98,67,999,0,0,3,3,6,8,1,14,13,1,13,93,36,10,4,2020,6,22,2,24,19,1,4,3,10,4
121097,1,1,57,1,1,11,3,20,0,0,1,0,1,0,1,40,67,999,0,0,2,2,1,8,1,14,80,0,60,0,0,13,5,2020,4,21,2,8,1,1,1,2,1,0
121099,1,1,53,1,1,11,20,20,0,0,1,0,2,0,1,35,65,999,0,0,1,2,1,8,1,1,13,0,94,0,0,13,5,2020,4,20,2,1,1,1,4,2,1,4
121100,1,1,41,1,1,11,3,20,0,0,2,0,1,0,1,36,67,999,0,0,1,2,1,8,1,1,80,0,60,0,0,8,5,2020,6,20,2,8,1,1,1,2,1,0
121102,1,1,39,1,1,11,20,20,9,0,1,0,1,0,1,998,64,999,0,0,1,2,1,8,1,1,17,0,69,99,38,20,5,2020,4,12,2,12,2,2,1,1,1,4
121103,1,1,22,1,1,11,20,8,9,0,1,0,1,0,1,50,70,999,1,0,5,5,1,2,1,1,50,0,7,99,6,14,5,2020,5,5,2,12,3,2,1,3,1,4
121105,1,1,81,1,1,11,3,8,0,0,1,0,2,0,1,45,73,999,0,0,2,2,1,8,1,1,51,0,7,99,6,30,4,2020,5,14,2,45,1,1,1,1,10,4
121106,1,1,62,1,1,11,3,8,0,0,1,0,4,0,1,45,76,999,0,0,2,6,1,8,1,1,51,0,7,99,0,6,5,2020,4,21,2,12,1,1,1,3,1,4
121107,1,1,36,1,1,11,3,20,0,0,1,0,1,0,1,25,68,999,1,0,1,2,1,8,1,1,80,0,13,0,0,17,5,2020,1,20,2,8,3,2,1,2,1,0
121108,1,1,52,1,1,11,3,20,0,0,1,0,1,0,1,60,67,999,0,0,3,3,1,8,2,1,11,0,13,0,28,15,5,2020,6,12,2,12,1,1,1,1,2,0
121109,1,1,84,1,1,11,20,20,0,0,1,0,1,0,1,45,71,999,0,0,1,2,1,8,1,14,10,0,83,0,28,21,5,2020,5,10,2,12,1,1,1,1,10,4
121110,1,1,50,1,1,11,3,20,0,0,1,0,1,0,1,40,70,999,0,0,2,2,1,8,1,1,80,0,13,0,0,19,5,2020,3,0,2,8,1,1,1,2,10,0
121112,1,1,21,1,1,11,20,1,0,0,2,0,2,0,1,67,75,999,0,0,1,2,1,8,1,1,12,1,10,99,0,14,5,2020,5,18,2,33,1,1,4,1,1,4
121113,1,1,40,1,1,11,20,1,0,0,1,0,1,0,1,95,73,999,0,3,3,4,1,8,2,1,51,1,5,99,6,17,5,2020,1,22,2,12,1,1,1,2,10,4
121115,1,1,19,1,1,11,3,20,0,0,1,0,2,0,1,45,74,999,0,0,1,3,1,8,1,1,80,0,7,0,0,11,5,2020,2,21,2,8,1,1,1,3,1,0
121116,1,1,52,2,1,11,3,20,0,0,1,0,1,0,1,45,65,999,0,0,2,6,1,8,2,1,80,0,7,0,0,14,5,2020,5,20,2,8,1,1,1,2,2,0
121117,1,1,999,8,1,11,20,20,0,0,99,1,9,99,1,35,999,999,99,0,1,2,1,8,1,1,13,0,999,0,0,25,4,2020,7,17,2,8,1,1,2,1,1,9
121118,1,1,39,8,1,11,3,20,0,0,1,0,3,6,1,30,65,999,1,0,1,2,1,8,1,1,83,0,66,96,0,27,4,2020,2,14,2,9,1,1,1,1,1,9
121119,1,1,47,1,1,11,3,1,0,0,1,0,2,0,1,65,69,999,0,0,3,4,1,2,1,1,98,0,13,0,0,17,5,2020,1,0,2,25,1,1,4,3,10,4
121120,1,1,56,1,1,11,3,20,1,0,1,0,1,0,1,5,72,999,0,0,1,2,1,8,1,11,15,1,2,0,38,15,5,2020,6,16,2,12,2,3,1,1,1,1
121121,1,1,33,1,1,11,3,20,9,0,99,1,1,0,1,30,70,999,0,0,1,2,1,8,1,1,80,0,13,0,51,21,5,2020,5,1,2,8,1,1,1,3,1,1
121123,1,1,42,2,1,11,3,8,0,0,3,0,1,0,1,10,68,999,0,0,1,3,1,8,1,11,15,0,7,0,38,21,5,2020,5,10,2,12,2,3,1,1,1,4
121124,1,1,51,2,1,11,3,20,0,0,1,0,1,0,1,15,70,999,0,0,2,3,1,8,1,11,83,0,7,0,0,9,5,2020,7,9,2,9,2,2,1,1,1,0
121125,1,1,999,9,1,11,99,99,8,0,99,1,9,99,1,999,999,999,99,0,2,2,8,8,1,99,80,0,999,99,0,24,5,2020,1,2,2,8,1,1,1,3,1,9
121127,1,1,69,1,1,11,3,1,0,0,1,0,1,0,1,45,67,999,0,0,2,3,1,8,1,1,50,0,9,93,6,14,5,2020,5,19,2,12,3,2,1,1,1,1
121128,1,1,39,1,1,11,3,20,1,0,1,0,1,0,1,75,72,999,0,0,1,2,1,8,1,6,10,0,60,0,34,14,5,2020,5,17,2,12,1,1,1,1,1,4
121129,1,1,24,2,1,11,3,1,0,0,1,0,2,0,1,45,64,999,0,0,2,4,1,8,2,1,83,0,13,0,0,17,5,2020,1,21,2,15,1,1,1,3,2,0
121130,1,1,49,1,1,11,3,20,0,0,1,0,3,1,1,55,74,999,0,0,2,2,1,8,1,1,80,0,11,0,0,23,5,2020,7,6,2,8,1,1,2,4,1,0
121131,1,1,23,1,1,11,3,20,0,0,1,1,1,0,1,35,66,999,1,0,1,2,1,8,1,1,80,0,7,0,0,22,5,2020,6,20,2,8,3,2,1,3,1,0
121133,1,1,52,2,1,11,3,20,0,0,1,0,2,0,1,35,61,999,0,0,2,2,1,8,1,1,80,0,7,0,0,20,5,2020,4,21,2,8,1,1,1,3,1,0
121134,1,1,49,1,1,11,3,1,0,0,1,0,1,0,1,15,73,999,0,0,5,5,1,8,1,11,15,0,13,0,38,17,5,2020,1,12,2,12,2,2,1,1,1,0
121135,1,1,27,1,1,11,20,20,0,0,1,0,1,0,1,998,71,999,0,0,1,2,1,8,1,1,83,0,125,0,0,17,5,2020,1,16,2,9,1,1,1,1,1,4
121136,1,1,29,1,1,11,20,8,1,0,2,0,2,0,1,76,69,999,0,0,5,5,1,8,1,15,13,0,13,12,36,12,5,2020,3,12,2,33,3,3,4,1,1,3
121138,1,1,42,1,1,11,20,20,1,0,1,0,1,0,1,55,71,999,0,0,1,2,1,8,1,14,13,0,82,93,6,4,5,2020,2,6,2,35,1,1,4,2,1,4
121140,1,1,56,1,1,11,3,8,1,0,1,0,1,0,1,35,71,999,0,0,0,0,0,0,0,11,15,0,7,0,38,13,5,2020,4,10,2,12,8,1,1,1,1,4
121141,1,1,48,1,1,11,3,8,0,0,1,0,2,0,1,55,69,999,0,0,2,3,1,8,1,14,83,0,13,0,0,16,5,2020,7,9,2,9,2,3,1,1,1,2
121142,1,1,59,1,1,11,20,8,0,0,1,0,1,0,1,30,72,999,0,0,1,5,1,8,1,11,15,0,95,0,0,19,5,2020,3,6,2,12,2,2,1,1,1,2
121144,1,1,19,2,1,11,3,20,0,0,2,0,1,0,1,45,66,999,0,0,2,3,1,8,1,1,83,0,13,0,0,23,5,2020,7,21,2,9,3,2,1,3,1,0
121145,1,1,36,1,1,11,20,1,0,0,99,1,1,0,1,60,72,999,0,0,1,2,1,8,1,1,51,1,60,99,91,26,5,2020,3,1,2,12,1,1,1,2,1,2
121147,1,1,21,1,1,11,3,20,0,0,1,0,1,0,1,30,71,999,0,0,2,4,1,8,2,1,80,0,60,0,0,16,5,2020,7,20,2,8,1,1,1,3,10,0
121148,1,1,32,1,1,11,20,1,1,0,4,0,1,0,1,40,71,999,0,0,1,2,1,8,1,1,12,1,13,0,0,20,5,2020,4,20,2,42,1,1,6,2,1,3
121149,1,1,57,1,1,11,20,20,0,0,1,0,1,0,1,60,72,999,0,3,2,2,1,8,1,14,13,0,81,0,0,23,5,2020,7,16,2,34,1,1,4,1,1,4
121150,1,1,64,1,1,11,3,20,0,0,1,0,1,0,1,45,70,999,0,0,2,4,1,8,1,1,80,0,95,0,38,7,5,2020,5,20,2,8,3,2,1,2,1,0
121152,1,1,44,1,1,11,3,20,0,0,1,0,3,0,1,0,70,999,1,0,2,2,1,8,1,5,83,0,95,0,0,19,5,2020,3,11,2,9,1,1,1,1,1,0
121153,1,1,16,2,1,11,3,8,0,0,2,0,2,0,1,49,73,999,0,0,1,2,1,8,1,1,50,0,13,93,6,6,5,2020,4,15,2,12,1,1,1,1,1,2
121154,1,1,73,1,1,11,3,20,0,0,1,0,1,0,1,25,70,999,0,0,1,2,1,8,1,10,16,0,13,0,38,9,5,2020,7,9,2,12,3,3,1,1,10,0
121159,1,1,69,1,1,11,3,20,0,0,1,0,3,0,1,5,66,999,0,0,1,2,1,8,1,1,17,0,13,93,38,21,5,2020,5,15,2,12,2,2,1,1,1,0
121162,1,1,54,1,1,11,3,8,9,0,1,0,2,0,1,70,72,999,0,0,2,4,1,2,2,1,12,0,13,0,0,24,5,2020,1,17,2,24,1,1,4,1,2,4
121163,1,1,28,1,1,11,3,8,1,0,3,0,2,0,1,35,70,999,2,0,1,3,6,8,2,1,17,0,13,99,39,26,5,2020,3,11,2,12,2,3,1,1,2,4
121166,1,1,48,1,1,11,20,20,9,0,1,0,1,0,1,45,73,999,0,0,2,4,6,8,1,1,50,0,6,99,6,28,5,2020,5,17,2,12,1,1,1,1,1,4
121168,1,1,33,1,1,11,20,8,9,0,1,0,1,0,1,998,72,999,0,4,2,2,1,8,2,1,12,0,13,99,58,27,5,2020,4,15,2,33,1,1,3,1,2,4
121173,1,1,39,2,1,11,3,20,0,0,2,0,2,0,1,40,64,999,0,0,2,2,1,8,1,1,80,0,13,0,0,27,5,2020,4,21,2,8,1,1,1,2,1,0
121174,1,1,68,1,1,11,3,20,0,0,1,0,1,0,1,40,71,999,0,0,1,5,1,8,2,1,80,0,60,0,0,23,5,2020,7,21,2,8,1,1,1,3,2,0
121175,1,1,43,1,1,11,3,20,0,0,2,0,1,0,1,55,999,999,0,0,2,2,1,8,2,15,13,0,60,0,58,29,5,2020,6,6,2,1,1,1,4,1,1,4
121176,1,1,21,1,1,11,3,20,0,0,1,0,1,0,1,45,70,999,0,0,2,5,1,8,1,1,83,0,13,0,0,24,5,2020,1,23,2,9,1,1,1,2,1,0
121177,1,1,28,1,1,11,3,20,0,0,1,0,1,0,1,45,72,999,0,0,3,2,1,8,1,1,83,1,13,0,6,22,5,2020,6,22,2,9,1,1,1,3,1,0
121178,1,1,89,1,1,11,3,8,0,0,1,0,1,0,1,15,69,999,0,0,1,2,1,8,1,10,16,0,7,0,38,2,5,2020,7,14,2,12,2,3,1,1,1,4
121179,1,1,80,1,1,11,20,20,0,0,1,0,2,0,1,10,70,999,0,0,4,1,1,8,1,11,15,0,13,99,0,27,5,2020,4,12,2,12,8,1,1,1,10,2
121180,1,1,36,1,1,11,3,2,0,0,2,0,1,0,1,5,71,999,2,0,5,5,6,8,1,12,98,0,13,99,48,30,5,2020,7,23,2,12,1,1,1,3,1,0
121183,1,1,37,2,1,11,3,20,0,0,1,0,2,0,1,45,67,999,1,0,2,2,1,8,1,1,83,0,7,99,6,29,5,2020,6,15,2,9,1,1,1,1,1,0
121185,1,1,31,2,1,11,20,20,0,0,6,0,1,0,1,70,65,999,0,0,3,4,1,8,1,1,13,0,7,93,58,23,5,2020,7,12,2,1,1,1,4,1,1,3
121186,1,1,47,2,1,11,3,2,0,0,1,0,1,0,1,10,62,999,3,0,5,5,1,8,1,11,15,0,13,99,38,19,5,2020,3,15,2,12,8,1,1,1,1,0
121188,1,1,50,1,1,11,3,20,0,0,1,0,1,0,1,998,72,999,1,0,5,5,1,8,1,11,15,0,1,99,48,23,5,2020,7,15,2,12,2,3,1,1,1,0
121193,1,1,42,1,1,11,3,20,0,0,1,0,1,0,1,30,69,999,0,0,2,4,1,8,1,1,80,0,7,0,0,30,5,2020,7,22,2,8,1,1,1,3,1,0
121196,1,1,21,1,1,11,3,20,9,0,1,0,1,0,1,82,67,999,0,0,2,3,1,8,1,1,13,0,13,99,6,8,5,2020,6,9,2,30,19,1,4,1,1,4
121197,1,1,34,1,1,11,20,20,0,0,1,0,1,0,1,30,75,999,0,0,1,2,1,8,1,14,98,1,81,99,0,29,5,2020,6,21,2,1,1,1,1,2,1,4
121198,1,1,23,2,1,11,20,2,0,0,5,0,2,0,1,65,999,999,0,0,3,6,1,8,1,1,1,0,7,99,80,1,5,2020,6,13,2,1,1,1,1,1,1,3
121199,1,1,18,2,1,11,3,20,0,0,1,0,2,0,1,10,63,999,0,0,2,4,1,8,1,11,15,0,13,0,38,17,5,2020,1,21,2,12,2,2,1,3,1,0
121200,1,1,48,2,1,11,3,20,0,0,1,0,1,0,1,45,66,999,1,0,2,3,1,8,1,1,80,0,7,0,0,18,5,2020,2,21,2,8,3,2,1,3,10,0
121201,1,1,82,2,1,11,3,8,0,0,2,0,1,0,1,25,67,999,0,0,2,5,1,8,1,11,15,0,13,0,38,23,5,2020,7,12,2,12,2,2,1,1,1,2
121203,1,1,66,1,1,11,20,20,0,0,1,0,1,0,1,45,66,999,0,0,1,2,1,8,1,14,12,1,80,99,0,20,5,2020,4,18,2,38,1,1,6,1,1,4
121205,1,1,30,1,1,11,3,1,9,0,1,0,2,0,1,35,68,999,0,0,1,2,1,8,1,1,61,0,60,93,34,20,5,2020,4,14,2,12,2,2,1,1,1,4
121206,1,1,26,2,1,11,3,20,0,0,5,0,1,0,1,40,64,999,0,0,2,2,5,8,1,1,83,0,7,99,0,10,5,2020,1,20,2,9,1,1,1,3,1,0
121207,1,1,66,2,1,11,3,8,1,0,1,0,1,0,1,65,62,999,0,0,2,2,1,8,1,1,12,1,13,0,0,19,5,2020,3,17,2,24,1,1,4,1,10,4