ST_CASE,VEH_NO,PER_NO,AGE,SEX,PER_TYP,SEAT_POS,REST_USE,AIR_BAG,DRUGS,LOCATION,NUMOCCS,HIT_RUN,OWNER,V_CONFIG,HAZ_INV,TRAV_SP,DR_HGT,DR_WGT,PREV_SPD,SPEEDREL,VTRAFWAY,VNUM_LAN,VPROFILE,VPAVETYP,VSURCOND,P_CRASH1,P_CRASH2,DR_DRINK,VPICBODYCLASS,DRDISTRACT,DRIVERRF,DAY,MONTH,YEAR,DAY_WEEK,HOUR,RUR_URB,HARM_EV,RELJCT2,TYP_INT,REL_ROAD,LGT_COND,WEATHER,INJ_SEV
121208,1,1,27,1,1,11,20,2,0,0,1,0,1,0,1,65,69,999,0,0,3,3,6,8,2,1,13,0,13,0,0,25,5,2020,2,5,2,39,1,1,4,3,2,4
121209,1,1,58,1,1,11,3,20,0,0,1,0,1,0,1,30,68,999,0,0,2,3,5,8,1,1,80,0,7,0,0,12,5,2020,3,20,2,8,1,1,1,3,1,0
121210,1,1,999,9,1,11,99,99,8,0,99,1,9,99,1,50,999,999,99,0,2,2,1,8,1,1,83,0,999,99,6,31,5,2020,1,1,2,9,1,1,1,3,10,0
121212,1,1,34,1,1,11,20,8,1,0,1,0,1,0,1,80,76,999,1,0,1,3,1,8,1,1,17,1,7,99,39,31,5,2020,1,21,2,12,2,2,1,2,1,3
121213,1,1,44,1,1,11,3,8,9,0,1,0,1,0,1,60,72,999,1,0,2,2,1,8,1,1,12,0,13,99,0,31,5,2020,1,23,2,33,1,1,4,3,1,4
121215,1,1,23,1,1,11,3,20,0,0,1,0,1,0,1,40,68,999,1,0,2,3,1,8,1,1,80,0,7,0,0,30,5,2020,7,21,2,8,1,1,1,3,1,0
121216,1,1,71,1,1,11,20,20,1,0,1,0,1,0,1,63,70,999,0,0,2,2,5,8,1,14,12,1,60,99,0,30,5,2020,7,10,2,42,1,1,3,1,1,4
121217,1,1,58,1,1,11,3,20,0,0,1,0,3,2,1,35,70,999,0,0,3,2,1,8,1,1,53,0,11,99,0,14,5,2020,5,2,2,12,1,1,1,2,1,2
121218,1,1,47,1,1,11,20,1,1,0,2,0,1,0,1,65,72,999,0,0,3,2,1,8,1,1,13,0,60,93,6,3,6,2020,4,9,2,30,1,1,4,1,10,4
121219,1,1,85,2,1,11,3,20,0,0,2,0,1,0,1,45,62,999,0,0,2,6,1,8,1,1,83,0,7,0,0,16,5,2020,7,18,2,9,3,3,1,1,10,0
121220,1,1,54,1,1,11,20,20,0,0,1,0,1,0,1,65,64,999,0,0,3,5,1,8,1,1,98,0,60,99,0,1,6,2020,2,15,2,12,1,1,1,1,10,4
121222,1,1,74,1,1,11,3,20,0,0,1,0,1,0,1,15,71,999,0,0,2,4,1,8,2,11,15,0,13,0,38,22,5,2020,6,19,2,12,2,2,1,3,2,4
121223,1,1,29,2,1,11,3,20,0,0,1,0,1,0,1,45,70,999,0,0,5,7,1,8,1,1,80,0,13,0,0,1,6,2020,2,21,2,8,1,1,1,2,1,0
121224,1,1,59,2,1,11,3,20,0,0,1,0,1,0,1,10,62,999,0,0,1,2,1,8,1,1,17,0,5,99,38,23,5,2020,7,14,2,12,2,2,1,1,1,4
121226,1,1,84,1,1,11,3,8,0,0,2,0,1,0,1,60,72,999,0,0,6,2,5,8,2,14,12,0,7,0,6,6,6,2020,7,16,2,31,19,1,8,1,2,3
121227,1,1,30,1,1,11,3,20,0,0,1,0,2,0,1,93,64,999,0,0,2,3,1,8,1,1,12,0,7,0,54,7,6,2020,1,0,2,8,1,1,4,3,10,1
121228,1,1,42,1,1,11,20,1,0,0,2,0,2,1,1,80,70,999,0,3,1,2,1,8,1,1,12,1,60,0,34,3,5,2020,1,23,2,35,1,1,4,2,1,4
121229,1,1,57,1,1,11,20,2,9,0,1,0,1,0,1,50,72,999,0,0,1,2,1,8,1,14,13,0,7,99,6,1,5,2020,6,15,2,19,1,1,4,1,1,4
121231,1,1,66,2,1,11,20,20,1,0,1,0,1,0,1,44,64,999,0,0,1,2,1,2,1,14,13,0,94,0,6,15,5,2020,6,19,2,1,3,3,4,1,1,4
121232,1,1,36,1,1,11,3,8,0,0,1,0,1,0,1,55,73,999,0,0,1,2,1,8,2,1,52,0,60,0,0,27,5,2020,4,1,2,12,3,2,1,2,1,4
121233,1,1,38,1,1,11,20,20,0,0,1,0,3,0,1,45,72,999,1,4,6,2,1,2,1,14,12,1,81,99,0,31,5,2020,1,19,2,24,5,1,4,5,1,4
121234,1,1,84,2,1,11,3,1,0,0,1,0,1,0,1,15,63,999,0,0,2,2,1,8,1,11,15,0,13,99,38,12,5,2020,3,15,2,12,2,3,1,1,1,4
121237,1,1,60,2,1,11,3,20,0,0,2,0,2,0,1,20,70,999,0,0,2,4,1,8,2,10,13,0,7,93,48,6,6,2020,7,11,2,34,8,1,4,1,2,2
121238,1,1,73,2,1,11,3,1,0,0,1,0,2,0,1,85,61,999,0,3,2,4,1,8,1,1,50,0,7,0,6,1,6,2020,2,9,2,12,3,2,1,1,1,2
121240,1,1,32,2,1,11,20,2,0,0,2,0,2,0,1,60,65,999,0,4,2,2,1,8,2,1,6,0,7,0,6,7,6,2020,1,15,2,1,1,1,4,1,10,3
121241,1,1,29,1,1,11,3,20,0,0,1,0,1,0,1,55,68,999,0,0,2,2,1,8,1,1,80,0,13,99,0,30,5,2020,7,21,2,8,1,1,1,2,1,0
121243,1,1,29,1,1,11,3,20,0,0,1,0,3,1,1,25,69,999,0,0,1,2,1,8,1,14,83,0,63,0,0,1,6,2020,2,11,2,9,8,1,1,1,1,0
121244,1,1,32,1,1,11,3,20,0,0,6,0,2,0,1,45,71,999,0,0,2,2,1,8,1,1,80,0,60,0,0,23,5,2020,7,21,2,8,1,1,1,3,1,0
121245,1,1,30,1,1,11,20,20,9,0,1,0,2,0,1,70,67,999,0,4,1,2,1,8,1,14,13,1,80,99,0,31,5,2020,1,4,2,43,1,1,4,3,1,4
121246,1,1,19,1,1,11,20,8,9,0,6,0,5,0,1,90,999,999,0,4,1,2,1,8,1,1,13,0,13,99,36,3,6,2020,4,2,2,33,1,1,4,2,1,2
121247,1,1,48,2,1,11,3,20,0,0,1,0,1,0,1,45,62,999,1,0,2,3,1,8,1,1,80,0,13,0,0,6,6,2020,7,23,2,8,1,1,1,3,1,0
121248,1,1,32,1,1,11,3,20,9,0,99,1,1,0,1,45,71,999,0,0,2,3,1,8,2,1,80,0,13,93,0,4,6,2020,5,21,2,8,1,1,1,3,10,0
121249,1,1,84,1,1,11,3,20,0,0,2,0,1,0,1,10,69,999,1,0,0,0,0,0,0,1,98,0,13,0,38,6,6,2020,7,10,2,12,8,1,1,1,2,4
121250,1,1,59,1,1,11,20,8,0,0,1,0,1,0,1,78,73,999,0,0,3,4,1,8,2,1,13,0,13,0,6,26,5,2020,3,6,2,34,1,1,4,4,10,4
121251,1,1,28,1,1,11,3,20,1,0,1,0,3,1,1,35,65,999,0,0,3,4,1,8,1,1,80,0,74,0,0,30,5,2020,7,23,2,8,2,3,1,3,1,0
121252,1,1,77,2,1,11,3,1,0,0,1,0,1,0,1,45,60,999,0,0,2,5,1,8,1,1,80,0,13,0,0,5,6,2020,6,21,2,8,3,2,1,3,10,0
121253,1,1,16,2,1,11,3,20,0,0,1,0,2,0,1,45,67,999,0,0,2,3,1,2,1,15,80,0,13,0,0,30,5,2020,7,21,2,8,1,1,1,3,1,0
121254,1,1,69,1,1,11,3,20,0,0,1,0,3,0,1,15,67,999,0,0,1,2,1,8,1,1,17,0,60,0,38,5,6,2020,6,16,2,12,2,2,1,1,1,0
121255,1,1,30,1,1,11,20,20,0,0,3,0,3,0,1,40,69,999,0,0,2,3,1,8,2,1,80,0,13,0,0,24,1,2020,6,0,2,8,1,1,1,3,2,0
121256,1,1,16,1,1,11,3,20,0,0,1,0,2,0,1,35,72,999,0,0,1,3,1,8,2,1,83,0,60,0,0,4,6,2020,5,20,2,15,8,1,1,3,2,0
121258,1,1,60,1,1,11,20,1,1,0,1,0,1,0,1,35,68,999,0,0,1,2,1,8,1,6,13,1,60,0,6,23,5,2020,7,20,2,42,1,1,4,3,1,4
121261,1,1,61,1,1,11,3,20,9,0,99,1,1,0,1,45,999,999,0,0,5,5,1,8,1,1,80,0,3,0,0,31,5,2020,1,0,2,8,1,1,1,3,10,0
121264,1,1,88,1,1,11,3,8,0,0,2,0,2,0,1,15,66,999,0,0,1,2,1,8,1,11,15,0,13,99,38,25,5,2020,2,10,2,12,2,3,1,1,10,2
121265,1,1,31,1,1,11,3,8,0,0,1,0,1,1,1,45,72,999,0,0,2,5,1,8,1,1,50,1,60,0,6,30,5,2020,7,1,2,12,2,2,1,3,1,1
121266,1,1,999,9,1,11,99,20,8,0,99,1,9,99,1,45,999,999,99,0,1,2,1,8,2,1,13,0,999,99,0,4,6,2020,5,21,2,8,1,1,2,2,10,9
121267,1,1,61,1,1,11,3,20,9,0,2,0,1,0,1,50,68,999,0,4,1,2,5,8,1,6,12,0,13,0,0,8,6,2020,2,11,2,30,1,1,4,1,1,3
121269,1,1,14,1,1,11,20,99,9,0,4,0,2,0,1,50,999,999,0,0,2,2,1,8,1,1,17,0,13,93,0,28,5,2020,5,4,2,12,2,2,1,1,10,2
121270,1,1,999,9,1,11,20,20,9,0,99,1,9,0,1,35,999,999,99,0,2,4,1,8,1,1,80,0,95,99,0,12,5,2020,3,5,2,8,1,1,1,3,1,9
121271,1,1,23,1,1,11,20,1,9,0,1,0,2,0,1,40,999,999,0,0,1,2,1,8,1,1,13,1,7,99,39,6,6,2020,7,1,2,19,3,2,6,6,1,3
121272,1,1,27,2,1,11,20,20,0,0,1,0,1,0,1,65,63,999,2,0,2,4,1,8,1,1,80,0,94,0,0,30,5,2020,7,1,2,8,1,1,1,3,1,3
121273,1,1,998,8,1,11,20,20,0,0,99,1,9,99,1,998,999,999,99,0,3,3,1,8,2,99,82,0,999,99,0,9,6,2020,3,3,2,8,1,1,1,2,10,9
121276,1,1,24,1,1,11,3,20,9,0,1,0,2,1,1,998,72,999,1,0,1,2,1,8,1,1,51,0,60,93,26,1,6,2020,2,12,2,12,1,1,1,1,1,0
121277,1,1,44,1,1,11,3,20,0,0,1,0,3,4,1,10,67,999,0,0,2,1,1,8,1,10,83,0,63,0,0,8,5,2020,6,8,2,9,8,1,1,1,1,0
121278,1,1,54,1,1,11,20,20,0,0,2,0,1,0,1,70,70,999,1,4,3,3,1,8,2,1,51,1,81,0,0,17,5,2020,1,20,2,12,1,1,1,3,2,4
121280,1,1,23,1,1,11,20,8,9,0,1,0,3,0,1,70,79,999,0,3,1,2,1,8,2,14,12,1,7,99,0,5,6,2020,6,2,2,33,1,1,4,3,10,4
121284,1,1,66,2,1,11,1,1,0,0,3,0,1,0,1,45,62,999,0,0,2,2,1,8,1,1,66,0,13,0,6,21,5,2020,5,12,2,12,2,2,1,1,10,1
121287,1,1,18,1,1,11,3,20,0,0,1,0,2,0,1,40,68,999,0,0,2,6,1,8,2,1,80,0,13,0,0,12,6,2020,6,22,2,8,1,1,1,2,10,0
121288,1,1,38,2,1,11,3,8,0,0,4,0,2,0,1,10,63,999,0,0,2,4,1,8,1,11,15,0,7,0,38,12,6,2020,6,17,2,12,2,2,1,1,1,1
121289,1,1,45,1,1,11,20,20,1,0,1,0,2,0,1,50,999,999,0,4,2,4,6,8,1,2,17,0,80,0,39,14,6,2020,1,10,2,12,2,2,1,1,1,4
121290,1,1,38,1,1,11,3,8,0,0,1,0,1,0,1,35,64,999,2,0,2,3,5,8,1,1,17,0,15,92,39,24,4,2020,6,14,2,12,2,2,1,1,1,0
121291,1,1,49,1,1,11,20,20,9,0,1,0,2,0,1,35,65,999,0,0,1,2,1,8,1,14,13,0,80,99,6,21,4,2020,3,20,2,33,1,1,4,1,1,4
121292,1,1,46,2,1,11,3,20,0,0,5,0,1,0,1,35,63,999,0,0,5,5,1,8,1,1,83,0,7,0,38,29,4,2020,4,20,2,15,3,2,1,3,1,0
121294,1,1,42,2,1,11,3,1,0,0,1,0,1,0,1,70,63,999,0,0,2,3,1,8,1,1,17,1,7,12,39,10,5,2020,1,22,2,12,2,2,1,3,1,2
121295,1,1,85,1,1,11,3,20,0,0,1,0,1,0,1,10,72,999,0,0,2,4,1,8,2,12,21,0,13,99,38,10,5,2020,1,18,2,12,1,1,1,1,2,4
121298,1,1,19,1,1,11,3,20,0,0,1,0,2,0,1,30,70,999,0,0,4,3,1,8,1,1,83,0,13,0,0,15,5,2020,6,14,2,9,2,2,1,1,10,0
121301,1,1,24,1,1,11,20,8,0,0,1,0,2,0,1,70,999,999,0,0,2,3,1,8,1,1,50,1,60,93,58,12,6,2020,6,15,2,12,2,2,1,1,1,2
121302,1,1,39,1,1,11,20,1,0,0,3,0,1,0,1,60,70,999,0,0,4,2,6,8,1,14,13,0,13,10,0,13,6,2020,7,14,2,33,3,2,4,1,10,2
121303,1,1,40,1,1,11,20,8,9,0,1,0,2,0,1,998,68,999,0,0,2,3,1,8,1,1,51,0,7,99,0,2,6,2020,3,21,2,12,1,1,1,3,1,1
121304,1,1,22,1,1,11,3,20,0,0,1,0,1,0,1,45,68,999,0,0,2,3,1,8,1,1,80,0,13,0,0,5,6,2020,6,23,2,8,1,1,1,3,1,0
121305,1,1,58,1,1,11,3,20,0,0,1,0,1,0,1,35,65,999,0,0,1,2,1,8,1,1,81,0,13,0,0,14,6,2020,1,4,2,8,18,1,1,3,1,1
121307,1,1,63,1,1,11,20,20,9,0,1,0,1,0,1,30,66,999,0,0,1,2,1,8,1,1,12,1,94,93,39,29,5,2020,6,0,2,5,1,1,6,2,10,4
121308,1,1,53,1,1,11,20,2,0,0,1,0,1,0,1,47,73,999,0,0,2,2,1,8,1,1,13,0,13,0,0,11,6,2020,5,23,2,42,1,1,4,3,1,4
121311,1,1,34,1,1,11,3,1,0,0,1,0,2,0,1,15,999,999,0,0,2,4,1,8,2,11,15,1,95,0,38,8,6,2020,2,0,2,12,4,1,1,3,10,0
121314,1,1,53,2,1,11,3,20,0,0,1,0,2,0,1,35,69,999,0,0,2,3,1,8,1,1,80,0,60,0,0,3,6,2020,4,22,2,8,1,1,1,3,10,0
121315,1,1,999,9,1,11,99,99,8,0,1,1,2,0,1,55,65,999,1,0,2,2,1,8,1,1,83,0,7,99,28,3,6,2020,4,10,2,9,1,1,4,1,1,0
121317,1,1,44,2,1,11,3,8,9,0,2,0,2,0,1,20,68,999,0,0,2,3,1,8,1,11,15,0,7,99,38,8,6,2020,2,16,2,12,2,3,1,1,1,4
121318,1,1,45,2,1,11,20,8,0,0,1,0,2,0,1,30,64,999,0,0,2,3,1,8,1,11,15,0,13,99,38,8,6,2020,2,11,2,12,2,3,1,1,1,4
121319,1,1,37,2,1,11,20,8,0,0,4,0,1,0,1,10,63,999,0,0,2,3,1,8,1,11,15,0,13,0,38,13,6,2020,7,22,2,12,2,3,1,3,1,2
121321,1,1,21,1,1,11,20,20,9,0,1,0,1,0,1,40,71,999,0,0,1,7,1,8,1,1,12,0,80,0,0,31,1,2020,6,19,2,30,3,3,4,3,1,4
121323,1,1,38,1,1,11,20,8,9,0,1,0,1,0,1,998,70,999,0,0,2,4,1,8,1,15,51,0,7,0,28,7,6,2020,1,18,2,12,1,1,1,1,1,4
121324,1,1,999,9,1,11,1,99,0,0,1,0,9,99,1,999,999,999,99,0,1,2,1,8,1,11,15,0,999,99,6,29,5,2020,6,20,2,12,2,4,1,5,1,0
121325,1,1,31,1,1,11,3,8,1,0,1,0,1,0,1,80,69,999,0,4,3,5,5,8,1,14,13,1,13,99,0,12,6,2020,6,1,2,21,1,1,4,3,1,4
121328,1,1,35,1,1,11,3,20,0,0,1,0,1,0,1,45,72,999,0,0,2,3,1,8,2,1,80,0,13,0,0,13,6,2020,7,3,2,8,3,2,1,3,2,0
121329,1,1,61,1,1,11,3,8,0,0,1,0,1,0,1,35,65,999,0,0,2,2,1,8,1,1,12,1,7,99,6,28,3,2020,7,17,2,42,1,1,3,1,1,4
121330,1,1,26,1,1,11,3,20,0,0,1,0,1,0,1,70,64,999,0,0,3,4,1,8,2,1,13,0,7,99,0,9,6,2020,3,19,2,59,1,1,4,3,2,4
121331,1,1,32,1,1,11,20,8,0,0,1,0,1,0,1,80,68,999,0,0,2,3,1,8,1,1,62,0,13,99,6,6,6,2020,7,19,2,12,8,1,1,1,1,4
121332,1,1,70,1,1,11,3,2,0,0,1,0,1,0,1,998,68,999,0,0,1,5,1,8,1,11,15,0,13,0,0,31,5,2020,1,21,2,12,2,2,1,3,1,0
121333,1,1,37,1,1,11,20,20,9,0,2,0,1,0,1,40,69,999,0,0,2,3,5,8,1,14,12,0,80,0,58,5,6,2020,6,1,2,33,1,1,4,3,1,4
121335,1,1,28,2,1,11,3,20,0,0,1,0,1,0,1,45,63,999,1,0,2,2,1,8,1,14,80,0,13,0,0,8,6,2020,2,22,2,8,1,1,1,2,10,1
121336,1,1,57,1,1,11,20,20,0,0,2,0,2,0,1,45,75,999,0,0,1,2,1,8,1,14,13,0,105,0,0,4,6,2020,5,22,2,30,1,1,4,2,1,2
121338,1,1,22,1,1,11,3,20,0,0,1,0,1,0,1,50,68,154,1,0,5,5,1,8,1,1,83,0,60,0,0,8,6,2020,2,21,2,9,2,3,1,2,1,0
121339,1,1,31,2,1,11,20,2,0,0,1,0,2,0,1,0,66,999,0,0,3,2,1,8,1,5,53,0,7,99,0,2,6,2020,3,10,2,12,1,1,1,1,1,4
121340,1,1,53,2,1,11,3,8,0,0,2,0,1,0,1,998,65,999,0,0,2,4,1,8,1,1,50,1,3,99,6,7,6,2020,1,21,2,12,1,1,1,2,1,1
121341,1,1,44,1,1,11,3,99,9,0,1,0,1,0,1,97,68,999,0,0,2,2,1,2,2,14,12,1,3,99,6,9,6,2020,3,20,2,38,1,1,6,2,10,4
121342,1,1,32,1,1,11,20,20,0,0,1,0,1,0,1,75,71,999,1,0,2,5,1,8,1,1,62,0,80,99,6,29,5,2020,6,17,2,12,2,3,1,1,10,4
121344,1,1,40,1,1,11,3,20,0,0,4,0,1,0,1,80,68,999,0,0,3,3,1,8,1,6,11,1,7,99,0,11,6,2020,5,5,2,12,1,1,1,4,1,4
121345,1,1,29,2,1,11,20,8,9,0,1,0,1,0,1,70,64,999,0,0,2,4,1,2,1,14,13,0,8,99,0,14,6,2020,1,13,2,42,1,1,6,1,1,4
121346,1,1,36,1,1,11,20,20,9,0,1,0,1,0,1,40,68,999,0,0,2,3,1,8,1,14,13,0,12,99,6,10,6,2020,4,0,2,33,1,1,4,3,1,4
121347,1,1,25,1,1,11,20,20,9,0,2,0,2,0,1,998,999,999,0,0,1,2,1,8,1,1,12,0,7,0,0,12,6,2020,6,6,2,1,1,1,4,2,1,4
121349,1,1,23,1,1,11,3,20,1,0,1,0,1,0,1,998,71,999,2,0,2,3,1,8,1,1,53,0,3,0,0,18,6,2020,5,1,2,12,1,1,1,3,1,4
121351,1,1,40,2,1,11,3,20,0,0,2,0,1,0,1,50,64,999,0,0,2,3,1,8,1,1,80,0,60,0,0,3,3,2020,3,19,2,8,3,3,1,3,1,0
121352,1,1,39,2,1,11,3,1,0,0,2,0,1,0,1,998,65,999,0,0,1,2,1,8,1,1,67,1,7,0,39,14,6,2020,1,21,2,12,2,2,1,3,1,1
121353,1,1,27,1,1,11,3,8,0,0,1,0,4,0,1,40,71,999,0,0,1,4,1,8,1,1,17,0,13,0,6,7,6,2020,1,2,2,12,2,2,1,6,1,2
121354,1,1,18,1,1,11,20,8,9,0,1,0,2,0,1,120,72,999,0,3,2,2,1,8,2,1,12,0,7,99,36,17,6,2020,4,23,2,32,1,1,4,3,1,4
121356,1,1,39,2,1,11,8,20,9,0,1,0,2,0,1,25,63,999,0,0,1,2,1,2,1,14,13,1,13,99,0,20,6,2020,7,2,2,3,1,1,4,3,1,4
121357,1,1,24,1,1,11,3,20,9,0,1,0,1,0,1,40,67,999,0,0,5,5,1,8,1,15,10,0,7,99,6,17,6,2020,4,1,2,12,1,1,11,2,1,0
121358,1,1,38,1,1,11,20,20,0,0,1,0,2,0,1,40,72,999,0,3,1,2,1,8,1,6,98,0,12,0,34,23,5,2020,7,18,2,12,8,1,1,1,1,4
121359,1,1,998,8,1,11,20,20,0,0,99,1,9,99,1,999,999,999,99,0,2,6,1,8,2,99,83,0,999,99,0,11,6,2020,5,2,2,15,1,1,1,3,1,9
121360,1,1,78,1,1,11,3,20,0,0,1,0,1,0,1,5,68,999,0,0,1,2,1,8,1,13,80,0,7,0,31,11,6,2020,5,18,2,8,1,1,1,1,1,0
121362,1,1,28,1,1,11,99,1,0,0,2,0,1,0,1,60,69,999,0,0,2,3,1,8,1,14,12,1,60,99,0,6,6,2020,7,1,2,21,19,1,3,2,10,4
121363,1,1,60,1,1,11,3,20,0,0,1,0,1,0,1,998,75,999,0,0,5,5,1,8,1,1,80,0,13,0,0,7,3,2020,7,19,2,8,1,1,1,3,1,0
121364,1,1,45,1,1,11,3,20,0,0,3,0,2,0,1,70,66,999,1,0,3,3,1,8,1,1,80,0,7,0,0,1,6,2020,2,22,2,8,1,1,1,2,1,0
121366,1,1,28,2,1,11,3,1,0,0,2,0,2,0,1,45,64,999,0,0,2,4,1,8,1,1,50,0,60,0,6,8,6,2020,2,17,2,12,3,2,1,1,1,1
121369,1,1,38,1,1,11,20,8,9,0,1,0,1,0,1,50,73,999,0,3,2,4,1,8,1,14,13,0,13,99,6,18,6,2020,5,15,2,33,3,2,4,1,1,4
121370,1,1,21,1,1,11,8,99,0,0,1,0,2,0,1,60,62,999,1,0,1,2,1,8,1,1,10,0,13,99,6,5,6,2020,6,20,2,12,3,3,1,3,1,4
121371,1,1,21,1,1,11,3,20,0,0,1,0,1,0,1,40,67,168,0,0,2,3,1,8,1,1,80,0,13,0,0,20,6,2020,7,1,2,8,3,2,1,3,10,0
121372,1,1,19,1,1,11,20,3,9,0,1,0,1,0,1,60,66,999,0,0,2,3,1,8,1,99,13,0,13,0,0,16,6,2020,3,5,2,33,1,1,4,3,1,4
121373,1,1,42,1,1,11,20,20,0,0,1,0,1,0,1,50,71,999,0,0,2,2,1,8,1,1,12,1,13,0,6,15,6,2020,2,0,2,43,1,1,3,3,1,4
121374,1,1,23,2,1,11,3,20,0,0,1,0,2,0,1,45,62,999,0,0,2,2,1,8,1,1,83,0,13,0,0,17,6,2020,4,7,2,9,1,1,1,1,1,0
121377,1,1,37,2,1,11,3,1,0,0,1,0,1,0,1,55,66,999,0,0,2,3,1,8,1,1,54,1,60,0,51,13,6,2020,7,4,2,12,1,1,1,2,1,2
121379,1,1,24,1,1,11,3,1,1,0,1,0,1,0,1,80,72,999,1,0,2,2,1,8,1,98,12,1,7,99,51,3,6,2020,4,1,2,31,8,1,4,3,1,4
121380,1,1,61,1,1,11,3,8,1,0,2,0,2,0,1,998,72,999,0,0,2,3,1,8,1,12,98,1,13,0,38,22,6,2020,2,2,2,12,2,3,1,3,1,2
121381,1,1,41,1,1,11,3,1,9,0,99,1,1,0,1,999,999,999,0,0,2,3,1,8,1,1,51,0,7,0,6,19,6,2020,6,23,2,12,1,1,1,3,10,0
121382,1,1,29,1,1,11,20,1,1,0,1,0,2,0,1,45,70,999,2,0,1,2,1,8,1,14,12,1,13,99,58,17,6,2020,4,1,2,43,1,1,4,2,1,4
121385,1,1,38,2,1,11,3,20,9,0,4,0,2,0,1,65,63,999,0,0,2,2,1,8,1,1,12,1,7,0,6,12,6,2020,6,15,2,1,1,1,3,1,1,3
121386,1,1,43,2,1,11,3,1,0,0,1,0,1,0,1,40,67,999,1,0,2,4,1,8,2,1,17,0,1,0,6,5,6,2020,6,7,2,12,2,2,1,1,10,4
121388,1,1,68,1,1,11,3,8,1,0,1,0,1,0,1,15,72,999,0,0,1,3,1,8,1,11,15,0,13,0,38,27,5,2020,4,21,2,12,2,3,1,2,1,3
121389,1,1,34,2,1,11,3,20,0,0,1,0,1,0,1,45,60,999,1,0,1,2,1,8,1,1,80,0,13,93,0,13,6,2020,7,17,2,8,1,1,1,1,1,0
121390,1,1,33,2,1,11,3,20,9,0,3,1,1,0,1,998,63,999,0,0,5,5,1,8,1,1,80,0,7,99,0,30,4,2020,5,18,2,8,1,1,1,1,1,0
121392,1,1,20,1,1,11,20,20,9,0,1,0,1,0,1,45,69,999,0,3,2,3,1,8,1,1,67,0,80,0,36,21,6,2020,1,12,2,12,2,2,1,1,1,4
121393,1,1,80,1,1,11,3,8,0,0,2,0,1,0,1,25,70,999,0,0,2,4,1,8,1,11,15,0,7,0,38,23,6,2020,3,8,2,12,2,3,1,1,10,2
121396,1,1,38,1,1,11,3,20,0,0,1,0,1,0,1,35,73,999,0,0,2,2,1,8,1,1,83,0,60,0,0,21,6,2020,1,9,2,9,1,1,1,1,1,0
121397,1,1,28,1,1,11,20,8,0,0,1,0,1,0,1,75,74,999,1,0,2,2,1,8,1,15,51,1,60,0,6,1,6,2020,2,20,2,12,1,1,1,2,1,0
121398,1,1,71,1,1,11,20,20,0,0,1,0,2,0,1,30,70,999,0,0,2,2,5,8,1,11,15,0,82,99,38,18,6,2020,5,21,2,12,2,3,1,2,1,4
121400,1,1,31,1,1,11,3,20,0,0,1,0,1,0,1,55,72,999,1,0,2,2,1,8,1,1,83,0,13,0,0,16,6,2020,3,22,2,9,1,1,1,2,1,0
121401,1,1,41,1,1,11,3,1,0,0,1,0,3,0,1,55,72,999,0,0,5,6,1,8,1,1,80,0,7,92,0,1,6,2020,2,0,2,8,3,2,1,3,10,0
121403,1,1,46,1,1,11,20,1,9,0,1,0,1,0,1,63,69,999,1,0,1,3,1,2,2,1,12,1,9,99,0,19,6,2020,6,20,2,35,1,1,4,1,2,4
121407,1,1,50,1,1,11,3,1,9,0,1,0,1,0,1,40,73,999,0,0,5,5,1,8,1,1,17,0,13,99,39,22,6,2020,2,1,2,12,2,2,1,3,1,3
121408,1,1,53,1,1,11,20,20,9,0,1,0,1,0,1,30,70,999,0,0,2,2,1,8,2,1,12,0,60,99,0,13,6,2020,7,3,2,42,1,1,4,3,2,4
121409,1,1,50,1,1,11,3,20,1,0,1,0,1,0,1,998,75,999,1,0,1,5,1,8,1,1,83,1,7,99,36,18,6,2020,5,21,2,9,1,1,1,3,1,0
121410,1,1,40,1,1,11,20,8,0,0,1,0,3,1,1,50,72,999,0,0,2,2,1,8,1,1,17,0,63,0,39,26,6,2020,6,1,2,12,2,2,1,3,1,2
121411,1,1,38,1,1,11,3,20,0,0,1,0,1,0,1,998,71,999,2,0,2,4,5,8,1,1,12,0,13,99,58,16,6,2020,3,6,2,12,1,1,1,1,10,1
121412,1,1,39,1,1,11,20,8,9,0,1,0,4,0,1,998,73,999,0,0,1,2,1,8,2,1,10,0,7,99,36,16,6,2020,3,20,2,12,1,1,1,2,2,4
121413,1,1,81,2,1,11,3,20,0,0,1,0,1,0,1,10,64,999,0,0,5,7,1,8,1,11,15,0,1,0,38,5,5,2020,3,16,2,12,2,2,1,1,1,1
121414,1,1,33,1,1,11,20,20,0,0,1,0,1,0,1,35,70,999,3,0,2,2,1,8,1,2,13,0,80,99,0,6,6,2020,7,12,2,33,1,1,4,1,10,4
121416,1,1,41,1,1,11,3,20,0,0,1,0,3,2,1,5,65,999,0,0,1,2,1,8,1,11,83,0,11,0,38,25,6,2020,5,14,2,9,4,1,1,1,10,0
121418,1,1,45,1,1,11,3,20,0,0,2,0,2,0,1,20,66,999,0,0,2,2,1,8,1,11,15,1,13,93,38,10,6,2020,4,19,2,12,2,3,1,1,10,2
121419,1,1,24,1,1,11,20,20,1,0,1,0,1,0,1,90,75,999,0,0,3,5,1,8,2,1,51,1,80,99,6,19,6,2020,6,0,2,12,1,1,1,3,10,4
121420,1,1,27,2,1,11,3,8,0,0,2,0,1,0,1,33,63,999,0,0,2,2,1,8,1,99,12,1,13,99,28,12,6,2020,6,19,2,12,1,1,1,1,1,4