ST_CASE,VEH_NO,PER_NO,AGE,SEX,PER_TYP,SEAT_POS,REST_USE,AIR_BAG,DRUGS,LOCATION,NUMOCCS,HIT_RUN,OWNER,V_CONFIG,HAZ_INV,TRAV_SP,DR_HGT,DR_WGT,PREV_SPD,SPEEDREL,VTRAFWAY,VNUM_LAN,VPROFILE,VPAVETYP,VSURCOND,P_CRASH1,P_CRASH2,DR_DRINK,VPICBODYCLASS,DRDISTRACT,DRIVERRF,DAY,MONTH,YEAR,DAY_WEEK,HOUR,RUR_URB,HARM_EV,RELJCT2,TYP_INT,REL_ROAD,LGT_COND,WEATHER,INJ_SEV
121880,1,1,21,1,1,11,3,20,0,0,1,0,3,2,1,10,69,999,1,0,2,3,5,8,1,11,15,0,11,0,38,15,6,2020,2,8,2,1,2,2,1,1,1,0
121882,1,1,20,1,1,11,20,20,0,0,1,0,1,0,1,85,71,999,0,0,3,3,1,8,1,15,13,0,80,99,6,26,8,2020,4,15,2,24,1,1,4,1,1,4
121883,1,1,42,1,1,11,3,20,0,0,1,0,1,0,1,54,69,999,0,0,2,3,1,8,1,1,80,0,13,0,0,23,8,2020,1,22,2,8,1,1,2,3,1,0
121884,1,1,30,1,1,11,20,20,9,0,1,0,1,0,1,998,67,999,0,4,2,4,1,8,1,1,62,0,80,99,6,17,8,2020,2,15,2,12,8,1,1,1,1,4
121885,1,1,48,1,1,11,20,20,0,0,1,0,3,0,1,45,64,999,0,0,1,3,1,8,1,1,80,0,60,0,0,20,8,2020,5,6,2,8,1,1,1,2,5,0
121886,1,1,20,2,1,11,3,1,0,0,2,0,1,0,1,998,65,999,0,0,2,4,1,8,1,11,15,0,13,99,38,18,8,2020,3,21,2,12,2,2,1,3,1,3
121887,1,1,32,2,1,11,20,20,0,0,1,0,1,0,1,998,62,999,0,0,2,2,1,8,1,1,83,1,13,99,0,8,8,2020,7,23,2,9,1,1,1,2,1,1
121888,1,1,21,1,1,11,20,8,9,0,3,0,1,0,1,998,68,999,0,0,1,2,1,8,1,1,12,0,13,99,0,7,8,2020,6,22,2,42,1,1,4,2,1,1
121889,1,1,23,1,1,11,20,8,9,0,2,0,2,0,1,998,67,999,0,0,2,3,1,8,99,14,12,1,8,99,0,23,8,2020,1,7,2,33,1,1,3,3,98,4
121891,1,1,29,1,1,11,20,20,0,0,1,0,2,0,1,15,71,999,0,0,2,2,5,8,1,11,15,0,7,0,38,15,8,2020,7,17,2,12,2,3,1,1,1,2
121892,1,1,50,1,1,11,20,20,9,0,1,0,3,4,1,70,72,999,0,0,3,2,1,8,1,1,10,0,11,99,28,19,8,2020,4,15,2,12,1,1,1,1,10,4
121893,1,1,71,1,1,11,3,2,0,0,1,0,1,0,1,25,68,999,0,0,5,5,1,8,1,11,15,0,13,0,0,19,8,2020,4,8,2,12,8,1,1,1,10,0
121894,1,1,998,9,1,11,3,99,9,0,99,1,9,99,1,70,999,999,99,0,3,3,1,8,1,1,80,0,999,0,0,19,8,2020,4,23,2,8,1,1,1,2,1,0
121896,1,1,28,2,1,11,3,3,9,0,5,0,1,0,1,60,71,999,1,0,2,2,1,8,2,15,13,0,13,0,0,21,8,2020,6,18,2,30,1,1,4,1,2,4
121897,1,1,23,2,1,11,3,20,0,0,1,0,1,0,1,35,61,999,4,0,1,2,1,8,1,1,83,0,13,0,0,9,8,2020,1,3,2,9,1,1,1,3,1,0
121899,1,1,30,2,1,11,20,20,0,0,3,1,2,0,1,40,64,999,0,0,1,2,4,8,1,1,83,0,60,93,41,16,8,2020,1,13,2,9,1,1,1,1,10,0
121900,1,1,27,2,1,11,3,8,0,0,1,0,3,0,1,45,62,999,1,0,2,4,1,8,2,1,13,0,13,93,0,18,8,2020,3,20,2,8,3,2,4,3,10,0
121901,1,1,60,2,1,11,3,1,0,0,2,0,1,0,1,35,69,999,0,0,1,3,1,8,1,1,17,0,13,99,38,11,8,2020,3,15,2,12,2,2,1,1,10,3
121902,1,1,27,2,1,11,3,20,9,0,1,0,1,0,1,80,61,999,0,0,3,4,1,8,1,1,17,1,5,0,6,21,8,2020,6,23,2,12,2,2,1,3,1,0
121905,1,1,25,1,1,11,20,20,9,0,1,0,2,0,1,30,69,999,0,0,5,4,1,8,2,6,13,1,12,0,0,17,8,2020,2,19,2,43,3,2,4,3,2,4
121906,1,1,27,1,1,11,20,1,0,0,1,0,1,0,1,45,68,999,0,0,2,4,1,8,1,15,10,0,13,99,6,22,8,2020,7,19,2,12,2,2,1,5,1,4
121910,1,1,21,1,1,11,3,8,9,0,1,0,2,0,1,55,72,999,2,0,1,2,1,8,2,1,13,0,60,0,6,23,8,2020,1,4,2,53,1,1,4,2,2,4
121911,1,1,19,1,1,11,20,20,0,0,1,0,1,0,1,100,73,999,0,3,2,5,1,8,1,1,62,0,80,99,0,21,8,2020,6,21,2,12,2,2,1,3,1,4
121912,1,1,93,1,1,11,3,1,0,0,1,0,1,0,1,15,66,999,0,0,1,2,1,8,1,1,13,0,7,0,0,24,8,2020,2,9,2,24,1,1,4,1,1,4
121913,1,1,17,1,1,11,3,20,0,0,1,0,2,0,1,50,68,999,0,0,2,3,1,8,1,1,80,0,13,0,0,28,8,2020,6,18,2,8,1,1,1,1,1,0
121914,1,1,30,1,1,11,3,20,0,0,1,0,1,0,1,30,74,999,0,0,2,4,1,8,1,1,80,0,3,0,0,27,8,2020,5,22,2,8,1,1,1,3,1,0
121915,1,1,31,1,1,11,20,8,0,0,1,0,2,0,1,100,65,999,0,0,1,2,1,8,1,1,17,0,13,0,39,30,8,2020,1,9,2,12,2,2,1,1,1,1
121916,1,1,51,1,1,11,20,8,1,0,1,0,2,0,1,10,67,999,0,0,2,2,1,8,1,11,15,0,60,0,39,22,8,2020,7,15,2,12,2,3,1,1,10,0
121918,1,1,27,1,1,11,20,8,9,0,1,0,4,0,1,89,72,999,0,3,2,5,1,8,1,1,62,0,3,99,0,21,8,2020,6,4,2,12,2,2,1,3,1,2
121919,1,1,56,1,1,11,20,20,0,0,1,0,1,0,1,50,72,999,0,0,1,3,1,8,1,1,98,1,81,0,6,28,8,2020,6,16,2,54,3,3,1,1,1,4
121920,1,1,59,1,1,11,20,20,0,0,1,0,1,0,1,45,75,999,0,0,2,2,1,2,2,1,98,0,81,0,6,29,1,2020,4,16,2,1,1,1,1,1,2,4
121922,1,1,40,1,1,11,20,20,0,0,1,0,2,0,1,80,69,165,0,0,2,3,1,8,1,1,17,1,94,99,39,31,8,2020,2,19,2,12,2,2,1,1,1,4
121923,1,1,53,1,1,11,3,8,0,0,1,0,1,0,1,20,68,999,0,0,2,2,1,8,1,11,15,0,60,99,38,29,8,2020,7,10,2,12,2,2,1,1,1,0
121924,1,1,20,2,1,11,3,20,0,0,2,0,1,0,1,45,63,999,0,0,2,3,1,8,2,1,80,0,13,0,0,30,8,2020,1,21,2,8,2,2,1,2,1,0
121925,1,1,54,1,1,11,20,2,0,0,1,0,1,0,1,998,72,999,1,0,2,3,1,8,1,11,15,0,1,0,38,19,8,2020,4,23,2,12,2,2,1,3,1,1
121926,1,1,24,2,1,11,3,99,0,0,1,0,1,0,1,45,61,999,0,0,2,2,1,8,1,1,50,0,13,99,6,14,7,2020,3,16,2,12,1,1,1,1,10,2
121927,1,1,66,1,1,11,3,20,0,0,1,0,1,0,1,25,66,999,0,0,2,2,1,8,1,1,81,0,7,0,0,24,8,2020,2,8,2,8,3,2,1,1,1,0
121931,1,1,51,2,1,11,3,7,0,0,2,0,1,0,1,70,69,145,0,0,3,3,1,8,1,1,12,1,60,99,6,10,8,2020,2,17,2,24,1,1,3,1,1,4
121932,1,1,40,1,1,11,20,20,0,0,1,0,1,0,1,95,65,999,0,0,3,5,1,8,1,1,51,0,80,0,6,7,8,2020,6,22,2,12,1,1,1,3,1,4
121933,1,1,88,1,1,11,3,8,0,0,2,0,1,0,1,20,67,999,0,0,1,2,1,8,1,11,15,0,13,0,38,28,8,2020,6,18,2,12,2,3,1,1,1,4
121935,1,1,23,1,1,11,20,20,0,0,2,0,1,0,1,10,71,999,1,0,1,2,1,8,1,11,15,0,3,0,38,13,8,2020,5,13,2,1,2,2,1,1,1,1
121939,1,1,36,1,1,11,20,8,0,0,1,0,2,0,1,80,64,999,0,0,1,2,1,8,1,14,13,0,13,99,6,26,8,2020,4,19,2,24,1,1,4,1,1,4
121940,1,1,37,1,1,11,3,20,9,0,99,1,3,6,1,999,71,999,0,0,1,4,1,8,1,1,80,0,66,99,0,25,8,2020,3,18,2,8,3,2,1,5,1,0
121942,1,1,999,9,1,11,99,99,8,0,99,1,9,99,1,999,999,999,99,0,3,3,8,8,1,6,11,0,999,99,0,24,8,2020,2,5,2,12,1,1,1,3,1,0
121943,1,1,72,2,1,11,3,1,0,0,2,0,2,0,1,15,69,999,0,0,2,3,1,8,2,11,15,0,2,10,48,1,9,2020,3,9,2,12,2,2,1,1,10,2
121944,1,1,42,1,1,11,3,8,9,0,1,0,2,0,1,45,73,999,0,0,2,4,1,8,1,1,17,0,13,0,39,22,8,2020,7,5,2,12,2,2,1,3,1,4
121945,1,1,46,1,1,11,20,20,0,0,2,0,1,0,1,30,71,999,0,0,1,5,1,8,1,1,80,0,60,0,0,2,9,2020,4,22,2,8,1,1,1,2,1,0
121946,1,1,65,1,1,11,20,8,9,0,1,0,1,0,1,40,66,999,0,0,1,2,1,8,1,6,10,0,7,0,6,23,8,2020,1,17,2,12,1,1,1,1,10,4
121947,1,1,43,2,1,11,3,8,0,0,1,0,2,0,1,10,66,999,1,0,1,2,1,8,2,11,15,0,13,93,39,21,8,2020,6,6,2,12,2,3,1,4,10,4
121948,1,1,34,2,1,11,3,20,0,0,1,0,1,0,1,35,67,999,0,0,2,2,1,8,1,1,80,0,13,0,0,2,9,2020,4,3,2,8,1,1,1,3,1,0
121952,1,1,46,1,1,11,3,20,0,0,1,0,1,0,1,45,66,999,0,0,2,3,1,8,1,1,83,0,13,0,0,8,9,2020,3,5,2,9,1,1,1,3,1,0
121953,1,1,25,2,1,11,8,99,1,0,1,0,1,0,1,55,62,999,0,0,2,2,1,8,1,1,13,1,13,99,0,6,9,2020,1,2,2,38,1,1,6,2,1,4
121959,1,1,18,1,1,11,20,8,0,0,1,0,2,0,1,100,68,999,0,2,2,2,1,8,1,1,11,0,3,0,36,17,8,2020,2,22,2,12,1,1,1,2,1,3
121960,1,1,42,1,1,11,3,20,0,0,1,0,1,0,1,30,71,999,0,0,5,5,1,8,1,14,80,0,13,0,0,25,8,2020,3,20,2,8,1,1,1,3,1,0
121961,1,1,28,1,1,11,20,20,9,0,1,0,1,0,1,80,71,999,1,3,3,3,3,8,1,1,51,1,80,99,36,30,8,2020,1,1,2,12,1,1,1,3,1,4
121962,1,1,33,1,1,11,20,20,9,0,1,0,2,0,1,998,66,999,0,4,2,4,1,8,2,1,10,0,6,99,6,30,8,2020,1,20,2,12,2,2,1,3,2,2
121963,1,1,40,1,1,11,3,1,0,0,1,0,2,0,1,25,69,999,0,0,2,5,1,8,1,11,15,0,60,99,38,5,9,2020,7,8,2,12,2,3,1,1,1,0
121964,1,1,78,1,1,11,3,20,0,0,1,0,1,0,1,5,68,999,0,0,1,2,1,8,1,10,80,0,60,0,38,4,9,2020,6,11,2,8,1,1,1,1,10,0
121966,1,1,44,1,1,11,20,20,9,0,2,0,1,0,1,70,73,999,1,4,1,2,1,8,2,14,13,0,60,93,0,27,8,2020,5,18,2,1,1,1,4,1,10,4
121967,1,1,20,1,1,11,20,8,1,0,3,0,4,0,1,100,999,999,0,0,2,5,1,8,2,1,17,1,13,99,38,8,9,2020,3,4,2,12,2,2,1,3,1,4
121969,1,1,25,2,1,11,3,20,0,0,1,0,1,0,1,45,64,999,0,0,2,2,1,8,1,1,80,0,7,0,0,7,9,2020,2,20,2,8,2,3,1,3,1,0
121970,1,1,21,1,1,11,20,8,1,0,99,1,4,0,1,78,66,999,0,0,2,3,1,8,1,1,66,1,7,99,36,28,8,2020,6,21,2,12,2,2,1,3,1,1
121971,1,1,39,1,1,11,3,20,0,0,2,0,1,0,1,15,69,999,0,0,1,2,1,8,1,15,10,0,60,0,38,29,8,2020,7,10,2,12,1,1,1,1,1,2
121974,1,1,23,1,1,11,20,1,1,0,1,0,1,0,1,80,66,999,2,0,3,4,1,2,2,1,12,1,3,99,6,8,9,2020,3,1,2,52,1,1,3,3,2,4
121976,1,1,27,1,1,11,3,20,1,0,1,0,2,0,1,45,74,999,0,3,1,2,1,8,1,1,83,0,60,93,34,6,9,2020,1,7,2,9,1,1,1,1,1,0
121977,1,1,26,2,1,11,20,8,9,0,1,0,1,0,1,70,62,999,2,0,3,3,1,8,1,15,51,1,7,0,6,28,8,2020,6,1,2,12,1,1,1,2,1,4
121979,1,1,24,2,1,11,3,1,8,0,2,1,1,0,1,50,68,999,2,0,2,4,1,8,2,1,51,1,7,93,6,22,8,2020,7,22,2,12,1,1,1,3,2,0
121980,1,1,55,2,1,11,20,1,9,0,1,0,1,0,1,40,62,999,0,0,1,2,4,8,1,14,12,0,7,99,6,21,8,2020,6,22,2,38,1,1,4,2,1,4
121981,1,1,77,1,1,11,20,20,1,0,1,0,1,0,1,45,70,999,0,0,1,2,1,8,1,1,17,0,85,99,39,20,8,2020,5,7,2,12,2,2,1,1,1,4
121983,1,1,998,9,1,11,8,99,9,0,99,1,9,99,1,998,999,999,99,0,6,2,6,8,1,14,80,0,999,0,0,23,6,2020,3,5,2,8,20,1,1,3,1,0
121986,1,1,88,1,1,11,3,8,0,0,2,0,1,0,1,20,73,999,0,0,1,6,1,8,1,11,15,0,7,0,38,1,8,2020,7,16,2,12,2,2,1,1,1,3
121988,1,1,18,1,1,11,20,20,0,0,1,0,1,0,1,1,66,999,0,0,1,2,1,8,1,6,13,0,80,99,34,9,9,2020,4,18,2,30,1,1,4,5,1,4
121989,1,1,999,9,1,11,99,99,8,0,99,1,9,99,1,999,999,999,99,0,5,5,1,8,2,1,80,0,999,99,0,12,9,2020,7,21,2,8,1,1,1,3,1,9
121991,1,1,60,1,1,11,20,20,1,0,1,0,2,0,1,40,71,999,0,0,2,4,1,8,1,1,17,0,81,99,39,29,8,2020,7,7,2,12,2,2,1,1,1,4
121992,1,1,37,1,1,11,8,20,9,0,99,1,4,0,1,55,75,999,0,0,2,3,1,8,1,1,51,1,13,99,6,16,8,2020,1,2,2,12,1,1,1,2,1,0
121993,1,1,40,1,1,11,20,20,0,0,2,0,3,0,1,55,72,999,0,0,2,2,1,8,1,1,1,0,9,99,0,7,9,2020,2,9,2,1,1,1,4,1,1,4
121995,1,1,998,8,1,11,98,98,8,0,99,1,9,0,1,45,999,999,99,0,2,3,1,8,2,15,80,0,13,0,0,30,8,2020,1,22,2,8,1,1,1,3,10,9
121996,1,1,22,2,1,11,3,8,9,0,1,0,1,0,1,70,62,999,0,0,3,3,1,8,1,1,80,0,3,0,0,4,9,2020,6,22,2,8,1,1,1,2,1,4
121997,1,1,58,1,1,11,20,20,9,0,1,0,1,0,1,40,68,999,0,0,2,2,1,8,1,15,11,0,82,99,0,1,9,2020,3,7,2,12,1,1,1,1,1,4
121998,1,1,50,1,1,11,3,8,0,0,1,0,3,1,1,998,71,999,0,0,0,0,0,0,0,10,16,0,63,0,38,9,8,2020,1,4,2,12,4,1,1,2,1,0
121999,1,1,66,1,1,11,3,1,0,0,1,0,1,0,1,35,66,999,0,0,5,5,1,8,1,1,13,0,13,99,0,5,9,2020,7,12,2,59,1,1,4,1,1,4
122002,1,1,27,1,1,11,3,20,1,0,2,0,1,0,1,35,67,999,0,0,2,2,1,8,2,1,80,1,7,99,0,11,9,2020,6,20,2,8,1,1,1,3,10,0
122004,1,1,83,1,1,11,98,98,0,0,1,0,1,0,1,1,65,999,1,0,2,2,1,8,1,14,12,0,7,0,0,11,9,2020,6,13,2,42,1,1,3,1,10,4
122005,1,1,33,1,1,11,3,20,0,0,1,0,1,0,1,45,66,999,0,0,2,3,1,8,1,1,80,0,60,0,0,8,9,2020,3,0,2,8,1,1,1,3,1,0
122006,1,1,40,2,1,11,20,1,9,0,1,0,1,0,1,72,63,999,3,0,6,2,1,2,2,1,12,0,13,99,6,21,8,2020,6,22,2,42,19,1,8,3,2,4
122007,1,1,27,1,1,11,20,8,1,0,4,0,2,0,1,96,69,999,0,3,1,2,1,8,1,1,10,0,7,99,36,5,9,2020,7,23,2,12,1,1,1,2,1,4
122008,1,1,65,1,1,11,20,20,0,0,1,0,1,0,1,55,72,999,0,0,1,2,6,2,1,14,12,1,95,99,0,4,9,2020,6,14,2,1,1,1,4,1,10,4
122009,1,1,46,1,1,11,8,99,9,0,1,0,1,0,1,90,72,999,0,0,2,3,1,8,2,15,13,0,13,0,6,26,8,2020,4,13,2,35,1,1,4,1,10,4
122010,1,1,40,1,1,11,3,20,1,0,1,0,3,2,1,70,66,999,0,0,3,3,1,1,2,1,13,0,11,99,0,13,9,2020,1,8,2,1,1,1,4,1,2,4
122011,1,1,61,2,1,11,3,8,0,0,1,0,1,0,1,20,67,999,0,0,2,3,1,8,1,11,15,1,7,0,38,28,8,2020,6,0,2,12,2,3,1,3,1,0
122013,1,1,26,2,1,11,20,8,0,0,3,0,4,0,1,60,66,999,2,0,1,2,6,8,1,14,13,1,2,93,0,13,9,2020,1,22,2,24,1,1,4,3,1,4
122016,1,1,62,1,1,11,3,1,9,0,1,0,2,0,1,1,69,999,0,0,2,3,1,8,1,11,15,0,13,99,0,10,9,2020,5,20,2,12,2,3,1,3,1,4
122019,1,1,60,2,1,11,3,20,0,0,1,0,1,0,1,45,72,999,0,0,2,4,1,8,1,11,15,0,7,0,38,15,9,2020,3,9,2,12,2,2,1,1,1,0
122020,1,1,52,1,1,11,20,20,9,0,1,0,1,0,1,40,69,999,0,0,2,2,1,8,1,1,13,0,125,99,58,13,9,2020,1,13,2,33,1,1,4,1,10,4
122021,1,1,26,1,1,11,20,20,0,0,99,1,1,0,1,40,65,999,0,0,5,3,1,8,1,99,13,0,7,0,0,16,9,2020,4,6,2,33,1,1,4,2,1,9
122022,1,1,63,1,1,11,3,1,9,0,1,1,1,0,1,55,72,999,0,0,2,2,1,8,1,1,51,0,13,0,6,2,9,2020,4,12,2,12,1,1,1,1,1,3
122023,1,1,27,1,1,11,3,8,0,0,1,0,2,0,1,50,73,999,0,0,1,3,6,8,2,1,17,0,13,93,39,22,8,2020,7,22,2,12,2,2,1,2,2,2
122024,1,1,68,2,1,11,3,1,0,0,1,0,1,0,1,1,65,999,0,0,2,3,1,8,2,11,15,0,13,99,38,12,9,2020,7,12,2,12,2,3,1,1,10,4
122025,1,1,18,1,1,11,3,20,0,0,99,1,1,0,1,45,72,999,0,0,2,3,1,8,2,1,80,0,60,99,91,31,8,2020,2,22,2,8,1,1,1,3,1,0
122028,1,1,45,1,1,11,3,20,0,0,1,0,3,6,1,45,66,999,0,0,5,3,1,8,2,1,80,0,66,0,0,12,9,2020,7,6,2,8,1,1,1,4,2,0
122030,1,1,999,9,1,11,99,99,8,0,99,1,9,0,1,45,999,999,99,0,1,2,1,8,1,1,83,0,13,99,0,27,8,2020,5,23,2,9,3,2,1,2,1,0
122032,1,1,77,1,1,11,3,20,0,0,1,0,1,0,1,35,71,999,0,0,2,4,1,8,1,1,80,0,7,0,0,11,9,2020,6,20,2,8,1,1,1,3,1,0
122033,1,1,19,1,1,11,98,2,9,0,4,0,2,0,1,998,70,135,0,0,1,5,1,8,1,1,10,0,13,99,0,22,7,2020,4,2,2,12,2,3,1,3,1,3
122036,1,1,50,1,1,11,20,20,1,0,1,0,2,0,1,45,72,999,0,0,2,3,1,8,1,1,62,0,94,0,39,10,9,2020,5,7,2,12,2,3,1,1,1,4
122037,1,1,47,2,1,11,3,20,0,0,1,0,1,0,1,45,64,999,0,0,2,3,1,8,2,1,80,0,13,0,0,14,9,2020,2,23,2,8,1,1,1,3,10,0
122040,1,1,65,1,1,11,20,1,1,0,2,0,1,0,1,65,71,999,0,0,3,5,1,8,1,1,12,0,1,99,0,4,9,2020,6,15,2,24,1,1,3,1,1,4
122042,1,1,56,1,1,11,3,20,0,0,1,0,1,0,1,35,65,999,0,0,5,7,1,8,2,1,80,0,60,0,0,15,9,2020,3,6,2,8,1,1,1,3,10,0
122043,1,1,41,1,1,11,3,20,0,0,1,0,3,2,1,15,66,999,1,0,2,5,1,8,2,11,83,0,74,0,0,21,8,2020,6,12,2,9,3,2,1,1,2,0
122046,1,1,62,2,1,11,3,1,0,0,1,0,1,0,1,40,64,999,1,0,2,4,1,8,1,1,17,0,13,0,39,1,7,2020,4,15,2,12,2,2,1,1,1,3
122054,1,1,36,1,1,11,20,99,0,0,4,0,1,0,1,80,68,999,0,3,1,2,1,8,2,14,13,0,7,99,58,16,8,2020,1,18,2,1,1,1,4,1,10,4
122055,1,1,51,1,1,11,3,8,0,0,1,0,1,0,1,30,68,999,0,3,6,1,1,8,1,11,15,0,60,0,6,19,8,2020,4,5,2,12,2,2,1,3,1,0
122056,1,1,74,1,1,11,3,1,0,0,1,0,1,0,1,998,72,999,0,0,2,2,1,8,1,1,12,0,7,0,0,20,8,2020,5,13,2,42,1,1,4,1,1,4
122058,1,1,59,1,1,11,20,8,0,0,1,0,2,0,1,998,70,999,1,0,1,2,1,8,1,1,13,0,7,99,0,31,8,2020,2,23,2,1,1,1,4,3,1,4
122060,1,1,22,1,1,11,3,8,0,0,2,0,2,0,1,40,66,999,0,0,2,3,1,8,2,11,15,0,13,0,38,15,9,2020,3,23,2,12,2,3,1,3,2,3
122061,1,1,26,1,1,11,20,1,1,0,2,0,1,0,1,70,68,999,1,0,2,2,1,8,2,1,80,1,60,0,38,13,9,2020,1,19,2,8,3,3,1,3,2,0
122062,1,1,28,1,1,11,20,20,0,0,1,0,1,0,1,60,66,999,0,0,1,2,1,8,2,1,17,0,85,93,39,24,8,2020,2,0,2,12,2,2,1,2,2,4
122063,1,1,998,8,1,11,20,20,9,0,99,1,9,99,1,999,999,999,99,0,2,3,1,8,1,1,80,0,999,0,0,18,9,2020,6,7,2,8,3,2,1,4,1,0
122064,1,1,37,1,1,11,3,8,1,0,1,0,1,0,1,51,67,999,0,4,5,3,1,2,2,1,13,1,13,0,6,8,9,2020,3,18,2,33,1,1,4,5,2,4
122065,1,1,37,1,1,11,3,8,0,0,1,0,1,0,1,60,70,999,0,0,3,6,1,8,2,1,80,0,13,0,0,11,9,2020,6,23,2,8,1,1,1,3,2,2
122066,1,1,63,1,1,11,3,20,0,0,1,0,2,0,1,45,68,999,0,0,2,2,1,2,1,1,53,0,13,99,0,7,9,2020,2,10,2,12,1,1,1,1,1,4
122068,1,1,19,1,1,11,99,99,9,0,1,0,1,0,1,110,999,999,0,3,2,5,1,8,2,1,13,1,7,99,0,13,9,2020,1,3,2,46,3,2,4,3,10,4
122069,1,1,998,9,1,11,20,1,9,0,99,1,9,99,1,40,999,999,99,0,1,2,1,8,1,11,15,0,999,99,0,13,9,2020,1,19,2,12,2,3,1,5,1,0
122070,1,1,38,1,1,11,20,8,0,0,2,0,2,0,1,75,70,999,0,3,2,2,1,8,1,1,12,1,13,93,36,29,8,2020,7,2,2,19,3,6,5,3,1,4
122071,1,1,26,1,1,11,20,20,1,0,2,0,2,0,1,70,67,999,0,0,2,2,1,8,1,1,13,1,7,99,6,5,9,2020,7,18,2,43,1,1,6,1,1,4
122073,1,1,22,1,1,11,3,2,0,0,4,0,2,0,1,50,74,999,0,0,3,2,1,8,2,1,12,0,13,0,6,6,9,2020,1,21,2,42,1,1,3,3,1,3
122077,1,1,50,2,1,11,3,20,0,0,1,0,2,0,1,45,67,999,0,0,2,3,1,8,1,1,80,0,13,0,38,10,9,2020,5,6,2,8,1,1,1,2,1,0
122079,1,1,66,1,1,11,3,20,0,0,1,0,1,6,1,60,65,999,0,0,3,4,1,8,1,14,12,0,66,0,6,8,9,2020,3,17,2,25,1,1,3,1,1,0
122080,1,1,78,1,1,11,3,8,0,0,1,0,2,0,1,20,67,999,0,0,0,0,0,0,0,11,15,0,7,0,38,15,9,2020,3,19,2,12,8,1,1,3,2,4
122081,1,1,34,1,1,11,20,20,0,0,1,0,1,0,1,55,72,999,0,0,2,2,1,8,2,14,83,0,94,0,0,3,9,2020,5,2,2,9,1,1,1,2,10,3
122082,1,1,34,1,1,11,8,20,9,0,1,0,1,0,1,55,63,165,1,0,2,2,1,8,2,1,12,1,7,99,0,13,9,2020,1,19,2,1,1,1,1,2,2,4
122083,1,1,44,2,1,11,3,20,0,0,3,0,1,0,1,30,57,999,0,0,2,3,1,8,1,1,80,0,5,0,0,22,9,2020,3,21,2,8,1,1,1,2,1,0
122084,1,1,30,1,1,11,3,20,0,0,1,0,1,0,1,55,74,999,0,0,2,2,1,8,2,1,80,0,13,0,0,20,9,2020,1,21,2,8,1,1,1,2,10,0
122085,1,1,74,1,1,11,3,8,9,0,2,0,1,0,1,70,64,999,0,5,2,4,1,8,1,1,12,0,13,99,0,19,9,2020,7,12,2,33,1,1,3,1,1,4
122087,1,1,26,2,1,11,3,20,9,0,3,0,1,0,1,1,64,999,0,0,1,3,1,8,2,1,13,0,7,99,0,6,9,2020,1,18,2,8,3,2,6,1,10,0
122088,1,1,58,2,1,11,20,8,0,0,2,0,2,0,1,15,67,999,0,0,2,5,1,8,1,12,21,0,13,99,0,20,9,2020,1,13,2,12,2,3,1,1,10,3
122089,1,1,26,1,1,11,3,20,0,0,1,0,1,0,1,37,71,999,0,0,5,5,1,8,1,1,80,0,13,0,0,7,9,2020,2,21,2,8,3,3,1,3,1,0
122090,1,1,998,8,1,11,3,20,9,0,99,1,9,99,1,60,999,999,99,0,2,3,1,8,1,1,80,0,999,99,0,20,9,2020,1,21,2,8,1,1,1,3,1,0
122091,1,1,27,2,1,11,3,20,0,0,2,0,1,0,1,10,63,999,0,0,1,4,1,8,1,11,15,0,13,0,38,14,9,2020,2,22,2,12,2,2,1,6,1,0
122092,1,1,55,1,1,11,20,20,0,0,1,0,1,0,1,45,72,999,3,0,2,2,1,8,1,1,98,0,82,0,0,7,9,2020,2,22,2,33,3,3,4,2,1,4
122093,1,1,41,1,1,11,20,20,1,0,1,0,1,0,1,73,71,999,0,0,1,2,6,8,1,14,13,1,60,99,0,6,9,2020,1,23,2,35,1,1,4,2,1,4
122094,1,1,44,1,1,11,20,20,0,0,1,0,2,0,1,998,73,999,0,0,1,2,1,8,1,14,13,0,81,0,0,21,9,2020,2,19,2,34,1,1,4,3,1,4
122097,1,1,24,1,1,11,20,20,9,0,1,0,1,0,1,55,75,999,0,0,2,2,1,8,1,1,13,0,80,99,0,14,9,2020,2,15,2,42,1,1,4,1,1,4
122098,1,1,23,2,1,11,20,20,0,0,1,0,1,0,1,40,63,999,0,0,1,2,1,8,1,1,17,0,85,99,39,7,9,2020,2,14,2,12,2,2,1,1,1,4
122099,1,1,30,1,1,11,20,8,1,0,1,0,2,0,1,44,72,999,0,0,2,3,1,8,2,14,12,0,13,93,6,13,9,2020,1,4,2,14,1,1,5,3,1,2
122102,1,1,35,1,1,11,3,8,0,0,1,0,2,0,1,998,69,999,0,0,1,2,1,8,1,1,10,1,13,99,6,11,9,2020,6,18,2,12,1,1,1,1,1,1
122103,1,1,29,1,1,11,20,8,0,0,2,0,3,0,1,998,73,195,0,0,3,3,6,8,1,1,98,0,7,0,0,21,9,2020,2,1,2,12,1,1,1,3,10,2
122104,1,1,16,1,1,11,3,1,9,0,3,0,2,0,1,90,68,999,0,4,1,2,1,2,2,14,12,1,13,99,0,1,8,2020,7,5,2,30,1,1,4,3,10,4
122105,1,1,39,1,1,11,3,20,0,0,1,0,1,0,1,998,69,999,0,0,2,2,1,8,1,11,80,0,60,0,0,14,9,2020,2,17,2,8,3,3,1,1,1,0
122106,1,1,29,1,1,11,20,8,1,0,1,0,4,0,1,45,70,999,0,0,2,2,1,8,1,1,12,0,13,99,28,22,9,2020,3,6,2,33,1,1,3,4,1,4