ST_CASE,VEH_NO,PER_NO,AGE,SEX,PER_TYP,SEAT_POS,REST_USE,AIR_BAG,DRUGS,LOCATION,NUMOCCS,HIT_RUN,OWNER,V_CONFIG,HAZ_INV,TRAV_SP,DR_HGT,DR_WGT,PREV_SPD,SPEEDREL,VTRAFWAY,VNUM_LAN,VPROFILE,VPAVETYP,VSURCOND,P_CRASH1,P_CRASH2,DR_DRINK,VPICBODYCLASS,DRDISTRACT,DRIVERRF,DAY,MONTH,YEAR,DAY_WEEK,HOUR,RUR_URB,HARM_EV,RELJCT2,TYP_INT,REL_ROAD,LGT_COND,WEATHER,INJ_SEV
122107,1,1,33,1,1,11,20,8,9,0,1,0,1,0,1,75,69,999,0,0,2,2,1,8,2,14,12,0,13,0,6,16,9,2020,4,7,2,42,1,1,3,1,10,4
122109,1,1,56,1,1,11,20,1,9,0,3,0,2,0,1,30,65,999,0,0,1,2,1,8,1,1,17,0,60,99,39,28,8,2020,6,22,2,12,2,3,1,3,1,4
122110,1,1,61,2,1,11,3,8,0,0,1,0,1,0,1,55,63,999,0,0,1,2,1,8,1,1,17,0,13,0,39,3,9,2020,5,14,2,12,2,2,1,1,1,4
122111,1,1,20,1,1,11,3,20,0,0,1,0,1,0,1,40,69,999,0,0,1,2,1,8,2,14,11,0,60,0,0,4,9,2020,6,17,2,8,1,1,2,1,10,0
122112,1,1,17,1,1,11,20,8,0,0,3,0,2,0,1,73,66,999,0,0,3,4,1,8,1,1,50,0,60,0,6,21,9,2020,2,23,2,12,1,1,1,3,1,1
122113,1,1,46,1,1,11,3,20,0,0,1,0,1,0,1,60,68,999,0,0,2,6,1,8,2,1,80,0,13,0,0,12,9,2020,7,4,2,8,1,1,1,3,10,0
122114,1,1,66,1,1,11,20,8,0,0,2,0,1,0,1,20,68,999,0,0,2,3,6,8,1,11,15,0,7,99,38,12,9,2020,7,1,2,12,2,3,1,2,1,4
122115,1,1,37,1,1,11,20,8,0,0,1,0,2,0,1,85,71,999,0,0,2,2,6,8,1,1,51,1,13,99,6,2,9,2020,4,1,2,12,1,1,1,3,1,4
122116,1,1,45,1,1,11,3,1,0,0,1,0,2,0,1,65,70,999,0,0,2,2,1,8,1,1,80,0,60,0,0,13,9,2020,1,21,2,8,1,1,1,2,1,0
122117,1,1,14,1,1,11,20,8,9,0,4,0,2,0,1,40,999,999,0,0,1,3,1,8,1,98,66,1,13,99,0,22,9,2020,3,2,2,12,2,2,1,2,1,3
122120,1,1,18,2,1,11,3,8,0,0,2,0,2,0,1,35,64,999,0,0,2,4,5,8,1,11,15,0,3,99,0,23,9,2020,4,16,2,12,2,2,1,1,10,4
122121,1,1,32,1,1,11,20,20,0,0,1,0,1,0,1,100,66,999,0,0,2,2,1,8,1,14,12,0,80,0,6,10,8,2020,2,0,2,24,1,1,4,2,1,4
122123,1,1,28,2,1,11,8,20,0,0,99,1,1,0,1,30,61,999,0,0,5,5,1,8,1,1,80,0,13,99,0,19,9,2020,7,22,2,8,3,2,1,3,1,0
122125,1,1,72,2,1,11,3,1,0,0,1,0,2,0,1,15,999,999,0,0,2,3,1,8,1,11,15,0,7,0,38,22,9,2020,3,20,2,12,2,3,1,2,1,4
122126,1,1,62,1,1,11,3,20,0,0,99,1,1,0,1,998,69,999,0,0,1,2,1,8,1,1,80,0,60,99,0,18,9,2020,6,21,2,8,1,1,1,2,1,0
122131,1,1,29,1,1,11,20,8,9,0,1,0,2,0,1,60,70,999,0,0,1,2,1,8,1,1,51,1,13,99,6,19,9,2020,7,2,2,12,1,1,1,2,1,4
122132,1,1,36,2,1,11,3,8,0,0,1,0,2,0,1,50,63,999,0,0,3,5,1,8,1,1,52,0,7,10,6,2,9,2020,4,21,2,12,1,1,1,3,1,2
122133,1,1,31,1,1,11,3,20,0,0,2,0,2,0,1,45,67,999,0,0,2,3,1,8,1,15,11,0,5,0,0,23,9,2020,4,7,2,12,1,1,1,1,1,0
122134,1,1,50,1,1,11,3,20,0,0,2,0,1,0,1,55,70,999,0,0,2,2,1,8,2,1,12,1,7,0,0,22,8,2020,7,19,2,1,1,1,3,5,2,4
122136,1,1,999,9,1,11,99,99,8,0,99,1,9,99,1,30,999,999,99,0,1,2,1,8,1,99,80,0,999,99,0,14,7,2020,3,22,2,8,2,2,1,2,1,0
122137,1,1,60,1,1,11,3,20,0,0,99,1,2,0,1,998,71,999,0,0,1,5,1,8,1,1,83,0,7,0,0,23,9,2020,4,9,2,9,3,2,1,1,1,0
122138,1,1,68,1,1,11,3,20,0,0,1,0,1,0,1,45,68,999,0,0,2,2,1,8,2,1,13,0,60,0,0,29,9,2020,3,17,2,38,1,1,6,1,2,4
122140,1,1,48,1,1,11,20,20,9,0,1,0,1,0,1,30,67,999,0,0,2,4,1,8,1,1,12,0,104,99,0,19,9,2020,7,5,2,33,1,1,3,3,1,4
122141,1,1,33,1,1,11,20,20,0,0,1,0,2,0,1,55,70,999,0,0,2,2,1,8,2,1,10,0,13,99,58,21,9,2020,2,5,2,12,3,3,1,2,1,4
122142,1,1,23,2,1,11,3,2,0,0,1,0,2,0,1,15,62,999,0,0,1,3,1,8,1,11,15,0,13,93,38,9,9,2020,4,5,2,12,2,3,1,2,1,1
122144,1,1,61,1,1,11,3,20,0,0,1,0,1,0,1,998,67,999,0,0,1,2,1,8,1,11,15,0,7,0,48,11,9,2020,6,10,2,8,1,1,1,1,10,0
122145,1,1,36,2,1,11,3,20,0,0,1,0,1,0,1,35,67,999,1,0,2,2,1,8,1,1,80,0,2,99,0,6,3,2020,6,20,2,8,1,1,1,3,1,0
122147,1,1,26,1,1,11,3,20,0,0,1,0,1,0,1,25,73,999,0,0,2,3,1,8,2,1,80,0,13,0,0,15,9,2020,3,21,2,8,1,1,1,3,2,0
122148,1,1,27,2,1,11,3,20,0,0,1,0,1,0,1,35,62,999,1,0,5,7,1,8,1,1,80,0,13,0,0,22,9,2020,3,8,2,8,3,2,1,1,1,0
122149,1,1,23,2,1,11,20,8,9,0,1,0,1,0,1,70,60,999,0,0,3,4,1,2,1,1,13,0,5,99,0,8,9,2020,3,7,2,1,1,1,4,1,1,4
122152,1,1,29,1,1,11,3,8,0,0,2,0,1,0,1,80,70,999,0,0,2,3,1,8,2,1,51,0,13,93,6,13,9,2020,1,13,2,12,1,1,1,1,2,3
122153,1,1,17,2,1,11,3,1,0,0,5,0,2,0,1,55,60,999,0,0,6,1,1,8,1,1,13,0,7,0,6,19,9,2020,7,17,2,20,5,1,8,1,1,3
122155,1,1,30,2,1,11,20,20,9,0,1,0,1,0,1,70,66,999,0,0,2,2,1,8,1,1,12,1,60,99,0,18,9,2020,6,18,2,12,1,1,1,5,10,3
122156,1,1,57,1,1,11,20,8,9,0,2,0,1,0,1,70,68,999,0,0,2,2,1,8,1,1,9,0,60,0,36,30,3,2020,2,3,2,42,1,1,4,2,1,4
122157,1,1,34,1,1,11,3,1,9,0,1,0,1,0,1,80,69,999,0,0,2,4,1,8,1,1,51,1,13,99,6,27,9,2020,1,21,2,12,1,1,1,3,1,3
122158,1,1,51,2,1,11,3,8,0,0,1,0,1,0,1,45,63,999,0,0,1,2,1,8,2,14,10,0,7,0,28,13,9,2020,1,13,2,12,1,1,1,1,10,3
122160,1,1,21,1,1,11,3,8,0,0,1,0,1,0,1,23,64,999,0,0,1,3,1,8,1,11,15,1,60,0,39,19,9,2020,7,23,2,12,2,2,1,3,1,2
122161,1,1,27,1,1,11,99,1,9,0,1,0,9,0,1,50,69,999,0,0,1,5,1,8,1,1,13,0,3,99,0,15,9,2020,3,0,2,33,1,1,4,3,1,4
122162,1,1,67,1,1,11,20,8,0,0,1,0,2,0,1,35,69,999,0,0,2,4,1,8,1,1,17,1,7,99,39,28,9,2020,2,16,2,12,2,2,1,1,1,4
122163,1,1,26,2,1,11,3,8,0,0,1,0,1,0,1,55,999,999,0,0,3,5,1,2,1,1,13,1,1,99,6,25,9,2020,6,0,2,14,19,1,4,3,1,4
122167,1,1,56,1,1,11,3,20,0,0,1,0,3,1,1,15,64,999,0,0,2,4,1,8,1,15,11,0,60,0,0,16,8,2020,1,20,2,12,1,1,1,5,10,2
122168,1,1,55,1,1,11,3,8,1,0,2,0,1,0,1,45,72,999,0,0,1,2,1,8,1,1,51,1,3,93,6,19,9,2020,7,0,2,12,1,1,1,2,10,2
122169,1,1,20,1,1,11,20,20,1,0,2,0,1,0,1,70,73,999,1,0,2,3,1,8,1,1,13,1,13,99,0,26,9,2020,7,1,2,42,1,1,4,2,1,4
122172,1,1,25,2,1,11,3,20,0,0,2,0,2,0,1,45,68,999,0,0,2,6,1,8,1,1,62,0,7,0,0,23,9,2020,4,7,2,12,2,2,1,1,10,3
122173,1,1,47,1,1,11,20,20,0,0,1,0,1,0,1,40,71,999,0,0,1,4,1,8,1,14,13,0,85,0,6,20,9,2020,1,22,2,24,1,1,4,3,1,4
122175,1,1,52,1,1,11,3,8,0,0,2,0,1,0,1,25,69,999,0,0,2,4,1,8,1,11,15,0,7,0,38,29,9,2020,3,7,2,12,8,1,1,4,10,0
122178,1,1,22,2,1,11,3,20,1,0,1,0,2,0,1,37,64,999,0,0,5,7,1,8,1,1,80,0,13,0,0,24,9,2020,5,22,2,8,1,1,1,3,1,0
122181,1,1,26,1,1,11,20,3,1,0,1,0,2,0,1,998,999,999,0,0,2,4,1,8,1,11,15,0,13,0,38,1,10,2020,5,3,2,12,2,2,1,3,1,1
122182,1,1,58,2,1,11,3,1,9,0,1,0,1,0,1,25,62,999,0,0,2,3,1,8,1,11,15,0,7,0,38,2,10,2020,6,19,2,12,2,3,1,3,10,2
122183,1,1,20,1,1,11,3,8,0,0,1,0,1,0,1,60,70,999,1,0,5,5,1,2,1,1,12,1,3,99,0,3,10,2020,7,1,2,30,1,1,4,3,1,4
122184,1,1,69,1,1,11,3,20,0,0,1,0,1,0,1,30,66,999,0,0,2,2,1,8,1,1,80,0,13,0,0,3,10,2020,7,23,2,8,3,2,1,3,10,0
122188,1,1,22,2,1,11,3,20,9,0,1,0,1,0,1,10,65,999,1,0,0,0,0,0,0,11,15,0,13,0,38,31,7,2020,6,14,2,12,8,1,1,1,1,0
122189,1,1,30,1,1,11,3,8,1,0,2,0,2,0,1,90,73,999,0,0,3,3,1,8,1,15,11,0,13,93,6,26,9,2020,7,13,2,12,1,1,1,1,1,2
122190,1,1,67,1,1,11,20,20,9,0,1,0,1,0,1,75,67,999,0,0,2,2,1,8,1,14,13,0,6,99,0,23,9,2020,4,13,2,33,1,1,4,1,1,4
122191,1,1,24,2,1,11,3,1,0,0,4,0,2,0,1,15,65,999,5,0,1,2,1,8,1,1,17,0,13,0,38,6,9,2020,1,15,2,12,2,2,1,1,1,2
122192,1,1,32,1,1,11,20,20,0,0,1,0,2,0,1,998,999,999,0,0,2,3,1,8,1,1,62,0,80,0,38,19,9,2020,7,0,2,12,2,2,1,3,1,4
122193,1,1,23,2,1,11,3,20,0,0,1,0,1,0,1,5,65,999,0,0,2,2,1,8,1,11,83,0,13,0,0,18,9,2020,6,12,2,9,3,3,1,1,1,0
122194,1,1,55,2,1,11,3,8,0,0,1,0,1,0,1,55,69,999,0,0,2,2,1,8,1,1,12,0,7,99,6,25,9,2020,6,2,2,18,1,1,3,3,1,4
122195,1,1,44,2,1,11,3,20,0,0,2,0,1,0,1,38,66,999,0,0,1,5,1,8,1,1,80,0,7,0,0,1,10,2020,5,3,2,8,1,1,1,3,1,0
122197,1,1,52,1,1,11,3,20,0,0,1,0,1,0,1,10,74,999,0,0,1,2,1,8,1,1,17,0,13,99,39,27,9,2020,1,14,2,12,2,2,1,1,1,3
122198,1,1,39,1,1,11,20,20,0,0,1,0,1,0,1,45,71,999,0,0,1,4,1,8,1,1,12,0,60,99,51,26,9,2020,7,17,2,42,1,1,4,1,1,4
122199,1,1,50,1,1,11,3,20,1,0,1,0,3,6,1,65,64,999,0,0,3,4,1,8,1,1,80,0,66,0,0,26,9,2020,7,0,2,8,1,1,1,3,1,0
122200,1,1,33,1,1,11,3,20,0,0,2,0,2,0,1,65,999,999,0,0,3,3,1,8,1,1,12,0,60,0,6,22,9,2020,3,15,2,24,19,1,3,1,1,2
122201,1,1,38,2,1,11,3,20,0,0,1,0,1,0,1,30,64,999,0,0,2,3,1,8,1,1,80,0,1,0,0,24,9,2020,5,21,2,8,18,1,1,2,10,0
122203,1,1,24,2,1,11,3,20,0,0,1,0,1,0,1,55,67,999,0,0,2,4,1,8,1,14,83,0,13,0,0,28,9,2020,2,7,2,9,2,2,1,1,1,1
122205,1,1,73,1,1,11,20,1,0,0,1,0,1,0,1,45,71,999,0,0,2,2,1,8,1,14,12,1,13,99,0,26,9,2020,7,18,2,33,1,1,3,1,1,4
122208,1,1,998,8,1,11,98,98,8,0,99,1,9,99,1,999,999,999,99,0,8,8,8,8,1,99,80,0,999,96,0,4,9,2020,6,4,2,8,3,2,1,3,1,9
122209,1,1,22,1,1,11,20,20,9,0,1,0,2,0,1,50,67,999,1,0,2,1,1,8,1,14,12,0,80,0,0,11,9,2020,6,9,2,33,1,1,3,1,1,4
122212,1,1,60,1,1,11,20,20,0,0,2,0,1,0,1,25,70,999,0,0,2,6,1,8,1,1,50,0,81,0,6,8,9,2020,3,14,2,12,1,1,1,1,10,4
122213,1,1,15,1,1,11,3,1,0,0,5,0,2,0,1,65,67,999,0,0,3,6,1,8,1,15,10,0,60,0,28,26,9,2020,7,20,2,12,18,1,1,3,1,0
122214,1,1,79,1,1,11,3,8,0,0,1,0,1,0,1,35,69,999,0,0,2,2,1,8,1,1,17,0,13,99,39,11,9,2020,6,18,2,12,2,2,1,1,10,4
122215,1,1,31,1,1,11,20,8,1,0,1,0,4,0,1,70,67,999,0,0,3,4,6,2,2,1,13,1,1,0,6,5,10,2020,2,2,2,18,1,1,6,3,2,4
122217,1,1,31,1,1,11,20,8,0,0,1,0,2,0,1,60,74,999,2,0,1,2,1,8,2,1,12,1,7,99,6,27,9,2020,1,23,2,34,1,1,4,2,1,4
122218,1,1,24,1,1,11,3,20,0,0,99,1,2,0,1,45,74,999,0,0,3,2,5,8,1,14,11,1,7,93,6,19,9,2020,7,2,2,9,1,1,2,3,1,0
122219,1,1,33,1,1,11,20,20,0,0,1,0,1,0,1,85,71,999,1,3,2,2,1,8,1,1,62,1,82,0,0,25,9,2020,6,0,2,12,1,1,1,3,1,4
122220,1,1,19,1,1,11,3,20,0,0,1,0,2,0,1,45,66,999,0,0,2,2,1,8,1,1,12,0,13,0,6,28,9,2020,2,0,2,33,1,1,3,3,1,4
122221,1,1,55,1,1,11,3,20,1,0,1,0,1,0,1,65,67,999,0,0,3,3,1,8,1,1,13,1,13,93,6,24,9,2020,5,9,2,8,1,1,2,1,10,1
122222,1,1,69,2,1,11,3,8,0,0,1,0,1,0,1,10,66,999,0,0,1,2,1,8,1,1,17,0,13,0,38,1,10,2020,5,17,2,12,2,2,1,1,1,4
122223,1,1,998,8,1,11,98,98,8,0,99,1,9,99,1,998,999,999,99,0,8,8,8,8,1,99,80,0,999,0,0,23,9,2020,4,7,2,8,99,1,1,6,1,9
122225,1,1,27,2,1,11,98,8,1,0,1,0,1,0,1,45,65,999,2,0,2,3,1,8,1,99,99,1,7,99,0,11,10,2020,1,2,2,12,3,2,1,3,1,4
122227,1,1,30,1,1,11,20,8,0,0,1,0,1,0,1,45,69,999,0,0,3,4,1,8,1,1,9,1,3,0,6,7,10,2020,4,2,2,25,3,2,4,3,1,4
122230,1,1,64,1,1,11,3,20,0,0,1,0,1,0,1,20,69,999,0,0,2,3,1,8,1,11,15,0,60,0,38,18,9,2020,6,9,2,12,2,2,1,1,1,0
122231,1,1,999,9,1,11,20,20,0,0,99,1,9,0,1,65,999,999,99,0,3,2,1,8,2,1,80,0,13,0,0,18,9,2020,6,20,2,8,1,1,1,3,10,9
122234,1,1,43,1,1,11,3,20,0,0,1,0,2,0,1,45,71,999,0,0,2,2,1,8,2,1,80,0,13,0,0,5,10,2020,2,5,2,8,1,1,1,2,10,0
122236,1,1,53,1,1,11,20,8,0,0,1,0,2,0,1,45,74,999,2,0,2,4,1,8,1,1,67,0,60,0,39,25,9,2020,6,9,2,12,2,2,1,1,1,1
122239,1,1,32,1,1,11,20,1,1,0,1,0,1,0,1,55,72,999,1,0,1,2,5,8,1,1,12,1,60,15,0,24,9,2020,5,21,2,42,1,1,4,2,1,4
122241,1,1,85,1,1,11,3,8,9,0,1,0,1,0,1,70,70,999,0,0,3,5,1,8,2,1,12,0,60,0,0,19,9,2020,7,15,2,24,1,1,3,1,2,4
122243,1,1,58,2,1,11,3,8,9,0,2,0,1,0,1,60,62,999,0,0,1,2,1,8,1,1,51,0,7,0,6,11,10,2020,1,19,2,12,1,1,1,2,1,4
122246,1,1,58,1,1,11,3,20,0,0,1,0,1,0,1,35,69,999,0,0,4,3,1,8,1,1,80,0,7,0,0,2,10,2020,6,0,2,8,1,1,1,3,10,0
122249,1,1,27,2,1,11,20,8,0,0,1,0,1,0,1,55,66,999,0,0,3,6,1,8,1,1,12,0,7,99,0,8,9,2020,3,15,2,25,1,1,4,1,1,4
122250,1,1,27,1,1,11,20,20,0,0,1,0,1,0,1,45,69,999,0,0,2,3,1,8,1,1,62,0,80,99,0,7,10,2020,4,19,2,12,8,1,1,3,1,4
122251,1,1,41,1,1,11,3,2,9,0,2,0,2,0,1,35,71,999,0,0,2,2,1,8,2,1,12,1,7,99,6,5,9,2020,7,19,2,33,1,1,3,5,1,2
122252,1,1,33,1,1,11,3,3,9,0,1,0,2,0,1,998,68,999,0,0,2,3,1,8,2,1,13,0,7,0,0,7,9,2020,2,4,2,33,1,1,4,3,1,4
122253,1,1,39,1,1,11,3,20,0,0,1,0,3,5,1,55,64,999,0,0,2,3,1,8,1,1,17,0,66,93,39,9,10,2020,6,9,2,12,2,2,1,1,1,2
122254,1,1,35,2,1,11,3,1,1,0,1,0,1,0,1,70,63,140,0,0,3,3,6,8,1,1,13,0,7,99,0,27,9,2020,1,12,2,24,19,1,4,1,1,4
122256,1,1,39,1,1,11,3,1,9,0,3,0,2,0,1,65,65,999,0,0,3,4,1,8,2,1,13,1,60,99,0,3,10,2020,7,1,2,24,1,1,4,3,10,2
122257,1,1,76,1,1,11,3,8,0,0,2,0,1,0,1,10,71,999,0,0,2,1,3,8,2,1,17,0,1,0,38,4,10,2020,1,15,2,12,2,2,1,1,2,4
122258,1,1,35,1,1,11,3,8,0,0,1,0,1,0,1,80,67,999,0,3,4,3,1,8,1,1,12,1,13,0,36,5,10,2020,2,3,2,42,1,1,4,3,1,4
122259,1,1,30,9,1,11,20,20,9,0,99,1,9,99,1,60,999,999,99,0,2,2,1,8,1,1,80,0,999,99,0,22,6,2020,2,23,2,8,1,1,1,3,1,1
122260,1,1,58,1,1,11,3,1,0,0,1,0,1,0,1,80,73,999,0,0,2,2,1,8,1,1,12,0,3,0,6,19,9,2020,7,16,2,12,1,1,1,1,1,4
122261,1,1,35,1,1,11,20,8,9,0,1,0,1,0,1,998,70,999,0,3,2,4,1,8,1,1,13,0,7,99,0,11,10,2020,1,8,2,30,3,2,4,1,1,4
122266,1,1,16,1,1,11,3,20,0,0,1,0,2,0,1,30,74,999,0,0,1,4,1,8,1,1,80,0,7,0,0,3,10,2020,7,19,2,8,1,1,1,3,1,0
122268,1,1,47,1,1,11,3,20,0,0,1,0,2,0,1,998,66,999,0,0,2,2,1,8,1,1,80,0,13,0,0,5,10,2020,2,6,2,8,3,3,1,6,1,0
122270,1,1,44,1,1,11,3,20,0,0,3,0,3,0,1,65,66,999,0,0,3,5,1,8,2,1,80,0,13,0,0,2,10,2020,6,23,2,8,1,1,1,3,10,0
122271,1,1,47,1,1,11,20,20,0,0,1,0,1,0,1,70,65,999,0,0,3,3,1,8,1,1,13,0,81,0,0,19,9,2020,7,11,2,1,1,1,2,1,1,4
122272,1,1,52,1,1,11,20,20,9,0,2,0,1,0,1,40,69,999,0,0,5,5,1,8,1,14,10,1,94,99,51,10,10,2020,7,15,2,12,8,1,1,1,1,3
122273,1,1,50,2,1,11,3,20,8,0,99,1,9,0,1,25,62,999,0,0,1,2,1,8,2,1,13,1,7,96,38,29,9,2020,3,16,2,15,1,1,2,1,2,0
122275,1,1,62,2,1,11,3,8,1,0,1,0,1,0,1,998,61,999,0,0,1,2,1,8,1,1,17,0,5,99,38,7,10,2020,4,13,2,12,2,3,1,1,1,4
122277,1,1,46,2,1,11,3,20,0,0,1,0,2,0,1,40,67,999,1,0,2,4,1,8,1,1,80,0,7,0,0,6,10,2020,3,6,2,8,3,2,1,3,1,0
122278,1,1,58,1,1,11,3,8,9,0,1,0,1,0,1,85,68,999,0,0,2,3,1,8,2,14,12,1,2,99,28,5,10,2020,2,22,2,59,1,1,3,3,1,4
122279,1,1,58,1,1,11,3,20,0,0,1,0,3,21,1,5,65,999,0,0,2,4,1,8,1,10,16,0,16,0,38,28,9,2020,2,10,2,9,3,3,1,1,1,0
122280,1,1,27,2,1,11,3,2,0,0,1,0,1,0,1,10,62,999,0,0,1,2,1,8,1,11,15,0,13,0,38,25,9,2020,6,18,2,12,2,3,1,1,1,0
122281,1,1,999,9,1,11,99,99,9,0,99,1,9,99,1,999,999,999,99,0,2,3,1,8,1,1,80,0,999,99,38,8,10,2020,5,23,2,8,3,3,1,3,1,0
122282,1,1,41,1,1,11,3,8,0,0,3,0,1,0,1,55,66,999,0,0,2,4,1,8,1,1,17,0,7,0,39,20,6,2020,7,9,2,12,2,2,1,1,1,2
122283,1,1,52,2,1,11,3,8,0,0,2,0,1,0,1,5,67,999,0,0,1,2,1,8,1,11,15,0,13,0,39,9,10,2020,6,6,2,12,2,3,1,3,1,2
122284,1,1,41,1,1,11,20,8,9,0,1,0,1,0,1,104,77,999,0,0,2,2,1,8,1,1,51,1,7,0,36,24,9,2020,5,23,2,12,1,1,1,3,1,4
122285,1,1,28,1,1,11,3,8,9,0,3,0,1,0,1,50,70,999,0,0,2,2,1,8,1,1,67,0,13,0,6,9,10,2020,6,18,2,12,2,2,1,1,1,2
122286,1,1,67,1,1,11,3,20,0,0,1,1,1,0,1,998,67,999,0,0,2,4,1,8,1,1,80,0,7,0,0,12,10,2020,2,4,2,8,1,1,1,3,1,0
122289,1,1,34,1,1,11,20,20,0,0,1,0,1,0,1,100,65,999,0,4,2,2,1,8,1,14,13,1,80,99,0,8,10,2020,5,23,2,33,3,3,4,3,1,4
122291,1,1,63,1,1,11,3,1,0,0,1,0,1,0,1,55,77,999,0,0,2,3,1,8,1,14,11,1,60,99,0,6,10,2020,3,19,2,8,1,1,2,5,1,0
122293,3,1,55,1,1,11,3,20,0,0,1,0,1,0,1,45,68,999,0,0,3,3,3,8,1,1,50,0,60,0,0,1,10,2020,5,5,2,12,1,1,1,3,1,1
122295,1,1,998,9,1,11,20,20,9,0,99,1,9,99,1,998,999,999,99,0,2,3,1,8,1,1,80,0,999,0,0,9,10,2020,6,0,2,8,1,1,1,3,1,0
122296,1,1,37,1,1,11,3,20,0,0,5,0,2,0,1,40,72,999,0,0,2,3,1,8,1,1,80,0,7,0,0,10,10,2020,7,19,2,8,1,1,1,3,1,0
122298,1,1,65,1,1,11,3,8,0,0,1,0,2,0,1,10,67,999,0,0,1,2,6,8,2,11,15,0,7,0,38,20,9,2020,1,15,2,12,2,3,1,1,10,4
122300,1,1,42,1,1,11,3,20,0,0,99,1,2,0,1,45,73,999,0,0,5,7,1,8,1,1,80,0,60,0,0,12,10,2020,2,6,2,8,1,1,1,2,1,0
122301,1,1,25,1,1,11,3,8,9,0,1,0,2,0,1,70,999,999,0,0,3,5,1,8,1,1,50,1,5,0,6,3,10,2020,7,2,2,12,1,1,1,3,10,4
122302,1,1,86,2,1,11,3,8,0,0,2,0,2,0,1,15,66,999,0,0,2,5,1,8,1,11,15,0,13,0,38,6,10,2020,3,13,2,12,2,2,1,1,1,1
122309,1,1,18,2,1,11,3,20,0,0,5,0,2,0,1,45,67,999,0,0,2,3,1,8,2,1,80,0,13,0,0,1,9,2020,3,22,2,8,1,1,1,3,10,0
122310,1,1,27,1,1,11,3,20,0,0,1,0,2,0,1,25,73,999,0,0,2,3,1,8,1,1,63,0,13,99,0,7,9,2020,2,22,2,12,2,2,1,3,1,3
122311,1,1,55,1,1,11,3,20,0,0,1,0,3,1,1,45,66,999,0,0,5,4,1,8,2,1,80,0,60,0,0,12,9,2020,7,5,2,8,2,2,1,3,2,0
122312,1,1,72,2,1,11,3,20,0,0,1,0,1,0,1,40,66,999,0,0,5,5,1,8,2,1,80,0,13,0,0,12,9,2020,7,22,2,8,1,1,1,2,2,1
122313,1,1,66,1,1,11,3,20,0,0,1,0,1,0,1,10,67,999,0,0,1,2,1,8,1,1,80,0,13,99,6,19,9,2020,7,3,2,8,1,1,1,3,1,0
122315,1,1,17,1,1,11,3,20,0,0,1,0,2,0,1,998,69,999,0,0,1,2,1,8,1,11,15,0,13,0,38,4,9,2020,6,18,2,12,2,2,1,1,1,0
122318,1,1,51,1,1,11,3,8,1,0,1,0,2,0,1,60,72,999,0,0,2,5,1,8,1,1,50,1,7,99,0,10,10,2020,7,22,2,12,3,2,1,3,1,4
122319,1,1,999,9,1,11,99,99,8,0,99,1,9,99,1,45,999,999,99,0,2,3,1,8,1,1,80,0,999,99,0,20,9,2020,1,19,2,8,1,1,1,1,1,0
122320,1,1,30,1,1,11,3,8,1,0,1,0,2,0,1,45,74,999,0,0,2,3,1,8,1,14,13,0,13,99,0,14,8,2020,6,13,2,31,8,1,4,1,1,4
122322,1,1,56,1,1,11,20,20,0,0,1,0,2,0,1,55,66,999,0,0,1,2,1,8,1,1,52,0,81,0,6,3,10,2020,7,11,2,12,8,1,1,1,1,4
122323,1,1,20,1,1,11,20,20,0,0,2,0,2,0,1,25,77,999,0,0,2,2,1,8,1,11,15,0,80,93,6,14,10,2020,4,21,2,12,2,3,1,3,1,2
122324,1,1,27,1,1,11,3,20,0,0,1,0,1,0,1,40,68,999,0,0,2,2,1,8,1,1,80,0,13,0,0,15,10,2020,5,6,2,8,3,2,1,3,1,0
122325,1,1,19,1,1,11,98,8,9,0,2,0,4,0,1,70,70,999,0,3,1,4,6,8,1,1,13,0,7,0,36,1,9,2020,3,12,2,30,1,1,4,1,1,1
122326,1,1,999,9,1,11,99,99,8,0,99,1,9,99,1,45,999,999,99,0,2,3,1,8,1,1,62,0,13,99,0,28,9,2020,2,10,2,12,2,4,1,1,1,0
122327,1,1,998,9,1,11,20,20,9,0,99,1,9,99,1,998,999,999,99,0,2,3,1,8,2,99,82,0,999,99,0,5,6,2020,6,0,2,8,99,99,99,3,2,0
122328,1,1,60,1,1,11,3,20,0,0,1,0,1,0,1,998,74,999,0,0,1,2,1,8,1,6,83,0,7,0,34,16,9,2020,4,6,2,9,1,1,1,2,1,0
122331,1,1,51,1,1,11,3,8,9,0,1,0,1,0,1,40,72,999,0,0,1,2,1,8,2,14,17,0,13,99,0,4,10,2020,1,8,2,12,2,3,1,1,2,4
122334,1,1,999,9,1,11,99,99,8,0,99,1,9,99,1,999,999,999,99,0,2,2,1,8,1,1,80,0,999,99,0,15,8,2020,7,3,2,8,1,1,1,2,1,0
122335,1,1,34,2,1,11,3,20,0,0,3,0,1,0,1,45,62,999,0,0,2,4,1,8,1,1,66,0,2,0,0,12,10,2020,2,20,2,12,2,2,1,3,1,0
122339,1,1,80,1,1,11,3,20,0,0,1,0,1,0,1,10,72,999,0,0,1,2,1,8,1,11,15,0,60,93,39,18,9,2020,6,20,2,12,2,3,1,2,1,1
122340,1,1,42,2,1,11,3,1,0,0,1,0,2,0,1,12,69,999,0,0,1,2,1,8,1,11,15,0,60,99,38,9,10,2020,6,20,2,12,2,3,1,2,10,0
122341,1,1,32,1,1,11,3,20,0,0,1,0,1,0,1,998,70,999,0,0,1,2,1,8,1,1,83,0,60,0,0,7,10,2020,4,5,2,9,1,1,1,2,1,0
122342,1,1,22,2,1,11,3,20,0,0,2,0,1,0,1,45,63,999,0,0,2,2,1,8,1,1,80,0,13,0,0,15,10,2020,5,19,2,8,1,1,1,3,1,0