ST_CASE,VEH_NO,PER_NO,AGE,SEX,PER_TYP,SEAT_POS,REST_USE,AIR_BAG,DRUGS,LOCATION,NUMOCCS,HIT_RUN,OWNER,V_CONFIG,HAZ_INV,TRAV_SP,DR_HGT,DR_WGT,PREV_SPD,SPEEDREL,VTRAFWAY,VNUM_LAN,VPROFILE,VPAVETYP,VSURCOND,P_CRASH1,P_CRASH2,DR_DRINK,VPICBODYCLASS,DRDISTRACT,DRIVERRF,DAY,MONTH,YEAR,DAY_WEEK,HOUR,RUR_URB,HARM_EV,RELJCT2,TYP_INT,REL_ROAD,LGT_COND,WEATHER,INJ_SEV
122343,1,1,54,1,1,11,20,20,0,0,1,0,1,0,1,998,66,999,0,0,2,3,1,8,1,14,13,0,81,99,0,12,5,2020,3,21,2,33,1,1,4,3,1,4
122344,1,1,56,1,1,11,20,1,9,0,1,0,1,0,1,65,68,999,0,0,2,3,1,8,1,1,14,0,13,0,39,19,7,2020,1,1,2,35,3,3,4,3,1,4
122346,1,1,32,1,1,11,20,8,1,0,1,0,2,0,1,60,72,999,0,0,2,2,1,8,1,1,12,1,13,0,6,17,10,2020,7,2,2,42,1,1,3,2,10,4
122351,1,1,78,1,1,11,3,20,0,0,1,0,1,0,1,45,70,999,0,0,2,2,1,8,1,1,80,0,13,0,0,19,9,2020,7,20,2,8,1,1,1,2,1,0
122352,1,1,50,2,1,11,3,2,0,0,1,0,1,0,1,20,62,999,0,0,2,2,1,8,1,11,15,0,13,0,38,17,10,2020,7,10,2,12,2,2,1,1,1,0
122353,1,1,56,1,1,11,20,20,0,0,1,0,2,0,1,55,69,999,0,0,3,4,1,8,1,1,50,0,80,0,6,10,10,2020,7,13,2,12,18,1,1,1,1,4
122355,1,1,24,1,1,11,3,20,0,0,1,0,3,0,1,40,72,999,0,0,2,3,1,8,1,1,80,0,9,99,0,28,9,2020,2,17,2,8,1,1,1,1,1,0
122357,1,1,28,1,1,11,3,20,0,0,99,1,1,0,1,998,61,999,0,0,2,2,1,8,1,1,51,1,3,99,91,7,10,2020,4,23,2,12,3,2,1,3,1,0
122358,1,1,67,1,1,11,3,8,0,0,1,0,1,0,1,35,72,999,0,0,2,2,1,8,1,11,15,0,13,0,38,9,10,2020,6,6,2,12,2,3,1,2,1,4
122359,1,1,56,1,1,11,20,20,9,0,2,0,1,0,1,80,66,999,0,3,1,2,1,8,1,14,13,1,5,0,36,17,10,2020,7,20,2,42,1,1,4,2,1,4
122360,1,1,23,1,1,11,3,20,0,0,3,0,2,0,1,45,69,999,1,0,2,6,1,8,1,1,80,0,13,0,0,9,10,2020,6,21,2,8,3,2,1,3,10,0
122361,1,1,32,1,1,11,3,1,1,0,1,0,2,0,1,76,68,999,0,3,2,3,1,8,1,1,12,1,13,0,91,9,10,2020,6,23,2,12,1,1,1,3,1,2
122363,1,1,85,1,1,11,3,8,0,0,2,0,1,0,1,20,72,999,0,0,2,2,1,8,2,11,15,0,13,99,39,20,10,2020,3,7,2,12,2,3,1,1,10,4
122365,1,1,999,9,1,11,20,20,8,0,99,1,9,99,1,65,999,999,99,0,2,2,1,8,1,1,13,0,999,0,0,10,10,2020,7,0,2,8,1,1,4,2,10,9
122367,1,1,24,1,1,11,3,20,9,0,1,0,2,0,1,55,69,999,0,0,1,2,5,8,1,1,10,0,65,99,28,10,10,2020,7,17,2,12,1,1,1,1,1,4
122368,1,1,80,1,1,11,3,20,0,0,1,0,1,0,1,5,76,999,1,0,1,2,1,8,1,10,80,0,7,0,38,17,10,2020,7,9,2,8,3,3,1,1,1,0
122371,1,1,46,2,1,11,3,20,9,0,1,0,1,0,1,45,65,999,1,0,1,2,1,8,1,1,83,0,13,0,0,13,10,2020,3,11,2,9,1,1,1,1,1,0
122372,1,1,18,1,1,11,3,20,1,0,2,0,2,0,1,15,70,999,0,0,2,2,1,8,1,15,98,0,7,0,6,13,10,2020,3,16,2,12,1,1,1,1,10,0
122373,1,1,65,2,1,11,3,20,9,0,2,0,1,0,1,70,63,999,0,0,2,2,1,8,1,14,12,0,7,99,0,11,10,2020,1,18,2,42,1,1,4,5,10,3
122374,1,1,50,1,1,11,20,20,0,0,3,0,2,0,1,60,64,999,1,0,1,2,1,8,1,14,13,0,13,0,6,2,10,2020,6,16,2,32,1,1,4,1,1,4
122375,1,1,38,1,1,11,3,20,1,0,2,0,1,6,1,70,999,999,0,0,3,3,1,8,1,15,11,0,66,93,28,9,10,2020,6,11,2,12,1,1,1,1,10,0
122376,1,1,17,2,1,11,3,20,0,0,99,1,1,0,1,998,68,999,0,0,2,3,1,8,1,1,83,0,7,0,0,15,10,2020,5,21,2,9,1,1,1,3,1,0
122377,1,1,16,1,1,11,20,8,1,0,3,0,2,0,1,100,61,999,0,3,2,5,1,8,1,15,17,0,7,99,39,7,10,2020,4,13,2,12,2,2,1,1,10,3
122378,1,1,42,1,1,11,20,20,0,0,1,0,2,1,1,50,66,999,0,0,2,2,1,8,2,1,54,1,63,99,51,12,10,2020,2,0,2,12,1,1,1,2,2,4
122379,1,1,36,2,1,11,3,20,0,0,2,0,2,0,1,45,72,999,0,0,5,5,1,8,1,1,80,0,7,0,0,20,10,2020,3,22,2,8,1,1,1,3,1,0
122381,1,1,36,2,1,11,3,20,9,0,1,0,1,0,1,20,999,999,0,0,2,3,1,8,2,11,15,0,13,99,38,16,10,2020,6,23,2,12,2,2,1,3,1,4
122382,1,1,36,2,1,11,3,20,0,0,5,0,1,0,1,45,64,999,0,0,2,2,1,8,1,1,80,0,60,0,0,20,10,2020,3,19,2,8,1,1,1,2,10,0
122387,1,1,70,1,1,11,20,20,9,0,1,0,9,0,1,30,71,999,0,0,1,2,1,8,1,1,17,0,5,99,39,21,10,2020,4,9,2,12,2,2,1,1,1,4
122390,1,1,998,8,1,11,20,20,0,0,1,0,9,21,1,998,999,999,99,0,1,2,1,8,1,1,83,0,73,0,0,15,10,2020,5,14,2,15,3,2,1,1,1,0
122392,1,1,61,2,1,11,3,8,0,0,1,0,1,0,1,5,60,999,0,0,5,5,1,8,1,11,15,0,13,93,38,22,10,2020,5,15,2,12,8,1,1,1,10,2
122393,1,1,44,1,1,11,3,20,0,0,2,0,2,0,1,40,71,999,0,0,1,2,5,8,1,1,80,0,60,0,0,19,10,2020,2,20,2,8,1,1,1,2,10,0
122394,1,1,27,1,1,11,20,20,1,0,1,0,1,0,1,25,73,999,1,0,4,2,5,8,1,1,17,1,84,0,6,12,10,2020,2,18,2,12,3,2,1,1,1,4
122397,1,1,45,1,1,11,20,1,0,0,1,0,1,0,1,45,72,999,1,0,1,2,1,8,1,1,10,0,60,0,6,13,10,2020,3,5,2,12,1,1,1,2,1,4
122399,1,1,998,8,1,11,20,20,8,0,99,1,9,99,1,998,999,999,99,0,2,3,8,8,1,99,80,0,999,0,0,2,10,2020,6,22,2,8,1,1,1,2,1,9
122402,1,1,26,1,1,11,20,20,8,0,1,0,1,0,1,998,72,235,1,0,2,2,1,8,1,1,12,0,94,99,6,24,10,2020,7,21,2,42,1,1,3,3,1,4
122403,1,1,20,1,1,11,3,20,0,0,1,0,2,0,1,40,70,999,0,0,2,3,1,8,1,1,80,0,13,0,0,23,10,2020,6,19,2,8,1,1,1,2,1,0
122404,1,1,69,1,1,11,3,2,0,0,1,0,2,0,1,5,64,999,0,0,2,4,1,8,1,11,15,0,7,0,6,10,9,2020,5,18,2,12,2,3,1,1,1,1
122405,1,1,19,1,1,11,20,8,0,0,3,0,3,0,1,70,70,999,0,4,1,2,1,8,6,1,13,0,13,0,0,20,9,2020,1,10,2,30,1,1,4,1,2,2
122406,1,1,58,2,1,11,3,1,9,0,1,0,1,0,1,25,63,999,0,0,1,2,5,8,1,1,17,0,5,99,38,19,10,2020,2,16,2,12,2,2,1,1,1,4
122408,1,1,37,1,1,11,3,20,0,0,1,0,1,0,1,30,72,999,1,0,1,2,1,2,2,1,83,0,60,0,0,5,10,2020,2,5,2,9,2,3,1,3,2,0
122410,1,1,21,1,1,11,98,8,1,0,1,0,2,0,1,45,999,999,0,0,1,2,1,8,2,1,12,0,7,0,0,22,10,2020,5,20,2,42,1,1,5,3,2,4
122411,1,1,63,1,1,11,20,20,0,0,1,0,1,0,1,35,75,999,0,0,1,2,1,8,1,1,13,1,81,99,58,16,10,2020,6,18,2,42,1,1,4,5,1,4
122412,1,1,64,1,1,11,20,20,0,0,1,0,1,0,1,20,71,999,0,0,2,2,1,8,1,1,98,0,82,0,6,14,10,2020,4,17,2,1,1,1,1,1,1,4
122413,1,1,51,1,1,11,20,20,0,0,1,0,1,0,1,45,72,999,0,0,1,2,1,2,2,14,12,1,94,93,0,22,10,2020,5,20,2,30,3,3,4,3,2,4
122415,1,1,45,1,1,11,20,20,9,0,1,0,1,0,1,55,71,999,0,0,2,5,1,8,1,1,50,0,60,0,6,20,9,2020,1,16,2,12,2,2,1,1,10,4
122416,1,1,18,1,1,11,3,8,1,0,1,0,1,0,1,45,72,999,0,0,2,4,1,8,2,15,12,0,13,0,6,20,5,2020,4,18,2,12,2,2,1,1,10,2
122417,1,1,16,1,1,11,20,20,9,0,5,0,2,0,1,60,999,999,0,0,1,2,1,8,8,1,12,0,13,99,36,29,9,2020,3,22,2,33,1,1,4,3,1,4
122418,1,1,41,2,1,11,3,20,0,0,1,0,1,0,1,20,64,999,1,0,2,3,1,8,1,11,15,0,7,99,0,15,7,2020,4,10,2,12,2,2,1,1,1,0
122419,1,1,94,1,1,11,20,20,0,0,1,0,1,0,1,7,71,999,0,0,1,2,1,8,2,1,17,0,124,0,0,23,10,2020,6,14,2,12,2,2,1,1,2,4
122420,1,1,30,1,1,11,3,20,0,0,1,0,2,0,1,40,72,999,0,0,2,2,1,2,1,1,80,0,7,0,0,16,10,2020,6,10,2,8,1,1,1,1,1,0
122421,1,1,41,1,1,11,3,8,9,0,1,0,2,0,1,40,999,999,99,0,2,3,1,8,2,1,12,0,7,99,6,7,10,2020,4,23,2,42,1,1,3,3,2,4
122422,1,1,83,2,1,11,3,20,0,0,1,0,1,0,1,998,67,999,0,0,1,2,1,8,1,11,15,0,13,0,38,14,10,2020,4,11,2,12,2,2,1,1,1,0
122423,1,1,998,8,1,11,98,98,8,0,99,1,9,99,1,998,999,999,99,0,2,3,1,8,1,1,80,0,999,96,0,15,7,2020,4,5,2,8,1,1,1,3,1,9
122424,1,1,999,9,1,11,99,99,8,0,99,1,9,99,1,999,999,999,99,0,4,3,1,8,2,1,51,0,999,99,0,18,10,2020,1,6,2,12,1,1,1,4,1,0
122425,1,1,19,2,1,11,3,20,0,0,3,0,2,0,1,998,64,999,0,0,2,2,1,8,1,14,80,0,5,99,0,25,10,2020,1,5,2,8,18,1,1,2,1,0
122426,1,1,25,1,1,11,20,20,0,0,1,0,2,0,1,70,73,999,2,4,1,4,1,8,1,1,17,0,80,99,6,20,10,2020,3,9,2,12,2,2,1,1,1,4
122427,1,1,26,1,1,11,20,8,0,0,2,0,2,0,1,50,67,999,3,4,1,2,1,8,2,14,12,0,13,99,0,27,10,2020,3,0,2,38,1,1,6,6,8,4
122429,1,1,30,1,1,11,20,20,1,0,2,0,1,0,1,30,72,999,1,0,1,2,1,8,1,14,12,1,81,0,6,5,10,2020,2,2,2,59,1,1,4,3,1,3
122430,1,1,41,1,1,11,3,20,0,0,5,0,2,0,1,45,70,200,0,0,5,5,1,8,1,1,80,0,7,0,0,25,10,2020,1,19,2,8,1,1,1,2,1,0
122432,1,1,60,1,1,11,20,1,1,0,1,0,1,0,1,35,68,999,0,0,5,5,1,8,1,1,50,0,60,0,0,25,9,2020,6,4,2,12,1,1,1,3,1,4
122433,1,1,51,2,1,11,3,8,1,0,1,0,1,0,1,45,69,999,2,0,2,2,1,8,1,1,80,0,2,0,0,25,10,2020,1,20,2,8,1,1,1,2,1,2
122434,1,1,22,2,1,11,3,8,0,0,99,1,2,0,1,76,64,999,0,0,1,2,1,8,1,1,10,1,13,93,28,16,10,2020,6,4,2,12,1,1,1,2,1,0
122437,1,1,68,1,1,11,3,20,0,0,1,0,1,0,1,25,73,999,0,0,1,4,1,8,1,1,80,0,13,0,0,13,9,2020,1,19,2,8,1,1,1,1,1,0
122440,1,1,22,2,1,11,3,20,0,0,1,0,2,0,1,35,62,999,1,0,1,5,1,8,1,1,83,0,5,0,0,10,10,2020,7,12,2,9,1,1,1,1,1,0
122441,1,1,19,1,1,11,20,8,0,0,2,0,1,0,1,80,68,999,0,3,2,3,1,8,1,15,62,0,13,93,36,7,10,2020,4,19,2,12,2,2,1,3,1,3
122444,1,1,998,9,1,11,8,99,0,0,99,1,9,99,1,50,999,999,99,0,2,5,1,8,1,1,83,0,999,99,0,16,10,2020,6,0,2,15,3,2,1,3,1,1
122445,1,1,78,1,1,11,20,20,0,0,1,0,1,0,1,30,68,999,0,0,1,2,1,2,1,1,98,0,12,0,6,18,10,2020,1,7,2,5,1,1,1,1,1,4
122447,1,1,48,1,1,11,3,8,0,0,3,0,1,0,1,15,70,230,0,0,5,5,1,8,1,11,15,0,13,0,38,16,10,2020,6,19,2,12,8,1,1,3,1,2
122450,1,1,48,1,1,11,20,8,0,0,1,0,2,0,1,998,73,999,0,0,5,5,1,8,2,1,10,0,7,0,0,24,10,2020,7,16,2,12,1,1,1,1,2,3
122451,1,1,67,1,1,11,3,20,0,0,1,0,1,0,1,998,76,999,0,0,2,3,1,8,2,1,80,0,7,0,0,31,8,2020,2,20,2,8,3,3,1,2,10,0
122452,1,1,28,1,1,11,99,99,8,0,2,0,2,0,1,45,70,999,0,0,5,5,5,2,1,14,11,0,13,99,6,29,10,2020,5,2,2,38,1,1,5,3,1,3
122455,1,1,21,2,1,11,3,8,0,0,1,0,1,0,1,75,62,999,0,3,2,2,1,8,1,1,10,0,13,0,28,24,10,2020,7,8,2,12,1,1,1,4,1,3
122457,1,1,26,1,1,11,20,8,0,0,1,0,2,0,1,60,76,999,0,0,1,2,1,8,1,1,17,0,13,0,39,23,4,2020,5,14,2,12,2,2,1,1,1,2
122460,1,1,53,2,1,11,3,20,0,0,2,0,2,0,1,65,999,999,0,0,3,3,1,8,1,1,90,1,119,0,6,1,11,2020,1,6,2,18,1,1,1,4,10,4
122461,1,1,71,2,1,11,3,20,0,0,1,0,1,0,1,25,64,999,0,0,2,4,1,8,1,1,83,0,5,0,0,20,8,2020,5,17,2,9,1,1,1,1,1,0
122464,1,1,43,2,1,11,3,1,9,0,1,0,1,0,1,998,64,999,0,0,1,2,1,8,1,11,15,1,7,99,38,24,10,2020,7,21,2,12,2,3,1,3,1,0
122465,1,1,23,2,1,11,3,1,0,0,2,0,2,0,1,65,68,999,0,0,3,2,1,8,1,1,12,0,3,99,6,25,10,2020,1,12,2,59,1,1,3,1,10,4
122467,1,1,43,1,1,11,3,1,0,0,1,0,1,0,1,10,73,999,0,0,5,5,1,8,1,11,15,0,3,0,38,27,8,2020,5,15,2,12,2,2,1,1,1,1
122468,1,1,35,2,1,11,3,20,0,0,4,0,3,0,1,46,67,999,0,0,5,5,1,8,2,1,80,0,13,0,0,27,10,2020,3,19,2,8,1,1,1,3,2,0
122469,1,1,24,2,1,11,3,20,0,0,1,0,2,0,1,45,62,999,1,0,5,5,1,8,1,1,80,0,7,0,0,25,10,2020,1,20,2,8,1,1,1,3,1,1
122470,1,1,75,2,1,11,3,8,0,0,1,0,2,0,1,15,66,999,0,0,2,3,1,8,1,11,15,0,13,93,6,27,10,2020,3,11,2,12,2,2,1,1,10,2
122471,1,1,22,1,1,11,3,20,9,0,1,0,2,0,1,45,73,999,0,0,1,2,1,2,1,1,80,0,7,99,0,29,10,2020,5,21,2,8,1,1,1,3,1,0
122473,1,1,998,9,1,11,20,20,9,0,99,1,9,99,1,998,999,999,99,0,8,8,8,8,1,99,80,0,999,99,0,26,10,2020,2,20,2,8,3,2,1,3,1,1
122474,1,1,31,2,1,11,3,8,0,0,1,0,1,0,1,85,60,999,1,0,2,2,1,2,1,1,51,0,7,99,6,14,10,2020,4,14,2,12,1,1,1,1,1,2
122475,1,1,19,1,1,11,3,20,0,0,1,0,2,0,1,40,70,999,0,0,5,5,1,8,1,1,80,0,7,0,0,23,10,2020,6,19,2,8,1,1,1,2,1,0
122476,1,1,23,1,1,11,20,20,9,0,1,0,1,0,1,30,67,999,0,0,2,2,1,8,2,1,62,0,69,0,0,2,10,2020,6,21,2,1,8,1,1,3,2,4
122477,1,1,61,2,1,11,3,1,9,0,3,0,1,0,1,998,68,999,0,0,2,3,1,8,1,14,12,0,13,99,0,27,10,2020,3,14,2,33,1,1,3,1,1,4
122479,1,1,19,1,1,11,20,8,1,0,1,0,2,0,1,65,70,999,0,0,3,4,1,8,2,1,12,0,13,99,6,19,10,2020,2,23,2,25,1,1,3,3,2,4
122480,1,1,24,1,1,11,3,8,0,0,2,0,1,0,1,15,66,999,0,0,2,3,1,8,1,11,15,1,13,0,38,1,11,2020,1,22,2,12,2,2,1,3,1,2
122483,1,1,66,1,1,11,8,8,0,0,1,0,2,0,1,70,66,999,0,0,2,2,1,8,1,1,51,1,15,99,6,24,10,2020,7,20,2,12,1,1,1,5,1,4
122484,1,1,43,1,1,11,20,8,1,0,1,0,3,0,1,45,70,999,0,0,2,3,1,8,1,1,98,1,60,93,51,24,10,2020,7,23,2,12,1,1,1,3,1,3
122485,1,1,20,1,1,11,20,3,0,0,2,0,1,0,1,70,65,999,0,0,2,3,1,8,1,1,13,1,7,0,6,26,10,2020,2,2,2,1,1,1,4,2,1,2
122486,1,1,29,1,1,11,20,20,0,0,2,0,2,0,1,70,74,999,0,0,3,3,5,8,2,1,52,0,13,93,6,26,10,2020,2,18,2,12,1,1,1,5,2,3
122487,1,1,18,2,1,11,3,20,0,0,1,0,2,0,1,45,65,999,0,0,5,5,1,8,1,1,83,0,13,0,0,24,10,2020,7,22,2,9,3,2,1,2,1,0
122490,1,1,19,1,1,11,3,20,0,0,2,0,2,0,1,75,70,999,0,0,2,2,1,8,1,1,12,0,13,0,58,10,10,2020,7,7,2,12,1,1,1,1,1,4
122491,1,1,52,1,1,11,3,20,0,0,1,0,3,2,1,20,69,999,0,0,2,6,1,8,1,10,80,0,66,0,0,27,10,2020,3,15,2,8,3,2,1,1,1,0
122492,1,1,62,1,1,11,20,1,1,0,1,0,2,0,1,55,68,999,0,0,1,2,1,8,1,1,10,0,7,99,28,14,10,2020,4,14,2,12,1,1,1,1,1,4
122493,1,1,34,1,1,11,3,20,0,0,1,0,1,0,1,55,68,999,0,0,1,5,1,8,1,1,80,0,7,0,0,17,10,2020,7,10,2,8,1,1,1,1,1,0
122496,1,1,21,1,1,11,20,8,1,0,2,0,2,0,1,95,71,999,0,0,3,2,5,8,1,1,17,1,13,0,6,25,10,2020,1,0,2,12,2,2,1,3,1,2
122497,1,1,66,1,1,11,3,1,0,0,1,0,1,0,1,25,72,999,0,0,2,4,1,8,1,11,15,0,13,0,38,18,10,2020,1,12,2,12,2,2,1,1,1,4
122498,1,1,22,1,1,11,3,1,1,0,1,0,3,1,1,61,75,999,0,0,2,2,1,8,1,1,1,1,74,0,0,25,10,2020,1,14,2,12,1,1,1,1,10,0
122499,1,1,53,1,1,11,3,1,0,0,1,0,1,0,1,15,68,999,0,0,2,4,1,8,1,11,15,1,7,99,38,25,10,2020,1,20,2,12,2,2,1,2,1,2
122500,1,1,23,1,1,11,3,8,0,0,1,0,2,0,1,45,66,999,0,0,2,4,1,8,1,11,15,0,3,0,0,1,11,2020,1,17,2,12,2,2,1,3,1,2
122501,1,1,57,1,1,11,3,8,0,0,3,0,1,0,1,50,70,999,0,0,2,3,1,8,2,1,80,0,60,99,0,26,10,2020,2,5,2,8,1,1,1,2,1,0
122502,1,1,50,1,1,11,3,20,0,0,3,0,3,21,1,10,71,999,0,0,1,2,1,8,1,10,80,0,16,0,0,28,10,2020,4,22,2,8,3,2,1,3,1,0
122503,1,1,23,1,1,11,3,8,0,0,2,0,1,0,1,998,74,999,0,0,1,3,1,8,1,11,15,0,13,0,0,31,10,2020,7,19,2,12,2,2,1,3,1,4
122504,1,1,43,1,1,11,3,20,0,0,1,0,2,0,1,35,76,999,0,0,2,4,1,8,1,1,83,0,7,0,0,4,11,2020,4,7,2,9,3,2,1,1,1,0
122508,1,1,27,2,1,11,3,20,0,0,1,0,1,0,1,45,63,999,0,0,2,4,1,8,1,1,80,0,13,0,0,28,10,2020,4,21,2,8,3,2,1,3,1,0
122510,1,1,31,1,1,11,20,20,9,0,1,0,1,0,1,998,73,999,1,0,5,5,1,8,1,1,17,1,80,99,38,26,7,2020,1,2,2,12,2,3,1,3,1,4
122511,1,1,41,2,1,11,3,20,0,0,1,0,1,0,1,998,67,999,1,0,5,4,1,8,1,11,15,0,13,0,38,17,10,2020,7,20,2,12,2,2,1,3,1,0
122514,1,1,37,1,1,11,20,20,9,0,1,0,2,0,1,75,64,999,0,3,2,3,1,8,1,1,67,0,80,0,0,26,10,2020,2,14,2,12,2,3,1,1,10,4
122516,1,1,24,1,1,11,3,20,0,0,1,0,2,0,1,30,69,999,0,0,1,2,1,8,1,1,80,0,7,0,0,31,10,2020,7,2,2,8,3,2,1,3,1,0
122518,1,1,32,2,1,11,3,20,0,0,4,0,1,0,1,35,61,999,0,0,1,4,1,8,1,11,15,0,7,0,0,30,10,2020,6,21,2,12,2,2,1,6,1,0
122519,1,1,17,1,1,11,3,20,0,0,1,0,2,0,1,35,67,999,0,0,4,2,1,8,2,1,80,0,60,0,0,2,11,2020,2,21,2,8,1,1,1,3,2,0
122521,1,1,33,1,1,11,98,20,9,0,1,0,3,0,1,998,78,999,0,0,1,2,1,8,1,6,61,1,7,99,34,30,10,2020,6,16,2,12,2,3,1,1,1,4
122523,1,1,30,1,1,11,3,20,0,0,1,0,1,0,1,30,71,999,0,0,2,2,1,8,1,11,15,1,60,99,38,6,11,2020,6,1,2,12,2,3,1,3,1,2
122525,1,1,20,1,1,11,20,20,9,0,1,0,2,0,1,25,68,999,0,0,3,2,1,8,1,1,54,1,105,99,51,12,9,2020,7,0,2,12,1,1,1,2,10,4
122526,1,1,57,1,1,11,3,20,0,0,1,0,1,0,1,40,67,999,0,0,2,2,1,8,2,1,52,0,13,0,6,31,10,2020,7,23,2,12,3,2,1,3,10,0
122528,1,1,86,1,1,11,3,1,9,0,1,0,1,0,1,55,69,999,0,0,1,2,1,8,1,1,50,0,7,99,6,27,10,2020,3,20,2,12,1,1,1,2,1,4
122529,1,1,21,1,1,11,20,20,9,0,1,0,2,0,1,50,68,999,1,0,1,2,1,8,1,6,10,0,80,93,28,19,10,2020,2,5,2,12,1,1,1,2,1,4
122530,1,1,39,2,1,11,3,20,0,0,2,0,3,0,1,55,64,999,0,0,2,3,1,8,1,1,83,0,7,0,0,27,10,2020,3,15,2,9,2,2,1,1,1,0
122532,1,1,25,1,1,11,3,20,0,0,2,0,2,0,1,70,70,999,0,0,3,4,1,8,1,1,80,0,13,0,0,17,10,2020,7,17,2,8,18,1,1,1,1,0
122533,1,1,41,2,1,11,3,20,0,0,1,0,2,0,1,45,68,999,0,0,2,3,1,8,2,1,80,0,7,0,0,11,10,2020,1,3,2,8,1,1,1,2,10,0
122534,1,1,29,2,1,11,3,20,0,0,1,0,1,0,1,50,63,999,0,0,2,3,1,8,1,1,80,0,13,0,0,27,10,2020,3,20,2,8,1,1,1,2,1,0
122535,1,1,52,1,1,11,20,20,9,0,1,0,1,0,1,50,69,999,0,0,2,2,1,8,1,1,13,1,1,93,58,8,10,2020,5,22,2,38,1,1,5,3,1,4
122536,1,1,30,1,1,11,20,20,0,0,1,0,2,0,1,60,71,999,0,0,3,3,1,8,1,1,52,0,80,93,6,28,10,2020,4,18,2,12,1,1,1,1,1,4
122538,1,1,73,1,1,11,3,8,0,0,6,0,2,0,1,70,67,999,0,0,3,2,1,8,1,1,13,0,7,0,6,2,11,2020,2,16,2,14,19,1,4,1,1,3
122539,1,1,22,2,1,11,3,1,0,0,1,0,1,0,1,35,69,999,0,0,2,4,1,8,1,1,50,0,7,0,6,2,11,2020,2,16,2,12,1,1,1,1,1,0
122541,1,1,28,2,1,11,3,1,1,0,1,0,2,0,1,60,68,999,0,0,2,4,1,8,1,1,17,0,7,93,39,13,10,2020,3,13,2,12,2,2,1,1,1,0
122542,1,1,32,1,1,11,20,8,1,0,3,0,2,0,1,80,60,999,0,0,2,4,1,8,2,1,13,1,13,0,6,7,11,2020,7,3,2,33,1,1,4,3,10,4
122543,1,1,26,1,1,11,20,20,9,0,1,0,3,0,1,45,73,999,0,0,2,4,1,8,1,1,51,0,95,93,6,26,10,2020,2,10,2,12,1,1,1,1,1,4
122544,1,1,18,1,1,11,3,8,0,0,2,0,1,0,1,40,70,999,0,0,1,2,1,8,2,6,10,0,5,0,0,9,11,2020,2,5,2,12,1,1,1,3,2,3
122546,1,1,51,1,1,11,20,2,0,0,1,0,1,0,1,45,68,999,0,0,1,2,1,8,1,1,11,1,13,99,0,18,10,2020,1,6,2,12,1,1,1,1,1,4
122547,1,1,27,2,1,11,3,8,0,0,1,0,1,0,1,0,61,999,0,0,3,3,1,8,2,7,53,0,13,0,0,31,10,2020,7,5,2,12,1,1,1,4,2,4
122549,1,1,46,1,1,11,3,20,0,0,1,0,1,0,1,40,73,999,0,0,3,3,1,8,1,1,80,0,7,0,0,31,10,2020,7,20,2,8,1,1,1,3,1,0
122550,1,1,61,1,1,11,3,8,0,0,2,0,1,0,1,50,75,999,1,0,2,2,1,8,1,1,10,0,7,99,51,1,11,2020,1,12,2,12,1,1,1,1,1,3
122551,1,1,21,2,1,11,20,20,9,0,1,0,1,0,1,5,66,999,0,0,2,3,1,8,8,1,17,0,13,99,0,31,10,2020,7,8,2,12,2,2,1,8,98,1
122552,1,1,37,2,1,11,3,1,1,0,1,0,2,0,1,10,66,999,1,0,1,2,1,8,2,1,98,0,13,99,39,5,11,2020,5,22,2,10,6,1,1,3,2,4
122553,1,1,20,1,1,11,3,20,0,0,2,0,1,0,1,57,72,999,0,3,5,5,1,8,2,2,80,0,3,0,0,8,11,2020,1,8,2,8,1,1,1,1,10,1
122554,1,1,42,1,1,11,20,8,0,0,1,0,2,0,1,100,65,999,0,3,2,3,1,8,1,1,13,0,13,99,0,4,10,2020,1,0,2,33,1,1,4,3,1,4
122555,1,1,43,1,1,11,20,1,9,0,1,0,1,0,1,35,999,999,0,0,1,2,1,8,1,98,98,0,60,99,6,18,10,2020,1,11,2,1,1,1,4,1,1,4
122557,1,1,48,1,1,11,20,8,9,0,1,0,2,0,1,998,70,999,0,0,1,2,1,8,1,14,12,1,13,99,0,20,10,2020,3,23,2,38,1,1,5,2,1,4
122558,1,1,26,2,1,11,3,20,0,0,2,0,2,0,1,40,66,999,0,0,2,3,1,8,1,1,80,0,7,0,0,9,10,2020,6,20,2,8,3,2,1,3,1,0
122559,1,1,24,2,1,11,3,20,0,0,1,0,1,0,1,20,66,999,2,0,2,4,1,8,1,11,15,0,13,0,38,5,10,2020,2,21,2,12,2,2,1,3,1,0
122560,1,1,22,1,1,11,3,1,0,0,1,0,1,0,1,60,67,999,0,3,2,3,5,8,1,1,80,0,3,99,0,28,10,2020,4,21,2,8,2,3,1,3,1,0
122561,1,1,998,8,1,11,20,20,8,0,99,1,9,99,1,998,999,999,99,0,1,2,1,8,1,99,80,0,999,0,0,27,9,2020,1,5,2,8,1,1,1,3,1,9
122562,1,1,74,1,1,11,3,1,0,0,1,0,1,0,1,55,74,999,0,0,1,2,1,8,1,1,10,0,7,0,28,26,10,2020,2,6,2,12,1,1,1,4,1,4
122566,1,1,23,2,1,11,3,8,9,0,1,0,1,0,1,30,60,999,0,0,1,2,1,8,2,1,17,0,5,99,38,8,11,2020,1,17,2,12,2,2,1,5,2,3