ST_CASE,VEH_NO,PER_NO,AGE,SEX,PER_TYP,SEAT_POS,REST_USE,AIR_BAG,DRUGS,LOCATION,NUMOCCS,HIT_RUN,OWNER,V_CONFIG,HAZ_INV,TRAV_SP,DR_HGT,DR_WGT,PREV_SPD,SPEEDREL,VTRAFWAY,VNUM_LAN,VPROFILE,VPAVETYP,VSURCOND,P_CRASH1,P_CRASH2,DR_DRINK,VPICBODYCLASS,DRDISTRACT,DRIVERRF,DAY,MONTH,YEAR,DAY_WEEK,HOUR,RUR_URB,HARM_EV,RELJCT2,TYP_INT,REL_ROAD,LGT_COND,WEATHER,INJ_SEV
122567,1,1,26,1,1,11,3,20,1,0,2,0,1,0,1,998,70,999,0,0,2,2,1,8,2,1,80,1,60,96,0,31,10,2020,7,19,2,8,1,1,1,3,2,0
122568,1,1,24,2,1,11,3,1,9,0,2,0,2,0,1,45,63,999,0,0,2,2,1,8,1,14,13,1,13,93,0,4,11,2020,4,22,2,59,1,1,4,3,1,3
122570,1,1,53,1,1,11,3,20,0,0,1,0,1,0,1,998,70,999,0,0,2,2,1,8,1,1,80,0,3,0,0,5,10,2020,2,23,2,8,2,2,1,3,1,0
122572,1,1,998,8,1,11,20,20,8,0,99,1,9,99,1,45,999,999,99,0,2,4,1,8,2,1,80,0,999,0,0,8,11,2020,1,19,2,8,3,2,1,3,2,9
122573,1,1,998,8,1,11,20,98,8,0,99,1,3,0,1,30,999,999,99,0,1,2,1,8,2,1,17,0,7,0,0,9,11,2020,2,4,2,12,2,2,1,2,2,9
122574,1,1,39,1,1,11,20,20,1,0,1,0,1,0,1,55,69,999,0,0,3,3,3,2,1,14,12,1,94,0,6,7,11,2020,7,16,2,52,1,1,3,5,1,4
122578,1,1,55,2,1,11,3,20,1,0,2,0,1,0,1,45,64,999,0,0,2,5,1,8,1,1,80,0,13,0,0,28,10,2020,4,1,2,8,1,1,1,2,1,1
122580,1,1,22,2,1,11,20,8,9,0,1,0,2,0,1,55,74,999,0,0,1,2,1,8,1,1,13,0,13,99,0,2,11,2020,2,5,2,42,1,1,5,2,1,4
122581,1,1,31,1,1,11,20,1,0,0,1,0,1,0,1,60,76,999,0,4,2,2,1,2,2,1,13,1,3,0,6,26,10,2020,2,21,2,59,1,1,4,3,2,4
122582,1,1,35,1,1,11,3,20,0,0,1,0,1,0,1,30,70,999,0,0,1,2,1,8,1,1,80,0,7,0,0,14,10,2020,4,22,2,8,1,1,1,2,1,0
122583,1,1,38,1,1,11,20,20,9,0,1,0,1,0,1,45,72,999,0,0,1,2,1,8,2,98,13,1,60,99,0,11,11,2020,4,18,2,30,1,1,4,5,10,4
122586,1,1,999,9,1,11,99,99,8,0,99,1,9,99,1,999,999,999,99,0,5,3,1,8,1,99,11,0,999,99,0,8,11,2020,1,7,2,8,1,1,2,4,1,0
122587,1,1,64,1,1,11,3,20,0,0,1,0,1,0,1,30,67,999,0,0,2,3,1,8,1,1,80,0,13,0,0,14,10,2020,4,19,2,8,3,2,1,2,1,0
122588,1,1,63,1,1,11,20,1,0,0,1,0,2,1,1,45,74,999,0,0,5,5,1,8,1,1,98,1,60,0,51,7,11,2020,7,20,2,12,1,1,1,3,1,2
122589,1,1,15,9,1,11,3,20,0,0,99,1,9,99,1,30,999,999,99,0,1,4,5,8,1,14,10,0,999,99,6,12,11,2020,5,7,2,12,1,1,1,1,10,1
122591,1,1,29,2,1,11,20,8,0,0,1,0,2,0,1,25,64,999,0,0,2,5,1,8,1,11,15,0,5,0,38,10,11,2020,3,9,2,12,2,2,1,1,10,4
122593,1,1,37,1,1,11,3,20,1,0,1,0,2,0,1,50,999,999,0,0,2,4,1,8,2,1,66,1,7,99,0,12,11,2020,5,15,2,12,2,2,1,1,10,4
122598,1,1,28,1,1,11,20,1,1,0,1,0,1,0,1,55,73,999,0,0,3,3,6,8,1,1,98,1,13,0,51,1,11,2020,1,2,2,12,1,1,1,3,1,4
122599,1,1,59,1,1,11,3,8,0,0,2,0,1,0,1,45,71,999,3,0,5,7,1,8,1,1,10,0,13,0,28,6,11,2020,6,9,2,12,1,1,1,1,1,4
122600,1,1,26,1,1,11,20,1,9,0,1,0,1,0,1,65,71,999,0,3,2,2,1,8,1,1,54,1,13,99,94,30,10,2020,6,0,2,12,1,1,1,3,1,4
122601,1,1,50,1,1,11,3,20,0,0,1,0,1,0,1,55,76,999,0,0,2,3,1,8,2,1,80,0,60,0,0,11,11,2020,4,20,2,8,1,1,1,2,2,0
122602,1,1,14,1,1,11,20,8,0,0,99,1,2,0,1,65,999,999,0,4,3,2,1,8,2,15,9,0,13,0,0,7,11,2020,7,18,2,24,1,1,4,3,2,1
122603,1,1,36,1,1,11,99,8,0,0,2,0,1,0,1,70,74,165,0,0,2,2,1,8,1,1,13,0,7,0,0,5,11,2020,5,17,2,42,19,1,4,5,1,4
122605,1,1,55,1,1,11,3,20,0,0,1,0,3,19,1,45,999,999,0,0,2,3,1,8,2,1,13,0,66,93,0,12,11,2020,5,11,2,42,1,1,4,1,2,4
122606,1,1,37,1,1,11,3,2,0,0,1,0,3,0,1,5,70,999,0,0,1,3,1,8,1,11,15,0,7,93,38,3,11,2020,3,14,2,12,2,3,1,1,1,0
122607,1,1,40,1,1,11,20,1,0,0,1,0,1,0,1,70,74,999,1,0,3,3,1,8,1,1,12,0,7,0,0,1,11,2020,1,5,2,24,1,1,3,3,1,4
122608,1,1,28,2,1,11,3,20,0,0,1,0,2,0,1,15,999,999,0,0,2,4,1,8,1,11,15,0,7,0,38,3,11,2020,3,9,2,12,2,2,1,1,1,0
122609,1,1,21,1,1,11,20,20,0,0,1,0,2,0,1,30,71,999,0,0,2,2,1,8,1,14,9,0,12,99,0,7,6,2020,1,4,2,33,1,1,3,3,1,4
122610,1,1,49,1,1,11,20,20,9,0,1,0,2,0,1,60,70,999,0,0,1,4,1,8,1,1,13,0,80,0,85,17,6,2020,4,16,2,19,1,1,4,1,1,4
122611,1,1,80,1,1,11,3,20,0,0,1,0,1,0,1,998,68,999,0,0,2,2,1,8,1,99,80,0,13,0,0,10,7,2020,6,20,2,8,1,1,1,3,1,0
122612,1,1,24,1,1,11,3,20,0,0,1,0,1,0,1,40,67,999,0,0,2,3,1,8,2,1,80,0,60,0,0,20,9,2020,1,23,2,8,3,2,1,3,2,0
122613,1,1,31,1,1,11,3,20,0,0,1,0,1,0,1,998,67,999,0,0,1,4,1,2,1,1,17,0,13,0,38,3,11,2020,3,17,2,12,2,2,1,3,1,0
122615,1,1,67,2,1,11,3,20,0,0,1,0,1,0,1,35,63,999,0,0,1,2,1,2,1,1,80,0,13,0,0,14,11,2020,7,9,2,8,8,1,1,1,1,0
122616,1,1,54,2,1,11,3,20,0,0,2,0,1,0,1,45,67,999,0,0,2,4,6,8,1,1,80,0,13,0,0,14,11,2020,7,22,2,8,3,2,1,3,1,0
122617,1,1,34,1,1,11,8,20,0,0,99,1,2,0,1,35,72,999,0,0,1,2,1,8,1,1,83,0,13,99,6,2,11,2020,2,13,2,15,1,1,1,1,1,0
122619,1,1,29,1,1,11,20,8,9,0,1,0,1,0,1,60,72,999,0,0,2,2,1,8,1,99,12,0,13,99,0,14,11,2020,7,3,2,33,1,1,3,3,1,4
122620,1,1,20,1,1,11,20,1,9,0,1,0,2,0,1,998,70,999,0,3,2,4,1,8,2,1,13,0,13,99,0,12,11,2020,5,0,2,30,1,1,4,3,2,4
122621,1,1,37,1,1,11,3,8,0,0,1,0,1,0,1,45,69,999,0,0,2,4,1,8,2,1,80,0,13,99,0,12,11,2020,5,2,2,8,1,1,1,3,10,0
122622,1,1,27,1,1,11,3,20,0,0,1,0,1,0,1,35,69,999,0,0,2,4,1,8,1,1,80,0,13,99,0,16,11,2020,2,19,2,8,1,1,1,6,1,0
122624,1,1,32,2,1,11,20,1,1,0,1,0,2,0,1,75,60,999,0,0,2,2,1,8,2,1,13,0,60,0,0,11,11,2020,4,16,2,34,1,1,4,5,10,4
122629,1,1,35,2,1,11,20,20,0,0,2,0,3,0,1,70,63,999,0,0,6,2,1,8,1,14,12,1,13,99,6,7,11,2020,7,5,2,35,5,1,4,3,1,4
122630,1,1,33,1,1,11,20,20,1,0,1,0,2,0,1,35,76,999,1,0,4,2,1,2,1,1,13,0,80,0,0,15,11,2020,1,22,2,39,1,1,4,3,1,4
122631,1,1,77,1,1,11,20,20,1,0,2,0,2,0,1,15,68,999,0,0,1,2,1,8,1,1,17,0,7,99,38,12,11,2020,5,18,2,12,2,3,1,5,1,4
122633,1,1,19,2,1,11,20,8,1,0,1,0,2,0,1,45,63,999,0,0,1,2,1,8,1,1,10,0,13,99,51,14,11,2020,7,18,2,12,1,1,1,5,1,4
122634,1,1,51,1,1,11,3,20,0,0,1,0,1,0,1,35,69,999,0,0,2,3,1,8,1,1,80,0,13,0,0,12,11,2020,5,22,2,8,1,1,1,2,1,0
122636,1,1,73,1,1,11,3,20,0,0,1,0,1,0,1,998,72,999,1,0,1,2,1,8,2,1,80,0,2,0,0,1,11,2020,1,19,2,8,1,1,1,3,2,0
122637,1,1,20,1,1,11,3,20,0,0,99,1,2,0,1,20,69,999,0,0,1,4,1,8,1,6,15,0,13,99,34,10,11,2020,3,21,2,12,8,1,1,2,1,0
122638,1,1,30,1,1,11,3,1,0,0,1,0,3,6,1,998,72,999,0,0,2,2,1,8,2,14,13,0,66,99,58,11,11,2020,4,6,2,33,1,1,3,2,2,0
122639,1,1,32,1,1,11,20,20,9,0,1,0,2,0,1,57,67,999,0,3,2,2,1,8,1,1,98,0,69,99,0,4,11,2020,4,18,2,12,2,2,1,3,1,4
122640,1,1,26,1,1,11,3,20,0,0,1,0,1,0,1,35,71,999,0,0,2,3,1,8,1,1,80,0,7,0,0,6,11,2020,6,11,2,8,2,2,1,1,1,0
122641,1,1,31,1,1,11,3,1,0,0,1,0,2,0,1,998,64,999,0,0,2,3,1,8,1,1,13,0,3,99,0,8,11,2020,1,11,2,33,1,1,4,1,10,0
122642,1,1,31,2,1,11,20,1,9,0,1,0,1,0,1,55,69,999,0,0,2,2,1,8,1,1,50,0,2,99,6,17,11,2020,3,7,2,12,1,1,1,1,1,4
122643,1,1,77,1,1,11,3,1,9,0,1,0,1,0,1,998,69,999,0,0,1,2,1,8,1,1,13,0,60,0,6,10,11,2020,3,17,2,12,1,1,1,5,10,4
122644,1,1,69,1,1,11,3,20,0,0,1,0,1,0,1,30,71,999,0,0,2,4,1,8,1,1,80,0,60,0,0,14,11,2020,7,20,2,8,1,1,1,3,1,0
122645,1,1,70,8,1,11,3,1,1,0,1,0,1,0,1,45,67,999,2,0,2,1,1,8,2,14,13,1,7,0,0,13,11,2020,6,0,2,42,1,1,4,3,10,4
122648,1,1,28,2,1,11,20,8,0,0,1,0,1,0,1,72,62,999,0,3,1,2,1,8,1,14,13,1,13,93,6,4,10,2020,1,17,2,31,1,1,4,1,1,4
122652,1,1,18,2,1,11,3,20,0,0,2,0,1,0,1,65,62,999,0,0,2,2,1,8,1,16,10,0,13,93,28,1,11,2020,1,11,2,12,18,1,1,1,1,2
122653,1,1,71,1,1,11,3,20,0,0,1,0,1,0,1,38,68,999,0,0,2,3,1,8,1,1,80,0,7,0,0,23,10,2020,6,6,2,8,1,1,1,2,1,0
122655,1,1,69,2,1,11,3,1,0,0,1,0,1,0,1,8,63,999,0,0,1,2,1,8,1,1,17,0,13,0,39,10,11,2020,3,13,2,12,2,2,1,1,10,4
122657,1,1,48,1,1,11,3,20,0,0,1,0,2,4,1,40,73,999,0,0,2,2,1,8,1,1,80,0,60,0,0,8,11,2020,1,1,2,8,1,1,1,3,1,0
122658,1,1,19,1,1,11,3,20,0,0,3,0,2,0,1,55,65,999,2,0,2,2,1,8,1,1,80,0,7,0,0,4,11,2020,4,21,2,8,1,1,1,2,1,0
122659,1,1,28,2,1,11,3,8,0,0,2,0,1,0,1,45,64,999,0,0,2,2,1,8,2,14,13,1,3,93,0,15,11,2020,1,21,2,33,1,1,4,3,2,4
122664,1,1,61,2,1,11,3,20,0,0,2,0,1,0,1,45,61,999,0,0,2,3,1,8,1,1,80,0,7,0,0,16,10,2020,6,22,2,8,3,2,1,3,1,0
122666,1,1,26,1,1,11,3,1,0,0,1,0,1,0,1,998,72,999,0,0,1,2,1,8,2,1,83,0,13,0,0,21,10,2020,4,19,2,15,1,1,1,3,2,2
122668,1,1,58,1,1,11,3,8,0,0,2,0,1,0,1,40,64,999,0,0,2,4,1,8,1,11,13,0,13,0,6,20,10,2020,3,10,2,24,3,2,4,1,1,4
122671,1,1,998,1,1,11,20,20,9,0,99,1,9,99,1,998,999,999,99,0,1,2,1,8,1,1,17,0,999,0,0,15,11,2020,1,10,2,12,2,2,1,1,1,0
122672,1,1,30,1,1,11,20,20,0,0,2,0,1,0,1,60,70,999,0,3,2,2,1,8,1,14,13,1,80,99,6,14,11,2020,7,16,2,42,1,1,4,1,1,4
122673,1,1,24,1,1,11,3,20,0,0,2,0,1,0,1,35,71,999,0,0,4,4,1,8,2,1,80,0,13,99,0,21,11,2020,7,22,2,8,3,3,1,3,2,0
122675,1,1,25,1,1,11,3,20,0,0,1,0,4,0,1,998,76,999,0,0,1,2,1,8,2,1,17,0,95,99,0,19,11,2020,5,15,2,12,2,3,1,1,10,0
122676,1,1,51,1,1,11,3,8,9,0,1,0,1,0,1,998,69,999,0,3,1,2,1,8,1,14,12,1,3,99,36,6,11,2020,6,23,2,42,1,1,4,2,1,4
122678,1,1,53,1,1,11,99,99,1,0,1,0,2,0,1,50,69,999,0,0,1,2,1,8,1,1,10,1,60,0,28,17,10,2020,7,2,2,12,1,1,1,2,10,4
122680,1,1,53,1,1,11,3,20,0,0,1,0,1,0,1,45,74,999,0,0,2,2,1,8,1,1,80,0,7,0,0,6,11,2020,6,3,2,8,1,1,1,2,1,0
122681,1,1,32,1,1,11,20,20,9,0,1,0,1,0,1,70,70,999,2,0,1,2,1,8,1,1,62,0,80,99,6,18,11,2020,4,20,2,12,8,1,1,2,1,4
122682,1,1,29,1,1,11,20,20,9,0,1,0,2,0,1,998,67,999,0,3,1,2,1,8,1,1,61,0,113,99,34,19,11,2020,5,16,2,12,2,2,1,1,1,4
122683,1,1,27,1,1,11,20,1,9,0,99,1,2,0,1,45,67,999,2,0,5,5,1,8,1,1,52,0,3,0,6,17,11,2020,3,20,2,12,1,1,1,3,1,0
122685,1,1,32,2,1,11,3,20,0,0,1,0,1,0,1,40,68,999,0,0,2,2,1,8,1,1,80,0,8,0,0,22,11,2020,1,1,2,8,1,1,1,2,1,0
122686,1,1,71,1,1,11,20,20,0,0,1,0,1,0,1,1,74,999,0,0,2,3,1,8,1,1,67,0,98,99,0,21,11,2020,7,18,2,12,2,3,1,3,1,4
122687,1,1,50,1,1,11,20,2,9,0,1,0,1,0,1,50,77,999,0,0,2,3,1,8,1,14,12,0,13,99,6,16,11,2020,2,3,2,30,1,1,4,3,1,4
122689,1,1,27,2,1,11,3,20,0,0,1,0,1,0,1,45,66,999,0,0,2,2,1,8,1,1,80,0,13,0,0,30,10,2020,6,2,2,8,1,1,1,3,1,0
122690,1,1,20,2,1,11,3,8,0,0,1,0,1,0,1,40,68,999,0,0,2,2,1,8,2,14,13,0,13,0,6,29,10,2020,5,21,2,33,1,1,4,3,10,4
122691,1,1,45,1,1,11,3,20,1,0,1,0,3,6,1,998,71,999,0,0,2,3,1,8,1,1,50,1,66,99,6,29,5,2020,6,6,2,12,3,3,1,2,1,4
122696,1,1,15,2,1,11,3,20,0,0,1,0,2,0,1,30,60,999,0,0,2,2,1,8,2,1,12,0,13,0,6,26,10,2020,2,7,2,12,1,1,1,3,10,1
122697,1,1,43,1,1,11,20,20,0,0,1,0,1,0,1,40,999,999,0,0,1,3,1,8,1,1,80,0,60,0,0,18,11,2020,4,20,2,8,1,1,1,3,1,0
122700,1,1,33,1,1,11,3,20,0,0,1,0,4,6,1,15,68,999,0,0,6,4,1,8,1,10,83,0,66,0,0,23,10,2020,6,15,2,15,3,2,1,1,1,0
122701,1,1,27,1,1,11,3,20,0,0,1,0,2,0,1,25,76,999,0,0,1,2,6,8,2,1,80,0,3,0,0,25,11,2020,4,23,2,8,1,1,1,3,2,0
122702,1,1,59,2,1,11,1,20,0,0,1,0,2,0,1,998,63,999,0,0,2,4,1,8,1,1,80,0,60,0,0,17,11,2020,3,17,2,8,3,2,1,3,1,0
122705,1,1,30,1,1,11,3,1,1,0,2,0,3,0,1,55,73,999,0,0,1,2,1,8,2,15,10,1,13,0,0,24,11,2020,3,21,2,12,1,1,1,2,2,4
122707,1,1,88,2,1,11,3,8,0,0,2,0,1,0,1,10,66,999,0,0,1,2,5,8,1,11,15,0,15,0,38,2,11,2020,2,8,2,12,2,3,1,1,1,4
122708,1,1,50,1,1,11,3,8,1,0,1,0,2,0,1,65,69,999,0,0,2,2,1,8,1,1,98,1,60,99,51,13,11,2020,6,22,2,12,2,3,1,2,1,3
122710,1,1,23,1,1,11,3,8,0,0,1,0,3,1,1,70,75,999,1,0,3,2,1,8,1,1,50,0,63,99,6,12,11,2020,5,17,2,12,1,1,1,1,1,3
122712,1,1,50,1,1,11,3,20,0,0,2,0,1,0,1,45,68,180,0,0,2,2,1,8,1,1,80,0,7,0,0,13,11,2020,6,18,2,8,3,3,1,2,1,0
122713,1,1,72,2,1,11,3,8,0,0,1,0,1,0,1,25,58,999,0,0,2,4,1,8,1,11,15,0,5,0,38,17,11,2020,3,11,2,12,2,2,1,1,1,4
122714,1,1,21,1,1,11,3,8,0,0,1,0,2,0,1,80,71,999,2,0,3,3,1,8,1,15,51,0,3,99,6,15,11,2020,1,2,2,12,1,1,1,3,1,1
122717,1,1,59,1,1,11,3,20,0,0,1,0,1,0,1,70,73,999,0,0,2,3,1,8,1,1,12,1,60,99,36,15,11,2020,1,14,2,12,1,1,1,1,10,3
122718,1,1,44,2,1,11,20,1,9,0,1,0,1,0,1,998,63,999,0,0,1,2,1,8,1,1,98,1,13,99,6,7,11,2020,7,21,2,10,6,1,1,3,1,4
122720,1,1,28,2,1,11,3,8,9,0,2,0,2,0,1,998,71,999,0,0,1,2,1,8,1,1,13,0,13,0,0,29,11,2020,1,0,2,38,1,1,6,3,1,3
122722,1,1,32,1,1,11,98,98,1,0,1,0,1,0,1,137,70,999,0,0,2,3,1,8,1,1,12,1,3,99,0,25,11,2020,4,3,2,33,1,1,4,3,1,4
122723,1,1,76,2,1,11,3,1,0,0,1,0,1,0,1,998,62,999,0,0,1,2,1,8,2,1,17,0,13,0,39,21,11,2020,7,14,2,12,2,2,1,1,1,4
122724,1,1,20,1,1,11,20,20,1,0,1,0,2,0,1,45,67,999,2,0,2,3,1,8,1,1,80,0,1,0,0,15,11,2020,1,22,2,8,3,2,1,3,1,0
122725,1,1,29,1,1,11,3,20,9,0,1,0,2,0,1,70,64,999,0,3,2,3,1,8,1,1,11,0,7,0,36,15,11,2020,1,1,2,12,3,2,1,3,10,4
122726,1,1,22,1,1,11,3,1,0,0,6,0,2,0,1,50,71,999,0,0,2,6,1,8,1,1,17,0,60,99,39,25,11,2020,4,20,2,12,2,2,1,3,1,2
122728,1,1,30,2,1,11,3,20,0,0,1,0,1,0,1,35,62,999,0,0,2,3,1,8,1,1,80,0,8,0,0,19,11,2020,5,7,2,8,1,1,1,1,1,0
122729,1,1,80,1,1,11,3,1,0,0,1,0,1,0,1,40,67,999,0,0,2,2,1,8,1,1,17,0,7,99,0,23,11,2020,2,13,2,12,2,2,1,1,1,4
122730,1,1,78,2,1,11,20,20,0,0,1,0,1,0,1,15,63,999,0,0,2,3,1,8,1,11,15,0,13,99,38,24,11,2020,3,15,2,12,2,2,1,1,1,2
122731,1,1,58,1,1,11,3,8,0,0,1,0,1,0,1,25,65,999,0,0,1,2,1,8,1,1,17,0,60,0,39,5,11,2020,5,16,2,12,2,3,1,1,1,3
122732,1,1,49,1,1,11,3,20,0,0,1,0,1,0,1,45,70,999,1,0,5,5,1,8,1,1,80,0,13,0,0,8,11,2020,1,0,2,8,2,2,1,3,1,0
122733,1,1,33,2,1,11,3,20,0,0,1,0,1,0,1,20,62,999,0,0,2,5,1,8,1,11,15,0,13,0,38,20,11,2020,6,21,2,12,2,2,1,3,1,1
122735,1,1,37,1,1,11,3,20,9,0,99,1,1,0,1,10,71,999,0,0,2,3,1,8,1,1,98,0,7,0,6,27,11,2020,6,18,2,5,1,1,1,3,1,0
122736,1,1,33,1,1,11,20,1,9,0,1,0,2,0,1,45,70,999,0,0,2,3,1,8,1,14,12,0,7,99,6,20,11,2020,6,18,2,1,1,1,3,5,1,4
122739,1,1,82,1,1,11,3,20,0,0,2,0,1,0,1,10,73,999,0,0,0,0,0,0,0,10,16,0,2,0,38,3,11,2020,3,14,2,12,8,1,1,1,1,3
122743,1,1,17,2,1,11,3,20,0,0,1,0,2,0,1,45,67,999,0,0,2,3,1,8,1,1,80,0,7,0,0,25,11,2020,4,21,2,8,1,1,1,2,1,0
122744,1,1,26,2,1,11,3,20,0,0,3,0,2,0,1,55,66,999,0,0,2,4,1,8,1,1,80,0,13,0,0,15,11,2020,1,18,2,8,3,2,1,2,1,0
122745,1,1,62,1,1,11,3,20,0,0,1,0,3,1,1,10,65,999,0,0,4,1,1,8,1,13,20,0,11,0,31,12,10,2020,2,15,2,12,1,1,1,1,1,1
122746,1,1,23,1,1,11,3,1,0,0,5,0,4,0,1,65,64,999,0,0,3,4,1,8,2,1,51,0,13,12,6,15,11,2020,1,0,2,12,1,1,1,3,10,2
122747,1,1,28,1,1,11,3,20,0,0,1,0,2,0,1,45,69,999,0,0,5,5,1,8,1,1,80,0,5,0,0,19,11,2020,5,23,2,8,1,1,1,3,1,0
122748,1,1,34,1,1,11,20,20,0,0,1,0,2,0,1,40,74,999,0,0,2,2,1,8,1,14,12,0,80,0,6,7,11,2020,7,15,2,33,1,1,3,1,10,4
122749,1,1,55,1,1,11,3,20,0,0,2,0,3,2,1,10,68,999,0,0,1,2,1,8,1,11,15,0,11,0,39,17,11,2020,3,8,2,12,2,3,1,1,1,3
122750,1,1,24,1,1,11,20,20,9,0,99,1,2,0,1,35,999,999,0,0,1,2,1,8,1,1,83,1,60,99,34,26,11,2020,5,18,2,9,1,1,1,2,1,0
122751,1,1,20,1,1,11,20,20,9,0,1,0,2,0,1,50,65,999,0,0,2,3,1,8,1,1,12,0,2,99,0,23,11,2020,2,5,2,33,1,1,3,2,1,4
122752,1,1,35,1,1,11,3,20,0,0,1,0,1,0,1,998,71,999,0,0,5,5,1,8,1,1,80,0,3,0,0,26,11,2020,5,3,2,8,1,1,1,2,1,0
122753,1,1,45,1,1,11,3,20,0,0,1,0,1,0,1,45,67,999,0,0,2,3,1,8,1,1,80,0,60,0,39,30,11,2020,2,5,2,8,3,2,1,3,1,0
122754,1,1,75,1,1,11,3,20,0,0,2,0,1,0,1,35,65,999,0,0,2,3,1,8,1,11,15,0,7,93,38,28,11,2020,7,14,2,12,2,2,1,1,1,0
122755,1,1,43,1,1,11,3,20,0,0,1,0,1,0,1,35,64,999,0,0,2,5,1,8,1,1,80,0,3,0,0,28,11,2020,7,21,2,8,1,1,1,3,1,0
122756,1,1,30,2,1,11,3,20,0,0,1,0,3,0,1,45,63,999,0,0,2,3,1,8,1,14,83,0,13,0,0,13,11,2020,6,17,2,9,3,3,1,5,1,0
122758,1,1,38,2,1,11,3,2,0,0,2,0,1,0,1,15,62,999,0,0,1,2,1,8,1,1,17,0,13,0,39,26,11,2020,5,15,2,12,2,2,1,1,1,1
122759,1,1,68,2,1,11,20,20,9,0,1,0,1,0,1,15,62,999,0,0,1,2,6,8,1,1,12,0,5,0,6,27,10,2020,3,6,2,42,1,1,4,2,10,4
122761,1,1,60,1,1,11,20,20,0,0,1,0,1,0,1,65,65,999,0,0,3,5,5,8,1,15,98,1,7,99,6,21,11,2020,7,21,2,1,1,1,1,3,1,4
122763,1,1,32,2,1,11,3,8,0,0,1,0,1,0,1,55,62,999,0,0,3,6,3,8,1,1,54,1,13,99,51,29,11,2020,1,5,2,12,1,1,1,3,10,4
122764,1,1,26,1,1,11,20,8,0,0,2,0,3,0,1,45,73,999,0,0,5,5,1,8,2,1,80,0,13,0,0,28,11,2020,7,23,2,8,1,1,1,2,2,0
122766,1,1,56,1,1,11,3,20,0,0,1,0,1,0,1,55,74,999,0,0,3,4,1,8,1,14,10,0,2,0,0,22,11,2020,1,12,2,12,1,1,1,1,10,0
122767,1,1,27,1,1,11,20,20,0,0,1,0,2,0,1,100,67,999,0,0,3,6,1,8,1,1,11,0,80,0,6,26,11,2020,5,14,2,12,1,1,1,1,1,4
122769,1,1,46,1,1,11,3,20,0,0,1,0,2,0,1,45,67,999,0,0,2,3,1,8,1,1,83,0,7,0,0,26,11,2020,5,14,2,9,1,1,1,1,1,0
122773,1,1,29,1,1,11,3,99,9,0,1,0,1,0,1,55,71,999,0,0,2,3,1,8,1,1,51,0,13,99,6,23,10,2020,6,3,2,12,3,3,1,2,1,4
122774,1,1,21,2,1,11,8,99,0,0,2,0,1,0,1,70,63,999,1,0,2,3,1,8,1,14,12,0,5,99,0,15,11,2020,1,21,2,42,1,1,5,2,1,4
122775,1,1,32,1,1,11,20,8,9,0,2,0,4,0,1,65,71,999,1,0,3,3,1,8,1,1,12,0,7,99,0,1,12,2020,3,6,2,25,1,1,3,3,1,4
122777,1,1,29,2,1,11,3,20,0,0,3,0,1,0,1,45,64,999,0,0,5,5,1,8,1,1,80,0,7,0,0,25,10,2020,1,21,2,8,2,2,1,3,1,0
122779,1,1,17,2,1,11,3,20,0,0,1,0,2,0,1,55,66,999,0,0,1,3,6,8,1,1,50,0,13,0,6,23,11,2020,2,11,2,12,2,3,1,1,1,0
122780,1,1,44,1,1,11,3,20,0,0,5,0,1,0,1,45,72,999,0,0,2,3,1,8,1,1,80,0,13,0,0,27,11,2020,6,21,2,8,1,1,1,2,1,0
122781,1,1,32,1,1,11,3,20,0,0,3,0,1,0,1,10,66,999,1,0,1,2,1,8,1,11,15,0,3,0,0,29,11,2020,1,16,2,12,2,2,1,1,1,0
122782,1,1,34,1,1,11,3,20,0,0,2,0,1,0,1,45,74,999,0,0,2,2,6,8,2,1,13,1,3,0,36,22,11,2020,1,17,2,33,1,1,4,3,10,0
122783,1,1,998,8,1,11,20,20,8,0,99,1,9,99,1,60,999,999,99,0,2,2,1,8,1,1,80,0,999,0,0,25,11,2020,4,23,2,8,1,1,1,2,1,9
122785,1,1,23,1,1,11,3,20,0,0,1,0,1,0,1,45,71,999,0,0,2,3,1,8,1,1,80,0,13,0,0,11,10,2020,1,20,2,8,3,2,1,5,1,0
122786,1,1,68,1,1,11,3,2,0,0,1,0,1,0,1,20,72,999,0,0,2,4,1,8,1,11,15,0,7,99,38,25,11,2020,4,21,2,12,2,2,1,3,1,4
122787,1,1,28,1,1,11,3,1,0,0,99,1,2,0,1,998,999,999,0,0,2,5,1,8,1,1,50,0,60,99,6,14,11,2020,7,1,2,12,3,2,1,2,1,1
122788,1,1,22,1,1,11,20,20,0,0,1,0,1,0,1,80,71,999,3,0,2,2,1,8,1,1,62,0,80,99,36,1,12,2020,3,13,2,12,2,3,1,1,1,4
122789,1,1,38,1,1,11,3,20,0,0,1,0,2,0,1,45,66,999,0,0,1,2,1,8,1,1,83,0,7,0,0,28,10,2020,4,19,2,9,1,1,1,3,1,0
122790,1,1,54,2,1,11,3,20,0,0,2,0,2,0,1,15,66,999,0,0,1,2,1,8,1,10,16,1,2,0,38,3,12,2020,5,12,2,12,8,1,1,1,1,4
122792,1,1,41,1,1,11,3,8,1,0,1,0,1,0,1,60,62,999,0,3,2,3,1,8,1,1,17,1,7,99,36,3,12,2020,5,17,2,12,2,2,1,5,1,2