ST_CASE,VEH_NO,PER_NO,AGE,SEX,PER_TYP,SEAT_POS,REST_USE,AIR_BAG,DRUGS,LOCATION,NUMOCCS,HIT_RUN,OWNER,V_CONFIG,HAZ_INV,TRAV_SP,DR_HGT,DR_WGT,PREV_SPD,SPEEDREL,VTRAFWAY,VNUM_LAN,VPROFILE,VPAVETYP,VSURCOND,P_CRASH1,P_CRASH2,DR_DRINK,VPICBODYCLASS,DRDISTRACT,DRIVERRF,DAY,MONTH,YEAR,DAY_WEEK,HOUR,RUR_URB,HARM_EV,RELJCT2,TYP_INT,REL_ROAD,LGT_COND,WEATHER,INJ_SEV
122793,1,1,35,1,1,11,3,20,0,0,1,0,2,0,1,40,69,999,0,0,2,2,1,8,1,1,80,0,13,0,0,2,12,2020,4,16,2,8,1,1,1,5,1,0
122795,1,1,34,2,1,11,3,8,0,0,1,0,3,0,1,50,67,999,0,0,1,4,5,8,1,1,54,1,7,99,51,6,12,2020,1,13,2,12,1,1,1,1,1,4
122797,1,1,27,1,1,11,3,20,0,0,1,0,2,0,1,40,70,999,1,0,2,2,1,8,1,1,80,0,13,0,0,13,11,2020,6,23,2,8,3,2,1,2,1,0
122798,1,1,65,1,1,11,3,8,0,0,1,0,2,0,1,998,72,999,0,0,2,3,1,8,1,11,15,0,60,0,47,19,11,2020,5,19,2,12,2,3,1,3,1,2
122800,1,1,90,2,1,11,3,20,0,0,1,0,1,0,1,40,63,999,0,0,2,4,1,8,1,1,17,0,13,99,39,3,12,2020,5,12,2,12,2,2,1,1,10,4
122801,1,1,31,1,1,11,3,20,0,0,1,0,1,0,1,40,65,999,0,0,2,5,1,8,1,1,80,0,60,0,0,3,12,2020,5,18,2,8,2,2,1,3,1,0
122802,1,1,28,1,1,11,20,20,1,0,1,0,1,0,1,30,76,999,0,4,2,3,1,8,2,14,9,0,94,0,0,30,11,2020,2,23,2,5,3,3,1,3,1,4
122803,1,1,75,1,1,11,20,8,9,0,1,0,1,0,1,998,69,999,1,0,5,5,1,8,1,1,10,0,7,0,28,26,11,2020,5,19,2,12,3,2,1,2,1,4
122804,1,1,47,1,1,11,20,20,1,0,1,0,1,0,1,52,72,999,0,0,2,3,1,8,1,1,12,1,81,99,0,17,11,2020,3,18,2,33,1,1,3,2,1,4
122805,1,1,998,8,1,11,20,20,0,0,99,1,9,99,1,45,999,999,99,0,2,2,1,8,1,14,83,0,999,96,0,4,12,2020,6,6,2,9,1,1,1,3,1,9
122807,1,1,22,1,1,11,20,8,9,0,1,0,2,0,1,120,71,999,0,3,1,4,1,8,1,1,12,0,13,99,36,2,12,2020,4,22,2,30,1,1,4,3,1,4
122808,1,1,57,1,1,11,3,99,8,0,1,0,1,0,1,998,72,999,0,0,5,5,1,8,1,1,12,0,60,99,0,4,12,2020,6,15,2,33,1,1,4,1,1,1
122809,1,1,27,1,1,11,20,8,9,0,1,0,1,0,1,55,78,175,0,0,2,3,1,8,1,1,13,1,13,99,0,6,12,2020,1,4,2,33,1,1,4,2,1,4
122812,1,1,34,1,1,11,3,8,0,0,1,0,2,0,1,100,74,999,0,3,2,3,1,8,1,1,98,0,3,12,36,4,12,2020,6,18,2,12,2,3,1,3,1,2
122813,1,1,19,1,1,11,3,8,0,0,3,0,2,0,1,120,71,999,0,3,2,2,1,8,1,1,72,0,3,0,6,20,11,2020,6,22,2,12,8,1,1,3,1,2
122814,1,1,30,1,1,11,3,20,0,0,1,0,1,0,1,55,67,999,1,0,2,2,1,8,1,1,80,0,60,15,0,5,12,2020,7,6,2,8,1,1,1,2,1,0
122815,1,1,62,2,1,11,3,20,0,0,1,0,1,0,1,40,63,999,0,0,2,3,1,8,1,1,80,0,7,0,0,29,11,2020,1,19,2,8,2,2,1,3,1,0
122817,1,1,25,1,1,11,20,1,0,0,3,0,2,0,1,45,62,999,0,0,1,2,1,8,1,14,10,1,60,99,51,27,11,2020,6,1,2,12,1,1,1,2,1,3
122818,1,1,66,1,1,11,3,20,0,0,1,0,1,0,1,10,70,999,0,0,1,2,1,2,1,1,80,0,7,99,38,7,12,2020,2,14,2,8,3,3,1,1,1,0
122819,1,1,41,1,1,11,3,20,0,0,1,0,1,0,1,10,71,999,0,0,1,3,1,8,1,11,15,0,7,0,0,29,11,2020,1,1,2,9,3,2,1,3,1,0
122820,1,1,35,1,1,11,3,20,0,0,1,0,1,0,1,25,70,999,0,0,4,1,1,8,1,11,17,0,7,0,39,1,12,2020,3,6,2,12,2,2,1,2,1,0
122822,1,1,52,1,1,11,3,1,0,0,1,0,1,0,1,65,69,999,0,0,3,5,1,8,1,1,12,1,13,99,0,28,11,2020,7,21,2,25,1,1,3,3,1,4
122823,1,1,33,1,1,11,20,8,9,0,1,0,2,0,1,70,64,999,1,0,2,2,1,2,1,1,12,1,7,99,6,6,12,2020,1,20,2,42,1,1,3,2,1,4
122826,1,1,32,1,1,11,3,20,0,0,1,0,1,0,1,40,67,999,1,0,1,2,1,8,2,1,80,0,7,0,0,16,11,2020,2,6,2,8,1,1,1,2,10,0
122830,1,1,33,1,1,11,3,2,0,0,1,0,1,0,1,20,64,999,0,0,2,3,1,8,1,11,15,0,7,0,38,2,11,2020,2,17,2,12,2,2,1,1,1,0
122832,1,1,27,1,1,11,3,1,1,0,1,0,2,0,1,60,69,999,0,0,1,2,1,8,1,1,14,1,5,99,39,5,12,2020,7,3,2,33,3,3,4,3,1,4
122836,1,1,57,1,1,11,20,20,0,0,1,0,1,0,1,15,71,999,0,0,5,5,1,2,1,1,98,0,996,0,6,1,11,2020,1,7,2,18,1,1,4,1,10,4
122838,1,1,66,1,1,11,20,20,0,0,1,0,1,0,1,40,72,999,0,0,2,4,1,8,1,14,12,1,81,0,58,17,10,2020,7,21,2,1,1,1,3,2,1,4
122840,1,1,17,2,1,11,3,20,0,0,1,0,2,0,1,45,67,999,0,0,2,2,1,8,1,1,80,0,7,0,0,30,11,2020,2,19,2,8,1,1,1,2,1,0
122841,1,1,56,1,1,11,3,20,0,0,2,0,1,0,1,10,70,999,0,0,2,2,1,8,1,12,21,0,2,0,38,20,11,2020,6,7,2,12,1,1,1,1,1,2
122842,1,1,34,1,1,11,20,20,9,0,1,0,5,0,1,50,67,999,0,0,1,3,1,8,1,1,13,1,82,0,6,27,10,2020,3,22,2,1,1,1,4,2,1,4
122843,1,1,24,2,1,11,3,8,0,0,3,0,1,0,1,15,70,999,0,0,2,3,1,8,1,11,15,1,13,0,38,27,11,2020,6,21,2,12,2,3,1,3,1,1
122844,1,1,80,1,1,11,3,1,0,0,2,0,1,0,1,10,72,999,0,0,1,2,1,8,1,10,16,0,13,93,39,19,11,2020,5,18,2,12,2,3,1,3,1,3
122845,1,1,83,1,1,11,3,20,0,0,1,0,2,0,1,10,71,999,0,0,1,2,1,8,1,11,15,0,60,99,38,5,11,2020,5,6,2,12,2,3,1,3,1,4
122846,1,1,76,1,1,11,20,1,9,0,1,0,1,0,1,60,63,999,0,0,2,2,1,8,99,1,13,0,60,99,0,4,12,2020,6,12,2,24,1,1,4,9,8,4
122847,1,1,60,1,1,11,20,8,9,0,1,0,4,0,1,55,70,999,0,0,1,2,1,8,1,1,17,0,13,99,39,3,12,2020,5,17,2,12,2,2,1,3,1,4
122851,1,1,30,2,1,11,20,8,9,0,2,0,2,0,1,40,62,999,0,0,5,5,1,2,1,1,10,0,13,99,0,10,12,2020,5,1,2,12,1,1,1,3,1,1
122852,1,1,18,1,1,11,3,20,0,0,99,1,1,0,1,998,67,999,0,0,1,2,1,8,1,1,80,0,7,0,0,8,11,2020,1,17,2,8,8,1,1,2,1,0
122853,1,1,41,1,1,11,20,1,9,0,1,0,1,0,1,60,999,999,0,0,2,6,1,8,2,1,62,1,60,99,39,6,12,2020,1,23,2,12,2,2,1,3,2,4
122854,1,1,44,1,1,11,20,20,1,0,1,0,2,0,1,73,67,999,0,0,2,5,1,8,1,1,17,1,81,99,39,22,11,2020,1,22,2,12,2,2,1,3,1,4
122855,1,1,33,2,1,11,3,20,0,0,1,0,2,0,1,50,60,999,0,0,1,2,1,8,1,1,80,0,5,0,0,28,11,2020,7,21,2,8,1,1,1,2,10,1
122858,1,1,64,1,1,11,3,20,0,0,1,0,3,0,1,45,67,999,0,0,2,2,1,8,1,1,80,0,60,0,0,7,12,2020,2,18,2,8,1,1,1,2,1,0
122859,1,1,17,1,1,11,3,8,9,0,4,0,2,0,1,130,68,999,0,3,2,2,1,8,8,1,13,1,13,99,6,4,12,2020,6,23,2,32,1,1,4,2,1,3
122862,1,1,40,2,1,11,3,2,0,0,2,0,2,0,1,5,65,999,0,0,2,4,1,8,1,11,15,0,7,99,0,6,12,2020,1,16,2,12,2,3,1,1,1,2
122863,1,1,36,2,1,11,3,20,0,0,1,0,2,0,1,0,66,999,1,0,3,5,1,8,2,7,53,0,13,0,0,12,11,2020,5,22,2,12,18,1,1,3,10,2
122864,1,1,29,2,1,11,3,20,0,0,1,0,2,0,1,25,999,999,0,0,1,2,1,8,1,11,15,0,60,0,38,30,11,2020,2,13,2,12,2,2,1,1,1,2
122865,1,1,60,1,1,11,20,20,0,0,1,0,1,0,1,45,73,999,0,0,6,1,1,8,2,14,98,0,81,0,6,15,11,2020,1,23,2,1,20,1,1,3,1,4
122866,1,1,999,9,1,11,99,99,8,0,99,1,9,0,1,40,999,999,99,0,1,3,1,8,1,6,80,0,13,99,0,9,12,2020,4,22,2,8,2,3,1,3,1,0
122867,1,1,23,2,1,11,3,20,0,0,4,0,2,0,1,45,72,999,0,0,2,5,1,8,1,1,80,0,7,0,0,28,10,2020,4,0,2,8,3,2,1,3,1,0
122868,1,1,21,1,1,11,3,1,9,0,1,0,1,0,1,80,60,999,2,3,2,3,1,8,1,1,67,0,7,99,0,26,11,2020,5,22,2,12,2,3,1,3,1,3
122869,1,1,998,8,1,11,20,20,8,0,99,1,9,99,1,998,999,999,99,0,5,5,8,2,1,99,80,0,999,0,0,12,12,2020,7,23,2,8,1,1,1,3,1,0
122871,1,1,61,2,1,11,3,20,0,0,1,0,1,0,1,15,67,999,0,0,1,2,1,8,1,11,80,0,7,0,38,1,12,2020,3,17,2,8,2,2,1,1,1,0
122872,1,1,24,2,1,11,20,99,1,0,1,0,1,0,1,45,68,999,0,0,2,4,1,2,1,1,12,1,13,99,0,12,12,2020,7,1,2,33,1,1,3,3,1,4
122874,1,1,34,2,1,11,3,20,0,0,1,0,1,0,1,998,71,999,0,0,5,4,1,8,1,1,80,0,7,0,0,27,11,2020,6,17,2,8,3,2,1,3,1,1
122875,1,1,50,1,1,11,20,20,0,0,1,0,1,0,1,45,70,999,0,4,2,2,1,8,2,1,12,1,6,99,6,11,12,2020,6,23,2,33,1,1,3,3,2,4
122877,1,1,23,1,1,11,20,1,1,0,2,0,2,0,1,60,69,999,1,0,6,1,1,8,1,14,13,1,1,0,6,2,11,2020,2,22,2,26,5,1,4,3,1,3
122879,1,1,18,1,1,11,20,1,9,0,1,0,2,0,1,55,999,999,0,0,1,2,1,8,1,14,10,0,13,0,28,8,11,2020,1,9,2,12,1,1,1,1,1,4
122882,1,1,23,1,1,11,3,1,1,0,1,0,1,0,1,55,71,999,0,0,2,3,1,8,1,1,52,1,60,0,6,15,11,2020,1,16,2,12,1,1,1,1,1,1
122884,1,1,37,2,1,11,3,8,0,0,2,0,1,0,1,45,71,999,0,0,2,4,1,8,1,1,62,0,3,0,0,23,11,2020,2,21,2,12,2,2,1,3,1,3
122885,1,1,38,1,1,11,3,8,0,0,1,0,1,0,1,70,74,999,2,0,3,3,3,8,1,1,50,0,7,15,6,11,12,2020,6,18,2,12,1,1,1,3,1,0
122887,1,1,72,2,1,11,3,1,0,0,1,0,1,0,1,15,60,999,0,0,1,3,1,8,1,1,17,0,2,93,38,12,12,2020,7,17,2,12,2,3,1,3,1,4
122888,1,1,74,2,1,11,3,20,0,0,2,0,2,0,1,25,65,999,0,0,2,3,1,8,1,11,15,0,60,0,38,11,12,2020,6,18,2,12,2,3,1,3,1,0
122891,1,1,60,1,1,11,3,20,0,0,1,0,1,0,1,40,70,999,0,0,5,5,1,8,1,1,83,0,7,0,0,7,12,2020,2,18,2,9,2,2,1,2,1,0
122892,1,1,27,1,1,11,20,1,9,0,1,0,1,0,1,45,66,999,0,3,2,2,1,8,1,1,12,0,60,99,0,2,12,2020,4,19,2,42,1,1,3,3,1,4
122894,1,1,81,1,1,11,3,20,1,0,2,0,1,0,1,10,70,999,0,0,2,3,1,8,1,11,15,1,7,0,38,22,11,2020,1,17,2,12,2,2,1,3,1,0
122895,1,1,63,1,1,11,3,20,0,0,1,0,2,0,1,10,64,999,0,0,1,5,1,8,1,11,15,0,7,0,38,26,11,2020,5,16,2,12,2,2,1,1,1,0
122897,1,1,30,1,1,11,20,20,0,0,1,0,2,0,1,60,69,999,0,4,2,3,1,8,1,1,17,0,80,99,6,6,12,2020,1,16,2,12,2,2,1,1,1,4
122898,1,1,52,2,1,11,3,20,0,0,1,0,1,0,1,35,66,999,0,0,1,2,1,8,1,1,83,0,8,0,0,3,12,2020,5,13,2,9,1,1,1,1,1,0
122899,1,1,31,1,1,11,20,8,0,0,3,0,2,0,1,998,69,999,0,0,2,5,1,8,1,1,51,1,60,0,0,19,11,2020,5,21,2,12,2,2,1,3,1,3
122903,1,1,63,1,1,11,3,20,0,0,1,0,1,0,1,55,67,999,0,0,2,3,1,8,1,1,50,1,5,99,6,8,12,2020,3,9,2,12,3,3,1,1,1,4
122904,1,1,76,1,1,11,3,20,0,0,2,0,1,0,1,70,74,999,0,0,3,3,6,8,1,1,80,0,13,0,0,11,12,2020,6,21,2,8,1,1,1,2,1,0
122908,1,1,998,8,1,11,98,98,8,0,99,1,9,99,1,45,999,999,99,0,2,3,1,8,1,1,80,0,999,0,0,4,12,2020,6,23,2,8,1,1,1,3,10,9
122909,1,1,66,1,1,11,20,1,1,0,1,0,2,0,1,65,69,999,0,0,2,2,1,8,2,1,54,1,60,0,51,6,12,2020,1,22,2,12,1,1,1,2,2,4
122911,1,1,21,2,1,11,3,20,0,0,1,0,2,0,1,55,62,999,0,0,3,4,1,8,1,1,80,0,13,0,0,29,11,2020,1,22,2,8,1,1,1,3,1,0
122912,1,1,22,1,1,11,3,20,0,0,1,0,4,0,1,40,69,999,0,0,2,3,1,8,1,1,80,0,13,0,0,15,12,2020,3,5,2,8,1,1,1,3,1,0
122913,1,1,24,1,1,11,20,20,0,0,2,0,2,0,1,45,66,999,1,0,2,2,1,8,1,15,9,0,5,99,6,13,11,2020,6,18,2,12,1,1,1,5,1,4
122914,1,1,28,1,1,11,3,20,0,0,2,0,4,0,1,30,68,999,0,0,1,4,1,8,1,1,80,0,13,0,0,29,11,2020,1,1,2,8,1,1,1,3,1,0
122915,1,1,19,1,1,11,20,20,0,0,1,0,2,0,1,60,68,999,0,3,2,4,1,8,1,1,62,0,80,0,0,12,12,2020,7,16,2,12,2,3,1,1,1,4
122916,1,1,52,1,1,11,3,1,0,0,2,0,1,0,1,998,72,999,0,0,1,2,1,8,1,11,15,0,13,99,48,10,12,2020,5,20,2,12,2,2,1,2,1,3
122917,1,1,999,9,1,11,99,99,8,0,99,1,9,99,1,999,999,999,99,0,1,2,1,8,1,99,83,0,999,99,0,27,11,2020,6,5,2,9,1,1,1,3,1,0
122919,1,1,22,2,1,11,3,1,9,0,1,0,1,0,1,45,999,999,0,0,1,2,1,8,1,1,10,0,13,0,28,31,5,2020,1,21,2,12,1,1,1,2,1,1
122921,1,1,47,1,1,11,3,20,0,0,1,0,2,0,1,5,66,999,0,0,1,4,1,8,1,10,80,0,60,0,0,23,10,2020,6,10,2,8,3,2,1,1,1,0
122928,1,1,29,1,1,11,3,20,0,0,2,0,2,0,1,998,69,999,0,0,2,3,1,8,1,1,80,0,13,0,0,25,10,2020,1,19,2,8,3,3,1,3,1,0
122929,1,1,49,1,1,11,3,20,0,0,1,0,3,0,1,5,71,999,0,0,1,2,1,8,1,10,80,0,7,12,0,12,11,2020,5,16,2,8,8,1,1,1,10,0
122930,1,1,31,2,1,11,3,20,0,0,1,0,2,0,1,15,66,999,0,0,1,3,1,8,1,11,80,0,13,0,38,17,11,2020,3,21,2,8,3,2,1,3,1,0
122931,1,1,88,1,1,11,20,1,0,0,1,0,1,0,1,998,74,999,0,0,2,3,1,8,1,11,15,0,13,0,48,17,11,2020,3,18,2,12,2,2,1,3,1,4
122932,1,1,78,2,1,11,3,20,0,0,1,0,1,0,1,20,59,999,0,0,1,2,1,8,1,11,15,0,5,0,38,16,11,2020,2,11,2,12,2,2,1,1,1,4
122935,1,1,49,2,1,11,3,1,0,0,2,0,2,0,1,998,67,999,0,0,1,2,1,8,1,11,15,0,13,0,39,19,11,2020,5,15,2,12,2,3,1,1,1,4
122936,1,1,998,8,1,11,20,20,0,0,99,1,9,99,1,998,999,999,99,0,2,4,1,8,1,1,80,0,999,99,0,21,11,2020,7,18,2,8,3,2,1,2,10,9
122940,1,1,41,2,1,11,3,20,0,0,1,0,1,0,1,45,63,999,0,0,2,4,1,8,1,1,64,0,13,0,0,11,12,2020,6,16,2,12,2,3,1,5,1,3
122941,1,1,42,1,1,11,3,20,9,0,1,0,2,0,1,40,70,999,0,0,2,3,1,8,1,1,80,0,13,0,0,19,12,2020,7,18,2,8,1,1,1,2,1,0
122943,1,1,86,2,1,11,20,20,0,0,1,0,1,0,1,15,62,999,0,0,2,1,1,8,1,1,17,1,997,99,38,14,12,2020,2,15,2,12,2,2,1,1,1,4
122944,1,1,65,2,1,11,3,8,0,0,2,0,1,0,1,45,66,999,0,0,2,5,1,8,1,1,17,0,7,0,39,15,12,2020,3,16,2,12,2,2,1,1,1,3
122945,1,1,26,1,1,11,20,1,9,0,1,0,1,0,1,65,64,999,0,0,3,3,1,8,2,1,12,1,13,93,6,7,12,2020,2,4,2,24,1,1,3,3,2,4
122946,1,1,66,2,1,11,3,3,0,0,1,0,2,0,1,15,69,999,0,0,1,2,1,8,1,11,15,0,7,93,38,4,12,2020,6,11,2,12,2,2,1,1,10,1
122948,1,1,23,1,1,11,20,20,0,0,3,0,1,0,1,45,71,999,0,0,2,2,1,8,1,1,12,0,60,0,58,25,11,2020,4,1,2,33,1,1,3,2,1,4
122949,1,1,69,1,1,11,3,20,0,0,1,0,1,0,1,30,69,999,0,0,2,5,1,8,1,1,80,0,9,0,0,11,12,2020,6,19,2,8,1,1,1,3,1,0
122950,1,1,54,2,1,11,3,20,0,0,1,0,4,0,1,40,64,999,1,0,1,2,1,8,1,1,80,0,13,0,0,31,10,2020,7,22,2,8,1,1,1,3,1,0
122951,1,1,32,1,1,11,3,20,0,0,1,0,3,1,1,15,65,999,0,0,5,5,1,8,1,11,15,0,11,93,38,15,12,2020,3,23,2,12,8,1,1,2,1,0
122952,1,1,19,1,1,11,20,20,0,0,99,1,2,0,1,63,72,999,0,3,5,3,1,8,1,1,80,0,80,0,0,5,12,2020,7,21,2,8,3,2,1,3,1,1
122956,1,1,72,1,1,11,3,20,0,0,1,0,2,0,1,998,74,999,0,0,2,2,1,8,1,1,80,0,13,0,0,18,9,2020,6,20,2,8,2,3,1,3,1,0
122958,1,1,35,1,1,11,3,8,0,0,2,0,1,0,1,45,72,999,0,0,2,3,1,8,1,1,12,1,7,99,0,6,12,2020,1,0,2,42,1,1,3,3,10,4
122959,1,1,29,2,1,11,3,20,0,0,1,0,1,0,1,70,67,999,0,0,3,3,1,8,1,1,80,0,13,0,0,29,11,2020,1,19,2,8,1,1,1,2,1,2
122960,1,1,61,1,1,11,3,8,9,0,1,0,2,0,1,90,68,999,0,0,3,3,1,8,1,6,51,0,1,99,36,11,12,2020,6,16,2,12,1,1,1,1,1,4
122961,1,1,64,1,1,11,3,20,0,0,1,0,2,0,1,45,67,999,0,0,2,2,1,8,1,1,80,0,3,0,0,3,12,2020,5,20,2,8,1,1,1,3,1,0
122962,1,1,66,1,1,11,3,20,0,0,1,0,1,0,1,20,72,999,0,0,2,5,1,8,1,1,83,0,13,0,0,10,12,2020,5,6,2,15,1,1,1,4,1,0
122963,1,1,58,1,1,11,3,1,9,0,1,0,1,0,1,45,68,999,0,0,2,3,1,8,1,14,13,0,2,99,0,20,12,2020,1,8,2,33,1,1,4,1,1,4
122965,1,1,72,2,1,11,3,1,9,0,1,0,1,0,1,15,62,999,0,0,1,3,1,8,1,11,15,0,15,93,38,9,12,2020,4,17,2,12,2,3,1,1,1,4
122966,1,1,52,2,1,11,3,20,0,0,1,0,1,0,1,35,59,999,0,0,6,4,1,8,1,11,15,0,7,93,39,8,12,2020,3,9,2,12,2,2,1,1,1,4
122967,1,1,998,8,1,11,20,20,8,0,99,1,9,99,1,35,999,999,99,0,5,5,1,8,1,1,80,0,999,0,0,13,11,2020,6,19,2,8,1,1,1,3,1,9
122968,1,1,44,2,1,11,3,20,0,0,2,0,1,0,1,45,67,999,0,0,1,2,1,8,1,1,80,0,60,0,0,17,12,2020,5,22,2,8,1,1,1,2,1,0
122969,1,1,57,1,1,11,3,20,0,0,1,0,1,0,1,40,78,999,0,0,2,3,1,8,1,1,80,0,7,0,0,24,11,2020,3,20,2,8,1,1,1,2,1,0
122971,1,1,26,1,1,11,3,8,1,0,1,0,1,0,1,133,72,999,1,0,2,3,1,8,1,14,65,1,3,93,6,11,12,2020,6,23,2,12,3,3,1,3,1,3
122973,1,1,42,1,1,11,20,20,9,0,1,0,1,0,1,100,65,999,0,4,2,3,1,8,1,14,17,0,80,99,0,12,12,2020,7,18,2,12,2,3,1,5,1,4
122975,1,1,19,2,1,11,3,20,0,0,1,0,1,0,1,45,61,999,0,0,5,7,1,8,1,1,80,0,13,93,0,12,12,2020,7,23,2,8,1,1,1,3,1,0
122977,1,1,51,2,1,11,3,20,0,0,1,0,1,0,1,50,64,999,0,0,2,3,1,8,1,1,80,0,7,0,0,21,12,2020,2,21,2,8,1,1,1,2,1,0
122978,1,1,37,2,1,11,3,8,0,0,1,0,2,0,1,70,60,999,0,0,3,3,5,8,1,14,98,1,7,0,51,14,12,2020,2,22,2,12,1,1,1,3,1,3
122979,1,1,999,9,1,11,20,20,0,0,99,1,9,99,1,45,999,999,99,0,2,3,1,8,1,1,80,0,999,99,0,5,12,2020,7,6,2,8,1,1,1,4,10,0
122980,1,1,48,1,1,11,3,20,0,0,2,0,3,6,1,2,74,999,0,0,0,0,0,0,0,11,15,0,66,0,38,18,12,2020,6,6,2,12,8,1,1,2,1,0
122981,1,1,999,9,1,11,99,1,8,0,99,1,9,0,1,30,999,999,99,0,1,2,1,8,1,1,17,0,7,99,0,16,12,2020,4,23,2,12,2,2,1,3,1,1
122982,1,1,48,1,1,11,3,20,0,0,1,0,1,0,1,45,70,999,0,0,2,5,1,8,1,1,80,0,60,0,0,15,12,2020,3,18,2,8,3,2,1,3,1,0
122983,1,1,999,9,1,11,99,99,8,0,99,1,9,99,1,35,999,999,99,0,1,2,1,8,1,99,80,0,999,99,0,27,11,2020,6,18,2,8,1,1,1,5,1,0
122984,1,1,998,8,1,11,20,20,9,0,1,1,9,99,1,998,999,999,99,0,5,5,1,8,1,1,83,0,999,99,0,18,12,2020,6,19,2,9,1,1,1,3,1,0
122985,1,1,54,1,1,11,3,99,9,0,2,0,2,1,1,35,69,999,0,0,1,2,1,8,1,1,12,0,11,99,0,18,12,2020,6,10,2,42,1,1,4,1,1,4
122987,1,1,34,1,1,11,3,20,0,0,1,0,2,0,1,35,72,999,0,0,1,2,1,8,1,1,80,0,13,0,0,27,11,2020,6,22,2,8,1,1,1,3,1,0
122988,1,1,31,1,1,11,3,1,0,0,3,0,2,1,1,70,61,999,0,0,3,4,1,8,1,1,10,0,63,0,6,16,12,2020,4,18,2,14,1,1,2,1,10,0
122990,1,1,59,1,1,11,20,20,0,0,1,0,1,0,1,45,67,999,0,0,1,2,1,8,1,14,13,0,81,93,0,13,12,2020,1,18,2,59,1,1,4,2,10,4
122991,1,1,43,1,1,11,3,20,0,0,1,0,3,6,1,15,76,999,0,0,2,3,1,8,1,12,21,0,66,0,48,14,12,2020,2,16,2,12,2,2,1,3,1,0
122992,1,1,19,1,1,11,3,20,9,0,1,1,2,0,1,35,75,999,0,0,1,2,1,8,1,1,83,0,13,0,28,8,12,2020,3,20,2,9,1,1,2,2,1,0
122993,1,1,32,2,1,11,3,1,0,0,1,0,2,0,1,45,67,999,2,0,4,1,1,2,1,1,12,1,13,93,6,19,12,2020,7,2,2,33,1,1,4,2,1,4
122997,1,1,19,2,1,11,99,99,0,0,99,1,2,0,1,40,999,999,99,0,1,2,1,8,2,1,80,0,3,93,6,20,12,2020,1,17,2,8,1,1,1,3,1,0
122998,1,1,34,1,1,11,20,20,9,0,1,0,2,0,1,998,70,999,0,0,2,5,1,8,1,1,17,0,80,0,39,9,12,2020,4,14,2,12,2,2,1,1,1,4
122999,1,1,57,2,1,11,3,20,0,0,2,0,1,0,1,10,63,999,0,0,1,5,1,8,1,11,15,0,60,0,39,24,11,2020,3,9,2,12,2,3,1,1,1,0
123000,1,1,70,1,1,11,3,8,9,0,1,0,1,0,1,40,66,999,0,0,2,2,1,8,1,1,12,0,7,99,0,21,12,2020,2,15,2,42,1,1,6,1,1,4
123002,1,1,62,2,1,11,20,8,9,0,1,0,1,0,1,60,60,999,0,0,1,4,1,8,1,1,13,0,13,99,0,24,12,2020,5,3,2,41,1,1,4,3,1,4
123003,1,1,43,2,1,11,3,20,0,0,1,0,2,0,1,998,67,999,0,0,2,3,1,8,2,1,80,0,2,0,0,8,11,2020,1,3,2,8,1,1,1,3,2,1
123004,1,1,49,1,1,11,20,20,1,0,1,0,1,0,1,998,74,999,0,0,1,3,1,8,1,1,13,1,60,99,0,20,12,2020,1,0,2,34,1,1,4,2,1,4
123005,1,1,26,1,1,11,20,8,9,0,1,0,1,0,1,90,70,999,0,0,2,3,1,8,1,1,67,0,60,99,36,24,11,2020,3,18,2,12,2,2,1,2,1,3
123006,1,1,25,2,1,11,20,8,9,0,1,0,1,0,1,50,67,999,0,0,2,4,1,8,1,1,17,1,13,99,39,25,12,2020,6,4,2,12,2,2,1,3,1,4
123007,1,1,38,2,1,11,3,1,9,0,4,0,1,0,1,45,61,999,0,0,2,2,1,8,1,14,13,0,13,99,0,27,12,2020,1,3,2,59,1,1,4,3,1,3
123008,1,1,25,1,1,11,3,20,0,0,2,0,1,0,1,40,69,999,0,0,2,4,1,8,1,1,80,0,13,0,0,23,12,2020,4,4,2,8,1,1,1,3,1,0
123009,1,1,67,1,1,11,20,20,9,0,1,0,1,0,1,998,70,999,0,0,2,4,1,8,1,1,17,0,81,0,39,27,11,2020,6,12,2,12,2,2,1,1,1,4
123014,1,1,45,1,1,11,20,20,0,0,1,0,1,0,1,45,69,999,0,0,2,3,1,8,1,15,50,1,80,0,6,18,12,2020,6,19,2,12,3,2,1,3,1,4
123015,1,1,29,2,1,11,3,20,0,0,2,0,2,0,1,45,999,999,0,0,1,2,6,8,1,1,80,0,7,99,0,23,12,2020,4,23,2,8,1,1,1,2,1,0
123016,1,1,83,1,1,11,20,20,0,0,1,0,1,0,1,10,71,999,0,0,2,4,1,8,1,12,21,0,7,99,38,16,12,2020,4,9,2,12,2,2,1,1,10,4
123017,1,1,23,1,1,11,20,20,0,0,1,0,9,0,1,65,71,999,0,0,1,2,6,8,1,1,17,0,113,0,36,24,12,2020,5,13,2,12,2,2,1,1,10,4
123019,1,1,94,1,1,11,3,1,0,0,1,0,1,0,1,50,65,999,0,0,2,3,1,8,1,1,10,0,1,0,28,1,12,2020,3,14,2,12,3,2,1,1,1,4
123020,1,1,90,1,1,11,3,3,0,0,1,0,1,0,1,10,71,999,0,0,2,5,1,8,1,11,15,0,7,0,38,10,12,2020,5,13,2,12,2,3,1,1,1,4
123021,1,1,33,1,1,11,20,20,9,0,1,0,1,0,1,45,66,999,0,0,2,3,1,8,1,1,62,0,80,99,0,19,12,2020,7,19,2,12,2,2,1,3,1,4