ST_CASE,VEH_NO,PER_NO,AGE,SEX,PER_TYP,SEAT_POS,REST_USE,AIR_BAG,DRUGS,LOCATION,NUMOCCS,HIT_RUN,OWNER,V_CONFIG,HAZ_INV,TRAV_SP,DR_HGT,DR_WGT,PREV_SPD,SPEEDREL,VTRAFWAY,VNUM_LAN,VPROFILE,VPAVETYP,VSURCOND,P_CRASH1,P_CRASH2,DR_DRINK,VPICBODYCLASS,DRDISTRACT,DRIVERRF,DAY,MONTH,YEAR,DAY_WEEK,HOUR,RUR_URB,HARM_EV,RELJCT2,TYP_INT,REL_ROAD,LGT_COND,WEATHER,INJ_SEV
123023,1,1,23,2,1,11,3,20,0,0,1,0,1,0,1,45,67,999,0,0,2,6,1,8,1,1,80,0,13,10,0,26,8,2020,4,21,2,8,1,1,1,3,1,1
123024,1,1,37,1,1,11,3,20,0,0,1,0,3,1,1,70,71,999,0,0,2,3,1,8,1,1,50,0,74,0,6,18,12,2020,6,9,2,12,1,1,1,1,1,1
123025,1,1,19,1,1,11,3,20,0,0,1,0,1,0,1,45,67,999,0,0,2,5,1,8,1,1,83,0,5,0,0,11,12,2020,6,19,2,9,2,2,1,5,1,0
123026,1,1,76,1,1,11,3,20,0,0,2,0,3,0,1,40,70,999,0,0,2,4,1,8,1,1,80,0,13,0,0,15,12,2020,3,18,2,8,3,2,1,3,1,0
123027,1,1,23,1,1,11,20,20,1,0,1,0,2,0,1,40,73,999,0,0,2,2,1,2,2,14,13,1,60,99,6,21,12,2020,2,8,2,33,3,6,4,2,2,4
123028,1,1,41,1,1,11,20,8,0,0,1,0,1,0,1,70,70,999,1,0,3,4,1,8,1,1,51,0,7,0,0,15,12,2020,3,21,2,12,1,1,1,3,10,0
123029,1,1,59,1,1,11,3,20,0,0,1,0,1,0,1,30,72,999,0,0,2,2,1,8,1,1,80,0,7,0,0,17,12,2020,5,17,2,8,1,1,1,2,1,0
123030,1,1,73,1,1,11,3,8,0,0,2,0,1,0,1,10,69,999,0,0,1,2,1,8,1,11,15,0,2,99,39,17,12,2020,5,13,2,12,2,3,1,1,1,4
123031,1,1,62,1,1,11,20,20,1,0,1,0,1,0,1,60,71,999,0,0,2,2,1,2,1,1,13,1,3,99,58,25,12,2020,6,3,2,46,3,3,4,2,1,4
123033,1,1,61,1,1,11,20,3,1,0,1,0,1,0,1,45,72,999,0,0,3,2,1,8,1,15,12,0,7,99,6,22,12,2020,3,5,2,20,1,1,3,3,1,4
123034,1,1,34,1,1,11,3,20,0,0,1,0,2,0,1,65,72,999,0,0,3,6,1,8,2,1,80,0,13,0,0,12,12,2020,7,6,2,8,1,1,1,3,2,0
123035,1,1,22,1,1,11,20,8,1,0,1,0,2,0,1,55,72,999,0,3,1,2,1,2,1,1,14,1,13,99,39,13,12,2020,1,2,2,38,3,3,4,3,1,4
123036,1,1,38,1,1,11,20,1,9,0,1,0,1,0,1,45,69,999,0,4,2,3,1,8,1,14,13,0,60,99,6,26,12,2020,7,3,2,30,1,1,4,6,1,4
123037,1,1,28,1,1,11,20,20,0,0,1,0,1,0,1,100,69,999,0,4,3,4,1,8,1,1,13,0,80,99,36,20,12,2020,1,11,2,24,1,1,4,1,1,4
123038,1,1,33,1,1,11,3,1,0,0,2,0,2,0,1,80,999,999,0,0,6,1,1,8,1,14,13,0,60,0,0,20,12,2020,1,4,2,42,5,1,4,3,1,3
123040,1,1,50,1,1,11,3,20,0,0,1,0,1,0,1,998,72,999,0,0,2,2,1,8,1,1,13,0,60,99,0,9,12,2020,4,15,2,38,3,3,4,1,1,4
123041,1,1,34,1,1,11,20,8,0,0,1,0,4,0,1,45,71,999,3,0,1,2,1,8,1,1,10,0,7,99,28,21,12,2020,2,6,2,12,1,1,1,2,1,4
123042,1,1,23,2,1,11,3,20,0,0,1,0,2,0,1,40,65,999,0,0,2,2,1,8,1,6,80,0,13,0,0,31,12,2020,5,1,2,8,1,1,1,3,1,0
123043,1,1,24,1,1,11,3,2,0,0,1,0,1,0,1,5,69,999,0,0,4,2,1,8,1,11,15,0,13,0,48,31,12,2020,5,0,2,12,2,2,1,3,1,0
123045,1,1,26,1,1,11,3,20,0,0,1,0,3,0,1,35,69,999,0,0,1,2,1,8,1,11,15,0,95,0,38,27,12,2020,1,12,2,12,2,2,1,1,1,0
123047,1,1,21,1,1,11,20,20,0,0,1,0,1,0,1,40,72,999,0,3,2,4,1,8,1,1,17,0,69,0,6,27,9,2020,1,23,2,12,2,2,1,3,1,4
123048,1,1,40,1,1,11,20,20,9,0,1,0,1,0,1,35,68,999,0,0,2,5,1,8,1,1,17,0,12,99,39,10,12,2020,5,20,2,12,2,2,1,3,1,4
123050,1,1,48,1,1,11,3,20,0,0,1,0,3,0,1,50,67,999,0,0,2,3,1,8,1,1,80,0,7,0,0,28,12,2020,2,6,2,8,1,1,1,3,1,0
123051,1,1,38,1,1,11,20,2,0,0,1,0,2,0,1,40,66,999,0,0,2,4,1,8,1,11,15,0,3,0,0,28,12,2020,2,1,2,12,2,2,1,3,1,0
123052,1,1,41,1,1,11,20,20,9,0,1,0,1,0,1,100,63,999,0,3,3,2,1,8,1,15,51,0,80,99,6,23,12,2020,4,22,2,12,1,1,1,3,1,4
123053,1,1,46,2,1,11,3,8,0,0,1,0,1,0,1,40,64,999,0,0,2,3,1,8,1,1,12,0,13,99,0,31,10,2020,7,1,2,42,1,1,4,3,1,4
123054,1,1,51,1,1,11,3,8,0,0,3,0,1,0,1,998,71,999,0,0,2,2,1,8,1,1,53,0,13,0,30,27,12,2020,1,10,2,12,1,1,1,1,1,0
123055,1,1,27,2,1,11,20,8,9,0,1,0,2,0,1,55,63,999,0,0,2,4,1,8,1,1,66,1,13,0,36,29,12,2020,3,0,2,12,2,2,1,3,1,3
123056,1,1,30,1,1,11,3,20,0,0,1,0,1,0,1,30,69,999,1,0,1,5,1,8,1,1,80,0,7,0,38,12,12,2020,7,22,2,8,3,3,1,3,1,0
123057,1,1,22,1,1,11,20,2,0,0,1,0,2,0,1,20,66,999,3,0,2,2,1,8,1,11,15,0,13,0,38,11,12,2020,6,18,2,12,2,2,1,3,1,0
123058,1,1,79,1,1,11,20,2,0,0,1,0,1,0,1,5,73,999,0,0,1,2,1,8,1,1,17,0,2,0,38,31,12,2020,5,9,2,12,2,3,1,1,1,4
123059,2,1,24,1,1,11,3,20,9,0,1,0,2,0,1,45,70,999,0,0,2,2,1,8,2,1,50,0,60,99,0,31,12,2020,5,21,2,8,1,1,1,2,2,2
123060,1,1,20,1,1,11,3,20,0,0,1,0,1,0,1,55,75,999,0,0,2,4,1,8,1,1,80,0,7,0,0,12,12,2020,7,18,2,8,3,2,1,3,1,0
123061,1,1,64,1,1,11,3,8,0,0,1,0,1,0,1,25,67,999,0,0,2,3,1,8,1,11,15,0,7,0,0,16,11,2020,2,23,2,12,2,2,1,3,1,4
123062,1,1,61,1,1,11,3,20,0,0,1,0,1,0,1,35,73,999,1,0,2,2,1,8,1,14,80,0,5,0,0,19,12,2020,7,20,2,8,3,3,1,2,1,0
123063,1,1,17,1,1,11,20,20,0,0,3,0,2,0,1,70,999,999,0,0,3,3,1,8,1,14,51,0,60,0,6,29,11,2020,1,2,2,12,1,1,1,3,1,4
123067,1,1,26,1,1,11,20,20,0,0,1,0,1,0,1,25,72,999,0,0,6,1,1,2,1,14,12,1,81,99,0,19,12,2020,7,1,2,25,5,1,4,3,1,4
123071,1,1,999,9,1,11,20,20,0,0,99,1,9,99,1,1,999,999,99,0,2,3,1,8,1,1,80,0,999,96,0,29,12,2020,3,20,2,8,1,1,1,3,1,9
123072,1,1,17,1,1,11,20,20,0,0,1,0,2,0,1,45,69,999,0,0,2,2,1,8,1,1,66,0,94,99,0,22,12,2020,3,13,2,12,2,2,1,1,1,4
123073,1,1,18,1,1,11,3,20,0,0,2,0,2,0,1,10,69,999,0,0,1,2,1,8,1,11,15,0,13,0,38,23,12,2020,4,21,2,12,2,3,1,3,1,0
123074,1,1,63,1,1,11,20,8,9,0,1,0,1,0,1,70,69,999,0,0,3,2,1,2,1,1,13,1,13,0,0,21,12,2020,2,17,2,24,1,1,4,2,1,4
123075,1,1,88,2,1,11,20,8,9,0,1,0,1,0,1,45,66,999,0,0,1,2,1,8,1,1,52,0,13,99,6,21,12,2020,2,16,2,12,8,1,1,1,1,4
123077,1,1,21,1,1,11,20,8,0,0,1,0,1,0,1,65,67,999,0,3,2,4,5,8,1,1,98,0,13,0,0,12,12,2020,7,21,2,12,2,2,1,3,1,2
123078,1,1,43,2,1,11,3,20,0,0,2,0,4,0,1,45,71,999,0,0,2,2,1,8,1,1,83,0,60,0,0,22,12,2020,3,18,2,9,1,1,1,2,1,0
123079,1,1,85,1,1,11,20,20,0,0,1,0,1,0,1,45,66,999,0,0,1,2,1,8,1,11,15,0,7,0,38,20,12,2020,1,13,2,12,2,2,1,1,1,4
123080,1,1,82,2,1,11,3,1,0,0,2,0,2,0,1,45,61,999,0,0,2,2,1,8,1,1,13,0,7,93,0,17,12,2020,5,11,2,14,1,1,4,1,1,2
123081,1,1,48,1,1,11,3,20,0,0,1,0,3,6,1,45,72,999,0,0,2,4,1,8,1,1,11,0,66,0,6,9,12,2020,4,13,2,12,3,3,1,1,1,0
123082,1,1,54,1,1,11,3,20,0,0,1,0,2,0,1,40,71,218,1,0,2,4,1,8,1,1,80,0,8,0,0,29,12,2020,3,22,2,8,1,1,1,2,1,0
123083,1,1,32,1,1,11,20,20,1,0,1,0,2,0,1,55,67,999,0,0,2,2,1,8,1,1,13,1,7,99,0,22,12,2020,3,16,2,18,1,1,4,1,1,4
123084,1,1,47,1,1,11,20,8,1,0,1,0,3,0,1,70,69,999,0,0,2,4,1,8,1,1,13,1,3,0,6,27,12,2020,1,17,2,46,3,2,4,5,1,4
123087,1,1,35,1,1,11,3,8,0,0,1,0,1,0,1,10,74,999,0,0,1,2,1,8,1,1,17,0,13,0,38,24,12,2020,5,19,2,12,2,3,1,2,10,4
123088,1,1,43,1,1,11,20,20,1,0,1,0,1,0,1,40,69,999,0,0,5,3,1,8,1,14,13,1,13,99,0,25,12,2020,6,2,2,33,1,1,4,3,1,4
123091,1,1,24,1,1,11,3,8,1,0,1,0,1,0,1,50,69,999,0,0,1,2,1,2,2,14,13,1,13,0,0,25,12,2020,6,1,2,30,1,1,4,2,2,4
123092,1,1,24,2,1,11,20,1,1,0,1,0,2,0,1,35,64,999,0,0,1,2,1,8,2,1,10,1,7,0,51,24,12,2020,5,20,2,12,1,1,1,2,2,3
123093,1,1,998,8,1,11,20,20,0,0,99,1,9,99,1,55,999,999,99,9,2,4,1,8,1,1,80,0,999,96,0,30,12,2020,4,19,2,8,1,1,1,2,1,9
123094,1,1,66,1,1,11,3,1,1,0,1,0,3,1,1,10,71,999,1,0,2,3,1,8,1,11,15,0,63,0,38,18,12,2020,6,11,2,12,2,2,1,1,1,0
123095,1,1,73,1,1,11,20,20,0,0,1,0,1,0,1,12,69,999,0,0,2,4,1,8,2,10,98,0,12,0,0,21,12,2020,2,7,2,5,8,1,1,1,10,4
123096,1,1,30,1,1,11,3,1,0,0,1,0,1,0,1,55,63,999,1,0,2,5,1,8,1,1,17,0,7,0,39,29,12,2020,3,11,2,12,2,3,1,1,1,3
123097,1,1,30,2,1,11,3,20,0,0,2,0,2,0,1,55,63,999,0,0,2,2,1,8,1,1,80,0,9,0,0,30,12,2020,4,22,2,8,1,1,1,2,1,0
123098,1,1,51,1,1,11,3,20,0,0,2,0,1,0,1,50,72,999,0,0,2,2,1,8,1,1,80,0,13,0,0,5,12,2020,7,16,2,8,1,1,1,1,1,0
123099,1,1,21,2,1,11,3,20,0,0,1,0,1,0,1,50,63,999,1,0,2,2,1,8,2,1,80,0,7,99,0,7,12,2020,2,5,2,8,1,1,1,3,2,0
123101,1,1,36,1,1,11,3,20,1,0,1,0,1,0,1,80,72,170,0,0,2,4,1,8,1,1,83,1,13,0,36,23,12,2020,4,19,2,9,3,2,1,3,1,0
123104,1,1,27,1,1,11,3,8,0,0,1,0,3,0,1,998,79,999,0,0,3,2,1,8,1,1,13,0,60,99,6,30,12,2020,4,20,2,33,1,1,4,3,1,4
123105,1,1,52,1,1,11,20,1,1,0,1,0,1,0,1,55,67,999,0,4,2,1,1,8,2,14,6,1,60,99,6,24,12,2020,5,17,2,42,1,1,3,1,2,4
123106,1,1,43,1,1,11,3,20,9,0,1,0,1,0,1,35,72,999,0,0,2,2,1,8,1,1,80,0,60,0,0,30,12,2020,4,18,2,8,1,1,1,2,1,0
123107,1,1,26,2,1,11,3,8,0,0,1,0,1,0,1,45,64,999,0,0,2,2,1,8,1,14,13,1,13,93,0,28,12,2020,2,2,2,31,1,1,4,3,1,4
123108,1,1,33,1,1,11,3,20,1,0,1,0,2,0,1,45,74,999,1,0,1,3,1,8,1,1,13,0,60,0,0,17,12,2020,5,6,2,14,3,3,6,2,5,0
123109,1,1,60,2,1,11,3,8,0,0,1,0,1,0,1,0,64,999,0,0,3,3,5,8,1,5,53,0,13,99,0,13,12,2020,1,5,2,12,1,1,1,3,1,4
123110,1,1,65,2,1,11,3,20,1,0,1,0,1,0,1,60,66,999,0,0,2,2,1,8,1,1,13,0,13,93,6,29,12,2020,3,15,2,8,1,1,2,1,1,1
123111,1,1,22,1,1,11,3,1,9,0,2,0,1,0,1,85,69,999,0,4,1,2,1,8,1,14,6,0,13,0,36,13,9,2020,1,2,2,34,1,1,4,3,1,4
123112,1,1,37,1,1,11,20,1,1,0,2,0,1,0,1,60,66,999,0,0,1,2,1,8,1,1,10,1,60,99,28,22,12,2020,3,16,2,12,1,1,1,1,1,3
123113,1,1,20,1,1,11,3,20,0,0,1,0,1,0,1,10,72,999,0,0,2,4,1,8,1,12,98,0,13,0,6,11,12,2020,6,17,2,12,1,1,1,5,10,1
123114,1,1,19,1,1,11,3,2,0,0,5,0,2,0,1,45,999,999,0,0,1,2,1,8,1,6,10,1,7,0,6,14,11,2020,7,19,2,12,1,1,1,3,1,2
123115,1,1,54,1,1,11,20,20,0,0,1,0,1,0,1,50,71,999,0,0,5,5,1,8,2,1,80,0,60,0,0,16,12,2020,4,21,2,8,1,1,1,2,10,0
123117,1,1,65,1,1,11,3,20,0,0,1,0,1,0,1,55,74,999,0,0,2,2,1,8,1,1,80,0,60,0,0,30,12,2020,4,23,2,8,1,1,1,2,1,0
123118,1,1,29,2,1,11,3,1,0,0,1,0,2,0,1,30,64,999,0,0,2,4,1,8,1,11,15,0,7,0,0,28,12,2020,2,17,2,12,2,2,1,5,1,2
123119,1,1,30,2,1,11,3,8,0,0,1,0,1,0,1,998,65,999,1,0,1,2,1,2,1,11,15,0,13,0,51,18,6,2020,5,23,2,1,2,3,1,3,1,0
123120,1,1,38,1,1,11,3,20,0,0,1,0,1,0,1,45,68,999,0,0,2,4,1,8,1,1,80,0,7,0,0,23,12,2020,4,19,2,8,1,1,1,2,1,0
123121,1,1,29,1,1,11,3,20,0,0,1,0,2,0,1,45,72,999,0,0,2,2,1,8,1,1,83,0,7,0,0,31,12,2020,5,18,2,9,1,1,1,2,1,0
123122,1,1,22,1,1,11,3,20,0,0,1,0,1,0,1,40,78,999,0,0,2,5,1,8,1,1,80,0,13,0,0,7,12,2020,2,18,2,8,1,1,1,3,1,0
123124,1,1,27,2,1,11,3,20,0,0,2,0,1,0,1,50,62,999,0,0,2,4,1,8,1,1,80,0,2,0,0,29,12,2020,3,6,2,8,3,2,1,3,1,0
123126,1,1,24,1,1,11,20,20,0,0,1,0,1,0,1,100,70,999,2,0,2,3,1,8,1,6,62,1,80,0,0,31,12,2020,5,19,2,12,2,3,1,5,1,4
123128,1,1,18,1,1,11,20,1,0,0,99,1,2,0,1,30,999,999,0,0,1,2,1,8,1,1,13,0,60,10,6,7,5,2020,5,12,2,8,3,3,2,1,1,2
123129,1,1,56,2,1,11,3,20,0,0,1,0,1,0,1,998,72,999,0,0,2,2,1,8,1,1,80,0,8,0,0,14,12,2020,2,20,2,8,1,1,1,3,1,0
123130,1,1,46,1,1,11,3,20,0,0,1,0,1,0,1,45,74,999,1,0,2,4,1,8,1,1,80,0,13,0,0,15,12,2020,3,19,2,8,2,2,1,3,1,0
123131,1,1,40,1,1,11,3,20,0,0,1,0,1,0,1,55,72,999,0,0,2,2,1,8,1,1,80,0,13,0,0,30,12,2020,4,23,2,8,3,3,1,3,1,0
123133,1,1,41,1,1,11,3,20,0,0,1,0,1,1,1,45,72,999,0,0,1,2,1,8,1,1,80,0,60,0,0,31,12,2020,5,2,2,8,1,1,1,2,10,0
123134,1,1,998,8,1,11,20,20,0,0,99,1,9,99,1,999,999,999,99,0,5,5,1,8,1,99,85,0,999,99,0,30,11,2020,2,19,2,9,1,1,1,2,10,9
123135,1,1,26,2,1,11,3,20,0,0,1,0,2,0,1,35,60,999,0,0,2,5,1,8,1,1,83,0,13,0,0,31,12,2020,5,20,2,9,2,2,1,2,1,0
123136,1,1,20,1,1,11,3,1,0,0,1,0,2,0,1,55,999,999,0,0,2,3,1,8,1,1,54,0,95,99,51,31,12,2020,5,12,2,12,1,1,1,1,10,3
123137,1,1,27,1,1,11,3,8,9,0,3,0,1,0,1,50,71,999,1,0,1,2,1,8,1,14,10,1,13,0,28,29,11,2020,1,1,2,12,1,1,1,2,1,3
123139,1,1,34,1,1,11,20,8,0,0,1,0,1,0,1,60,71,999,1,0,1,2,1,8,1,1,10,0,60,0,51,30,12,2020,4,4,2,12,1,1,1,2,1,4
123140,1,1,34,2,1,11,20,1,1,0,1,0,1,0,1,65,63,999,1,0,3,4,1,8,1,15,10,1,13,0,6,31,12,2020,5,4,2,12,18,1,1,3,1,4
123141,1,1,43,1,1,11,3,20,1,0,2,0,1,0,1,50,69,999,0,0,2,2,1,8,1,1,80,0,13,0,0,19,12,2020,7,23,2,8,1,1,1,2,1,0
123143,1,1,999,9,1,11,99,99,8,0,99,1,9,99,1,999,999,999,99,0,2,4,1,8,1,99,80,0,999,99,0,13,12,2020,1,2,2,8,1,1,1,3,1,9
123144,1,1,45,1,1,11,3,8,0,0,99,1,2,0,1,15,71,999,0,0,1,2,1,8,1,1,17,1,7,0,36,30,12,2020,4,19,2,12,2,3,1,2,1,0
123145,1,1,37,1,1,11,20,8,0,0,1,0,2,0,1,45,68,999,0,0,2,4,1,8,1,1,17,0,13,93,39,19,12,2020,7,12,2,12,2,3,1,1,10,4
123147,1,1,59,1,1,11,3,1,0,0,1,0,1,0,1,50,69,999,0,0,2,4,1,8,1,1,50,0,60,93,6,4,12,2020,6,7,2,12,3,3,1,4,10,1
123149,1,1,27,2,1,11,3,20,0,0,1,0,2,0,1,30,62,999,0,0,2,4,1,8,1,2,83,0,13,0,0,22,12,2020,3,7,2,9,1,1,1,4,1,0
123150,1,1,41,1,1,11,20,1,0,0,1,0,1,0,1,50,999,999,0,0,2,3,1,8,1,1,12,1,60,0,0,30,12,2020,4,20,2,42,1,1,3,2,1,4
123151,1,1,77,1,1,11,3,8,0,0,1,0,2,0,1,45,68,999,0,0,3,4,1,8,1,1,12,0,7,93,6,25,12,2020,6,18,2,24,3,2,3,5,1,4
123152,1,1,60,1,1,11,3,1,0,0,1,0,2,0,1,25,66,999,0,0,2,3,1,8,1,1,50,0,7,0,6,30,12,2020,4,6,2,12,3,3,1,3,10,4
123154,1,1,76,1,1,11,3,20,0,0,1,0,1,0,1,30,70,999,0,0,5,5,1,8,1,1,80,0,7,0,0,2,12,2020,4,19,2,8,1,1,1,3,1,0
123156,1,1,35,1,1,11,20,8,0,0,1,0,1,0,1,53,69,999,0,0,2,2,6,8,1,1,54,1,60,99,51,12,12,2020,7,21,2,12,1,1,1,3,1,4
123160,1,1,29,1,1,11,8,20,9,0,99,1,1,0,1,45,999,999,0,0,5,5,1,8,1,1,80,0,60,0,0,13,5,2020,4,5,2,8,1,1,1,6,1,0
123161,1,1,38,1,1,11,3,20,0,0,1,0,1,0,1,15,74,999,0,0,2,2,1,8,1,11,15,0,13,93,6,13,5,2020,4,12,2,8,2,2,1,1,1,0
123172,1,1,52,1,1,11,3,20,0,0,1,0,1,0,1,35,69,999,0,0,1,2,1,8,1,1,80,0,13,0,0,8,12,2020,3,5,2,8,1,1,1,2,1,0
123173,1,1,86,2,1,11,3,8,0,0,1,0,1,0,1,30,58,999,0,0,1,2,1,8,1,11,15,0,7,0,6,8,12,2020,3,14,2,12,2,2,1,1,1,4
123177,1,1,20,1,1,11,3,20,0,0,1,0,2,1,1,20,69,999,0,0,2,4,1,8,1,11,15,0,11,0,38,13,12,2020,1,13,2,12,2,2,1,1,1,0
123180,1,1,45,2,1,11,3,20,0,0,2,0,1,0,1,30,63,999,0,0,1,2,1,8,1,1,17,0,13,0,38,8,12,2020,3,9,2,12,2,2,1,1,1,0
123182,1,1,65,2,1,11,3,20,0,0,1,0,1,0,1,25,64,999,0,0,2,2,1,8,2,1,80,0,13,0,0,24,12,2020,5,18,2,8,1,1,1,3,1,0
123183,1,1,56,2,1,11,3,2,0,0,1,0,1,0,1,1,70,999,0,0,4,3,1,8,1,99,99,0,7,15,6,5,12,2020,7,18,2,12,1,1,1,3,1,1
123186,1,1,20,1,1,11,3,8,0,0,1,0,2,0,1,998,70,999,0,0,2,2,1,8,1,14,13,0,7,0,6,20,7,2020,2,2,2,30,1,1,4,3,1,4
123188,1,1,27,1,1,11,20,20,1,0,1,0,3,0,1,80,75,999,1,3,5,5,1,8,1,15,17,0,80,0,6,17,12,2020,5,8,2,12,8,1,1,1,10,4
123189,1,1,47,1,1,11,20,8,1,0,1,0,2,0,1,60,67,999,0,0,6,2,1,8,1,1,54,0,13,12,51,29,12,2020,3,19,2,12,20,1,1,3,1,4
123190,1,1,65,1,1,11,3,20,0,0,1,0,3,0,1,50,70,999,0,0,2,2,1,8,1,1,83,1,5,0,0,20,12,2020,1,12,2,9,3,3,1,1,10,0
123191,1,1,42,1,1,11,20,1,1,0,1,0,2,0,1,65,73,999,0,0,3,3,1,8,1,1,50,1,7,0,6,17,12,2020,5,18,2,12,18,1,1,5,1,3
123192,1,1,44,2,1,11,3,8,0,0,3,0,1,0,1,35,62,999,0,0,1,2,1,8,1,11,15,0,13,0,0,26,6,2020,6,22,2,12,2,2,1,3,1,0
123193,1,1,24,1,1,11,3,8,0,0,3,0,1,0,1,10,68,999,0,0,1,2,1,8,1,1,17,0,13,93,38,15,12,2020,3,16,2,12,2,3,1,1,1,1
123194,1,1,68,2,1,11,3,20,0,0,1,0,2,0,1,40,66,999,0,0,2,3,1,8,1,1,80,0,8,0,0,23,12,2020,4,18,2,8,3,3,1,2,1,0
123195,1,1,18,1,1,11,3,1,0,0,2,0,1,0,1,45,68,999,1,0,2,3,1,2,1,1,67,0,7,99,39,1,8,2020,7,19,2,12,2,3,1,1,1,1
123196,1,1,80,1,1,11,3,8,0,0,2,0,2,0,1,5,71,999,0,0,2,2,1,8,1,1,17,0,2,0,0,16,8,2020,1,19,2,12,2,2,1,1,1,3
123197,1,1,22,2,1,11,20,8,0,0,1,0,2,0,1,998,70,999,0,0,1,2,1,8,2,1,10,0,7,0,28,1,11,2020,1,17,2,12,3,2,1,2,2,3
123199,1,1,18,1,1,11,20,20,9,0,1,0,9,0,1,998,69,999,0,0,2,2,1,8,1,1,13,0,125,99,0,28,12,2020,2,2,2,1,1,1,4,3,1,4
123200,1,1,23,1,1,11,3,20,0,0,1,0,1,0,1,90,67,999,0,0,3,3,6,8,1,15,11,0,13,0,34,15,11,2020,1,0,2,12,18,1,1,3,10,0
123206,1,1,27,2,1,11,3,20,0,0,2,0,1,0,1,45,63,999,0,0,2,4,1,8,1,1,83,0,5,0,0,31,12,2020,5,20,2,9,1,1,1,3,1,0
123208,1,1,998,9,1,11,8,20,9,0,1,1,9,0,1,998,999,999,99,0,2,3,5,8,1,15,80,0,13,99,0,25,12,2020,6,21,2,8,3,3,1,3,1,0
123209,1,1,59,1,1,11,3,1,0,0,1,0,1,0,1,45,72,999,0,0,2,2,1,8,1,1,12,0,95,0,0,30,12,2020,4,15,2,12,3,2,1,1,1,4
123211,1,1,42,1,1,11,3,2,0,0,1,0,2,0,1,15,75,999,0,0,2,4,1,8,1,11,15,0,13,0,48,30,11,2020,2,12,2,12,2,2,1,1,1,0
123212,1,1,20,1,1,11,20,2,0,0,1,0,1,0,1,35,69,999,0,0,2,2,1,8,1,11,15,0,3,0,38,17,12,2020,5,20,2,12,2,3,1,3,1,2
123213,1,1,30,1,1,11,3,20,0,0,2,0,1,0,1,45,68,999,0,0,2,2,1,8,1,1,83,0,95,0,0,20,12,2020,1,17,2,9,1,1,1,3,1,0
123214,1,1,33,1,1,11,20,20,0,0,1,0,1,0,1,50,72,999,0,3,1,2,6,8,1,1,62,0,85,0,0,28,12,2020,2,16,2,1,2,3,1,1,1,4
123215,1,1,32,1,1,11,99,1,1,0,1,0,4,0,1,998,71,999,0,0,1,2,1,8,1,14,12,1,13,99,0,13,8,2020,5,3,2,42,1,1,4,2,1,4
123216,1,1,32,1,1,11,20,20,1,0,1,0,2,0,1,60,68,999,0,0,3,4,1,8,1,1,13,0,80,99,6,6,12,2020,1,1,2,8,1,1,4,3,1,4
123217,1,1,57,1,1,11,3,3,0,0,2,0,1,0,1,5,78,999,0,0,1,2,1,8,1,13,20,0,13,0,38,7,5,2020,5,0,2,12,2,3,1,2,1,0
123220,1,1,21,2,1,11,3,20,0,0,1,0,2,0,1,40,68,999,0,0,2,3,1,8,1,1,80,0,60,0,0,16,10,2020,6,21,2,8,3,2,1,2,1,0
123221,1,1,56,1,1,11,20,1,0,0,1,0,1,0,1,60,68,999,0,0,1,2,1,8,1,1,14,0,7,99,39,19,12,2020,7,12,2,43,3,3,4,1,1,4
123222,1,1,17,1,1,11,3,20,0,0,4,0,2,1,1,10,75,999,0,0,2,3,1,8,1,11,83,0,60,99,6,20,10,2020,3,11,2,15,3,2,1,1,1,0
123225,1,1,25,2,1,11,3,1,0,0,1,0,2,0,1,30,70,999,0,0,1,2,1,8,1,1,17,0,2,99,38,27,6,2020,7,7,2,12,2,2,1,1,1,2
123228,1,1,33,1,1,11,3,20,0,0,1,0,1,0,1,40,71,999,2,0,2,2,1,2,1,1,80,0,3,0,0,17,2,2020,2,0,2,8,3,2,1,3,1,0
123230,1,1,50,1,1,11,3,8,0,0,1,0,1,0,1,25,67,165,0,0,6,2,1,8,1,11,15,1,13,93,38,30,5,2020,7,22,2,12,2,3,1,2,1,4
123236,1,1,31,2,1,11,20,8,0,0,2,0,1,0,1,10,68,999,0,0,2,4,1,8,1,1,17,0,13,93,39,9,9,2020,4,19,2,12,2,2,1,3,1,3
123243,1,1,24,1,1,11,20,20,0,0,1,0,0,0,1,100,66,999,3,0,1,2,1,8,2,14,10,1,80,0,36,18,6,2020,5,12,2,12,1,1,1,1,2,4
123244,1,1,32,1,1,11,99,1,9,0,1,0,2,0,1,51,999,999,0,3,2,4,1,8,1,1,13,0,60,99,0,23,11,2020,2,23,2,33,1,1,4,3,1,4
123245,1,1,49,2,1,11,3,8,0,0,2,0,1,0,1,45,64,999,0,0,1,2,1,8,1,1,80,0,3,0,0,4,9,2020,6,21,2,8,1,1,1,3,1,0
123246,1,1,24,1,1,11,20,20,9,0,1,0,1,0,1,70,66,999,0,0,1,5,1,8,1,6,54,0,80,99,6,4,9,2020,6,13,2,12,1,1,1,1,1,4
123250,1,1,21,1,1,11,3,8,0,0,1,0,2,0,1,65,73,999,0,0,1,5,1,8,1,1,54,0,7,0,6,27,12,2020,1,16,2,12,2,2,1,1,1,3
123255,1,1,86,1,1,11,20,20,0,0,1,0,1,0,1,25,72,999,0,0,1,2,1,8,1,1,98,0,124,0,0,11,12,2020,6,8,2,1,3,3,1,1,1,4