ST_CASE,VEH_NO,PER_NO,AGE,SEX,PER_TYP,SEAT_POS,REST_USE,AIR_BAG,DRUGS,LOCATION,NUMOCCS,HIT_RUN,OWNER,V_CONFIG,HAZ_INV,TRAV_SP,DR_HGT,DR_WGT,PREV_SPD,SPEEDREL,VTRAFWAY,VNUM_LAN,VPROFILE,VPAVETYP,VSURCOND,P_CRASH1,P_CRASH2,DR_DRINK,VPICBODYCLASS,DRDISTRACT,DRIVERRF,DAY,MONTH,YEAR,DAY_WEEK,HOUR,RUR_URB,HARM_EV,RELJCT2,TYP_INT,REL_ROAD,LGT_COND,WEATHER,INJ_SEV
123257,1,1,19,2,1,11,3,8,0,0,1,0,2,0,1,998,63,999,0,0,2,2,1,8,1,1,67,0,7,99,39,18,12,2020,6,16,2,12,2,3,1,1,1,0
123276,1,1,36,2,1,11,3,20,0,0,2,0,2,0,1,998,63,999,0,0,1,2,1,8,1,99,98,0,7,0,0,18,5,2020,2,1,2,5,1,1,1,6,10,0
123279,1,1,44,2,1,11,20,8,0,0,3,0,1,0,1,65,60,999,0,0,2,4,1,8,1,98,12,0,13,99,6,15,11,2020,1,19,2,26,3,2,3,3,1,4
123281,1,1,999,9,1,11,99,99,8,0,99,1,9,99,1,999,999,999,99,0,1,2,1,8,1,99,99,0,999,99,0,11,12,2020,6,0,2,1,3,3,1,3,1,0
123283,1,1,73,1,1,11,3,20,0,0,2,0,1,0,1,45,72,999,0,0,2,3,6,8,1,1,80,0,60,0,0,22,12,2020,3,19,2,8,3,2,1,3,1,1
123286,1,1,26,1,1,11,3,20,1,0,1,0,1,0,1,75,71,999,0,0,3,3,1,8,1,14,12,0,13,99,6,3,11,2020,3,12,2,14,1,1,3,1,1,4
123302,1,1,35,1,1,11,20,20,9,0,1,0,1,0,1,70,73,999,0,0,3,3,1,8,1,1,62,1,98,0,6,17,8,2020,2,23,2,12,2,2,1,3,1,4
130001,1,1,72,2,1,11,3,20,0,0,1,0,1,0,1,998,999,999,0,0,2,4,2,1,1,14,13,0,13,96,0,1,1,2020,4,13,2,24,1,1,4,1,1,4
130002,1,1,43,1,1,11,3,20,0,0,1,0,1,0,1,998,999,999,99,0,5,5,1,2,1,1,80,0,60,12,0,1,1,2020,4,15,2,8,1,1,1,1,1,0
130003,1,1,24,1,1,11,3,20,0,0,1,0,3,0,1,998,999,999,0,0,2,2,1,2,1,1,80,0,13,0,16,1,1,2020,4,1,2,8,1,1,1,2,1,0
130004,1,1,55,1,1,11,20,9,0,0,1,0,1,0,1,998,999,999,3,0,2,2,1,2,1,1,17,0,13,96,0,2,1,2020,5,5,2,12,2,2,1,2,10,4
130005,1,1,64,1,1,11,3,20,1,0,1,0,1,0,1,998,999,999,0,0,2,2,1,2,2,10,66,1,13,0,0,2,1,2020,5,7,2,12,3,3,1,3,2,4
130006,1,1,84,1,1,11,3,1,1,0,1,0,1,0,1,998,999,999,0,0,1,3,1,2,1,1,19,1,60,0,0,2,1,2020,5,9,2,12,2,2,1,1,98,4
130007,1,1,33,1,1,11,1,20,0,0,2,0,2,0,1,998,999,999,0,0,4,2,1,2,1,1,80,0,13,0,0,2,1,2020,5,19,2,8,1,1,1,2,1,0
130008,1,1,18,1,1,11,3,20,0,0,1,0,1,0,1,998,999,999,0,0,1,2,1,2,1,1,80,0,60,99,86,2,1,2020,5,18,2,8,1,1,1,5,1,0
130010,1,1,57,1,1,11,3,1,0,0,1,0,1,0,1,998,999,999,0,3,1,3,1,2,2,14,10,0,60,0,6,3,1,2020,6,16,2,12,1,1,1,1,2,1
130011,1,1,77,1,1,11,3,20,1,0,1,0,1,0,1,998,999,999,0,0,3,5,1,1,2,14,13,0,7,0,0,3,1,2020,6,0,2,24,1,1,4,2,10,4
130012,1,1,50,1,1,11,20,8,0,0,1,0,1,0,1,998,999,999,0,9,1,2,1,2,2,1,13,1,13,0,6,3,1,2020,6,16,2,34,1,1,4,1,10,4
130013,1,1,55,1,1,11,3,20,0,0,1,0,1,0,1,998,999,999,0,0,1,7,1,2,2,1,80,0,5,0,0,3,1,2020,6,18,2,8,3,2,1,3,2,0
130015,1,1,81,1,1,11,3,20,1,0,2,0,1,0,1,998,999,999,1,0,1,2,1,2,2,1,17,1,13,0,0,4,1,2020,7,10,2,12,2,3,1,1,10,4
130016,1,1,72,1,1,11,99,20,8,0,1,1,2,0,1,998,999,999,0,0,1,5,1,2,2,1,99,0,7,99,999,4,1,2020,7,6,2,8,3,3,1,3,1,0
130018,1,1,23,1,1,11,3,9,0,0,3,0,2,0,1,998,999,999,3,0,1,2,1,2,1,1,10,0,2,19,51,5,1,2020,1,7,2,12,1,1,1,1,1,0
130019,1,1,39,2,1,11,3,1,1,0,4,0,1,0,1,998,999,999,1,0,3,4,1,2,1,11,15,1,7,0,0,5,1,2020,1,18,2,12,2,2,1,5,10,0
130020,1,1,27,1,1,11,20,9,0,0,1,0,1,0,1,998,999,999,0,3,1,2,2,2,1,14,10,0,3,96,36,6,1,2020,2,23,2,12,1,1,1,2,1,4
130021,1,1,27,1,1,11,98,20,0,0,1,1,2,0,1,998,999,999,0,0,1,2,1,1,1,1,13,0,13,19,28,6,1,2020,2,10,2,8,1,1,2,1,1,0
130022,1,1,27,1,1,11,20,8,1,0,2,0,2,0,1,124,69,143,0,3,3,2,1,2,2,3,13,1,13,0,6,7,1,2020,3,4,2,1,1,1,4,2,10,4
130026,1,1,30,1,1,11,20,1,0,0,1,0,1,0,1,998,999,999,1,4,3,4,1,1,2,6,13,1,13,0,0,10,1,2020,6,23,2,18,1,1,4,2,2,4
130027,1,1,54,2,1,11,3,20,0,0,1,0,1,0,1,998,999,999,0,0,2,3,2,2,1,1,18,0,3,0,0,10,1,2020,6,19,2,8,1,1,1,2,10,2
130028,1,1,61,1,1,11,3,20,0,0,1,0,1,0,1,998,999,999,1,0,5,5,1,2,1,1,80,0,13,0,0,10,1,2020,6,18,2,8,1,1,1,3,1,0
130032,1,1,53,1,1,11,3,1,0,0,1,0,2,0,1,998,999,999,0,0,3,3,1,2,1,15,10,0,3,98,0,10,1,2020,6,8,2,42,1,1,3,1,10,4
130034,1,1,17,2,1,11,3,9,1,0,1,0,2,0,1,998,999,999,0,3,1,2,2,2,1,14,10,1,3,0,0,12,1,2020,1,19,2,12,3,3,1,2,10,4
130037,1,1,70,1,1,11,3,20,0,0,1,0,2,0,1,998,999,999,0,0,2,4,1,2,2,1,19,0,60,0,0,13,1,2020,2,22,2,8,1,1,1,2,5,0
130039,1,1,44,2,1,11,2,20,0,0,99,1,4,0,1,998,999,999,0,0,2,4,1,2,2,99,99,0,13,99,0,14,1,2020,3,19,2,8,1,1,1,2,2,0
130040,1,1,26,1,1,11,20,1,0,0,1,0,2,0,1,998,999,999,3,4,1,2,1,2,2,1,10,1,60,0,0,14,1,2020,3,18,2,42,1,1,4,2,2,4
130042,1,1,999,9,1,11,3,9,0,0,99,1,4,0,1,998,999,999,1,9,1,2,1,1,2,99,99,0,13,99,999,15,1,2020,4,2,2,8,1,1,1,2,10,0
130044,1,1,46,1,1,11,3,9,0,0,1,0,1,0,1,998,999,999,2,0,1,2,2,2,1,1,9,0,60,0,0,16,1,2020,5,15,2,12,3,3,1,1,1,0
130045,1,1,62,1,1,11,99,1,0,0,1,0,9,99,1,998,999,999,0,0,2,4,1,2,1,1,66,0,999,0,0,16,1,2020,5,22,2,12,8,1,1,2,1,4
130046,1,1,54,1,1,11,3,20,0,0,1,0,1,0,1,998,999,999,0,0,1,4,1,2,2,1,80,0,13,0,0,16,1,2020,5,2,2,8,1,1,1,2,2,0
130048,1,1,88,1,1,11,3,1,0,0,1,0,1,0,1,998,999,999,0,0,1,2,3,2,2,11,3,0,13,96,0,16,2,2020,1,17,2,17,1,1,4,1,1,4
130049,1,1,46,1,1,11,20,1,1,0,2,0,1,0,1,998,999,999,99,9,1,2,1,2,1,99,13,1,60,0,0,1,2,2020,7,18,2,32,1,1,4,5,1,4
130053,1,1,19,1,1,11,3,1,0,0,1,0,2,0,1,998,999,999,0,4,1,2,1,2,2,1,10,0,1,0,0,16,1,2020,5,22,2,53,1,1,4,2,2,4
130054,1,1,72,1,1,11,20,1,0,0,1,0,1,0,1,998,999,999,0,0,3,6,1,2,1,1,18,0,13,96,0,28,1,2020,3,20,2,12,1,1,1,2,1,4
130056,1,1,36,1,1,11,3,1,0,0,1,0,1,0,1,998,73,999,0,9,3,4,1,1,1,6,10,0,13,96,27,18,1,2020,7,14,2,24,1,1,3,1,1,4
130058,1,1,21,1,1,11,20,1,0,0,1,0,1,0,1,998,999,999,0,4,3,6,1,2,1,1,19,0,13,0,36,18,1,2020,7,4,2,12,1,1,1,3,1,4
130059,1,1,34,1,1,11,20,1,1,0,1,0,1,0,1,998,999,999,0,3,1,2,1,2,1,1,10,1,3,0,37,19,1,2020,1,17,2,34,1,1,4,1,1,4
130060,1,1,70,2,1,11,3,20,8,0,1,0,1,0,1,998,999,999,0,0,1,3,1,2,1,10,17,0,7,96,38,16,1,2020,5,18,2,12,4,1,1,1,1,4
130061,1,1,73,1,1,11,3,1,0,0,2,0,1,0,1,998,999,999,1,0,2,4,1,2,1,1,10,0,7,0,0,21,1,2020,3,15,2,24,1,1,4,1,1,2
130062,1,1,73,1,1,11,20,8,0,0,1,0,1,0,1,998,999,999,0,0,1,5,1,2,1,11,21,0,13,0,28,22,1,2020,4,17,2,12,2,3,1,1,1,4
130063,1,1,49,1,1,11,3,8,1,0,1,0,1,0,1,998,999,999,0,0,1,5,1,2,2,1,66,1,60,96,87,18,1,2020,7,18,2,12,2,3,1,5,2,2
130064,1,1,998,9,9,99,99,99,9,0,99,1,9,99,1,998,998,997,998,8,2,4,1,2,1,0,99,0,999,16,0,19,1,2020,1,0,2,8,3,2,1,2,1,9
130065,1,1,50,1,1,11,99,20,0,0,1,0,3,6,1,998,999,999,99,0,3,6,1,2,2,1,19,0,66,0,0,24,1,2020,6,1,2,25,1,1,4,2,2,4
130068,1,1,21,2,1,11,3,9,1,0,1,0,1,0,1,998,999,999,0,0,2,2,1,2,2,11,15,1,13,0,38,24,1,2020,6,16,2,12,2,3,1,1,2,2
130071,1,1,26,1,1,11,20,9,0,0,2,0,2,0,1,998,999,999,99,4,2,3,1,2,1,1,13,0,119,0,37,25,1,2020,7,20,2,33,1,1,4,2,1,0
130074,1,1,21,1,1,11,3,20,0,0,1,0,1,0,1,998,999,999,2,0,1,2,1,2,1,1,80,0,60,0,0,26,1,2020,1,21,2,8,1,1,1,2,1,0
130075,1,1,27,2,1,11,2,8,1,0,1,0,2,0,1,998,67,999,0,0,3,3,1,1,1,1,51,0,7,96,26,22,1,2020,4,6,2,12,1,1,1,2,1,4
130077,1,1,28,2,1,11,20,20,0,0,4,0,1,0,1,998,999,999,0,0,1,2,1,2,2,1,80,0,13,0,0,27,1,2020,2,7,2,8,1,1,1,4,2,0
130078,1,1,56,2,1,11,3,1,1,0,1,0,1,0,1,998,999,999,0,0,1,5,2,2,1,11,15,1,3,96,38,28,1,2020,3,6,2,12,2,2,1,3,1,2
130079,1,1,31,1,1,11,3,1,0,0,1,0,1,0,1,998,999,999,2,0,1,5,1,2,1,11,15,0,5,96,0,28,1,2020,3,6,2,12,2,2,1,4,1,0
130081,1,1,998,1,1,11,3,20,0,0,1,0,1,0,1,998,999,999,0,0,2,2,1,2,1,11,15,0,13,0,0,25,1,2020,7,9,2,8,3,2,1,1,1,0
130082,1,1,30,1,1,11,20,1,1,0,1,0,1,0,1,998,999,999,2,0,1,2,1,2,1,14,10,0,7,0,36,23,1,2020,5,14,2,12,1,1,1,1,1,2
130085,1,1,34,1,1,11,20,20,0,0,2,0,1,0,1,998,999,999,0,0,2,2,1,2,2,1,17,0,60,96,38,29,1,2020,4,18,2,12,2,2,1,2,2,3
130086,1,1,49,1,1,11,3,20,8,0,2,0,1,0,1,998,999,999,0,0,1,5,1,1,2,99,99,0,13,0,0,6,2,2020,5,17,2,42,1,1,5,1,2,4
130089,1,1,32,2,1,11,20,8,0,0,1,0,2,0,1,998,999,999,0,3,2,4,1,2,1,14,10,0,7,96,51,30,1,2020,5,17,2,12,1,1,1,1,1,4
130090,1,1,55,1,1,11,99,20,0,0,1,0,1,0,1,998,999,999,0,0,5,7,3,1,2,1,80,0,60,96,86,31,1,2020,6,18,2,8,1,1,1,2,2,0
130092,1,1,18,1,1,11,99,20,0,0,2,0,2,0,1,998,999,999,0,3,4,2,1,1,1,3,11,0,13,0,40,21,1,2020,3,21,2,12,1,1,1,2,1,3
130093,1,1,37,1,1,11,3,20,0,0,2,0,1,0,1,998,999,999,0,0,1,4,1,2,1,1,18,0,13,0,0,24,1,2020,6,18,2,8,1,1,1,2,1,1
130094,1,1,37,2,1,11,3,20,0,0,1,0,1,6,1,998,999,999,0,0,3,6,1,2,1,1,61,0,66,0,0,26,1,2020,1,22,2,12,1,1,1,2,10,0
130098,1,1,18,1,1,11,3,20,0,0,1,0,2,0,1,998,999,999,0,0,1,4,1,2,2,1,80,0,2,0,0,4,3,2020,4,20,2,8,2,2,1,2,2,0
130099,1,1,44,1,1,11,99,20,0,0,1,0,3,6,2,998,999,999,0,0,3,6,1,2,1,99,99,0,66,0,0,1,2,2020,7,7,2,12,1,1,1,1,1,4
130101,1,1,19,1,1,11,20,8,0,0,1,0,2,0,1,998,999,999,0,3,1,2,1,2,2,1,13,0,13,0,0,15,3,2020,1,14,2,42,1,1,4,1,10,4
130102,1,1,32,2,1,11,20,8,1,0,1,0,1,0,1,998,999,999,1,4,1,2,2,2,2,14,6,0,7,0,50,23,3,2020,2,15,2,12,1,1,1,1,2,4
130103,1,1,34,1,1,11,20,98,0,0,1,0,1,0,1,998,999,999,0,0,2,6,1,2,1,1,62,0,80,0,0,1,4,2020,4,20,2,12,2,3,1,2,1,4
130104,1,1,42,1,1,11,20,20,0,0,1,0,3,6,1,998,999,999,0,0,3,4,1,2,1,1,10,0,66,5,6,9,4,2020,5,20,2,25,1,1,3,3,10,4
130105,1,1,61,1,1,11,3,20,8,0,1,0,1,0,1,998,999,999,0,0,2,2,1,2,1,10,80,0,60,96,48,1,2,2020,7,15,2,8,3,2,1,1,10,0
130107,1,1,38,2,1,11,3,20,0,0,3,0,2,0,1,998,999,999,0,0,1,2,2,2,1,1,67,0,60,0,38,16,5,2020,7,21,2,12,2,2,1,2,1,0
130109,1,1,20,2,1,11,3,20,8,0,1,0,2,0,1,998,63,190,0,3,1,3,2,2,2,1,83,0,7,96,0,10,2,2020,2,17,2,9,1,1,1,5,2,0
130110,1,1,69,1,1,11,20,9,0,0,1,0,1,0,1,998,999,999,0,0,0,0,0,0,0,13,20,1,8,96,31,17,2,2020,2,14,2,12,8,1,1,1,10,4
130111,1,1,17,1,1,11,3,9,8,0,2,0,2,0,1,998,999,999,0,0,0,0,0,0,0,11,15,0,3,96,38,8,2,2020,7,21,2,12,8,1,1,3,10,4
130112,1,1,21,2,1,11,20,8,0,0,3,0,2,0,1,998,999,999,3,0,1,4,1,2,2,14,9,0,13,96,0,8,2,2020,7,20,2,12,1,1,1,3,2,4
130113,1,1,15,1,1,11,20,8,1,0,3,0,2,0,1,998,999,999,99,3,5,3,1,2,2,14,6,0,13,96,37,17,2,2020,2,1,2,30,1,1,4,3,10,3
130114,1,1,67,2,1,11,3,9,0,0,1,0,1,0,1,998,999,999,0,0,1,2,1,1,2,14,10,0,7,96,0,20,2,2020,5,14,2,12,1,1,1,1,2,4
130115,1,1,18,1,1,11,20,9,9,0,1,0,2,0,1,998,999,999,0,0,1,4,2,2,1,1,14,0,13,96,39,28,2,2020,6,5,2,39,3,3,4,3,1,4
130116,1,1,26,1,1,11,3,9,8,0,2,0,1,0,1,998,999,999,0,0,2,4,1,2,1,11,15,0,60,96,38,9,2,2020,1,19,2,12,2,2,1,3,10,1
130117,1,1,47,1,1,11,20,20,1,0,1,0,3,1,1,998,999,999,0,0,1,3,2,2,1,10,12,1,11,96,0,19,2,2020,4,12,2,59,3,2,3,1,10,4
130120,1,1,20,1,1,11,3,20,0,0,2,0,1,0,1,998,999,999,0,3,1,3,2,2,1,14,6,1,13,96,91,7,6,2020,1,0,2,34,1,1,4,2,1,3
130121,1,1,998,8,1,11,98,98,8,0,99,1,9,99,1,998,999,999,99,9,3,4,3,2,1,10,80,0,999,96,36,13,2,2020,5,19,2,8,3,3,1,2,1,9
130122,1,1,22,2,1,11,99,9,1,0,1,1,2,0,1,998,999,999,1,0,3,4,1,2,1,15,11,1,13,96,36,15,2,2020,7,1,2,12,1,1,1,2,1,0
130123,1,1,54,1,1,11,3,20,1,0,1,0,2,0,1,998,999,999,0,3,1,2,2,2,1,1,12,1,60,96,0,15,2,2020,7,22,2,42,1,1,4,2,1,4
130124,1,1,16,1,1,11,3,8,1,0,1,0,2,0,1,998,999,999,0,3,2,2,2,2,2,14,6,0,13,96,0,16,2,2020,1,19,2,33,1,1,4,3,2,4
130125,1,1,33,1,1,11,3,20,8,0,2,0,1,0,1,998,999,999,0,0,2,3,1,2,1,1,80,0,13,96,0,22,2,2020,7,23,2,8,18,1,1,2,1,0
130126,1,1,25,1,1,11,99,8,0,0,1,0,2,0,1,998,999,999,0,0,6,2,1,2,1,1,54,0,13,96,50,29,2,2020,7,4,2,12,5,1,1,2,1,4
130127,1,1,21,2,1,11,3,9,8,0,1,0,2,0,1,998,999,999,0,0,2,5,1,2,1,11,15,0,13,96,38,22,2,2020,7,16,2,12,2,2,1,1,1,0
130128,1,1,42,1,1,11,20,9,1,0,1,0,1,0,1,70,999,999,0,3,2,3,1,2,1,1,62,1,13,96,36,23,2,2020,1,17,2,12,2,2,1,1,10,2
130129,1,1,54,2,1,11,3,20,8,0,1,0,1,0,1,998,999,999,0,0,1,5,2,2,1,14,80,0,7,96,0,27,2,2020,5,17,2,8,1,1,1,1,1,0
130130,1,1,19,1,1,11,20,9,0,0,5,0,2,0,1,998,999,999,0,3,1,3,1,2,1,1,6,0,7,96,37,27,2,2020,5,21,2,42,1,1,4,3,1,4
130131,1,1,24,1,1,11,3,3,0,0,1,0,2,0,1,998,999,999,0,0,2,3,1,2,1,2,53,0,60,96,0,29,2,2020,7,22,2,12,1,1,1,2,1,0
130132,1,1,41,1,1,11,3,20,8,0,1,0,2,0,1,998,999,999,5,0,2,3,1,2,2,1,80,0,7,96,0,31,1,2020,6,23,2,8,1,1,1,3,1,0
130133,1,1,63,1,1,11,3,20,0,0,1,0,1,0,1,998,999,999,0,0,2,4,1,2,1,11,15,0,7,0,0,15,2,2020,7,19,2,12,8,1,1,1,1,0
130134,1,1,32,2,1,11,3,20,0,0,2,0,1,0,1,998,999,999,0,0,2,4,1,2,1,1,80,0,13,0,0,19,4,2020,1,0,2,8,1,1,1,2,1,0
130135,1,1,35,1,1,11,3,9,0,0,1,0,2,0,1,998,999,999,1,0,1,4,1,2,1,1,99,0,7,0,0,3,2,2020,2,16,2,12,1,1,1,1,1,4
130138,1,1,40,1,1,11,20,9,1,0,1,0,2,0,1,998,73,215,0,3,1,2,1,2,1,1,14,1,8,0,36,1,2,2020,7,13,2,33,3,3,4,1,1,1
130140,1,1,39,1,1,11,20,9,1,0,1,0,1,0,1,998,999,999,1,0,1,2,1,2,1,1,10,1,60,0,0,3,2,2020,2,9,2,12,1,1,1,1,1,2
130141,1,1,32,1,1,11,3,9,9,0,2,0,2,0,1,998,999,999,0,0,3,5,1,2,1,1,11,0,13,99,0,3,2,2020,2,4,2,30,1,1,4,3,1,4
130143,1,1,49,2,1,11,20,20,0,0,1,0,1,0,1,998,999,999,0,3,1,2,1,2,1,3,13,0,13,0,0,3,2,2020,2,14,2,1,1,1,4,1,1,4
130146,1,1,53,1,1,11,20,9,8,0,1,0,1,0,1,998,999,999,99,3,2,4,1,2,1,1,10,1,1,0,0,7,2,2020,6,18,2,12,1,1,1,3,1,4
130147,1,1,48,1,1,11,3,20,0,0,2,0,2,0,1,998,999,999,0,0,2,4,1,2,2,1,19,0,7,0,0,10,2,2020,2,22,2,8,3,11,1,2,2,0
130148,1,1,27,1,1,11,3,20,0,0,2,0,1,0,1,998,999,999,1,0,5,8,1,2,2,1,80,0,60,96,0,4,3,2020,4,21,2,8,8,1,1,2,2,0
130149,1,1,66,2,1,11,20,20,0,0,3,0,1,0,1,998,999,999,0,0,3,3,1,2,1,11,15,0,13,96,38,7,3,2020,7,20,2,12,8,1,1,2,1,0
130150,1,1,29,1,1,11,20,8,0,0,1,0,2,0,1,998,999,999,0,4,3,5,1,2,1,1,6,0,3,96,0,7,3,2020,7,2,2,52,19,1,8,3,1,4
130151,1,1,999,9,1,11,99,9,0,0,3,1,9,0,1,998,999,999,99,2,1,4,1,2,1,99,99,0,13,99,6,1,3,2020,1,22,2,12,2,2,1,3,1,9
130152,1,1,22,2,1,11,3,20,0,0,3,0,2,0,1,998,999,999,0,0,1,2,1,2,2,14,13,0,13,92,87,2,3,2020,2,13,2,12,1,1,1,1,2,2
130154,1,1,51,1,1,11,3,20,0,0,1,0,3,2,1,998,999,999,0,0,2,2,1,2,2,1,80,0,11,0,0,11,2,2020,3,4,2,8,1,1,1,2,4,0
130157,1,1,56,2,1,11,20,9,0,0,1,0,1,0,1,998,999,999,0,0,1,4,1,2,1,1,10,0,13,0,0,9,2,2020,1,20,2,12,1,1,1,2,1,4
130158,1,1,29,2,1,11,99,20,1,0,1,0,3,0,1,998,999,999,2,0,1,4,1,2,1,11,54,1,13,0,16,10,2,2020,2,19,2,12,4,1,1,1,10,1
130161,1,1,86,2,1,11,3,9,0,0,1,0,1,0,1,998,999,999,0,0,1,2,1,2,2,11,15,0,13,0,0,12,2,2020,4,6,2,12,2,2,1,1,2,4
130163,1,1,19,1,1,11,20,9,1,0,1,0,3,0,1,998,999,999,0,0,2,3,1,2,1,11,15,1,60,0,0,12,2,2020,4,9,2,12,2,2,1,1,1,2
130165,1,1,39,1,1,11,3,20,0,0,1,0,1,0,1,998,999,999,0,0,1,2,2,2,2,1,80,0,7,96,0,2,3,2020,2,19,2,8,1,1,1,2,2,0
130166,1,1,30,1,1,11,3,20,0,0,1,0,1,0,1,0,73,170,0,0,3,5,2,2,2,5,53,1,7,96,54,2,3,2020,2,23,2,12,18,1,1,2,2,4
130167,1,1,52,2,1,11,3,9,0,0,1,0,2,0,1,998,999,999,0,0,2,4,1,2,1,1,80,0,13,0,0,14,2,2020,6,22,2,8,1,1,1,2,1,1
130168,1,1,43,1,1,11,20,20,0,0,1,0,1,0,1,63,999,999,0,3,2,3,2,2,1,1,62,0,80,96,0,7,3,2020,7,15,2,12,2,3,1,1,1,4
130169,1,1,69,2,1,11,3,20,0,0,1,0,1,0,1,998,999,999,0,0,1,4,1,2,2,1,90,0,13,96,0,4,3,2020,4,14,2,18,1,1,1,1,2,0
130171,1,1,998,8,1,11,98,98,8,0,99,1,9,99,1,998,999,999,99,0,2,1,1,2,1,1,80,0,999,96,0,3,3,2020,3,22,2,8,1,1,1,2,10,9
130172,1,1,998,1,1,11,20,20,9,0,3,1,2,0,1,998,999,999,99,5,3,2,1,1,1,15,52,0,60,96,36,10,3,2020,3,15,2,12,18,1,1,1,10,2
130173,1,1,30,1,1,11,3,20,8,0,1,0,1,0,1,998,999,999,2,0,5,5,1,2,1,1,81,0,13,96,0,9,3,2020,2,7,2,8,1,1,1,2,1,0
130174,1,1,27,2,1,11,3,9,0,0,1,0,1,0,1,998,999,999,3,0,3,7,1,1,1,15,10,1,13,96,27,15,3,2020,1,19,2,12,1,1,1,3,10,4
130175,1,1,60,1,1,11,3,20,0,0,1,0,3,1,1,998,999,999,0,0,1,5,1,2,1,1,80,0,11,96,0,20,3,2020,6,3,2,8,2,2,1,3,1,0
130177,1,1,38,1,1,11,3,8,0,0,1,0,1,0,1,998,999,999,0,0,3,3,1,1,1,1,11,1,13,96,28,20,3,2020,6,0,2,14,19,1,2,3,1,4
130179,1,1,28,1,1,11,99,20,1,0,1,0,2,0,1,998,999,999,0,0,2,4,1,1,1,14,80,1,13,96,0,13,3,2020,6,20,2,8,18,1,1,3,1,0
130180,1,1,27,1,1,11,20,9,0,0,1,0,3,0,1,998,999,999,1,4,5,5,2,2,1,1,6,0,13,96,16,18,3,2020,4,1,2,39,1,1,4,2,1,4
130182,1,1,25,2,1,11,20,20,8,0,2,0,2,0,1,998,999,999,0,0,3,2,1,1,1,1,98,0,7,96,8,13,3,2020,6,14,2,1,1,1,4,1,10,4
130183,1,1,52,1,1,11,3,9,0,0,1,0,2,0,1,998,999,999,0,0,1,2,1,2,2,1,9,0,7,93,6,23,3,2020,2,6,2,42,1,1,4,2,2,4
130184,1,1,25,1,1,11,3,20,0,0,1,0,1,0,1,998,999,999,1,0,2,5,2,2,1,14,19,0,60,0,0,26,3,2020,5,4,2,8,3,3,1,2,1,0
130185,1,1,35,1,1,11,3,8,0,0,2,0,4,0,1,998,999,999,0,3,1,4,1,2,1,1,71,0,13,0,6,16,2,2020,1,0,2,12,8,1,1,3,1,3
130187,1,1,45,1,1,11,3,20,0,0,2,0,1,0,1,998,999,999,0,0,3,3,1,2,1,15,80,0,13,96,0,22,3,2020,1,20,2,8,18,1,1,2,10,1
130188,1,1,34,2,1,11,3,9,0,0,1,0,9,0,1,998,999,999,2,0,3,3,1,2,2,1,13,1,13,96,0,24,3,2020,3,0,2,42,19,1,8,2,5,4
130189,1,1,25,1,1,11,20,20,0,0,1,0,1,0,1,998,999,999,1,0,1,6,1,2,1,1,17,0,80,96,39,17,3,2020,3,20,2,12,2,2,1,2,1,4
130190,1,1,22,1,1,11,3,20,0,0,1,0,1,0,1,998,999,999,2,4,2,2,1,2,1,6,12,0,13,96,34,20,3,2020,6,18,2,8,1,1,3,1,1,0
130191,1,1,28,1,1,11,3,20,0,0,2,0,2,0,1,998,70,999,1,0,6,2,5,2,1,1,80,0,7,96,0,21,3,2020,7,2,2,8,5,1,1,2,1,0
130192,1,1,25,1,1,11,99,20,0,0,3,0,1,0,1,998,999,999,1,2,3,5,1,1,1,1,6,1,1,96,8,21,3,2020,7,22,2,42,1,1,4,3,1,4
130193,1,1,37,1,1,11,3,8,1,0,1,0,1,0,1,998,999,999,0,0,1,2,1,2,2,1,10,1,13,0,0,16,2,2020,1,20,2,12,1,1,1,2,2,4
130194,1,1,27,1,1,11,99,9,0,0,1,1,1,0,1,998,999,999,1,0,3,4,1,2,1,1,50,1,13,96,6,21,3,2020,7,23,2,12,1,1,1,3,1,0
130195,1,1,34,1,1,11,3,9,0,0,1,0,1,0,1,998,999,999,0,0,3,6,1,2,1,1,19,0,13,92,0,29,3,2020,1,2,2,12,1,1,1,2,1,2
130196,1,1,53,1,1,11,3,8,0,0,2,0,4,0,1,998,999,999,2,0,3,4,1,2,2,1,80,0,13,0,0,16,2,2020,1,19,2,8,1,1,1,3,2,0
130203,1,1,25,1,1,11,20,9,0,0,2,0,4,0,1,998,999,999,1,0,1,2,1,2,1,14,19,0,7,0,0,17,1,2020,6,10,2,30,1,1,4,1,1,4
130206,1,1,47,1,1,11,3,20,0,0,1,1,1,0,1,998,999,999,0,0,2,2,1,2,1,1,17,0,7,0,0,3,2,2020,2,6,2,8,3,2,1,2,1,0
130207,1,1,999,9,9,99,99,98,9,0,99,1,9,99,1,999,998,997,998,8,2,2,1,2,1,0,99,0,999,16,0,9,2,2020,1,23,2,8,3,2,1,2,1,0
130208,1,1,21,1,1,11,20,20,8,0,2,0,3,2,1,59,72,240,0,0,2,2,1,2,2,14,6,0,11,93,91,19,2,2020,4,7,2,59,1,1,4,1,2,2