ST_CASE,VEH_NO,PER_NO,AGE,SEX,PER_TYP,SEAT_POS,REST_USE,AIR_BAG,DRUGS,LOCATION,NUMOCCS,HIT_RUN,OWNER,V_CONFIG,HAZ_INV,TRAV_SP,DR_HGT,DR_WGT,PREV_SPD,SPEEDREL,VTRAFWAY,VNUM_LAN,VPROFILE,VPAVETYP,VSURCOND,P_CRASH1,P_CRASH2,DR_DRINK,VPICBODYCLASS,DRDISTRACT,DRIVERRF,DAY,MONTH,YEAR,DAY_WEEK,HOUR,RUR_URB,HARM_EV,RELJCT2,TYP_INT,REL_ROAD,LGT_COND,WEATHER,INJ_SEV
130211,1,1,31,2,1,11,3,9,0,0,2,0,2,0,1,998,999,999,0,3,1,2,1,2,1,1,13,0,60,0,0,3,2,2020,2,20,2,53,1,1,4,2,1,1
130212,1,1,37,1,1,11,3,9,0,0,1,0,2,0,1,998,999,999,0,0,1,2,1,2,1,1,10,0,7,0,0,4,2,2020,3,22,2,12,1,1,1,2,10,4
130215,1,1,32,1,1,11,20,20,8,0,1,0,0,0,1,998,999,999,0,0,1,2,1,2,2,1,98,1,113,0,0,13,2,2020,5,16,2,7,1,1,1,1,10,4
130216,1,1,42,1,1,11,20,9,1,0,1,0,1,0,1,998,999,999,0,0,1,2,2,2,1,6,6,1,3,96,33,15,2,2020,7,15,2,35,1,1,4,1,1,4
130218,1,1,48,2,1,11,3,20,0,0,2,0,1,0,1,998,999,999,0,0,1,2,1,2,1,11,80,0,7,99,0,7,2,2020,6,20,2,8,2,2,1,3,1,0
130221,1,1,33,1,1,11,20,20,8,0,2,0,2,0,1,998,999,999,0,4,1,2,1,2,2,1,12,0,80,96,0,20,2,2020,5,6,2,32,1,1,4,2,2,4
130223,1,1,20,1,1,11,20,9,1,0,4,0,2,0,1,998,999,999,99,3,2,3,1,2,1,1,12,0,3,96,36,23,2,2020,1,2,2,42,1,1,3,3,1,4
130227,1,1,30,1,1,11,20,20,0,0,1,0,1,0,1,998,999,999,0,3,1,2,1,2,1,3,19,1,80,0,0,14,2,2020,6,8,2,42,1,1,4,1,1,4
130239,1,1,27,1,1,11,20,20,0,0,1,0,0,0,1,998,999,999,1,4,1,2,1,2,1,14,6,1,69,96,0,29,2,2020,7,21,2,42,1,1,4,2,1,4
130245,1,1,24,1,1,11,3,9,0,0,1,0,1,0,1,998,999,999,0,0,1,2,3,2,2,14,11,0,5,96,58,4,3,2020,4,11,2,12,1,1,1,1,10,4
130248,1,1,69,1,1,11,3,20,0,0,1,0,1,0,1,998,999,999,0,0,2,4,1,2,2,1,83,0,13,96,0,5,3,2020,5,23,2,9,2,2,1,3,10,0
130249,1,1,81,1,1,11,20,20,8,0,2,0,1,0,1,998,999,999,0,0,2,3,2,1,1,14,8,0,13,0,0,8,3,2020,1,14,2,42,19,1,3,1,1,4
130252,1,1,23,1,1,11,3,9,1,0,1,0,2,0,1,58,74,999,1,0,3,4,2,2,1,1,17,1,60,96,39,9,3,2020,2,14,2,12,2,2,1,1,1,0
130255,1,1,998,1,1,11,99,20,9,0,99,1,1,99,1,998,999,999,99,0,1,2,1,2,2,1,9,0,999,92,0,6,3,2020,6,99,2,8,1,1,2,2,1,0
130256,1,1,16,2,1,11,3,9,8,0,2,0,2,0,1,998,999,999,0,0,1,2,1,2,1,1,10,0,13,96,0,8,3,2020,1,13,2,12,1,1,1,1,1,4
130262,1,1,65,2,1,11,20,8,1,0,1,0,1,0,1,998,999,999,0,0,6,1,2,2,1,14,12,1,13,96,0,21,2,2020,6,12,2,12,5,1,1,1,1,4
130263,1,1,21,1,1,11,20,8,8,0,1,0,1,0,1,998,999,999,0,4,1,2,1,2,1,14,6,0,13,96,0,23,2,2020,1,6,2,42,1,1,4,2,1,4
130273,1,1,66,2,1,11,3,9,0,0,1,0,2,0,1,998,999,999,0,0,6,2,2,2,1,11,15,0,7,96,38,11,3,2020,4,20,2,12,2,3,1,2,10,0
130274,1,1,59,2,1,11,20,8,0,0,1,0,1,0,1,998,999,999,99,0,2,3,2,2,2,11,15,1,13,96,38,11,3,2020,4,7,2,12,2,2,1,2,10,4
130275,1,1,42,1,1,11,3,20,8,0,1,0,1,0,1,998,999,999,0,0,3,5,2,2,1,14,80,0,60,96,0,11,3,2020,4,8,2,8,1,1,1,1,10,0
130276,1,1,73,1,1,11,3,9,0,0,1,0,2,0,1,998,999,999,0,0,2,2,1,2,1,1,12,0,7,96,0,12,3,2020,5,8,2,42,1,1,4,1,10,4
130280,1,1,68,1,1,11,20,20,0,0,1,0,1,0,1,998,999,999,0,0,1,2,1,2,1,14,12,0,13,96,0,13,3,2020,6,22,2,17,1,1,4,1,1,4
130283,1,1,78,1,1,11,3,20,0,0,1,0,1,0,1,998,999,999,0,0,1,2,1,2,2,1,51,0,13,0,26,24,2,2020,2,7,2,12,1,1,1,1,2,4
130284,1,1,42,1,1,11,3,9,8,0,1,0,1,0,1,998,999,999,2,0,2,2,1,2,1,1,52,0,7,96,26,11,3,2020,4,8,2,12,1,1,1,1,10,1
130288,1,1,53,8,1,11,3,20,8,0,1,0,3,0,1,998,999,999,0,0,2,4,2,2,1,4,80,0,62,96,0,18,3,2020,4,7,2,8,3,2,1,3,1,0
130289,1,1,45,1,1,11,3,9,0,0,1,0,2,0,1,998,999,999,0,0,3,2,1,1,1,1,51,0,7,96,26,18,3,2020,4,7,2,12,1,1,1,4,5,4
130291,1,1,31,1,1,11,3,9,9,0,3,0,1,0,1,998,999,999,1,0,2,4,2,2,2,1,81,0,13,96,60,15,3,2020,1,3,2,8,3,2,1,3,2,0
130295,1,1,69,1,1,11,20,20,0,0,1,0,2,0,1,998,999,999,3,0,3,3,1,2,1,1,9,0,82,96,0,18,3,2020,4,22,2,1,1,1,1,2,1,4
130298,1,1,50,2,1,11,3,9,0,0,1,0,2,0,1,998,999,999,0,0,2,2,2,2,1,1,12,0,7,96,0,19,3,2020,5,19,2,33,1,1,3,1,1,2
130299,1,1,68,1,1,11,20,8,0,0,1,0,1,0,1,998,999,999,0,0,6,1,2,1,2,14,12,0,13,96,0,21,3,2020,7,6,2,42,5,1,8,2,2,4
130301,1,1,14,1,1,11,20,20,1,0,1,0,2,0,1,998,999,999,99,0,1,2,1,2,1,1,12,0,60,96,58,20,3,2020,6,10,2,1,1,1,4,1,1,4
130304,1,1,36,2,1,13,3,20,1,0,1,0,3,0,1,998,999,999,0,0,1,2,2,2,1,14,80,0,7,96,0,21,3,2020,7,11,2,8,1,1,1,1,1,0
130305,1,1,21,2,1,11,3,9,0,0,4,0,2,0,1,998,999,999,0,0,3,3,1,2,1,1,12,0,13,96,91,22,3,2020,1,21,2,24,1,1,3,2,1,1
130306,1,1,31,1,1,11,20,8,1,0,1,0,2,0,1,998,999,999,0,0,1,2,1,2,1,14,12,1,3,96,0,23,3,2020,2,19,2,42,1,1,4,2,1,4
130308,1,1,58,1,1,11,20,8,0,0,1,0,1,0,1,998,999,999,0,4,1,2,2,2,1,14,12,1,60,96,0,24,3,2020,3,21,2,59,1,1,4,2,1,4
130309,1,1,45,1,1,11,3,8,0,0,2,0,2,0,1,998,999,999,1,0,3,3,1,2,1,1,98,0,13,0,0,2,4,2020,5,2,2,24,1,1,3,2,1,4
130313,1,1,47,1,1,11,20,98,0,0,1,0,0,0,1,998,999,999,0,0,1,2,1,2,1,1,9,0,105,96,18,4,4,2020,7,12,2,33,1,1,4,1,1,4
130314,1,1,22,1,1,11,2,20,0,0,1,0,1,0,1,998,999,999,0,0,5,5,1,2,1,1,80,0,13,0,0,3,4,2020,6,22,2,8,1,1,1,2,1,0
130316,1,1,28,1,1,11,20,1,0,0,1,0,1,0,1,998,999,999,0,0,1,2,2,2,1,1,17,1,60,96,38,4,4,2020,7,9,2,12,2,2,1,1,1,4
130317,1,1,17,8,1,11,3,8,0,0,2,0,2,0,1,998,999,999,0,0,1,3,1,2,1,11,15,0,13,96,38,4,4,2020,7,16,2,12,2,2,1,1,1,0
130318,1,1,30,2,1,11,3,8,0,0,3,0,1,0,1,3,61,105,1,3,1,2,1,2,1,1,10,0,13,3,58,4,4,2020,7,17,2,12,1,1,1,1,1,1
130322,1,1,37,2,1,11,3,98,8,0,1,0,1,0,1,998,999,999,0,0,5,5,1,2,1,1,80,0,2,0,0,6,4,2020,2,23,2,8,1,1,1,2,1,0
130323,1,1,19,1,1,11,3,1,0,0,2,0,2,0,1,998,999,999,0,0,2,5,1,2,1,1,17,0,13,96,39,10,4,2020,6,21,2,12,2,2,1,2,1,2
130325,1,1,52,1,1,11,20,1,0,0,1,0,1,0,1,998,999,999,0,5,2,6,2,2,1,1,17,1,60,96,39,9,4,2020,5,19,2,12,2,2,1,1,1,2
130326,1,1,55,1,1,11,20,20,0,0,1,0,2,0,1,998,999,999,0,0,1,2,1,2,1,14,6,1,94,96,0,6,4,2020,2,21,2,1,1,1,4,2,10,4
130327,1,1,21,1,1,11,20,20,0,0,1,0,2,0,1,998,999,999,0,0,5,3,1,2,1,14,6,1,82,96,0,7,4,2020,3,23,2,43,1,1,4,3,1,4
130331,1,1,64,1,1,11,3,20,0,0,1,0,1,0,1,998,999,999,0,0,1,2,2,2,2,1,80,0,13,0,0,9,4,2020,5,5,2,8,1,1,1,2,2,0
130332,1,1,53,1,1,11,99,20,0,0,1,0,1,0,1,998,999,999,0,0,1,2,2,2,1,4,17,0,60,0,38,7,4,2020,3,16,2,12,8,1,1,1,1,0
130333,1,1,26,2,1,11,20,20,0,0,1,0,1,0,1,998,999,999,1,3,1,4,1,2,1,1,6,0,69,0,58,10,4,2020,6,20,2,1,1,1,2,2,10,4
130336,1,1,65,1,1,11,3,20,0,0,1,0,2,0,1,998,999,999,0,0,1,5,1,2,1,11,15,0,2,0,38,13,4,2020,2,17,2,12,8,1,1,1,1,0
130337,1,1,63,1,1,11,20,20,0,0,1,0,1,0,1,998,999,999,1,0,3,5,1,2,1,1,51,0,81,0,26,14,4,2020,3,17,2,12,1,1,1,1,1,4
130338,1,1,32,2,1,11,20,8,1,0,2,0,1,0,1,998,999,999,0,3,3,2,2,2,1,1,6,1,7,0,51,13,4,2020,2,20,2,12,1,1,1,2,1,4
130339,1,1,50,1,1,11,3,20,0,0,1,0,1,0,1,998,999,999,0,0,3,6,1,1,1,1,80,0,13,0,0,14,4,2020,3,6,2,8,1,1,1,2,1,1
130342,1,1,39,2,1,11,3,20,0,0,2,0,2,0,1,998,999,999,99,0,1,2,1,2,1,11,15,0,7,96,38,16,4,2020,5,8,2,12,2,3,1,1,1,4
130344,1,1,50,1,1,11,3,20,0,0,1,0,1,0,1,998,999,999,1,0,1,2,1,2,1,1,17,0,60,96,39,17,4,2020,6,16,2,12,2,2,1,1,1,0
130345,1,1,71,1,1,11,3,20,1,0,1,0,1,0,1,998,999,999,0,0,1,2,1,2,1,1,83,0,60,96,0,17,4,2020,6,20,2,9,1,1,1,2,1,0
130346,1,1,36,2,1,11,3,9,0,0,1,0,1,0,1,998,999,999,0,0,2,3,2,2,1,11,15,0,13,96,38,17,4,2020,6,14,2,12,8,1,1,1,1,0
130353,1,1,23,1,1,11,20,1,1,0,1,0,2,0,1,998,999,999,0,3,6,1,2,2,1,14,12,0,13,96,37,29,3,2020,1,2,2,35,5,1,5,2,1,4
130356,1,1,28,1,1,11,20,20,0,0,1,0,2,0,1,998,999,999,1,3,1,2,1,2,1,1,10,0,69,12,36,30,3,2020,2,17,2,14,1,1,7,1,1,4
130358,1,1,51,1,1,11,3,20,0,0,4,0,1,1,1,998,999,999,0,0,3,3,2,2,1,1,80,0,60,0,0,27,3,2020,6,5,2,8,1,1,1,2,1,0
130362,1,1,38,2,1,11,20,20,0,0,1,0,2,0,1,998,999,999,0,0,1,2,2,2,98,1,17,0,7,96,39,5,3,2020,5,7,2,12,2,2,1,1,2,4
130366,1,1,40,1,1,11,3,9,0,0,1,0,4,0,1,998,999,999,0,0,2,2,1,2,1,1,10,0,13,96,51,8,3,2020,1,0,2,12,1,1,1,3,1,4
130367,1,1,24,1,1,11,20,9,9,0,3,0,2,0,1,998,999,999,1,4,2,2,1,2,1,1,9,0,13,0,0,27,2,2020,5,4,2,42,1,1,4,2,1,4
130368,1,1,36,2,1,11,20,20,0,0,9,0,2,0,1,998,999,999,1,0,1,2,1,2,1,1,70,1,7,0,0,27,2,2020,5,18,2,1,8,1,2,2,1,3
130369,1,1,34,1,1,11,20,98,0,0,1,0,1,0,1,998,999,999,0,0,2,5,1,2,1,1,17,0,98,0,0,30,4,2020,5,15,2,12,2,2,1,1,1,4
130370,1,1,999,9,1,11,99,20,9,0,99,1,9,0,1,998,999,999,99,9,1,2,2,2,2,99,80,0,13,99,999,24,3,2020,3,20,2,8,1,1,1,2,2,0
130373,1,1,39,2,1,11,3,20,0,0,1,0,2,0,1,0,999,999,0,0,1,5,2,2,2,5,15,0,7,0,38,12,3,2020,5,6,2,12,2,2,1,3,10,1
130374,1,1,33,2,1,11,3,1,0,0,7,0,1,0,1,998,999,999,2,0,1,2,1,2,2,1,9,0,13,0,6,11,3,2020,4,22,2,12,1,1,1,3,2,3
130375,1,1,48,2,1,11,1,1,0,0,1,0,1,0,1,998,61,999,0,0,3,4,2,2,1,1,17,0,13,0,39,17,3,2020,3,16,2,12,2,2,1,5,1,2
130376,1,1,54,1,1,11,3,20,0,0,1,0,1,0,1,998,999,999,1,0,1,2,1,2,1,11,65,0,60,0,38,20,3,2020,6,12,2,12,2,2,1,1,1,0
130378,1,1,78,1,1,11,3,20,0,0,1,0,1,0,1,998,999,999,0,0,1,4,1,2,1,1,80,0,60,12,0,30,3,2020,2,20,2,8,1,1,1,3,1,0
130379,1,1,20,2,1,11,3,1,0,0,2,0,2,0,1,998,999,999,0,0,1,4,2,2,1,16,15,0,13,0,38,27,3,2020,6,17,2,12,2,2,1,1,1,0
130380,1,1,47,1,1,11,20,20,0,0,2,0,1,0,1,998,999,999,0,0,1,2,2,2,1,1,87,0,60,96,83,27,3,2020,6,20,2,11,1,1,1,2,1,4
130382,1,1,65,1,1,11,3,20,8,0,1,0,1,0,1,998,999,999,0,0,1,2,5,2,2,14,83,0,7,96,51,19,4,2020,1,17,2,9,1,1,1,1,2,0
130383,1,1,26,1,1,11,3,20,9,0,2,1,2,0,1,998,999,999,99,0,3,6,1,2,2,14,50,0,7,96,6,20,4,2020,2,4,2,12,18,1,1,3,2,0
130386,1,1,42,1,1,11,99,20,9,0,99,1,3,1,1,998,999,999,0,0,2,2,1,2,1,1,83,0,63,96,0,24,4,2020,6,17,2,9,1,1,1,1,1,0
130387,1,1,59,1,1,11,20,20,0,0,1,0,1,0,1,998,999,999,0,0,3,5,1,1,1,15,98,0,80,96,27,25,4,2020,7,4,2,44,1,1,5,2,1,4
130388,1,1,34,2,1,11,3,9,0,0,1,0,2,0,1,998,999,999,0,0,5,5,1,2,1,1,13,0,13,96,58,26,4,2020,1,23,2,12,1,1,1,8,1,4
130389,1,1,57,1,1,11,3,20,0,0,1,0,2,0,1,998,999,999,0,0,1,2,1,2,1,1,83,0,2,96,0,19,4,2020,1,6,2,9,1,1,1,2,1,0
130395,1,1,24,2,1,11,3,9,8,0,2,0,2,0,1,998,999,999,0,0,1,2,2,2,1,1,11,0,5,96,0,25,3,2020,4,19,2,14,1,1,7,1,1,1
130397,1,1,66,1,1,11,20,9,0,0,1,0,1,0,1,998,999,999,0,4,6,1,2,2,1,14,12,1,7,96,0,30,3,2020,2,9,2,34,5,1,8,1,1,4
130398,1,1,20,1,1,11,3,9,0,0,1,0,2,0,1,998,999,999,1,0,2,3,1,2,1,1,4,0,7,96,0,2,4,2020,5,17,2,12,1,1,1,1,1,2
130399,1,1,49,2,1,11,3,20,0,0,1,0,1,0,1,998,999,999,0,0,1,4,1,2,1,1,83,0,13,96,0,9,4,2020,5,15,2,9,3,3,1,1,1,0
130401,1,1,20,2,1,11,3,20,8,0,2,0,1,0,1,998,999,999,0,0,1,2,2,2,98,12,21,0,13,96,91,12,4,2020,1,19,2,12,2,3,1,2,10,0
130403,1,1,35,1,1,11,20,9,0,0,1,0,2,0,1,998,999,999,1,0,5,7,2,2,1,11,15,1,7,96,41,20,4,2020,2,23,2,12,2,3,1,3,1,0
130404,1,1,36,1,1,11,3,9,0,0,1,0,3,1,1,998,999,999,0,0,1,4,2,2,1,14,10,0,63,96,28,21,4,2020,3,18,2,12,1,1,1,1,1,0
130407,1,1,44,2,1,11,3,20,0,0,2,0,2,0,1,998,999,999,0,0,1,2,1,2,1,1,83,0,60,96,86,24,4,2020,6,21,2,9,1,1,1,2,1,0
130408,1,1,74,2,1,11,3,20,0,0,3,0,2,0,1,998,999,999,0,0,1,2,2,2,1,1,17,0,13,96,38,26,4,2020,1,8,2,12,2,2,1,1,1,4
130409,1,1,31,1,1,11,3,9,0,0,1,0,2,0,1,998,999,999,1,0,1,2,1,2,1,1,11,1,60,96,58,28,4,2020,3,10,2,12,1,1,1,1,1,4
130411,1,1,54,1,1,11,99,9,0,0,1,0,1,0,1,998,999,999,0,0,5,7,1,2,1,1,9,0,7,96,0,2,5,2020,7,10,2,8,1,1,4,1,1,1
130414,2,1,30,2,1,11,3,9,8,0,2,0,2,0,1,998,999,999,0,0,6,2,2,1,1,14,50,0,7,96,0,2,5,2020,7,21,2,12,5,1,1,2,1,0
130415,1,1,59,1,1,11,3,20,0,0,1,0,1,0,1,998,999,999,99,0,1,2,1,2,1,10,16,0,13,96,38,2,5,2020,7,17,2,12,2,3,1,1,1,2
130418,1,1,49,2,1,11,3,8,8,0,3,0,2,0,1,998,999,999,0,0,5,5,1,2,1,11,15,0,7,96,38,3,5,2020,1,11,2,12,2,11,1,1,10,2
130419,1,1,24,2,1,11,3,98,8,0,4,0,2,0,1,998,999,999,99,0,2,3,1,1,1,14,12,0,7,96,84,7,5,2020,5,6,2,1,18,1,1,1,1,3
130420,1,1,54,1,1,11,3,20,8,0,1,0,1,0,1,55,999,999,0,0,5,5,1,2,1,1,81,0,13,96,0,7,5,2020,5,0,2,8,1,1,1,2,1,0
130421,1,1,51,1,1,11,3,20,8,0,1,0,3,7,1,998,999,999,0,0,3,3,1,2,1,14,80,0,66,96,0,4,5,2020,2,0,2,8,18,1,1,2,1,0
130422,1,1,55,1,1,11,99,8,0,0,1,0,2,0,1,998,999,999,99,0,0,0,0,0,0,11,15,0,13,96,38,3,5,2020,1,12,2,12,8,1,1,1,1,4
130423,1,1,28,1,1,11,20,20,0,0,1,0,1,0,1,998,999,999,0,0,1,5,1,2,1,11,15,0,94,96,48,6,5,2020,4,17,2,12,2,2,1,1,1,4
130426,1,1,64,1,1,11,3,20,0,0,1,0,3,7,1,998,999,999,0,0,1,3,2,2,1,1,17,0,66,96,39,4,5,2020,2,17,2,12,2,2,1,1,1,0
130427,1,1,63,1,1,11,20,8,0,0,1,0,2,0,1,998,999,999,0,0,1,2,2,2,1,1,9,0,60,96,58,5,5,2020,3,21,2,34,1,1,4,2,10,4
130428,1,1,27,2,1,11,20,9,0,0,1,0,1,0,1,998,999,999,0,0,1,2,2,2,2,14,10,1,7,96,28,5,5,2020,3,20,2,12,1,1,1,5,10,4
130430,1,1,17,1,1,11,3,3,8,0,1,0,2,0,1,998,999,999,0,5,3,2,1,2,1,1,6,0,13,96,36,7,5,2020,5,22,2,12,1,1,1,2,1,0
130433,1,1,37,1,1,11,20,20,0,0,1,0,2,0,1,998,999,999,99,3,2,2,1,2,1,14,17,0,94,96,0,9,5,2020,7,16,2,12,2,2,1,1,1,4
130434,1,1,66,1,1,11,1,1,0,0,1,0,1,0,1,998,999,999,0,0,1,5,2,2,1,11,15,0,7,0,38,15,5,2020,6,15,2,12,8,1,1,1,1,4
130437,1,1,49,1,1,11,20,20,0,0,1,0,1,0,1,998,999,999,1,4,1,2,1,2,1,14,13,1,81,0,0,16,5,2020,7,2,2,24,1,1,4,2,1,4
130439,1,1,20,2,1,11,3,20,0,0,1,0,1,0,1,998,999,999,99,0,1,2,2,2,1,1,13,0,13,0,27,16,5,2020,7,8,2,32,1,1,4,1,1,4
130440,1,1,29,1,1,11,20,20,1,0,1,0,2,0,1,998,999,999,0,3,2,5,1,2,1,1,67,1,80,17,6,16,5,2020,7,8,2,12,2,3,1,1,1,4
130442,1,1,999,9,1,11,99,20,9,0,99,1,9,99,1,999,999,999,99,9,3,4,1,2,1,99,80,0,999,99,0,16,5,2020,7,22,2,8,1,1,1,2,1,9
130443,1,1,31,1,1,11,20,1,1,0,2,0,3,0,1,998,999,999,0,2,1,5,1,2,1,1,6,1,60,0,60,16,5,2020,7,22,2,1,1,1,4,2,1,3
130445,1,1,52,1,1,11,3,1,0,0,1,0,1,0,1,998,999,999,0,0,3,6,1,2,1,1,80,0,60,0,0,9,5,2020,7,14,2,8,1,1,1,1,1,1
130446,1,1,28,1,1,11,20,1,1,0,4,0,2,0,1,998,999,999,2,3,3,4,2,2,1,1,17,1,13,0,37,10,5,2020,1,3,2,12,2,3,1,2,1,2
130447,1,1,32,2,1,11,3,1,1,0,2,0,2,0,1,998,999,999,1,3,1,2,2,2,1,1,10,0,7,6,28,10,5,2020,1,12,2,12,1,1,1,1,1,1
130448,1,1,31,1,1,11,3,20,0,0,2,1,2,0,1,998,999,999,1,3,3,4,1,2,1,1,50,0,2,0,6,10,5,2020,1,0,2,12,1,1,1,2,1,2
130449,1,1,33,1,1,11,3,20,0,0,1,0,1,0,1,998,999,999,0,0,3,4,2,2,1,1,80,0,60,0,0,11,5,2020,2,7,2,8,3,2,1,1,1,0
130455,1,1,22,1,1,11,3,9,8,0,2,0,1,0,1,998,69,200,0,0,3,5,1,2,1,1,50,0,13,96,91,15,5,2020,6,20,2,12,18,1,1,3,1,1
130457,1,1,47,1,1,11,3,98,0,0,1,0,3,0,1,998,999,999,0,0,1,4,1,2,1,1,80,0,7,0,16,14,5,2020,5,22,2,8,1,1,1,3,1,0
130460,1,1,17,1,1,11,20,20,0,0,5,0,2,0,1,998,999,999,0,0,3,3,2,2,2,1,6,0,7,96,0,18,5,2020,2,22,2,24,1,1,3,2,2,1
130462,1,1,52,1,1,11,20,9,0,0,1,0,1,0,1,998,999,999,99,0,1,2,1,2,1,14,13,1,13,96,0,19,5,2020,3,17,2,42,1,1,4,1,1,4
130463,1,1,31,1,1,11,2,8,0,0,1,0,1,0,1,998,999,999,1,0,5,5,1,2,1,1,54,1,60,96,51,18,5,2020,2,22,2,12,1,1,1,2,1,4
130464,1,1,51,1,1,11,20,9,0,0,1,0,2,0,1,998,999,999,0,4,3,5,1,2,2,15,6,0,60,0,6,18,5,2020,2,17,2,12,1,1,1,1,2,2
130465,1,1,54,1,1,11,3,8,0,0,1,0,1,0,1,998,999,999,0,0,6,1,8,8,2,14,51,0,13,96,26,20,5,2020,4,6,2,12,5,1,1,2,2,4
130466,1,1,32,1,1,11,20,20,9,0,1,0,2,0,1,998,999,999,0,3,2,3,1,2,1,1,6,0,13,96,37,20,5,2020,4,6,2,30,1,1,4,1,10,4
130468,1,1,39,1,1,11,20,20,1,0,2,0,2,0,1,998,999,999,99,4,2,2,2,2,1,14,6,1,60,96,0,20,5,2020,4,18,2,42,1,1,4,1,10,4
130471,1,1,31,1,1,11,3,8,1,0,1,0,2,0,1,998,999,999,0,3,1,2,2,2,1,6,10,0,13,96,37,21,5,2020,5,11,2,12,1,1,1,1,10,4
130473,1,1,19,1,1,11,20,20,0,0,1,0,0,0,1,998,999,999,0,0,2,2,1,2,1,14,99,0,98,96,0,23,5,2020,7,8,2,33,1,1,4,1,1,4
130474,1,1,53,2,1,11,99,20,0,0,2,1,1,0,1,998,999,999,0,0,0,0,0,0,0,10,13,1,13,3,48,21,5,2020,5,19,2,8,8,1,4,1,10,0
130475,1,1,41,2,1,11,20,8,0,0,3,0,4,0,1,998,999,999,0,0,1,2,2,2,1,14,13,0,60,96,0,27,5,2020,4,20,2,35,1,1,4,1,1,4
130476,1,1,33,1,1,11,20,20,0,0,1,0,2,0,1,998,76,999,0,3,1,3,3,2,1,1,13,1,80,96,6,24,5,2020,1,23,2,42,1,1,4,3,10,4
130477,1,1,67,2,1,11,20,20,0,0,1,0,1,0,1,998,999,999,0,0,5,5,2,1,1,15,10,0,60,96,26,22,5,2020,6,12,2,12,1,1,1,1,1,4
130479,1,1,36,2,1,11,20,20,0,0,1,0,2,0,1,998,999,999,0,0,1,2,1,2,1,1,12,0,60,96,0,23,5,2020,7,14,2,35,1,1,4,1,1,4
130482,1,1,28,1,1,11,20,20,0,0,1,0,0,0,1,998,999,999,1,0,1,2,1,2,1,14,10,0,84,96,28,22,5,2020,6,4,2,12,1,1,1,2,10,4
130484,1,1,28,1,1,11,20,20,8,0,1,0,1,0,1,998,999,999,0,4,1,5,1,2,1,6,17,0,98,96,39,24,5,2020,1,21,2,12,2,2,1,3,1,4
130487,1,1,38,1,1,11,20,9,1,0,3,0,1,0,1,998,999,999,0,5,1,2,1,2,1,1,8,0,8,0,0,26,5,2020,3,23,2,31,1,1,4,2,1,4
130489,1,1,29,1,1,11,3,8,0,0,2,0,2,0,1,998,999,999,0,4,3,4,1,2,2,1,6,0,13,96,0,27,5,2020,4,7,2,42,1,1,4,1,2,4
130491,1,1,49,1,1,11,3,1,0,0,1,0,2,0,1,998,999,999,99,0,2,4,2,2,2,1,6,0,60,96,28,28,5,2020,5,13,2,12,1,1,1,1,2,1
130492,1,1,86,1,1,11,3,1,0,0,1,0,1,0,1,998,999,999,0,0,3,5,1,1,1,14,10,0,13,0,51,29,5,2020,6,15,2,12,1,1,1,1,1,4
130498,1,1,26,1,1,11,3,20,0,0,1,0,1,0,1,998,999,999,0,0,3,2,1,2,1,1,80,0,60,0,0,29,5,2020,6,6,2,8,1,1,1,4,10,0
130499,1,1,46,1,1,11,20,20,1,0,1,0,1,0,1,998,999,999,1,0,1,2,2,2,1,14,13,1,94,0,74,30,5,2020,7,20,2,30,1,1,4,5,10,4
130506,1,1,25,1,1,11,20,1,0,0,1,0,1,0,1,998,999,999,3,0,3,7,2,2,1,14,54,0,13,96,51,31,5,2020,1,7,2,12,1,1,1,1,1,4
130513,1,1,33,1,1,11,1,20,0,0,1,0,1,0,1,0,999,999,0,0,3,4,1,2,1,5,53,1,3,96,54,19,4,2020,1,5,2,12,18,1,1,3,1,4
130514,1,1,19,2,1,11,3,8,0,0,3,0,2,0,1,998,999,999,0,0,1,5,1,2,1,11,15,0,13,17,48,21,4,2020,3,11,2,12,2,2,1,1,1,0
130515,1,1,55,1,1,11,20,20,8,0,1,0,2,0,1,998,999,999,0,0,1,2,2,2,1,14,89,0,94,96,0,25,4,2020,7,10,2,11,1,1,1,1,1,4
130516,1,1,48,2,1,11,3,20,1,0,1,0,2,0,1,998,999,999,0,0,1,2,3,2,1,1,17,0,13,96,38,25,4,2020,7,15,2,12,2,2,1,1,1,4
130518,1,1,49,1,1,11,3,20,0,0,1,0,3,1,1,998,999,999,0,0,2,2,1,2,1,1,80,0,63,96,0,1,6,2020,2,2,2,8,1,1,1,2,1,0
130521,1,1,71,1,1,11,3,20,0,0,2,0,2,0,1,998,999,999,0,0,1,3,1,2,1,1,80,0,7,96,0,23,5,2020,7,4,2,8,1,1,1,2,1,0
130522,1,1,35,1,1,11,3,1,1,0,4,0,2,0,1,998,999,999,1,3,5,7,2,2,1,1,17,1,13,96,60,2,6,2020,3,21,2,12,2,3,1,3,1,1
130523,1,1,43,2,1,11,3,9,0,0,5,0,1,0,1,998,999,999,0,0,1,5,2,1,1,11,15,0,13,96,38,2,6,2020,3,15,2,12,2,3,1,1,1,4