ST_CASE,VEH_NO,PER_NO,AGE,SEX,PER_TYP,SEAT_POS,REST_USE,AIR_BAG,DRUGS,LOCATION,NUMOCCS,HIT_RUN,OWNER,V_CONFIG,HAZ_INV,TRAV_SP,DR_HGT,DR_WGT,PREV_SPD,SPEEDREL,VTRAFWAY,VNUM_LAN,VPROFILE,VPAVETYP,VSURCOND,P_CRASH1,P_CRASH2,DR_DRINK,VPICBODYCLASS,DRDISTRACT,DRIVERRF,DAY,MONTH,YEAR,DAY_WEEK,HOUR,RUR_URB,HARM_EV,RELJCT2,TYP_INT,REL_ROAD,LGT_COND,WEATHER,INJ_SEV
130525,1,1,60,1,1,11,99,1,0,0,1,0,1,0,1,998,999,999,99,5,5,5,1,1,1,1,11,1,7,96,999,3,6,2020,4,20,2,12,1,1,1,1,1,4
130526,1,1,37,2,1,11,20,1,0,0,1,0,1,0,1,998,999,999,0,0,5,5,2,2,1,15,6,1,7,96,0,3,6,2020,4,17,2,42,1,1,4,1,1,4
130527,1,1,37,1,1,11,3,1,1,0,1,0,5,0,1,998,999,999,2,3,1,2,1,2,1,6,10,0,60,0,28,3,6,2020,4,14,2,12,1,1,1,1,1,4
130528,1,1,72,1,1,11,20,1,0,0,1,0,2,0,1,998,999,999,0,0,1,2,2,2,1,14,13,0,60,0,0,3,6,2020,4,10,2,52,1,1,4,1,1,4
130531,1,1,56,1,1,11,20,1,0,0,1,0,5,0,1,998,999,999,0,3,3,3,2,2,1,1,6,0,3,0,36,4,6,2020,5,22,2,12,1,1,1,2,1,4
130532,1,1,26,1,1,11,99,1,0,0,1,0,2,0,1,998,999,999,1,3,3,6,1,1,1,1,54,0,7,0,51,5,6,2020,6,1,2,12,1,1,1,3,1,3
130533,1,1,60,2,1,11,3,20,0,0,1,0,1,0,1,998,999,999,0,3,1,2,1,2,1,14,6,1,13,0,51,5,6,2020,6,18,2,42,1,1,4,1,1,4
130535,1,1,26,1,1,11,3,20,0,0,1,0,1,0,1,998,999,999,0,0,6,2,2,1,1,1,80,0,7,0,0,5,6,2020,6,5,2,8,5,1,1,2,1,0
130538,1,1,33,1,1,11,3,20,0,0,1,0,0,21,1,998,999,999,99,0,1,5,1,2,1,11,80,0,16,96,91,7,6,2020,1,13,2,8,3,2,1,1,1,0
130540,1,1,998,9,1,11,20,9,9,0,4,1,0,0,1,998,999,999,99,3,1,2,3,2,1,14,6,0,7,96,37,7,6,2020,1,5,2,33,1,1,4,2,1,3
130541,1,1,30,1,1,11,20,20,0,0,1,0,2,0,1,998,999,999,99,0,1,2,2,2,1,14,98,1,95,96,0,8,6,2020,2,0,2,5,1,1,1,3,1,4
130542,1,1,64,1,1,11,3,20,0,0,1,0,2,0,1,998,63,999,0,0,2,2,2,2,1,1,54,0,3,96,51,8,6,2020,2,23,2,12,1,1,1,2,1,4
130543,1,1,25,1,1,11,20,20,0,0,2,0,2,0,1,998,70,135,0,0,1,2,2,2,1,14,13,1,60,15,6,8,6,2020,2,1,2,34,1,1,4,2,1,4
130545,1,1,70,1,1,11,3,9,0,0,1,0,1,0,1,998,999,999,0,0,1,2,1,2,1,1,91,0,13,96,0,9,6,2020,3,13,2,10,6,1,1,1,1,4
130546,1,1,30,1,1,11,20,8,1,0,2,1,2,0,1,998,71,999,0,0,3,2,1,2,2,1,51,1,13,96,91,9,6,2020,3,23,2,12,1,1,1,2,10,2
130547,1,1,33,1,1,11,3,20,0,0,1,0,3,0,1,998,999,999,0,0,1,3,1,2,1,1,80,0,13,96,16,10,6,2020,4,1,2,8,3,2,1,3,1,0
130550,1,1,62,1,1,11,99,9,1,0,1,0,1,0,1,998,999,999,0,0,1,2,1,2,1,14,10,0,60,96,0,12,6,2020,6,23,2,12,1,1,1,2,1,1
130551,1,1,28,1,1,11,20,20,0,0,1,0,2,0,1,998,999,999,0,4,6,2,1,2,1,14,6,0,80,96,0,12,6,2020,6,3,2,24,5,1,8,3,1,4
130552,1,1,34,1,1,11,20,20,8,0,1,0,1,0,1,998,999,999,0,0,3,5,1,2,1,1,19,0,82,0,0,8,3,2020,1,15,2,12,1,1,1,1,1,4
130555,1,1,69,1,1,11,3,9,0,0,1,0,1,0,1,998,999,999,0,0,1,2,2,2,1,14,10,0,7,96,28,13,6,2020,7,12,2,12,1,1,1,1,1,3
130556,1,1,20,2,1,11,3,9,0,0,2,0,2,0,1,998,999,999,0,0,1,2,1,2,1,11,15,0,13,96,38,14,6,2020,1,19,2,12,2,2,1,1,1,2
130557,1,1,39,1,1,11,20,20,0,0,1,0,1,0,1,998,999,999,0,0,3,6,2,2,1,1,99,1,81,96,0,14,6,2020,1,0,2,1,1,1,1,2,1,4
130558,1,1,26,1,1,11,99,9,0,0,1,0,1,0,1,998,69,295,3,0,2,2,1,1,1,1,13,0,13,96,0,14,6,2020,1,23,2,42,19,1,4,2,1,4
130562,1,1,22,1,1,11,3,20,0,0,1,0,1,0,1,998,999,999,4,0,1,5,1,2,1,1,80,0,13,0,0,15,6,2020,2,5,2,8,1,1,1,2,10,0
130565,1,1,999,9,1,11,99,20,8,0,99,1,9,99,1,999,999,999,99,0,2,3,2,2,1,99,80,0,999,0,0,24,6,2020,4,10,2,8,1,1,1,1,10,0
130566,1,1,41,1,1,11,20,20,0,0,1,0,3,1,1,998,999,999,0,0,1,2,2,2,1,14,83,0,111,0,0,24,6,2020,4,10,2,9,1,1,1,1,10,0
130567,1,1,18,2,1,11,3,1,0,0,2,0,3,0,1,119,999,999,0,2,3,2,1,2,1,1,55,0,13,0,27,13,6,2020,7,19,2,12,2,3,1,1,1,2
130568,1,1,51,1,1,11,3,1,0,0,1,0,2,0,1,998,999,999,0,0,2,4,1,2,1,11,17,0,13,0,38,18,6,2020,5,15,2,12,2,2,1,1,1,4
130570,1,1,44,1,1,11,20,1,0,0,1,0,3,0,1,998,999,999,0,4,1,2,1,2,2,11,15,0,13,0,38,15,6,2020,2,14,2,12,2,2,1,1,2,4
130571,1,1,68,1,1,11,3,1,0,0,1,0,1,0,1,998,999,999,1,0,1,5,2,2,1,14,6,0,60,0,27,14,6,2020,1,13,2,12,1,1,1,1,1,3
130573,1,1,33,1,1,11,20,20,0,0,1,0,1,0,1,998,999,999,1,0,3,4,1,2,1,1,80,1,81,0,6,14,6,2020,1,21,2,8,1,1,1,2,1,2
130574,1,1,61,1,1,11,3,20,0,0,1,0,1,6,1,998,999,999,0,0,3,3,1,2,1,1,80,0,66,0,0,15,6,2020,2,4,2,8,1,1,1,3,1,0
130575,1,1,999,1,1,11,20,1,9,0,3,1,2,0,1,998,999,999,99,9,1,2,2,2,1,99,6,0,7,99,0,27,6,2020,7,4,2,42,1,1,5,2,1,9
130576,1,1,23,1,1,11,20,1,0,0,1,0,2,0,1,998,67,140,0,4,2,2,1,2,1,14,6,1,3,0,36,17,6,2020,4,18,2,42,1,1,4,1,10,4
130577,1,1,29,1,1,11,99,20,8,0,2,0,1,0,1,998,999,999,0,0,2,3,2,2,2,15,80,0,8,96,0,22,6,2020,2,21,2,8,3,3,1,2,2,0
130581,1,1,49,1,1,11,20,20,8,0,2,0,1,0,1,998,63,217,0,0,3,2,1,1,1,1,1,0,81,96,80,18,6,2020,5,18,2,1,1,1,1,1,1,2
130584,1,1,25,1,1,11,20,9,0,0,1,0,1,0,1,998,999,999,0,5,1,2,1,2,2,14,6,0,3,96,0,22,6,2020,2,18,2,42,1,1,4,1,10,4
130585,1,1,39,2,1,11,3,20,0,0,1,0,1,0,1,998,999,999,1,0,3,2,2,2,1,1,12,0,13,96,0,28,6,2020,1,0,2,24,19,1,3,2,1,4
130586,1,1,90,1,1,11,3,8,8,0,1,0,1,0,1,998,999,999,0,0,1,2,1,4,1,11,15,0,13,96,38,25,6,2020,5,12,2,12,2,3,1,1,1,4
130587,1,1,54,1,1,11,20,9,8,0,1,0,1,0,1,998,999,999,2,4,1,2,2,2,2,1,13,0,13,96,0,23,6,2020,3,4,2,31,1,1,4,3,10,4
130588,1,1,21,1,1,11,3,20,0,0,3,0,2,0,1,998,999,999,1,0,1,2,2,2,1,1,17,0,13,96,91,26,6,2020,6,7,2,12,2,2,1,1,1,2
130590,1,1,21,1,1,11,99,20,8,0,1,0,1,0,1,998,999,999,0,0,3,3,1,2,1,1,13,0,7,96,0,17,6,2020,4,6,2,35,1,1,4,4,1,4
130591,1,1,38,2,1,11,99,20,1,0,99,1,1,0,1,998,999,999,0,4,1,2,1,2,1,14,13,1,7,6,36,16,6,2020,3,18,2,8,1,1,4,1,1,0
130592,1,1,22,1,1,11,99,20,0,0,1,0,1,0,1,998,999,999,0,0,1,7,1,2,1,1,80,0,13,96,0,20,6,2020,7,21,2,8,1,1,1,3,1,0
130593,1,1,50,2,1,11,3,9,0,0,1,0,1,0,1,998,999,999,0,0,1,2,1,2,2,11,15,0,13,96,38,22,6,2020,2,20,2,12,2,3,1,5,2,4
130594,1,1,45,1,1,11,3,20,0,0,3,0,1,0,1,998,999,999,0,0,1,2,1,2,1,1,83,0,7,96,0,20,6,2020,7,21,2,9,1,1,1,2,1,0
130595,1,1,20,1,1,11,20,9,1,0,3,0,2,0,1,998,999,999,0,0,1,2,1,2,1,14,13,1,13,96,58,16,6,2020,3,19,2,53,1,1,4,1,1,4
130597,1,1,50,2,1,11,3,2,1,0,1,0,2,0,1,998,999,999,0,0,1,2,1,2,1,1,17,0,13,96,91,16,6,2020,3,8,2,12,2,2,1,1,1,0
130607,1,1,29,1,1,11,20,20,8,0,1,0,9,0,1,998,999,999,1,4,3,4,1,2,2,1,51,0,80,96,26,4,7,2020,7,0,2,12,18,1,1,3,10,4
130608,1,1,35,1,1,11,20,9,8,0,2,0,1,0,1,998,999,999,0,0,1,2,1,2,1,1,13,0,13,3,0,4,7,2020,7,2,2,42,1,1,4,2,1,2
130609,1,1,30,1,1,11,3,9,0,0,1,0,1,0,1,998,999,999,0,5,4,4,2,1,98,1,17,0,7,96,39,5,7,2020,1,0,2,12,2,2,1,3,1,2
130610,1,1,66,1,1,11,3,20,0,0,1,0,1,0,1,998,999,999,0,0,5,5,1,2,1,15,8,0,13,96,0,5,7,2020,1,23,2,42,1,1,4,3,1,4
130611,1,1,998,8,1,11,98,98,8,0,99,1,9,99,1,998,999,999,99,0,1,2,2,2,2,99,82,0,998,96,0,7,7,2020,3,3,2,8,1,1,1,2,10,9
130612,1,1,54,2,1,11,3,9,0,0,1,0,1,0,1,998,999,999,0,0,1,2,1,2,1,1,62,0,5,96,0,11,7,2020,7,17,2,12,1,1,1,1,1,4
130615,1,1,26,1,1,11,20,20,0,0,1,0,2,0,1,998,999,999,99,0,3,3,2,2,1,1,98,0,13,96,0,26,6,2020,6,4,2,12,1,1,1,2,1,4
130620,1,1,37,1,1,11,20,8,0,0,1,0,1,0,1,998,999,999,99,0,1,2,1,2,2,14,10,0,13,96,28,27,6,2020,7,20,2,12,1,1,1,5,10,4
130621,1,1,20,1,1,11,20,9,1,0,1,0,1,0,1,998,999,999,0,0,1,2,2,2,1,14,13,1,60,96,0,27,6,2020,7,0,2,42,1,1,4,2,1,4
130622,1,1,80,1,1,11,3,3,0,0,3,0,1,0,1,998,999,999,0,0,3,2,2,2,1,15,10,0,7,96,91,26,6,2020,6,16,2,12,1,1,1,1,10,1
130623,1,1,30,2,1,11,3,20,0,0,1,0,3,6,1,998,999,999,0,0,3,3,1,2,1,1,80,0,66,96,0,24,6,2020,4,23,2,8,98,1,1,2,1,0
130625,1,1,998,1,1,11,3,9,8,0,1,0,2,0,1,998,999,999,1,0,1,2,3,2,99,14,6,0,13,96,0,30,6,2020,3,12,2,34,1,1,4,9,99,4
130626,1,1,998,1,1,11,20,8,0,0,1,0,1,0,1,998,999,999,0,0,0,0,0,0,0,11,15,0,60,96,38,30,6,2020,3,7,2,12,8,1,1,1,1,4
130628,1,1,86,2,1,11,3,20,0,0,1,0,1,0,1,998,999,999,0,0,1,2,2,2,1,1,17,0,7,96,38,28,6,2020,1,12,2,12,2,2,1,1,10,1
130632,1,1,60,1,1,11,3,9,0,0,1,0,1,0,1,998,999,999,0,0,1,2,1,2,1,1,10,0,13,0,0,1,5,2020,6,6,2,12,1,1,1,1,10,4
130634,1,1,24,1,1,11,3,20,0,0,2,0,1,0,1,998,999,999,0,0,1,2,1,2,2,99,17,0,60,96,0,23,5,2020,7,15,2,12,2,2,1,1,2,0
130636,1,1,21,2,1,11,3,8,0,0,1,0,1,0,1,998,999,999,0,0,3,4,1,2,2,15,10,0,1,0,0,26,11,2020,5,0,2,52,1,1,3,2,2,4
130641,1,1,60,1,1,11,99,8,8,0,1,0,3,0,1,998,999,999,0,0,3,3,1,2,1,1,18,0,13,0,0,11,1,2020,7,2,2,12,1,1,1,2,10,4
130642,1,1,75,1,1,11,3,9,0,0,1,0,1,0,1,998,999,999,0,0,3,3,1,2,1,1,19,0,60,0,0,1,4,2020,4,13,2,12,1,1,1,1,1,4
130643,1,1,57,1,1,11,3,9,0,0,1,0,1,0,1,998,999,999,0,0,2,2,1,2,2,1,54,1,13,96,91,25,7,2020,7,22,2,12,1,1,1,2,1,3
130644,1,1,55,1,1,11,20,9,9,0,1,0,1,0,1,998,999,999,0,4,1,2,1,2,2,14,13,1,60,96,0,14,8,2020,6,6,2,32,1,1,4,4,5,4
130646,1,1,24,1,1,11,3,20,0,0,99,1,1,0,1,998,999,999,1,0,6,2,1,2,1,1,80,0,7,0,0,13,9,2020,1,22,2,8,5,1,1,2,1,1
130647,1,1,24,2,1,11,20,9,1,0,2,0,2,0,1,998,999,999,1,0,3,3,1,1,1,1,12,0,13,96,0,25,9,2020,6,21,2,25,19,1,3,3,10,4
130650,1,1,64,2,1,11,99,9,0,0,1,0,1,0,1,998,999,999,0,0,1,2,3,2,1,1,10,0,13,96,0,16,10,2020,6,22,2,12,1,1,1,3,1,4
130651,1,1,24,1,1,11,20,20,0,0,1,0,1,0,1,998,999,999,2,3,5,5,1,2,1,1,10,0,84,96,36,20,10,2020,3,20,2,12,8,1,1,2,1,4
130652,1,1,66,2,1,11,2,20,0,0,1,0,1,0,1,998,999,999,0,0,1,2,1,2,1,14,6,0,7,96,0,25,10,2020,1,10,2,32,1,1,4,1,10,4
130653,1,1,51,1,1,11,99,8,1,0,1,0,1,0,1,998,999,999,1,0,2,1,2,2,1,1,62,0,60,96,0,30,10,2020,6,14,2,12,8,1,1,1,1,0
130654,1,1,51,1,1,11,20,20,0,0,1,0,1,0,1,998,999,999,0,0,2,3,1,2,1,1,63,0,82,96,84,31,10,2020,7,17,2,12,1,1,1,1,1,4
130655,1,1,46,2,1,11,99,9,9,0,4,0,2,0,1,998,999,999,0,0,2,2,2,2,1,1,13,0,13,0,0,1,11,2020,1,21,2,33,1,1,4,3,1,4
130656,1,1,59,1,1,11,20,8,8,0,1,0,3,0,1,998,999,999,0,0,2,3,1,2,1,11,15,0,7,96,39,4,8,2020,3,10,2,12,2,2,1,1,1,4
130657,1,1,20,1,1,11,3,20,0,0,1,0,2,0,1,998,999,999,0,0,3,5,3,2,1,1,80,0,7,96,86,16,10,2020,6,21,2,8,18,1,1,3,1,0
130658,1,1,28,1,1,11,3,2,0,0,1,0,1,0,1,998,999,999,2,0,1,2,2,2,1,11,15,0,13,96,38,21,10,2020,4,6,2,12,4,1,1,2,10,0
130659,1,1,33,2,1,11,99,99,8,0,1,0,1,0,1,998,999,999,0,0,1,2,1,2,1,1,18,0,13,0,0,21,10,2020,4,1,2,8,1,1,1,3,1,0
130660,1,1,33,1,1,11,3,8,0,0,1,0,2,0,1,998,999,999,0,0,1,3,3,2,1,14,12,0,60,96,0,21,10,2020,4,10,2,30,1,1,4,1,1,4
130661,1,1,30,1,1,11,3,20,0,0,1,0,2,0,1,998,999,999,0,0,5,5,1,2,1,1,80,0,13,96,0,25,10,2020,1,21,2,8,1,1,1,2,1,0
130662,1,1,23,2,1,11,3,9,9,0,1,0,1,0,1,998,999,999,0,4,1,2,1,2,1,14,6,0,60,96,0,5,11,2020,5,16,2,42,1,1,4,1,1,4
130663,1,1,47,2,1,11,3,20,0,0,1,0,1,0,1,998,999,999,99,0,2,2,1,2,2,1,10,0,13,96,0,11,11,2020,4,14,2,12,1,1,1,1,2,4
130664,1,1,43,1,1,11,99,9,0,0,1,0,1,0,1,998,999,999,0,0,2,4,2,2,1,14,62,0,13,0,0,24,11,2020,3,18,2,12,1,1,1,2,1,4
130665,1,1,46,1,1,11,3,98,0,0,2,0,1,0,1,998,999,999,0,0,5,5,1,2,2,14,13,0,2,0,6,11,11,2020,4,3,2,42,1,1,5,3,2,3
130666,1,1,46,1,1,11,20,20,9,0,1,0,1,0,1,998,999,999,1,0,1,2,1,2,1,14,50,0,94,96,84,27,11,2020,6,18,2,1,2,4,1,2,10,4
130667,1,1,29,1,1,11,3,20,0,0,1,0,1,0,1,998,999,999,1,0,1,4,1,2,1,1,80,0,7,96,0,27,11,2020,6,18,2,8,1,1,1,3,10,0
130668,1,1,24,2,1,11,3,9,0,0,2,0,1,0,1,998,999,999,0,0,5,5,1,2,1,1,10,0,13,96,51,25,11,2020,4,11,2,12,1,1,1,1,1,1
130669,1,1,42,1,1,11,3,20,0,0,1,0,1,0,1,998,999,999,0,0,5,5,1,2,1,1,80,0,7,0,0,27,11,2020,6,19,2,8,1,1,1,3,1,0
130670,1,1,63,1,1,11,3,1,0,0,1,0,1,0,1,998,999,999,0,0,2,4,1,2,1,1,8,0,60,0,58,26,6,2020,6,12,2,59,1,1,4,1,1,4
130675,1,1,39,1,1,11,20,20,0,0,4,0,1,0,1,998,999,999,0,3,1,2,1,2,1,11,6,1,124,0,6,3,7,2020,6,23,2,1,3,3,1,3,1,2
130676,1,1,71,1,1,11,3,20,0,0,1,0,1,1,1,998,999,999,0,0,2,2,1,1,1,1,19,0,60,0,88,4,7,2020,7,9,2,54,1,1,1,1,1,0
130677,1,1,44,1,1,11,3,9,1,0,1,0,1,0,1,998,999,999,0,0,1,2,1,2,1,14,10,0,60,96,91,4,7,2020,7,14,2,12,1,1,1,1,1,0
130680,1,1,34,1,1,11,20,20,0,0,2,0,1,0,1,998,999,999,0,3,3,2,2,1,1,1,51,0,80,96,37,4,7,2020,7,21,2,12,1,1,1,2,1,3
130681,1,1,72,1,1,11,20,8,9,0,1,0,1,0,1,998,999,999,0,4,3,1,1,2,1,11,6,1,13,96,48,4,7,2020,7,22,2,46,3,3,4,3,1,4
130684,1,1,39,1,1,11,3,9,0,0,1,0,2,0,1,998,999,999,0,0,1,2,1,2,1,1,17,0,13,96,38,5,7,2020,1,18,2,12,2,2,1,1,10,2
130690,1,1,24,2,1,11,3,9,0,0,1,0,1,0,1,998,999,999,0,0,1,2,2,2,1,1,13,1,3,96,0,7,7,2020,3,1,2,33,1,1,4,3,10,4
130693,1,1,38,1,1,11,20,9,0,0,3,0,1,0,1,998,999,999,1,4,5,7,1,2,6,1,6,0,60,96,91,7,7,2020,3,7,2,12,1,1,1,1,2,3
130694,1,1,32,1,1,11,99,9,0,0,1,0,2,0,1,998,999,999,0,0,3,7,1,2,1,15,10,0,60,96,27,8,7,2020,4,1,2,12,1,1,1,3,10,4
130695,1,1,31,1,1,11,20,20,0,0,1,0,0,0,1,998,999,999,0,9,1,2,1,1,1,1,19,0,125,0,0,8,7,2020,4,23,2,12,3,3,1,2,1,4
130696,1,1,51,1,1,11,3,8,0,0,1,0,1,0,1,998,68,999,0,0,3,7,1,2,1,11,17,0,60,0,38,9,7,2020,5,17,2,12,2,3,1,1,1,1
130700,1,1,73,2,1,11,3,8,0,0,1,0,1,0,1,998,999,999,0,0,0,0,0,0,0,11,15,0,13,96,38,10,7,2020,6,15,2,12,8,1,1,1,1,3
130701,1,1,59,1,1,11,3,1,1,0,1,0,1,0,1,998,999,999,0,0,1,2,2,2,1,14,10,0,3,96,28,10,7,2020,6,16,2,12,1,1,1,1,1,4
130703,1,1,50,1,1,11,20,1,0,0,1,0,1,0,1,998,999,999,0,0,1,2,2,2,1,14,13,0,13,96,58,11,7,2020,7,5,2,53,1,1,4,3,1,4
130705,1,1,22,1,1,11,3,1,0,0,3,0,1,0,1,998,999,999,1,4,2,2,1,2,1,1,6,0,13,96,36,12,7,2020,1,13,2,42,1,1,3,1,1,2
130706,1,1,19,1,1,11,99,20,9,0,1,0,2,0,1,998,999,999,0,0,1,2,1,5,1,1,90,0,60,96,39,5,12,2020,7,9,2,10,6,1,1,1,1,4
130708,1,1,999,9,1,11,99,98,0,0,99,1,9,99,1,998,999,999,99,9,1,4,3,2,1,1,80,0,999,96,999,12,7,2020,1,22,2,8,1,1,1,2,1,0
130709,1,1,30,1,1,11,20,9,0,0,1,0,1,0,1,998,999,999,1,0,1,2,2,2,1,1,10,1,13,96,28,12,7,2020,1,22,2,12,1,1,1,2,1,4
130710,1,1,30,1,1,11,20,20,1,0,1,0,1,0,1,998,999,999,0,3,1,5,1,2,1,1,17,0,69,96,36,12,7,2020,1,22,2,12,2,2,1,2,1,4
130711,1,1,38,1,1,11,3,8,8,0,2,0,1,0,1,998,999,999,99,3,2,4,1,2,1,1,13,1,13,96,36,13,7,2020,2,8,2,35,1,1,4,1,1,1
130713,1,1,24,1,1,11,99,9,1,0,1,0,2,0,1,998,999,999,0,0,1,2,1,2,1,14,13,1,13,96,0,13,7,2020,2,19,2,30,1,1,4,1,1,4
130715,1,1,16,1,1,11,3,99,0,0,1,0,2,0,1,998,999,999,0,9,3,2,2,2,1,14,6,1,7,96,0,14,7,2020,3,3,2,42,1,1,3,2,10,4
130717,1,1,65,1,1,11,3,20,0,0,1,0,1,0,1,998,999,999,0,0,1,2,1,2,1,1,8,0,7,96,0,14,7,2020,3,13,2,41,1,1,4,1,1,4
130720,1,1,22,1,1,11,20,9,0,0,1,0,1,0,1,998,999,999,1,3,2,1,1,2,1,14,13,0,13,96,0,14,7,2020,3,14,2,34,1,1,4,1,1,4
130723,1,1,35,1,1,11,3,20,0,0,2,0,3,7,1,998,999,999,0,0,3,3,1,2,1,1,13,0,66,0,0,15,7,2020,4,8,2,59,19,1,4,1,1,4
130725,1,1,48,1,1,11,3,20,0,0,1,0,2,1,1,998,999,999,0,0,1,4,1,2,2,11,15,0,60,96,38,6,12,2020,1,18,2,12,2,3,1,2,2,0
130728,1,1,63,1,1,11,20,9,0,0,1,0,1,0,1,998,999,999,0,3,1,2,2,2,1,14,13,1,13,96,0,15,7,2020,4,19,2,33,1,1,4,1,10,4
130729,1,1,20,1,1,11,20,20,0,0,4,0,2,0,1,998,999,999,0,3,1,2,1,2,1,6,13,0,7,96,6,15,7,2020,4,21,2,40,1,1,4,2,1,4
130731,1,1,36,1,1,11,99,20,0,0,1,0,3,2,1,998,999,999,0,0,3,6,1,2,1,1,50,0,11,96,0,7,12,2020,2,9,2,12,1,1,1,1,10,0
130732,1,1,29,1,1,11,3,8,0,0,1,0,1,0,1,998,999,999,0,0,3,3,1,2,1,15,51,0,13,0,35,7,12,2020,2,10,2,12,1,1,1,1,1,0
130733,1,1,35,1,1,11,20,20,1,0,1,0,1,0,1,998,999,999,0,0,2,3,1,2,1,1,13,1,3,96,0,16,7,2020,5,4,2,52,1,1,4,2,1,4
130734,1,1,42,1,1,11,99,20,0,0,1,0,3,2,1,998,999,999,0,0,3,3,2,1,1,1,98,0,11,96,0,16,7,2020,5,10,2,14,19,1,2,1,1,0
130736,1,1,26,2,1,11,20,20,0,0,1,0,1,0,1,998,999,999,0,0,3,2,1,1,1,14,13,0,13,96,0,16,7,2020,5,16,2,31,1,1,4,1,1,4
130744,1,1,23,1,1,11,20,9,0,0,1,0,2,0,1,998,999,999,0,3,1,2,6,2,1,14,6,1,13,96,28,18,7,2020,7,0,2,12,2,3,1,2,10,4
130746,1,1,80,2,1,11,3,9,0,0,3,0,1,0,1,998,999,999,0,0,2,1,2,2,1,11,15,0,13,96,38,18,7,2020,7,16,2,12,2,2,1,1,1,3
130749,1,1,20,1,1,11,3,20,0,0,1,0,1,0,1,998,999,999,0,0,2,2,1,2,1,1,82,0,5,96,0,18,7,2020,7,23,2,8,1,1,1,2,1,0
130750,1,1,25,1,1,11,20,3,0,0,1,0,1,0,1,998,999,999,2,0,1,2,2,2,1,1,13,1,60,96,0,19,7,2020,1,0,2,53,1,1,4,2,1,4
130754,1,1,18,1,1,11,3,20,0,0,1,0,2,0,1,998,999,999,0,0,1,2,1,2,1,1,50,0,60,0,26,6,11,2020,6,18,2,12,1,1,1,2,1,0
130760,1,1,30,1,1,11,20,20,0,0,1,0,2,0,1,998,999,999,0,3,2,4,1,2,1,14,6,1,80,0,37,21,7,2020,3,1,2,1,8,1,4,3,1,4
130761,1,1,44,1,1,11,20,1,1,0,2,0,1,0,1,998,999,999,1,0,2,4,2,2,1,1,65,0,7,0,34,28,11,2020,7,19,2,12,8,1,1,3,1,4
130762,1,1,17,1,1,11,3,8,0,0,4,0,5,0,1,998,999,999,99,3,6,2,2,2,1,14,6,0,7,0,37,21,7,2020,3,1,2,33,5,1,8,2,1,4
130763,1,1,35,1,1,11,99,1,0,0,1,0,1,0,1,998,999,999,0,4,6,2,1,2,1,1,19,0,7,0,6,21,7,2020,3,6,2,12,5,1,1,4,1,1
130765,1,1,50,1,1,11,3,20,0,0,1,0,3,6,1,998,73,235,1,0,3,2,2,1,1,1,80,0,66,96,0,22,7,2020,4,1,2,8,1,1,1,2,1,0
130769,1,1,36,2,1,11,3,1,0,0,6,0,1,0,1,998,999,999,0,4,1,2,1,2,1,14,6,1,13,96,0,23,7,2020,5,1,2,42,1,1,4,2,1,4
130770,1,1,37,1,1,11,3,20,0,0,1,0,1,0,1,998,999,999,0,0,5,6,1,2,1,1,80,0,60,96,0,23,7,2020,5,21,2,8,1,1,1,3,1,0
130771,1,1,74,1,1,11,20,1,0,0,1,0,1,0,1,998,999,999,0,0,3,4,1,2,1,1,80,0,13,96,0,24,7,2020,6,11,2,8,1,1,1,1,1,1
130773,1,1,25,1,1,11,20,1,0,0,1,0,2,0,1,998,999,999,1,0,2,3,2,2,2,1,9,0,13,96,0,7,12,2020,2,4,2,34,1,1,3,2,10,4
130774,1,1,20,1,1,11,99,20,0,0,2,0,5,0,1,998,999,999,0,4,4,3,2,2,1,1,13,0,7,96,74,7,12,2020,2,9,2,33,1,1,4,1,1,4
130775,1,1,44,1,1,11,3,20,1,0,1,0,3,2,1,998,999,999,0,4,3,4,1,1,1,1,18,1,11,0,6,4,12,2020,6,10,2,12,1,1,1,1,1,2
130776,1,1,44,1,1,11,20,20,8,0,1,0,1,0,1,998,999,999,0,0,1,2,1,2,1,1,50,0,12,0,0,24,7,2020,6,17,2,12,1,1,1,1,1,4
130777,1,1,46,1,1,11,3,20,1,0,2,0,1,0,1,998,999,999,1,0,2,2,1,2,1,1,84,1,7,96,0,25,7,2020,7,2,2,9,1,1,1,2,1,0
130778,1,1,32,2,1,11,20,1,1,0,1,0,1,0,1,998,999,999,0,0,1,2,1,2,8,1,13,1,3,96,0,25,7,2020,7,19,2,42,1,1,4,2,8,4
130779,1,1,4,2,2,23,4,9,0,0,3,0,1,0,1,998,999,999,0,0,2,4,2,1,1,1,17,0,13,96,39,25,7,2020,7,12,2,12,2,2,1,1,1,4
130784,1,1,24,1,1,11,99,9,1,0,1,0,1,0,1,998,999,999,1,4,0,0,0,0,0,1,19,0,13,96,23,27,7,2020,2,4,2,12,8,1,1,3,1,4