ST_CASE,VEH_NO,PER_NO,AGE,SEX,PER_TYP,SEAT_POS,REST_USE,AIR_BAG,DRUGS,LOCATION,NUMOCCS,HIT_RUN,OWNER,V_CONFIG,HAZ_INV,TRAV_SP,DR_HGT,DR_WGT,PREV_SPD,SPEEDREL,VTRAFWAY,VNUM_LAN,VPROFILE,VPAVETYP,VSURCOND,P_CRASH1,P_CRASH2,DR_DRINK,VPICBODYCLASS,DRDISTRACT,DRIVERRF,DAY,MONTH,YEAR,DAY_WEEK,HOUR,RUR_URB,HARM_EV,RELJCT2,TYP_INT,REL_ROAD,LGT_COND,WEATHER,INJ_SEV
130786,1,1,20,2,1,11,3,20,0,0,1,0,1,0,1,998,999,999,0,0,1,5,1,2,1,11,15,0,13,96,38,27,7,2020,2,14,2,12,2,3,1,1,1,0
130787,1,1,35,1,1,11,2,9,0,0,2,0,1,0,1,998,999,999,0,2,1,2,1,2,1,14,13,0,1,96,39,27,7,2020,2,21,2,35,1,1,4,2,1,4
130788,1,1,48,1,1,11,3,20,8,0,2,0,2,0,1,998,999,999,1,0,2,2,1,2,1,1,82,0,60,96,0,27,7,2020,2,23,2,8,1,1,1,2,10,0
130792,1,1,55,1,1,11,20,20,0,0,1,0,1,0,1,998,999,999,1,4,5,5,1,2,2,1,6,0,80,96,87,20,9,2020,1,15,2,58,1,1,4,1,2,4
130793,1,1,47,1,1,11,3,20,8,0,1,0,2,0,1,998,999,999,0,0,2,1,2,2,2,1,80,0,7,96,0,28,7,2020,3,21,2,8,1,1,1,2,2,0
130794,1,1,45,2,1,11,3,9,9,0,1,0,2,0,1,998,999,999,0,3,3,2,3,2,1,14,6,0,13,96,36,30,7,2020,5,7,2,12,1,1,1,1,1,1
130795,1,1,55,1,1,11,3,9,0,0,2,0,2,0,1,998,999,999,0,0,2,1,1,2,1,1,13,0,13,96,58,30,7,2020,5,10,2,12,1,1,1,1,1,4
130797,1,1,35,1,1,11,20,20,8,0,1,0,1,0,1,998,999,999,1,4,2,2,3,2,1,1,17,0,98,96,37,30,7,2020,5,20,2,12,2,3,1,1,1,4
130798,1,1,93,1,1,11,3,20,0,0,1,0,1,0,1,998,999,999,0,0,5,5,1,2,1,16,11,0,60,96,38,5,10,2020,2,10,2,12,1,1,1,1,1,4
130799,1,1,29,1,1,11,20,9,8,0,1,0,1,0,1,998,999,999,0,4,2,2,1,2,1,14,12,1,7,96,0,31,7,2020,6,4,2,12,1,1,1,2,1,4
130802,1,1,28,1,1,11,20,8,0,0,1,0,1,0,1,998,999,999,0,0,1,2,1,2,1,1,11,0,13,96,0,31,7,2020,6,21,2,59,1,1,4,2,10,4
130803,1,1,53,1,1,11,3,20,0,0,1,0,2,0,1,998,999,999,1,0,3,4,1,2,1,1,18,0,13,96,26,1,8,2020,7,6,2,12,2,2,1,2,1,0
130804,1,1,35,1,1,11,20,20,0,0,1,0,1,0,1,998,999,999,0,0,1,2,3,2,1,1,98,0,80,96,0,1,8,2020,7,8,2,7,3,3,1,1,10,4
130805,1,1,42,1,1,11,3,9,0,0,1,0,1,0,1,998,999,999,0,0,1,2,2,2,1,14,10,0,7,96,51,1,8,2020,7,20,2,12,1,1,1,8,1,2
130807,1,1,75,1,1,11,3,8,8,0,1,0,1,0,1,998,999,999,0,0,1,2,1,2,1,1,12,0,60,96,0,10,9,2020,5,11,2,42,1,1,4,1,10,4
130808,1,1,19,1,1,11,3,8,8,0,1,0,2,0,1,998,999,999,1,0,1,2,2,2,1,14,10,0,13,96,39,1,8,2020,7,14,2,12,1,1,1,1,1,4
130810,1,1,30,1,1,11,20,8,0,0,1,0,1,0,1,998,999,999,0,0,5,3,1,2,2,1,14,1,13,96,39,9,10,2020,6,23,2,34,3,3,4,3,2,4
130812,2,1,45,1,1,11,3,20,0,0,1,0,1,6,1,998,999,999,0,0,3,3,1,2,1,1,50,0,66,96,0,25,10,2020,1,23,2,8,1,1,1,2,1,0
130815,1,1,38,1,1,11,3,9,8,0,2,0,2,0,1,998,999,999,1,0,5,5,1,2,1,1,82,0,60,96,0,2,8,2020,1,1,2,8,1,1,1,2,1,0
130816,1,1,65,1,1,11,3,20,0,0,1,0,1,0,1,998,999,999,0,3,1,2,1,2,1,1,12,0,7,96,28,2,8,2020,1,7,2,33,1,1,4,1,1,4
130817,1,1,63,2,1,11,20,20,0,0,1,0,2,0,1,998,999,999,0,0,1,2,8,2,98,11,13,0,94,96,48,2,8,2020,1,12,2,59,3,2,4,1,1,4
130818,1,1,31,2,1,11,3,20,0,0,2,0,1,0,1,998,999,999,1,0,0,0,0,0,0,11,15,0,2,0,30,2,8,2020,1,14,2,12,8,1,1,1,1,0
130819,1,1,34,2,1,11,3,20,8,0,1,0,2,0,1,998,999,999,0,4,6,1,2,1,2,14,10,0,7,0,28,28,8,2020,6,16,2,12,5,1,1,1,2,1
130820,1,1,21,1,1,11,20,9,0,0,1,1,5,0,1,998,999,999,0,0,1,7,2,2,1,1,17,0,60,96,39,2,8,2020,1,14,2,12,2,2,1,1,1,0
130821,1,1,22,1,1,11,20,9,0,0,2,0,5,0,1,998,999,999,0,3,2,2,2,2,1,14,10,0,13,96,51,2,8,2020,1,15,2,12,1,1,1,1,1,2
130823,1,1,50,1,1,11,1,20,8,0,1,0,3,6,1,998,67,250,0,0,3,3,2,1,1,1,80,0,66,96,0,2,8,2020,1,23,2,8,1,1,1,2,1,0
130824,1,1,18,1,1,11,3,2,0,0,1,0,2,0,1,998,999,999,0,3,1,2,1,2,1,1,14,0,7,96,39,3,8,2020,2,18,2,42,3,3,4,1,1,4
130825,1,1,31,2,1,11,20,20,0,0,1,0,1,0,1,998,999,999,0,4,1,2,2,2,2,14,12,0,69,96,0,3,8,2020,2,20,2,53,1,1,4,3,10,4
130826,1,1,32,1,1,11,3,20,1,0,2,0,2,0,1,998,999,999,0,0,3,3,1,2,1,1,11,1,60,0,0,4,8,2020,3,2,2,8,1,1,1,2,1,0
130828,1,1,19,1,2,13,20,8,0,0,2,0,1,0,1,998,999,999,0,0,2,4,1,2,1,1,55,0,13,0,0,4,8,2020,3,16,2,12,2,2,1,1,1,4
130829,1,1,64,1,1,11,3,9,1,0,1,0,2,0,1,998,999,999,0,0,1,3,1,2,1,11,54,1,13,96,6,4,8,2020,3,18,2,12,2,2,1,1,10,1
130830,1,1,42,2,1,11,3,20,0,0,1,0,1,0,1,998,999,999,1,0,2,5,1,2,1,1,80,0,7,96,0,4,8,2020,3,22,2,8,1,1,1,3,1,0
130834,1,1,26,2,1,11,3,20,0,0,99,1,1,0,1,998,999,999,0,0,2,4,1,2,2,1,80,0,13,5,91,12,9,2020,7,2,2,8,3,2,1,3,10,0
130835,1,1,26,2,1,11,20,9,1,0,3,0,2,0,1,998,999,999,0,0,3,3,2,2,2,1,12,1,7,0,57,10,10,2020,7,7,2,24,1,1,3,4,10,1
130836,1,1,76,2,1,11,3,1,0,0,1,0,1,0,1,998,999,999,0,0,2,4,2,2,1,11,15,0,13,96,38,5,8,2020,4,16,2,12,2,2,1,1,10,4
130841,1,1,998,1,1,11,3,9,1,0,2,0,2,0,1,998,999,999,0,3,2,6,1,2,2,1,51,1,119,96,27,11,10,2020,1,1,2,12,1,1,1,3,2,1
130843,1,1,34,1,1,11,20,20,0,0,1,0,1,0,1,998,999,999,0,0,1,2,1,2,1,1,9,0,80,96,0,6,8,2020,5,19,2,1,1,1,1,1,10,4
130844,1,1,47,1,1,11,20,1,0,0,1,0,1,0,1,998,999,999,1,0,3,4,1,2,2,1,9,0,13,96,0,8,8,2020,7,2,2,32,1,1,4,2,10,4
130846,1,1,999,9,1,11,98,98,8,0,99,1,9,99,1,998,999,999,99,9,1,2,2,2,1,1,80,0,999,96,999,13,10,2020,3,4,2,8,1,1,1,3,1,0
130847,1,1,29,1,1,11,20,20,0,0,1,0,1,0,1,998,999,999,1,2,1,2,2,2,1,14,13,1,82,96,0,8,8,2020,7,20,2,34,1,1,4,2,1,4
130849,1,1,998,8,1,11,98,98,0,0,99,1,9,99,1,998,999,999,99,0,2,8,1,2,1,1,82,0,999,96,0,8,8,2020,7,21,2,8,98,1,1,3,1,0
130850,1,1,41,1,1,11,3,8,0,0,1,0,1,0,1,998,999,999,1,0,2,5,1,2,1,1,83,0,13,96,0,9,8,2020,1,4,2,9,1,1,1,2,10,0
130851,1,1,35,1,1,11,3,20,0,0,1,0,1,0,1,998,999,999,0,4,3,3,3,2,1,1,80,1,60,12,0,9,8,2020,1,5,2,8,18,1,1,2,1,0
130856,1,1,34,2,1,11,20,9,0,0,1,0,3,0,1,998,69,270,0,0,1,2,2,2,1,14,62,0,62,96,0,9,8,2020,1,23,2,12,1,1,1,2,1,3
130857,1,1,63,1,1,11,20,20,0,0,1,0,2,0,1,998,999,999,0,0,1,2,1,2,1,1,12,0,60,96,0,18,10,2020,1,12,2,34,3,3,4,1,1,4
130858,1,1,49,1,1,11,20,9,1,0,1,0,1,0,1,998,999,999,0,0,1,2,1,1,1,14,10,1,7,0,28,20,10,2020,3,8,2,12,1,1,1,1,1,4
130859,1,1,35,2,1,11,99,9,0,0,1,0,1,0,1,998,999,999,0,0,1,3,1,2,1,11,15,0,13,96,38,20,10,2020,3,6,2,12,2,2,1,4,1,2
130860,1,1,30,1,1,11,20,20,0,0,1,0,1,0,1,998,999,999,0,3,5,5,1,1,1,1,6,0,80,0,8,23,10,2020,6,17,2,12,2,3,1,1,1,4
130861,1,1,64,1,1,11,20,20,0,0,1,0,1,0,1,998,999,999,1,0,1,2,1,2,1,1,13,0,81,0,0,25,10,2020,1,20,2,53,1,1,4,2,1,4
130862,1,1,52,1,1,11,3,8,0,0,1,0,1,0,1,998,999,999,0,9,1,3,1,2,1,1,51,0,3,0,26,31,10,2020,7,20,2,12,1,1,1,2,1,4
130864,1,1,44,1,1,11,3,1,0,0,1,0,1,0,1,998,999,999,2,0,2,2,1,1,1,1,51,0,60,96,26,9,12,2020,4,4,2,12,1,1,1,2,1,4
130868,1,1,68,1,1,11,3,20,0,0,1,0,3,21,1,998,999,999,0,0,5,5,1,2,1,98,80,0,16,96,0,11,8,2020,3,13,2,8,4,1,1,1,1,0
130869,1,1,22,2,1,11,3,20,0,0,1,0,2,0,1,998,999,999,0,0,1,2,2,2,1,11,15,0,7,96,91,11,8,2020,3,16,2,12,2,3,1,1,10,2
130871,1,1,27,1,1,11,3,9,0,0,1,0,1,0,1,998,999,999,0,0,2,3,1,2,1,11,15,0,60,96,38,12,8,2020,4,6,2,12,2,2,1,4,1,4
130875,1,1,88,1,1,11,20,20,0,0,1,0,1,0,1,998,999,999,0,0,1,6,3,2,1,11,15,0,60,0,38,13,8,2020,5,17,2,12,2,2,1,1,10,4
130876,1,1,60,2,1,11,3,20,0,0,1,0,1,0,1,998,999,999,0,0,1,5,1,2,1,1,80,0,13,96,0,14,8,2020,6,6,2,8,3,2,1,1,1,0
130878,1,1,41,1,1,11,20,9,0,0,1,0,2,0,1,998,999,999,1,0,1,2,1,2,1,1,13,0,7,96,0,14,8,2020,6,7,2,38,1,1,4,1,1,4
130879,1,1,27,1,1,11,20,20,1,0,1,0,2,0,1,998,999,999,1,3,2,5,1,2,1,1,17,1,80,96,39,14,8,2020,6,11,2,12,2,2,1,1,1,4
130880,1,1,23,1,1,11,3,20,8,0,1,0,1,0,1,998,999,999,1,4,2,3,2,2,2,15,6,0,60,96,51,14,8,2020,6,16,2,12,1,1,1,1,10,3
130881,1,1,71,1,1,11,99,2,0,0,1,0,1,0,1,998,999,999,0,0,1,5,1,2,1,11,15,0,2,0,38,14,8,2020,6,18,2,12,8,1,1,1,10,0
130882,1,1,61,1,1,11,3,20,0,0,2,0,1,0,1,998,999,999,0,0,1,6,1,2,1,1,80,0,60,0,0,15,8,2020,7,23,2,8,3,2,1,3,1,0
130883,1,1,27,2,1,11,20,20,8,0,2,0,0,0,1,998,999,999,0,0,1,2,2,2,1,14,6,1,69,0,52,16,8,2020,1,6,2,31,1,1,4,4,1,4
130884,1,1,60,2,1,11,20,8,1,0,1,0,1,0,1,998,999,999,1,3,1,2,1,2,1,1,6,1,7,0,74,16,8,2020,1,11,2,42,1,1,4,1,1,4
130885,1,1,41,1,1,11,99,20,0,0,1,0,1,0,1,38,999,999,0,0,1,2,1,2,1,1,80,1,13,0,0,16,8,2020,1,20,2,8,1,1,1,5,1,0
130886,1,1,49,2,1,11,3,9,0,0,1,0,1,0,1,998,999,999,0,0,5,3,3,2,1,11,15,0,7,96,38,17,8,2020,2,20,2,12,2,3,1,2,1,0
130887,1,1,26,1,1,11,99,9,0,0,1,0,2,0,1,998,999,999,0,5,1,4,3,1,1,15,50,0,2,96,74,17,8,2020,2,22,2,12,3,3,1,2,1,2
130888,1,1,39,1,1,11,20,20,1,0,1,0,2,0,1,998,999,999,1,0,6,2,2,1,1,14,13,1,81,0,0,18,8,2020,3,0,2,34,5,1,8,2,1,4
130889,1,1,41,1,1,11,99,1,0,0,1,0,2,0,1,998,999,999,1,0,2,3,3,2,1,1,12,1,13,0,28,18,8,2020,3,0,2,59,1,1,3,2,1,4
130891,1,1,27,1,1,11,20,20,0,0,4,0,2,0,1,998,999,999,1,0,3,4,1,2,6,1,13,0,7,0,74,19,8,2020,4,20,2,24,1,1,4,2,2,4
130892,1,1,25,1,1,11,20,20,0,0,1,0,2,0,1,3,999,999,2,0,5,5,1,2,2,15,10,1,80,96,0,19,8,2020,4,21,2,5,3,3,1,2,10,4
130893,1,1,36,1,1,11,3,20,0,0,1,0,1,0,1,998,75,215,0,0,3,4,1,2,2,1,80,0,7,0,0,21,8,2020,6,0,2,8,18,1,1,2,10,0
130894,1,1,42,1,1,11,3,9,8,0,2,0,2,0,1,998,999,999,2,0,3,3,1,2,1,1,50,0,13,0,74,21,8,2020,6,2,2,12,18,1,1,3,1,3
130895,1,1,24,1,1,11,3,9,9,0,1,0,2,0,1,998,999,999,2,0,1,2,2,2,2,1,13,0,7,0,0,21,8,2020,6,5,2,32,1,1,4,3,2,4
130896,1,1,25,1,1,11,20,20,1,0,1,0,1,0,1,998,999,999,1,0,1,2,1,2,2,1,12,1,80,96,0,22,8,2020,7,0,2,24,1,1,4,2,1,4
130897,1,1,25,1,1,11,20,20,1,0,1,0,1,0,1,998,999,999,0,0,1,2,2,2,1,14,12,1,85,96,0,22,8,2020,7,4,2,30,1,1,4,3,1,4
130898,1,1,81,1,1,11,20,20,8,0,1,0,1,0,1,998,999,999,0,0,1,2,2,2,1,14,6,1,13,0,74,22,8,2020,7,17,2,42,1,1,4,1,1,4
130899,1,1,19,1,1,11,3,20,1,0,3,0,1,0,1,998,999,999,0,3,2,3,1,1,2,14,6,1,60,0,28,22,8,2020,7,23,2,24,1,1,4,2,2,2
130900,1,1,40,1,1,11,20,9,0,0,3,0,4,0,1,998,999,999,0,4,1,2,1,2,2,6,11,0,7,96,39,23,8,2020,1,20,2,12,3,2,1,2,2,4
130901,1,1,19,1,1,11,3,9,8,0,2,0,1,0,1,998,999,999,0,2,3,2,1,1,1,14,6,0,13,96,36,24,8,2020,2,2,2,42,1,1,4,2,10,2
130904,1,1,26,1,1,11,20,9,8,0,1,0,1,0,1,998,999,999,1,0,1,2,1,2,1,6,92,1,3,96,39,24,8,2020,2,17,2,10,6,1,1,1,10,4
130905,1,1,53,1,1,11,3,20,0,0,1,0,1,0,1,998,999,999,0,0,1,2,2,2,2,1,82,0,60,0,0,24,8,2020,2,20,2,8,1,1,1,5,10,0
130906,1,1,58,1,1,11,3,9,8,0,1,0,2,0,1,998,999,999,2,0,1,2,2,2,2,1,12,0,60,0,51,25,8,2020,3,1,2,42,1,1,4,2,2,4
130907,1,1,33,1,1,11,20,3,0,0,1,0,3,0,1,998,999,999,0,4,3,5,2,2,2,14,6,1,13,0,0,25,8,2020,3,10,2,14,19,1,2,1,2,4
130908,1,1,32,1,1,11,3,2,0,0,1,0,2,0,1,998,999,999,0,0,1,5,1,2,1,1,88,0,7,0,83,6,11,2020,6,1,2,11,1,1,1,2,1,4
130909,1,1,17,2,1,11,20,3,1,0,4,0,2,0,1,0,999,999,0,0,1,2,1,2,98,5,17,0,13,0,38,25,8,2020,3,15,2,12,2,2,1,1,1,4
130910,1,1,40,1,1,11,20,8,0,0,1,0,1,0,1,998,999,999,0,0,1,5,1,2,1,1,17,0,13,96,39,26,8,2020,4,1,2,12,2,2,1,3,1,4
130911,1,1,84,1,1,11,3,3,0,0,1,0,1,0,1,998,999,999,0,0,2,1,1,2,1,11,15,0,5,0,38,26,8,2020,4,15,2,12,8,1,1,1,1,4
130913,1,1,24,1,1,11,98,98,8,0,99,1,9,99,1,998,999,999,99,0,1,2,1,2,1,99,80,0,999,96,0,27,8,2020,5,99,2,8,1,1,1,4,10,0
130914,1,1,61,1,1,11,3,20,0,0,1,0,3,6,2,998,999,999,0,0,2,4,2,1,1,1,11,0,64,0,27,27,8,2020,5,6,2,14,1,1,2,2,1,4
130915,1,1,39,2,1,11,20,9,1,0,2,0,1,0,1,998,999,999,0,0,1,2,2,2,1,14,6,1,7,0,0,27,8,2020,5,20,2,53,1,1,4,5,10,4
130917,1,1,36,1,1,11,99,9,8,0,1,1,2,0,1,998,999,999,1,0,2,1,8,8,98,11,15,1,13,0,74,28,8,2020,6,22,2,12,2,3,1,3,1,2
130918,1,1,34,2,1,11,3,20,0,0,1,0,2,0,1,998,999,999,0,0,2,3,1,2,1,1,80,0,13,0,74,29,8,2020,7,3,2,8,1,1,1,2,1,0
130919,1,1,29,1,1,11,20,20,8,0,1,0,1,0,1,998,999,999,1,0,1,2,2,2,1,14,6,0,80,96,0,5,12,2020,7,11,2,1,1,1,1,1,1,4
130920,1,1,999,8,1,11,99,20,9,0,99,1,5,0,1,998,999,999,99,9,1,2,1,2,1,6,10,0,13,0,0,29,8,2020,7,4,2,12,1,1,1,2,1,0
130921,1,1,18,1,1,11,20,20,0,0,1,0,2,0,1,998,999,999,0,0,5,3,3,2,1,14,13,0,80,0,58,29,8,2020,7,21,2,33,1,1,4,3,1,4
130922,1,1,42,2,1,11,3,8,0,0,3,0,2,0,1,998,999,999,0,0,1,2,8,8,98,11,15,0,2,0,39,29,8,2020,7,22,2,12,2,2,1,2,1,2
130923,1,1,19,2,1,11,3,20,0,0,1,0,1,0,1,998,999,999,0,0,2,2,1,2,1,1,80,0,7,0,0,30,8,2020,1,3,2,8,1,1,1,2,10,0
130924,1,1,64,1,1,11,3,20,0,0,1,0,1,0,1,998,999,999,0,0,2,4,1,2,2,11,15,0,60,0,74,30,8,2020,1,19,2,12,2,2,1,2,10,0
130925,1,1,20,1,1,11,3,20,0,0,1,0,2,0,1,998,999,999,1,0,2,4,2,2,1,14,82,0,13,0,0,30,8,2020,1,22,2,8,3,2,1,2,1,2
130926,1,1,32,1,1,11,3,3,0,0,1,0,3,0,1,998,999,999,0,0,1,2,1,2,1,14,13,1,13,96,0,31,8,2020,2,1,2,53,1,1,4,2,1,4
130927,1,1,50,1,1,11,3,20,0,0,1,0,1,0,1,998,999,999,0,0,5,5,2,2,1,11,83,0,7,0,0,31,8,2020,2,5,2,9,8,1,1,3,10,0
130928,1,1,35,1,1,11,3,20,0,0,1,0,1,0,1,998,999,999,0,0,5,5,1,2,1,1,80,0,7,0,0,31,8,2020,2,5,2,8,1,1,1,2,1,0
130931,1,1,21,2,1,11,3,9,0,0,1,0,1,0,1,998,999,999,0,0,1,4,1,2,1,11,15,0,13,0,38,31,8,2020,2,18,2,12,2,2,1,1,1,0
130932,1,1,21,1,1,11,20,8,1,0,1,0,2,0,1,998,999,999,0,4,1,2,2,2,1,1,13,1,7,96,74,9,12,2020,4,0,2,33,1,1,4,2,1,4
130933,1,1,82,1,1,11,20,9,0,0,3,0,2,0,1,998,999,999,0,0,1,2,2,2,1,14,10,0,7,0,28,31,8,2020,2,18,2,12,1,1,1,1,1,3
130934,1,1,32,2,1,11,99,8,0,0,5,0,1,0,1,998,999,999,0,0,2,2,1,2,1,11,15,0,13,0,38,31,8,2020,2,22,2,12,2,2,1,2,1,2
130935,1,1,71,1,1,11,3,9,0,0,4,0,1,4,1,998,999,999,0,0,1,2,1,2,1,14,13,1,60,96,0,10,12,2020,5,4,2,32,1,1,4,2,5,4
130936,1,1,44,1,1,11,3,20,0,0,1,0,1,0,1,998,999,999,2,0,2,2,2,2,1,1,80,0,13,0,0,10,12,2020,5,18,2,8,1,1,1,2,1,0
130937,1,1,47,1,1,11,3,20,0,0,1,0,2,0,1,998,999,999,0,0,1,2,2,2,1,14,80,0,7,96,0,10,8,2020,2,23,2,8,1,1,1,2,10,0
130941,1,1,53,1,1,11,3,1,0,0,1,0,1,0,1,998,999,999,0,0,2,6,2,2,1,1,17,0,60,0,0,12,12,2020,7,18,2,8,1,1,1,3,1,0
130943,1,1,30,2,1,11,3,8,8,0,1,0,1,0,1,998,999,999,0,0,1,2,2,2,1,11,15,0,7,96,38,28,7,2020,3,13,2,12,2,3,1,1,1,0
130945,1,1,49,1,1,11,3,20,0,0,1,0,1,0,1,998,999,999,1,0,5,5,1,2,1,1,83,0,60,96,0,6,8,2020,5,23,2,9,1,1,1,2,10,0
130947,1,1,29,1,1,11,3,20,0,0,2,0,2,0,1,998,999,999,1,0,6,1,2,2,1,14,18,0,7,0,0,10,9,2020,5,15,2,8,20,1,1,1,10,0
130948,1,1,56,2,1,11,3,20,0,0,1,0,1,0,1,998,999,999,0,0,1,2,1,2,1,14,18,0,13,0,0,24,9,2020,5,20,2,8,1,1,1,2,1,0
130949,1,1,28,1,1,11,3,20,0,0,2,0,2,0,1,998,999,999,0,0,3,3,1,2,1,1,18,0,13,0,0,6,10,2020,3,20,2,8,1,1,1,2,1,0
130951,1,1,37,1,1,11,20,8,0,0,2,0,2,0,1,998,999,999,1,0,1,2,1,2,2,1,12,0,13,0,0,28,9,2020,2,1,2,42,1,1,5,2,10,3
130952,1,1,26,1,1,11,20,20,0,0,1,0,1,0,1,998,999,999,0,5,2,2,1,2,1,15,62,0,80,96,36,22,8,2020,7,20,2,12,2,3,1,1,10,4
130953,1,1,30,1,1,11,20,20,8,0,1,0,9,0,1,998,999,999,99,0,1,2,1,2,1,14,98,0,12,96,0,4,10,2020,1,4,2,1,1,1,1,2,1,4
130954,1,1,28,1,1,11,20,1,0,0,3,0,4,0,1,998,999,999,99,4,1,2,2,2,1,14,10,1,7,0,0,20,9,2020,1,6,2,12,1,1,1,3,1,3
130955,1,1,63,1,1,11,3,20,0,0,1,0,1,0,1,998,999,999,0,0,1,4,1,2,1,1,18,0,60,0,0,27,9,2020,1,17,2,9,2,3,1,1,1,0
130956,1,1,59,1,1,11,20,20,0,0,1,0,1,0,1,998,999,999,0,0,3,5,1,2,1,1,10,1,7,0,27,16,9,2020,4,0,2,39,19,1,3,2,1,4
130958,1,1,25,1,1,11,99,20,0,0,2,0,1,1,1,998,999,999,0,0,3,6,1,2,1,1,80,0,60,0,0,1,9,2020,3,3,2,8,1,1,1,2,1,0
130959,1,1,39,2,1,11,20,8,0,0,2,0,2,0,1,998,999,999,0,0,1,2,1,2,1,1,10,0,13,0,28,1,9,2020,3,20,2,12,1,1,1,2,1,4
130960,1,1,36,2,1,11,20,20,0,0,1,0,1,0,1,998,999,999,0,0,2,5,1,2,1,1,17,0,13,0,0,1,9,2020,3,23,2,8,1,1,1,2,1,0
130961,1,1,63,1,1,11,20,20,0,0,2,0,1,0,1,998,999,999,1,0,1,2,1,2,1,1,13,0,60,0,0,2,9,2020,4,14,2,59,1,1,4,1,1,4
130964,1,1,91,2,2,13,3,20,8,0,2,0,1,0,1,998,999,999,0,0,3,6,1,2,1,11,17,0,13,0,38,4,9,2020,6,16,2,12,2,2,1,1,1,4
130966,1,1,999,9,1,11,99,99,0,0,99,1,9,99,1,998,999,999,99,9,1,2,1,2,1,1,80,0,999,96,36,6,9,2020,1,17,2,8,1,1,1,1,1,0
130968,1,1,36,1,1,11,99,20,0,0,1,0,1,0,1,998,999,999,0,0,3,3,1,2,1,1,18,0,7,0,0,7,9,2020,2,23,2,8,1,1,1,3,1,0
130969,1,1,30,1,1,11,3,1,0,0,2,0,2,0,1,998,999,999,0,4,2,2,1,2,1,14,13,1,13,0,6,7,9,2020,2,0,2,42,1,1,5,2,1,0
130972,1,1,21,2,1,11,3,20,0,0,3,0,1,0,1,998,999,999,0,0,5,4,1,2,1,1,80,0,7,96,0,6,9,2020,1,20,2,8,1,1,1,2,1,0
130973,1,1,56,1,1,11,20,20,0,0,1,0,2,0,1,998,999,999,0,0,2,3,2,2,1,1,6,0,82,96,26,5,9,2020,7,10,2,12,1,1,1,1,10,4
130977,1,1,22,1,1,11,20,8,1,0,2,0,2,0,1,998,999,999,0,4,1,2,1,2,1,14,10,1,13,96,28,4,9,2020,6,22,2,12,1,1,1,2,1,4
130979,1,1,81,2,1,11,3,1,0,0,1,0,2,0,1,998,999,999,0,0,1,2,2,2,1,14,10,0,2,96,28,4,9,2020,6,14,2,12,1,1,1,1,1,3
130982,1,1,59,1,1,11,20,20,0,0,1,0,1,0,1,998,999,999,0,4,1,2,1,2,1,1,17,0,80,96,6,5,9,2020,7,18,2,12,2,2,1,1,1,4
130989,1,1,61,1,1,11,3,9,0,0,1,0,1,0,1,998,999,999,1,0,2,4,2,2,1,1,51,0,60,93,41,4,9,2020,6,8,2,12,1,1,1,1,1,4
130990,1,1,20,1,1,11,99,9,9,0,3,0,2,0,1,998,999,999,0,3,1,2,2,2,1,14,13,0,60,0,37,7,9,2020,2,2,2,42,1,1,4,2,1,4
130995,1,1,50,1,1,11,3,20,0,0,2,0,2,0,1,998,999,999,0,0,1,5,2,2,98,11,15,0,95,0,74,4,9,2020,6,12,2,12,2,2,1,1,10,3
130996,1,1,18,1,1,11,3,9,8,0,1,0,2,0,1,998,999,999,0,0,5,3,1,2,1,1,10,0,7,96,91,13,9,2020,1,4,2,12,1,1,1,2,1,2
130997,1,1,34,1,1,11,3,9,0,0,1,0,2,0,1,998,999,999,0,0,1,2,2,2,1,14,10,0,60,96,28,13,9,2020,1,22,2,12,1,1,1,2,1,4
130998,1,1,20,1,1,11,99,20,0,0,1,1,1,0,1,998,999,999,0,0,3,7,2,2,1,1,82,0,5,0,91,12,9,2020,7,20,2,8,18,1,1,2,10,0
130999,1,1,42,1,1,11,3,8,0,0,1,0,1,0,1,998,999,999,0,0,3,5,2,2,1,1,11,0,7,0,30,9,9,2020,4,16,2,12,18,1,1,1,1,4
131000,1,1,64,1,1,11,3,20,0,0,1,0,1,0,1,998,999,999,0,0,2,3,1,2,1,1,82,0,13,0,0,9,9,2020,4,6,2,8,1,1,1,3,1,0
131003,1,1,22,2,1,11,20,8,0,0,1,0,2,0,1,998,999,999,1,4,2,2,1,1,1,1,6,1,7,6,51,14,9,2020,2,9,2,12,1,1,1,1,1,4
131007,1,1,37,1,1,11,3,20,0,0,1,0,1,0,1,998,999,999,0,4,5,5,2,2,2,1,6,0,13,96,87,17,9,2020,5,5,2,33,3,3,4,3,2,2
131008,1,1,24,2,1,11,3,20,0,0,2,0,1,0,1,998,999,999,0,0,3,2,2,1,1,15,11,0,7,96,36,16,9,2020,4,6,2,12,1,1,1,4,10,3
131009,1,1,40,1,1,11,20,20,1,0,1,0,2,0,1,998,999,999,0,0,1,2,1,2,6,14,6,1,60,96,0,16,9,2020,4,21,2,42,1,1,4,2,2,4
131010,1,1,64,1,1,11,20,8,0,0,1,0,1,0,1,998,999,999,0,4,6,2,2,1,6,14,6,0,13,96,0,16,9,2020,4,23,2,1,5,1,4,2,2,4