ST_CASE,VEH_NO,PER_NO,AGE,SEX,PER_TYP,SEAT_POS,REST_USE,AIR_BAG,DRUGS,LOCATION,NUMOCCS,HIT_RUN,OWNER,V_CONFIG,HAZ_INV,TRAV_SP,DR_HGT,DR_WGT,PREV_SPD,SPEEDREL,VTRAFWAY,VNUM_LAN,VPROFILE,VPAVETYP,VSURCOND,P_CRASH1,P_CRASH2,DR_DRINK,VPICBODYCLASS,DRDISTRACT,DRIVERRF,DAY,MONTH,YEAR,DAY_WEEK,HOUR,RUR_URB,HARM_EV,RELJCT2,TYP_INT,REL_ROAD,LGT_COND,WEATHER,INJ_SEV
131013,1,1,82,1,1,11,20,9,0,0,1,0,1,0,1,998,999,999,0,4,1,2,2,2,2,14,13,0,60,0,28,16,9,2020,4,11,2,12,1,1,1,1,10,4
131014,1,1,49,1,1,11,20,20,1,0,1,0,2,0,1,998,999,999,1,3,1,3,2,2,98,1,17,0,60,96,39,16,9,2020,4,18,2,12,2,2,1,1,2,4
131015,1,1,20,1,1,11,3,9,1,0,1,0,1,0,1,998,999,999,0,4,6,1,2,2,1,10,6,0,3,96,91,17,9,2020,5,20,2,33,3,2,3,3,10,1
131016,1,1,42,1,1,11,3,20,0,0,1,0,1,0,1,998,999,999,0,0,5,5,1,2,2,1,80,0,13,0,0,17,9,2020,5,21,2,8,1,1,1,3,10,0
131017,1,1,19,1,1,11,20,20,1,0,1,0,2,0,1,998,999,999,0,4,1,2,2,2,2,14,6,1,60,96,0,17,9,2020,5,22,2,32,1,1,4,1,1,4
131018,1,1,28,1,1,11,99,9,8,0,1,1,2,0,1,998,70,999,99,3,1,2,6,2,1,1,17,0,3,96,0,30,9,2020,4,21,2,12,2,3,1,3,1,2
131021,1,1,50,2,1,11,3,20,0,0,1,0,1,0,1,998,999,999,0,0,1,2,1,2,1,1,80,0,3,0,0,26,11,2020,5,23,2,8,3,3,1,2,1,0
131022,1,1,45,1,1,11,20,1,0,0,1,0,2,0,1,998,999,999,0,0,1,2,3,2,1,14,13,0,13,96,58,7,10,2020,4,21,2,1,1,1,4,2,1,4
131023,1,1,33,2,1,11,3,9,0,0,1,0,1,0,1,998,999,999,0,0,2,2,2,1,1,14,54,1,7,96,51,19,9,2020,7,0,2,12,1,1,1,2,10,3
131025,1,1,24,2,1,11,3,9,8,0,1,0,2,0,1,998,999,999,0,0,1,2,1,2,1,14,12,1,13,0,30,19,9,2020,7,2,2,42,1,1,4,2,1,4
131026,1,1,83,2,1,11,3,8,0,0,2,0,1,0,1,998,999,999,0,0,2,3,1,2,1,11,15,0,7,96,38,21,9,2020,2,16,2,12,2,2,1,1,1,1
131027,1,1,30,1,1,11,20,20,0,0,1,0,2,0,1,998,999,999,0,2,2,3,2,2,1,15,62,0,80,96,36,19,9,2020,7,15,2,12,2,3,1,1,10,4
131029,1,1,49,1,1,11,20,20,0,0,1,0,1,0,1,998,999,999,0,0,1,2,3,1,1,1,13,1,81,96,30,20,9,2020,1,23,2,42,1,1,4,2,1,4
131030,1,1,41,1,1,11,20,9,1,0,1,0,2,0,1,998,999,999,0,0,6,3,1,2,98,10,10,1,13,0,39,19,9,2020,7,5,2,12,3,3,1,3,1,4
131032,1,1,28,1,1,11,99,20,0,0,1,0,1,0,1,998,999,999,0,0,5,5,2,2,1,1,82,0,13,96,0,22,9,2020,3,21,2,8,1,1,1,2,1,0
131033,1,1,50,1,1,11,99,1,0,0,2,0,1,0,1,998,999,999,0,0,2,4,1,2,1,1,17,0,2,96,0,8,10,2020,5,5,2,12,2,2,1,3,5,1
131034,1,1,60,2,1,11,3,20,0,0,1,0,1,0,1,998,999,999,1,0,6,1,1,2,1,1,82,0,13,96,0,23,9,2020,4,0,2,8,5,1,1,2,1,1
131035,1,1,23,1,1,11,99,9,1,0,3,0,1,0,1,998,999,999,99,4,1,2,2,2,1,14,13,0,3,96,36,23,9,2020,4,2,2,42,1,1,4,2,1,4
131036,1,1,29,1,1,11,3,20,0,0,3,0,3,1,1,998,999,999,0,0,1,2,1,2,1,11,15,0,74,96,38,23,9,2020,4,4,2,12,2,3,1,2,1,0
131038,1,1,30,1,1,11,20,20,8,0,2,0,2,0,1,998,999,999,0,0,1,2,2,2,1,1,12,0,13,92,74,24,9,2020,5,2,2,33,1,1,4,2,10,4
131041,1,1,42,1,1,11,3,9,8,0,1,0,1,0,1,998,999,999,0,0,1,2,2,2,1,14,10,0,60,96,28,25,9,2020,6,13,2,12,1,1,1,1,10,4
131042,1,1,20,2,1,11,3,9,8,0,1,0,1,0,1,998,999,999,1,0,1,2,1,2,1,1,68,0,7,96,0,25,9,2020,6,14,2,12,2,3,1,1,10,1
131045,1,1,34,1,1,11,99,20,0,0,1,0,1,0,1,0,999,999,0,0,3,5,1,1,1,5,53,0,2,0,54,26,9,2020,7,18,2,12,18,1,1,1,1,4
131047,1,1,45,2,1,11,3,20,0,0,3,0,1,0,1,998,999,999,0,0,5,5,1,2,1,1,82,0,7,96,0,26,9,2020,7,20,2,8,3,3,1,2,1,0
131048,1,1,61,1,1,11,20,20,8,0,1,0,1,0,1,998,999,999,0,0,2,2,1,2,1,1,54,0,12,96,74,26,9,2020,7,21,2,12,1,1,1,2,1,4
131050,1,1,16,1,1,11,3,9,0,0,3,0,1,0,1,998,999,999,0,0,1,2,1,2,98,1,17,0,13,96,74,27,9,2020,1,1,2,12,2,2,1,8,1,3
131052,1,1,16,1,1,11,20,20,0,0,1,0,2,0,1,998,999,999,0,0,1,4,2,2,1,1,17,0,60,0,0,12,12,2020,7,0,2,8,3,2,1,3,1,0
131053,1,1,36,1,1,11,99,20,0,0,99,1,2,0,1,998,999,999,0,0,0,0,0,0,0,4,19,0,7,96,74,28,9,2020,2,5,2,12,8,1,1,2,1,0
131054,1,1,69,2,1,11,3,8,0,0,1,0,2,0,1,998,999,999,0,0,1,2,2,2,2,14,13,0,5,96,0,28,9,2020,2,6,2,34,1,1,4,2,10,4
131055,1,1,53,2,1,11,3,20,0,0,1,0,1,0,1,998,999,999,0,0,6,1,2,1,1,14,82,0,60,0,0,28,9,2020,2,7,2,8,20,1,1,2,10,0
131056,1,1,55,1,1,11,20,8,0,0,2,0,3,0,1,998,999,999,0,0,3,3,1,1,1,1,50,0,13,0,26,29,9,2020,3,11,2,12,18,1,1,1,1,4
131060,1,1,31,1,1,11,20,20,1,0,1,0,0,0,1,998,999,999,0,0,1,4,1,2,1,1,72,0,80,96,0,30,9,2020,4,14,2,12,8,1,1,1,1,4
131062,1,1,79,1,1,11,3,20,0,0,2,0,1,0,1,998,999,999,0,0,5,5,1,2,1,11,15,0,13,96,91,30,9,2020,4,17,2,12,4,1,1,1,1,3
131063,1,1,68,1,1,11,99,3,8,0,1,0,1,0,1,998,999,999,0,0,2,1,1,2,98,11,15,0,13,96,0,30,9,2020,4,20,2,12,2,3,1,2,1,4
131064,1,1,41,1,1,11,20,20,0,0,99,1,2,0,1,998,999,999,99,0,5,5,2,2,1,1,83,0,3,96,0,23,10,2020,6,19,2,9,1,1,1,2,1,0
131065,1,1,27,2,1,11,99,9,1,0,1,0,1,0,1,998,999,999,0,0,3,4,1,2,2,1,51,1,2,96,26,13,12,2020,1,2,2,12,1,1,1,2,1,4
131066,1,1,29,2,1,11,3,20,8,0,1,0,1,0,1,998,999,999,0,0,2,4,1,2,1,1,17,0,13,0,0,12,12,2020,7,6,2,8,3,2,1,3,1,1
131067,1,1,49,1,1,11,3,20,0,0,3,0,2,0,1,998,999,999,0,0,3,4,1,2,1,1,1,0,95,0,0,14,12,2020,2,13,2,34,1,1,4,1,1,0
131068,1,1,45,1,1,11,3,20,8,0,1,0,1,0,1,998,999,999,0,0,1,2,1,2,1,11,54,0,60,0,0,11,12,2020,6,15,2,12,4,1,1,1,1,0
131070,1,1,61,2,1,11,3,20,0,0,1,0,1,0,1,998,999,999,0,0,1,2,1,2,1,1,82,0,7,96,0,1,10,2020,5,0,2,8,1,1,1,2,1,0
131071,1,1,25,1,1,11,20,20,0,0,1,0,2,0,1,998,999,999,1,4,1,2,2,2,1,14,13,0,94,96,36,1,10,2020,5,17,2,34,1,1,4,1,1,4
131072,1,1,59,1,1,11,3,20,0,0,1,0,3,2,1,998,999,999,0,0,1,2,1,2,98,1,17,0,11,10,39,1,10,2020,5,19,2,12,2,2,1,1,1,1
131073,1,1,21,1,1,11,20,20,0,0,1,0,1,0,1,998,72,275,0,0,1,2,1,2,1,1,13,1,12,96,0,2,10,2020,6,0,2,30,1,1,4,2,1,4
131076,1,1,51,1,1,11,3,9,0,0,1,0,4,0,1,998,999,999,1,0,1,2,1,2,1,1,10,0,13,96,28,2,10,2020,6,15,2,12,1,1,1,1,1,3
131077,1,1,41,1,1,11,3,20,0,0,1,0,2,0,1,998,999,999,99,0,2,4,1,2,1,1,82,0,60,96,0,2,10,2020,6,22,2,8,1,1,1,3,1,0
131078,1,1,59,1,1,11,20,9,0,0,2,0,1,0,1,998,999,999,0,5,1,3,3,2,1,1,6,0,60,96,0,3,10,2020,7,7,2,31,3,2,4,3,1,3
131083,1,1,55,2,1,11,20,9,0,0,1,0,1,0,1,998,999,999,0,0,2,2,1,2,1,1,12,0,13,96,0,1,11,2020,1,10,2,42,1,1,3,1,1,4
131084,1,1,19,1,1,11,99,1,0,0,1,0,2,0,1,998,999,999,99,0,3,4,1,2,1,1,51,0,7,96,26,30,10,2020,6,9,2,12,1,1,1,1,1,0
131085,1,1,48,1,1,11,3,9,8,0,1,0,1,0,1,998,999,999,0,0,2,4,2,2,1,14,13,0,13,96,0,5,10,2020,2,12,2,30,3,98,4,1,1,4
131086,1,1,25,1,1,11,20,8,0,0,1,0,1,0,1,998,999,999,1,0,3,3,1,1,1,1,13,0,13,96,0,5,10,2020,2,99,2,42,1,1,4,1,1,4
131087,1,1,61,1,1,11,3,20,8,0,1,0,1,0,1,998,999,999,0,0,1,2,1,2,1,1,82,0,60,96,0,14,11,2020,7,5,2,8,1,1,1,2,1,0
131088,1,1,32,1,1,11,20,20,1,0,1,0,1,0,1,87,999,999,2,2,5,5,1,2,1,1,72,0,80,96,0,5,10,2020,2,20,2,12,8,1,1,2,1,4
131089,1,1,16,1,1,11,3,20,0,0,1,0,1,0,1,998,999,999,0,0,3,4,1,2,1,1,82,0,7,96,0,6,10,2020,3,4,2,8,1,1,1,2,1,0
131090,1,1,76,2,1,11,3,20,0,0,1,0,2,0,1,998,999,999,0,0,2,5,1,2,1,12,21,0,13,0,48,20,11,2020,6,16,2,12,2,2,1,1,1,4
131091,1,1,52,1,1,11,3,9,0,0,1,0,1,0,1,998,999,999,0,0,3,4,2,1,1,1,51,1,1,96,26,6,10,2020,3,22,2,12,1,1,1,2,1,4
131092,1,1,22,2,1,11,3,20,1,0,4,0,2,0,1,998,999,999,99,0,1,2,1,1,98,1,17,0,13,96,38,6,10,2020,3,17,2,12,2,3,1,1,1,2
131093,1,1,27,1,1,11,3,9,0,0,1,0,1,0,1,998,999,999,1,0,1,2,1,2,1,11,10,0,13,96,0,6,10,2020,3,18,2,12,3,3,1,1,1,2
131094,1,1,41,1,1,11,3,8,0,0,1,0,1,0,1,998,999,999,0,0,1,2,1,2,1,14,62,0,13,96,0,6,10,2020,3,21,2,12,1,1,1,2,1,3
131095,1,1,59,2,1,11,3,8,0,0,1,0,1,0,1,998,999,999,0,0,1,5,2,2,1,1,51,0,7,96,58,7,10,2020,4,6,2,12,2,2,1,4,5,4
131099,1,1,29,1,1,11,20,20,0,0,1,0,1,0,1,998,999,999,0,0,1,4,1,2,1,1,80,0,80,96,0,6,10,2020,3,19,2,8,2,3,1,3,1,3
131100,1,1,59,1,1,11,20,20,1,0,1,0,1,0,1,998,999,999,0,0,1,2,1,2,1,6,13,1,60,96,8,8,10,2020,5,18,2,53,1,1,4,1,1,4
131102,1,1,52,1,1,11,3,20,1,0,1,1,1,0,1,998,999,999,0,0,1,2,1,2,1,1,83,0,13,15,91,11,10,2020,1,19,2,9,1,1,1,5,1,0
131103,1,1,34,1,1,11,3,9,0,0,1,0,1,0,1,998,999,999,0,0,1,2,1,2,2,1,14,0,7,96,39,12,10,2020,2,1,2,33,3,3,4,2,10,4
131106,1,1,38,1,1,11,20,20,1,0,1,0,2,0,1,998,999,999,99,0,2,4,2,2,1,1,50,0,81,96,26,13,10,2020,3,13,2,12,3,2,1,1,1,4
131107,1,1,36,1,1,11,3,20,0,0,2,0,1,0,1,998,999,999,0,0,2,3,1,2,2,1,17,0,13,96,39,14,10,2020,4,9,2,12,2,3,1,1,1,3
131109,1,1,25,1,1,11,3,8,0,0,1,0,1,0,1,998,999,999,0,0,2,4,1,2,1,1,82,0,3,96,0,14,10,2020,4,21,2,8,1,1,1,2,1,0
131110,1,1,29,1,1,11,20,1,0,0,1,0,2,0,1,998,999,999,3,0,1,2,1,2,1,1,87,0,7,96,83,27,10,2020,3,19,2,11,1,1,1,5,1,4
131114,1,1,23,2,1,11,3,20,0,0,4,0,2,0,1,998,999,999,0,0,3,3,1,1,1,1,82,0,7,96,0,15,10,2020,5,21,2,8,18,1,1,2,10,0
131116,1,1,57,1,1,11,3,8,1,0,1,0,4,0,1,998,999,999,0,4,5,5,1,2,1,14,10,0,7,96,37,17,10,2020,7,14,2,12,1,1,1,1,1,4
131118,1,1,998,1,1,11,20,20,0,0,1,0,1,0,1,998,999,999,1,0,2,3,2,2,1,1,85,0,80,96,0,17,10,2020,7,22,2,9,3,2,1,2,1,3
131119,1,1,46,1,1,11,20,9,8,0,1,0,1,0,1,998,999,999,2,4,1,2,2,2,1,1,12,0,13,96,0,18,10,2020,1,2,2,38,1,1,4,3,1,4
131122,1,1,71,1,1,11,3,20,0,0,2,0,1,0,1,998,999,999,0,0,0,0,0,0,0,12,21,0,13,96,48,19,10,2020,2,13,2,12,8,1,1,1,1,4
131126,1,1,45,2,1,11,3,20,0,0,1,0,1,0,1,998,999,999,0,0,5,5,1,2,1,1,12,0,2,96,0,20,10,2020,3,13,2,33,1,1,4,1,1,4
131127,1,1,36,2,1,11,99,9,1,0,1,0,2,0,1,998,999,999,0,0,3,4,1,2,1,1,13,1,7,96,0,1,11,2020,1,7,2,34,1,1,4,3,1,4
131129,1,1,24,1,1,11,3,20,1,0,1,0,3,2,1,998,999,999,2,0,2,1,2,1,1,11,15,0,66,96,91,21,10,2020,4,10,2,12,2,3,1,1,10,2
131130,1,1,33,1,1,11,20,9,0,0,1,0,2,0,1,998,999,999,0,0,2,3,2,2,1,14,10,1,13,96,51,21,10,2020,4,20,2,12,1,1,1,2,1,4
131132,1,1,84,1,1,11,20,9,0,0,1,0,1,0,1,998,999,999,0,0,1,2,1,2,1,1,13,1,60,96,0,22,10,2020,5,11,2,42,3,2,4,1,1,4
131133,1,1,41,2,1,11,20,20,8,0,1,0,1,0,1,998,999,999,0,0,3,5,2,2,1,1,53,0,12,96,18,22,10,2020,5,20,2,12,18,1,1,2,1,4
131134,1,1,32,8,1,11,99,1,1,0,1,0,2,0,1,0,999,999,0,0,1,2,3,2,1,5,90,0,7,96,39,10,11,2020,3,1,2,10,6,1,1,2,1,4
131135,1,1,79,1,1,11,3,20,0,0,1,0,1,1,1,998,999,999,0,0,3,2,1,2,1,1,1,0,60,96,0,23,10,2020,6,7,2,42,1,1,4,1,5,4
131136,1,1,30,1,1,11,3,20,0,0,1,0,3,2,1,998,999,999,0,0,2,2,2,2,1,1,82,0,11,96,0,23,10,2020,6,15,2,8,1,1,1,1,1,0
131137,1,1,50,1,1,11,20,20,0,0,1,0,2,0,1,998,999,999,0,0,1,2,1,2,1,14,12,0,80,96,0,23,10,2020,6,18,2,1,1,1,4,1,1,4
131139,1,1,42,1,1,11,3,9,1,0,1,0,1,0,1,998,999,999,0,0,1,2,2,2,1,1,10,1,7,96,28,24,10,2020,7,0,2,12,1,1,1,2,1,3
131140,1,1,41,1,1,11,3,9,0,0,1,0,2,0,1,998,999,999,0,0,1,2,2,2,1,1,10,0,13,96,91,24,10,2020,7,13,2,12,1,1,1,1,1,3
131141,1,1,23,1,1,11,3,9,0,0,1,0,1,0,1,998,999,999,0,0,1,2,1,2,1,11,15,0,13,96,38,24,10,2020,7,15,2,12,2,3,1,1,1,0
131142,1,1,69,1,1,11,3,20,0,0,1,0,1,0,1,998,999,999,0,0,1,2,1,2,2,1,82,0,7,96,0,24,10,2020,7,19,2,8,1,1,1,2,2,0
131143,1,1,58,1,1,11,99,8,0,0,1,0,1,0,1,0,999,999,0,0,3,3,1,2,1,5,98,0,13,96,54,15,11,2020,1,0,2,12,1,1,1,2,1,4
131144,1,1,60,1,1,11,3,20,0,0,2,0,1,0,1,998,999,999,0,0,5,5,2,2,2,1,80,0,60,96,0,24,10,2020,7,19,2,8,1,1,1,2,2,0
131146,1,1,43,2,1,11,20,9,0,0,1,0,1,0,1,998,999,999,99,0,1,2,2,2,1,14,62,0,13,96,0,24,10,2020,7,22,2,12,1,1,1,2,1,4
131150,1,1,16,1,1,11,20,20,0,0,1,0,2,0,1,998,999,999,99,5,1,2,1,2,1,1,6,0,13,96,37,26,10,2020,2,1,2,42,1,1,4,2,1,4
131151,1,1,50,1,1,11,3,20,0,0,3,0,4,2,1,998,999,999,0,0,2,3,2,2,1,11,15,0,62,96,91,26,10,2020,2,17,2,1,2,2,1,1,10,0
131153,1,1,998,8,1,11,99,20,9,0,99,1,9,0,1,998,999,999,99,0,5,5,1,2,1,1,82,0,13,96,0,21,11,2020,7,19,2,8,2,3,1,3,1,9
131157,1,1,75,1,1,11,20,9,0,0,1,0,1,0,1,998,999,999,0,0,3,3,2,2,1,1,12,0,1,96,0,14,10,2020,4,17,2,24,1,1,3,1,1,4
131158,1,1,66,1,1,11,99,20,0,0,1,0,1,0,1,998,999,999,0,0,2,2,1,2,1,1,82,0,7,96,0,27,10,2020,3,19,2,8,1,1,1,3,10,0
131160,1,1,20,2,1,11,3,8,0,0,1,0,2,0,1,998,999,999,1,0,2,2,2,2,2,11,15,0,13,96,0,28,10,2020,4,8,2,12,2,2,1,4,2,4
131161,1,1,35,1,1,11,3,20,0,0,3,0,1,0,1,998,999,999,0,0,6,3,1,2,1,14,82,0,13,96,0,28,10,2020,4,21,2,8,20,1,1,2,10,0
131162,1,1,25,1,1,11,20,8,0,0,1,0,2,0,1,998,999,999,1,0,5,5,2,2,1,14,13,1,13,96,28,31,10,2020,7,1,2,30,1,1,4,2,1,4
131163,1,1,42,2,1,11,99,8,1,0,1,0,1,0,1,0,999,999,0,0,3,5,1,2,1,5,53,0,13,96,54,21,11,2020,7,22,2,12,1,1,1,2,1,4
131164,1,1,22,2,2,13,3,9,0,0,1,0,6,0,1,0,998,997,998,8,3,4,1,2,1,0,99,0,13,16,54,22,11,2020,1,5,2,12,1,1,1,2,1,2
131165,1,1,25,2,1,11,20,20,0,0,1,0,1,0,1,998,999,999,1,0,2,4,2,1,1,1,90,0,13,0,58,24,11,2020,3,6,2,12,1,1,1,2,1,4
131167,1,1,48,1,1,11,99,20,0,0,1,0,3,6,1,0,999,999,0,0,3,5,1,2,1,5,99,0,66,0,0,26,11,2020,5,21,2,12,1,1,1,2,1,0
131168,1,1,44,1,1,11,20,20,0,0,1,0,1,0,1,998,999,999,0,0,1,2,2,2,1,14,6,0,6,96,0,30,9,2020,4,15,2,34,1,1,4,1,1,4
131169,1,1,60,8,1,11,3,8,0,0,1,0,1,0,1,998,999,999,0,5,1,3,2,2,1,1,13,0,13,96,0,20,10,2020,3,8,2,33,1,1,4,1,1,4
131170,1,1,43,1,1,11,3,20,0,0,2,0,1,0,1,998,999,999,0,0,3,3,2,2,1,1,80,0,60,96,86,4,12,2020,6,19,2,8,1,1,1,3,1,0
131171,1,1,22,2,1,11,20,9,1,0,2,0,1,0,1,998,999,999,2,0,3,4,1,1,2,1,13,1,13,96,87,14,12,2020,2,2,2,59,1,1,8,2,2,4
131172,1,1,46,1,1,11,3,20,0,0,1,0,3,6,1,998,999,999,0,0,5,5,1,2,1,10,16,0,66,0,48,14,5,2020,5,14,2,12,8,1,1,1,1,0
131174,1,1,25,1,1,11,3,8,0,0,4,0,2,0,1,998,999,999,0,0,1,3,1,2,1,11,15,0,7,0,38,20,5,2020,4,19,2,12,2,3,1,5,10,3
131175,1,1,36,1,1,11,3,20,0,0,2,0,2,0,1,998,76,174,0,0,1,4,2,2,1,1,80,0,13,96,85,16,12,2020,4,6,2,8,1,1,1,2,1,0
131176,1,1,46,1,1,11,99,20,0,0,1,0,4,0,1,0,999,999,0,0,2,4,1,2,1,5,98,0,60,0,0,21,5,2020,5,0,2,12,1,1,1,2,10,4
131177,1,1,58,1,1,11,3,20,0,0,1,0,2,6,1,998,999,999,2,0,2,2,1,2,1,1,19,0,66,0,0,27,5,2020,4,6,2,8,1,1,1,2,1,0
131179,1,1,41,1,1,11,3,20,8,0,1,0,1,0,1,998,999,999,0,0,2,3,1,2,1,1,82,1,13,0,0,15,8,2020,7,1,2,8,3,2,1,2,1,0
131183,1,1,24,1,1,11,20,20,0,0,1,0,0,0,1,998,999,999,1,3,1,2,1,2,1,1,66,0,84,0,36,21,8,2020,6,19,2,12,2,2,1,1,1,4
131185,1,1,999,8,1,11,99,20,9,0,99,1,9,99,1,998,999,999,99,0,1,2,1,2,1,13,80,0,998,96,0,28,9,2020,2,23,2,8,8,1,1,3,10,9
131187,1,1,19,1,1,11,20,20,0,0,1,0,1,0,1,0,999,999,0,0,1,2,1,2,1,5,15,0,6,0,42,12,12,2020,7,19,2,12,2,3,1,2,1,4
131191,1,1,71,1,1,11,20,8,0,0,1,0,2,0,1,998,999,999,0,0,5,6,2,2,2,11,15,0,8,96,38,16,12,2020,4,7,2,12,2,3,1,1,2,4
131192,1,1,998,2,1,11,99,20,9,0,99,1,9,99,1,998,999,999,99,0,5,5,1,2,1,1,84,0,998,96,0,16,5,2020,7,21,2,9,1,1,1,2,1,0
131193,1,1,31,2,1,11,99,20,0,0,3,0,1,0,1,998,999,999,0,0,2,2,1,2,1,1,80,0,7,96,0,16,12,2020,4,22,2,8,1,1,1,2,10,0
131196,1,1,60,1,1,11,3,20,0,0,4,0,2,0,1,998,999,999,0,0,3,4,1,2,1,1,9,0,7,0,0,9,7,2020,5,11,2,34,1,1,3,1,1,4
131202,1,1,24,1,1,11,20,20,0,0,1,0,2,0,1,998,999,999,1,0,2,4,2,2,1,1,62,0,98,0,0,11,8,2020,3,17,2,12,2,2,1,1,1,4
131206,1,1,999,1,1,11,3,20,0,0,1,0,1,0,1,998,999,999,0,0,1,2,2,2,1,1,82,0,7,96,0,2,10,2020,6,19,2,8,1,1,1,2,1,0
131208,1,1,51,1,1,11,20,20,0,0,1,0,1,0,1,998,999,999,0,0,2,2,2,2,1,14,12,1,81,96,0,7,10,2020,4,0,2,33,1,1,4,2,1,4
131210,1,1,22,1,1,11,3,9,8,0,1,0,2,0,1,88,999,999,2,4,3,3,1,2,1,98,1,0,13,0,57,29,5,2020,6,17,2,12,1,1,1,1,10,0
131211,1,1,18,2,1,11,3,9,0,0,1,0,2,0,1,998,999,999,0,0,2,3,1,2,1,11,15,0,7,96,0,4,7,2020,7,13,2,12,2,2,1,1,1,0
131212,1,1,49,1,1,11,20,20,0,0,1,0,1,0,1,998,999,999,0,4,2,3,1,2,1,6,10,1,94,96,36,23,8,2020,1,0,2,12,2,2,1,2,1,4
131213,1,1,34,1,1,11,99,20,0,0,99,0,1,0,1,998,999,999,1,0,3,4,2,1,1,14,80,0,3,0,0,19,8,2020,4,2,2,8,1,1,1,2,10,0
131215,1,1,32,1,1,11,20,8,0,0,1,0,1,0,1,998,999,999,0,3,1,4,1,2,1,1,12,0,13,96,37,25,8,2020,3,23,2,39,3,3,4,3,10,4
131218,1,1,33,1,1,11,20,1,0,0,1,0,1,0,1,998,999,999,0,4,2,6,1,2,2,1,10,1,60,0,6,30,8,2020,1,22,2,12,1,1,1,2,10,2
131220,1,1,21,1,1,11,20,2,0,0,5,0,1,0,1,998,999,999,1,3,1,2,2,2,2,14,6,0,13,96,27,30,8,2020,1,22,2,42,1,1,4,2,2,3
131221,1,1,36,1,1,11,99,1,1,0,1,0,4,1,1,998,999,999,0,0,3,4,1,2,1,11,15,1,62,0,38,23,8,2020,1,17,2,12,2,2,1,1,1,1
131226,1,1,41,2,1,11,3,20,1,0,4,0,1,0,1,998,999,999,0,0,1,2,2,2,1,1,83,1,13,96,0,23,8,2020,1,20,2,9,1,1,1,2,10,2
131227,1,1,35,1,1,11,3,9,0,0,3,0,2,0,1,998,999,999,0,0,1,2,1,2,1,1,10,1,13,96,91,12,12,2020,7,1,2,39,1,1,4,2,1,1
131228,1,1,25,1,1,11,20,20,1,0,3,0,1,0,1,998,999,999,0,4,1,2,1,1,1,1,17,1,60,96,39,1,9,2020,3,23,2,12,2,2,1,2,1,4
131229,1,1,66,2,1,11,3,20,0,0,1,0,2,0,1,998,999,999,0,0,1,2,1,2,1,1,80,0,13,96,0,3,9,2020,5,5,2,8,2,2,1,2,1,1
131230,1,1,31,1,1,11,3,1,0,0,4,0,1,0,1,998,999,999,0,0,1,2,3,2,1,1,10,0,7,96,28,3,9,2020,5,17,2,12,1,1,1,1,1,3
131231,1,1,20,1,1,11,20,20,0,0,1,0,2,0,1,998,999,999,0,4,1,2,2,2,1,14,6,0,60,96,0,3,9,2020,5,19,2,42,1,1,4,1,1,4
131232,1,1,27,1,1,11,3,20,0,0,1,0,3,6,1,998,999,999,0,0,1,2,1,2,1,1,80,0,66,0,0,4,9,2020,6,5,2,8,1,1,1,2,1,9
131234,1,1,24,1,1,11,3,20,8,0,1,0,1,0,1,998,999,999,2,0,5,5,1,2,1,1,82,0,13,0,74,7,10,2020,4,2,2,8,1,1,1,3,1,0
131235,1,1,62,1,1,11,3,20,0,0,1,0,1,0,1,998,999,999,0,0,1,2,1,2,1,11,15,0,7,0,38,7,10,2020,4,15,2,12,2,3,1,1,1,0
131236,1,1,47,1,1,11,3,8,1,0,1,0,2,0,1,998,999,999,0,0,1,3,1,2,1,11,15,1,9,96,38,8,10,2020,5,9,2,12,2,3,1,1,1,4
131237,1,1,40,1,1,11,20,9,0,0,1,0,2,0,1,998,999,999,0,4,3,4,1,1,1,1,6,1,13,96,74,22,11,2020,1,1,2,25,19,1,3,3,1,4
131240,1,1,50,2,1,11,3,8,0,0,2,0,1,0,1,998,999,999,0,4,2,2,2,2,2,15,6,0,2,96,0,10,10,2020,7,14,2,42,1,1,3,1,2,1
131241,1,1,32,1,1,11,3,20,0,0,2,0,1,0,1,998,999,999,0,0,3,3,2,2,1,1,82,0,13,0,0,5,9,2020,7,0,2,8,1,1,1,2,10,0
131242,1,1,42,1,1,11,3,9,1,0,1,0,1,0,1,998,999,999,0,0,2,4,2,2,1,1,50,0,7,96,91,22,11,2020,1,18,2,12,3,2,1,2,10,2
131244,1,1,60,1,1,11,20,20,1,0,1,0,1,0,1,998,999,999,0,0,2,6,1,2,1,1,62,1,94,0,39,5,9,2020,7,12,2,12,2,2,1,1,1,4
131245,1,1,62,1,1,11,3,9,1,0,1,0,1,0,1,998,999,999,0,0,1,3,1,2,98,11,15,1,13,96,39,8,9,2020,3,10,2,12,2,2,1,1,1,4
131247,1,1,43,1,1,11,3,20,0,0,1,0,2,0,1,998,999,999,0,0,2,3,2,2,1,1,82,0,60,96,0,6,9,2020,1,20,2,8,1,1,1,2,1,0