ST_CASE,VEH_NO,PER_NO,AGE,SEX,PER_TYP,SEAT_POS,REST_USE,AIR_BAG,DRUGS,LOCATION,NUMOCCS,HIT_RUN,OWNER,V_CONFIG,HAZ_INV,TRAV_SP,DR_HGT,DR_WGT,PREV_SPD,SPEEDREL,VTRAFWAY,VNUM_LAN,VPROFILE,VPAVETYP,VSURCOND,P_CRASH1,P_CRASH2,DR_DRINK,VPICBODYCLASS,DRDISTRACT,DRIVERRF,DAY,MONTH,YEAR,DAY_WEEK,HOUR,RUR_URB,HARM_EV,RELJCT2,TYP_INT,REL_ROAD,LGT_COND,WEATHER,INJ_SEV
131250,1,1,80,2,1,11,3,8,0,0,2,0,1,0,1,998,999,999,0,0,2,4,1,2,2,11,15,0,13,93,38,6,12,2020,1,19,2,12,2,2,1,2,10,4
131251,1,1,76,2,1,11,3,9,1,0,1,0,1,0,1,998,999,999,0,0,1,2,2,2,98,11,15,1,7,96,39,17,10,2020,7,10,2,12,2,3,1,1,1,4
131254,1,1,30,2,1,11,3,20,0,0,1,0,1,0,1,998,999,999,0,0,5,5,1,2,1,1,82,0,13,96,0,16,10,2020,6,20,2,8,1,1,1,3,1,0
131255,1,1,20,1,1,11,20,9,0,0,1,0,1,0,1,998,999,999,1,3,2,2,1,2,1,1,72,0,3,96,91,19,10,2020,2,16,2,12,8,1,1,1,1,2
131256,1,1,79,1,1,11,3,1,0,0,2,0,2,0,1,998,999,999,0,0,0,0,0,0,0,11,15,0,1,96,48,15,12,2020,3,19,2,12,8,1,1,2,1,2
131258,1,1,58,2,1,11,20,20,1,0,1,0,2,0,1,998,999,999,99,0,1,2,1,2,2,1,13,1,60,0,0,26,10,2020,2,16,2,34,1,1,4,1,2,4
131260,1,1,54,1,1,11,3,20,0,0,1,0,1,0,1,998,999,999,0,0,1,2,1,2,1,1,83,0,60,96,0,10,9,2020,5,15,2,9,2,3,1,1,1,9
131261,1,1,52,1,1,11,3,20,1,0,2,0,2,6,1,998,999,999,1,0,2,2,2,2,2,15,11,0,66,96,91,11,10,2020,1,7,2,12,1,1,1,4,2,0
131262,1,1,26,2,1,11,3,20,0,0,2,0,1,0,1,998,999,999,1,0,3,3,1,1,2,14,80,0,13,96,0,16,12,2020,4,3,2,8,1,1,1,2,2,1
131263,1,1,17,1,1,11,3,9,0,0,1,0,2,0,1,998,999,999,0,0,1,2,1,2,1,1,12,0,13,96,0,12,10,2020,2,15,2,53,1,1,4,1,1,4
131266,1,1,69,1,1,11,3,20,0,0,2,0,1,0,1,998,999,999,0,0,1,2,2,2,1,1,80,0,60,96,0,19,10,2020,2,11,2,8,1,1,1,1,10,0
131267,1,1,56,1,1,11,3,20,0,0,1,0,3,0,1,998,999,999,2,0,1,2,1,2,1,1,82,0,95,0,0,23,10,2020,6,23,2,8,1,1,1,2,1,0
131268,1,1,64,1,1,11,20,20,0,0,1,0,1,0,1,998,999,999,0,0,2,4,1,2,1,1,9,0,81,96,0,8,9,2020,3,5,2,33,3,2,4,2,10,4
131269,1,1,28,1,1,11,3,20,0,0,1,0,1,0,1,998,999,999,2,0,1,2,2,2,2,1,82,0,13,96,0,6,10,2020,3,20,2,8,1,1,1,2,1,0
131270,1,1,19,2,1,11,99,9,8,0,1,0,2,0,1,998,999,999,0,0,2,3,1,2,1,11,15,0,13,96,52,11,10,2020,1,21,2,12,2,2,1,3,1,1
131274,1,1,28,1,1,11,3,20,1,0,2,0,2,0,1,998,999,999,0,0,3,3,1,2,1,1,13,0,7,0,0,17,12,2020,5,13,2,21,1,1,4,1,10,4
131277,1,1,20,2,1,11,99,1,8,0,1,0,1,0,1,998,999,999,0,0,2,2,1,2,2,11,15,0,13,0,91,10,9,2020,5,23,2,12,4,1,1,3,98,3
131278,1,1,65,1,1,11,3,20,0,0,1,0,1,0,1,998,999,999,1,0,2,3,1,2,1,1,82,0,60,96,0,18,12,2020,6,18,2,8,1,1,1,3,1,0
131280,1,1,79,2,1,11,20,9,0,0,1,0,1,0,1,998,999,999,0,0,1,2,8,2,98,11,15,0,13,96,38,11,10,2020,1,16,2,12,2,3,1,1,2,4
131281,1,1,19,1,1,11,20,20,1,0,1,0,1,0,1,998,999,999,1,4,3,3,2,1,1,14,6,1,80,0,37,11,10,2020,1,20,2,24,1,1,3,2,1,4
131282,1,1,31,2,1,11,99,9,8,0,2,0,1,0,1,998,999,999,3,0,3,6,1,2,1,15,13,0,3,0,28,14,10,2020,4,0,2,25,1,1,4,2,1,3
131283,1,1,25,2,1,11,3,9,8,0,3,0,2,0,1,998,67,136,0,0,3,3,2,2,2,1,9,0,13,0,28,10,10,2020,7,99,2,12,18,1,1,2,2,3
131286,1,1,39,1,1,11,3,20,0,0,1,0,1,0,1,998,999,999,0,0,1,4,1,2,1,11,15,0,60,96,38,17,10,2020,7,4,2,12,2,3,1,2,1,0
131287,1,1,38,1,1,11,3,9,0,0,1,0,2,0,1,998,999,999,0,0,3,4,1,1,1,1,82,0,13,96,0,2,12,2020,4,2,2,8,18,1,1,2,1,0
131291,1,1,19,1,1,11,3,9,1,0,1,0,2,0,1,998,999,999,0,4,1,2,1,2,1,1,99,1,13,96,0,5,12,2020,7,19,2,42,1,1,4,2,1,4
131294,1,1,30,2,1,11,20,8,0,0,1,0,1,0,1,998,999,999,0,0,1,2,2,2,2,1,17,1,3,96,39,16,12,2020,4,1,2,12,2,2,1,2,2,4
131295,1,1,45,1,1,11,3,20,0,0,1,0,2,0,1,998,999,999,0,0,2,3,2,2,1,1,82,0,7,96,16,9,12,2020,4,5,2,8,1,1,1,2,10,0
131296,1,1,33,1,1,11,3,20,0,0,1,0,1,0,1,998,999,999,3,2,1,2,2,2,1,14,10,0,13,96,91,27,8,2020,5,16,2,12,1,1,1,1,1,2
131297,1,1,41,2,1,11,99,9,1,0,3,0,1,0,1,0,999,999,0,0,3,2,2,2,2,5,53,1,7,96,54,25,8,2020,3,5,2,12,18,1,1,2,2,4
131298,1,1,43,1,1,11,3,20,0,0,5,0,2,0,1,998,999,999,99,0,3,5,1,1,2,1,13,0,60,0,0,24,8,2020,2,20,2,1,1,1,4,3,2,3
131299,1,1,26,1,1,11,3,8,8,0,1,0,1,0,1,998,999,999,0,0,2,5,1,2,1,1,11,1,13,96,51,18,12,2020,6,21,2,12,1,1,1,2,1,4
131304,1,1,23,1,1,11,20,20,0,0,1,0,1,0,1,998,999,999,0,0,1,2,1,2,98,4,17,0,81,96,38,21,12,2020,2,15,2,12,2,2,1,1,1,4
131307,1,1,37,1,1,11,20,9,0,0,1,0,1,0,1,998,999,999,99,4,1,2,2,2,1,1,6,0,13,96,0,25,12,2020,6,22,2,42,1,1,4,3,1,4
131308,1,1,28,2,1,11,20,9,0,0,3,0,2,0,1,998,999,999,0,0,3,4,1,2,1,14,13,0,13,96,0,13,12,2020,1,6,2,24,1,1,4,4,10,3
131309,1,1,62,1,1,11,3,9,0,0,1,0,1,0,1,998,999,999,0,0,1,2,2,2,1,14,82,0,7,96,0,18,12,2020,6,17,2,8,1,1,1,1,1,0
131310,1,1,45,2,1,11,3,9,8,0,3,0,2,0,1,998,999,999,0,0,1,4,1,2,1,1,50,0,60,12,26,22,12,2020,3,10,2,12,8,1,1,1,1,1
131312,1,1,28,2,1,11,99,8,1,0,1,0,1,0,1,998,999,999,0,0,1,2,1,2,1,6,54,1,7,96,27,26,12,2020,7,20,2,12,1,1,1,2,1,4
131314,1,1,49,2,1,11,3,20,0,0,1,0,1,0,1,998,999,999,0,0,1,2,1,2,1,11,15,0,7,0,38,19,12,2020,7,17,2,12,2,2,1,3,1,0
131315,1,1,46,1,1,11,20,8,8,0,1,0,2,0,1,998,999,999,0,0,3,3,2,1,1,1,50,0,60,96,0,22,12,2020,3,5,2,12,1,1,1,2,1,4
131317,1,1,67,2,1,11,3,9,8,0,1,0,1,0,1,998,999,999,0,0,1,2,2,2,1,14,10,0,1,0,28,22,12,2020,3,14,2,12,1,1,1,1,1,4
131319,1,1,41,1,1,11,20,2,1,0,1,0,2,0,1,998,999,999,0,0,5,5,2,2,2,6,9,1,7,96,35,16,12,2020,4,18,2,12,1,1,1,2,2,2
131320,1,1,47,1,1,11,99,20,8,0,99,1,1,0,1,998,999,999,0,4,1,2,2,2,98,10,80,0,60,96,48,21,12,2020,2,18,2,8,3,2,1,2,1,1
131324,1,1,33,1,1,11,3,9,0,0,1,0,1,0,1,998,999,999,0,0,2,2,2,2,1,1,82,0,7,96,0,26,12,2020,7,22,2,8,1,1,1,3,1,0
131328,1,1,998,8,1,11,98,98,8,0,99,1,4,0,1,998,999,999,99,0,5,5,1,2,1,1,82,0,13,96,0,25,12,2020,6,18,2,8,1,1,1,2,1,9
131330,1,1,21,2,1,11,3,9,1,0,1,0,1,0,1,998,999,999,0,0,1,3,1,2,1,1,51,1,13,96,91,27,12,2020,1,21,2,12,1,1,1,3,1,0
131332,1,1,42,1,1,11,20,20,1,0,2,0,2,0,1,998,999,999,0,4,1,2,6,2,1,14,6,1,7,96,0,31,10,2020,7,15,2,1,1,1,4,1,1,4
131333,1,1,54,2,1,11,3,20,0,0,1,0,1,0,1,998,999,999,0,0,1,3,2,2,1,1,80,0,2,0,0,31,10,2020,7,19,2,8,3,3,1,3,1,0
131335,1,1,26,1,1,11,3,20,0,0,2,0,2,1,1,998,999,999,0,4,3,2,2,1,1,1,50,0,62,96,94,31,10,2020,7,0,2,12,1,1,1,2,1,1
131337,1,1,21,2,1,11,3,9,9,0,1,0,2,0,1,998,999,999,0,0,1,2,1,2,1,1,99,0,13,96,26,1,11,2020,1,19,2,12,1,1,1,2,1,2
131338,1,1,44,2,1,11,3,20,0,0,1,0,1,0,1,998,999,999,1,0,1,2,2,2,1,1,13,0,13,96,0,1,11,2020,1,6,2,32,1,1,4,1,10,4
131340,1,1,48,1,1,11,20,20,1,0,1,0,1,0,1,998,999,999,0,4,1,2,1,2,1,1,71,1,80,0,0,1,11,2020,1,13,2,12,8,1,1,1,1,4
131344,1,1,42,1,1,11,3,20,0,0,1,0,1,0,1,998,999,999,0,0,2,2,1,2,1,11,15,0,9,0,38,3,11,2020,3,9,2,12,2,2,1,1,10,0
131347,1,1,47,1,1,11,20,20,8,0,1,0,2,0,1,998,67,280,0,0,3,7,3,2,1,1,50,0,81,96,26,4,11,2020,4,15,2,1,1,1,1,1,1,4
131352,1,1,36,1,1,11,3,20,0,0,1,0,1,0,1,998,999,999,0,0,1,2,1,2,1,1,17,0,7,0,0,6,11,2020,6,23,2,8,1,1,1,3,1,0
131355,1,1,23,1,1,11,3,20,0,0,1,0,1,0,1,998,999,999,1,0,1,2,2,2,1,1,10,0,7,0,0,7,11,2020,7,17,2,12,1,1,1,5,1,0
131356,1,1,55,1,1,11,20,1,8,0,1,0,2,0,1,998,999,999,0,0,2,2,1,2,1,1,10,0,60,0,6,7,11,2020,7,6,2,12,1,1,1,2,1,4
131362,1,1,40,1,1,11,3,9,1,0,1,0,2,0,1,998,999,999,99,0,2,3,1,2,1,1,10,1,13,96,0,8,11,2020,1,2,2,42,98,1,4,2,1,4
131363,1,1,43,1,1,11,20,20,8,0,1,0,1,0,1,998,999,999,0,4,1,2,2,2,1,14,13,1,60,96,58,8,11,2020,1,1,2,1,1,1,1,2,1,4
131367,1,1,67,1,1,11,3,8,0,0,1,0,1,0,1,998,999,999,0,0,3,6,1,2,2,1,12,0,60,96,0,10,11,2020,3,18,2,25,1,1,3,3,2,4
131368,1,1,78,1,1,11,20,9,0,0,1,0,1,0,1,998,999,999,0,0,3,3,1,2,2,1,51,0,1,0,26,16,9,2020,4,19,2,12,1,1,1,5,2,4
131369,1,1,46,1,1,11,3,9,0,0,3,0,2,0,1,998,999,999,0,0,1,2,2,2,1,14,10,1,13,0,28,6,10,2020,3,8,2,12,1,1,1,1,1,3
131370,1,1,21,1,1,11,3,1,1,0,2,0,1,0,1,998,999,999,1,3,3,4,1,1,1,1,50,1,13,0,26,13,11,2020,6,2,2,11,1,1,1,2,1,0
131372,1,1,29,2,1,11,20,9,1,0,2,0,1,0,1,998,999,999,1,0,2,6,1,1,1,1,10,1,13,0,51,18,10,2020,1,0,2,12,1,1,1,2,1,4
131373,1,1,42,1,1,11,20,20,8,0,1,1,1,0,1,998,999,999,0,0,4,2,1,2,2,1,50,0,7,0,26,11,11,2020,4,22,2,12,1,1,1,2,2,0
131375,1,1,24,1,1,11,20,1,0,0,1,0,3,0,1,998,999,999,2,0,1,7,1,1,2,1,50,1,9,0,26,11,11,2020,4,21,2,12,3,2,1,2,2,4
131382,1,1,46,2,1,11,3,3,0,0,1,0,1,0,1,998,999,999,1,0,5,5,2,2,2,1,6,0,13,0,51,24,9,2020,5,13,2,12,1,1,1,1,2,4
131384,1,1,77,2,1,11,3,1,0,0,1,0,1,0,1,998,999,999,99,0,2,3,3,2,1,11,15,0,5,0,38,13,11,2020,6,13,2,12,2,3,1,1,1,4
131385,1,1,42,1,1,11,20,20,0,0,1,0,1,0,1,998,999,999,1,0,2,4,1,2,1,14,12,0,94,0,8,13,11,2020,6,17,2,42,1,1,3,5,1,4
131387,1,1,35,1,1,11,3,20,0,0,1,0,1,0,1,998,999,999,0,0,2,6,1,2,1,1,80,0,60,96,0,14,11,2020,7,19,2,8,1,1,1,3,1,0
131388,1,1,31,1,1,11,20,20,8,0,1,0,1,0,1,998,999,999,0,4,3,5,1,2,1,1,51,0,80,0,26,14,11,2020,7,3,2,12,1,1,1,2,1,4
131390,1,1,38,1,1,11,20,20,0,0,1,0,1,0,1,998,999,999,2,0,1,2,1,2,1,1,12,0,81,0,0,14,11,2020,7,1,2,1,3,3,8,2,1,4
131392,1,1,55,1,1,11,3,20,0,0,1,0,3,6,1,998,999,999,0,0,2,4,1,2,1,2,10,0,66,0,28,15,11,2020,1,9,2,12,1,1,3,1,1,4
131394,1,1,999,9,9,99,99,20,9,0,1,1,9,99,1,998,998,997,998,8,1,5,1,2,1,0,83,0,999,16,999,14,11,2020,7,3,2,9,1,1,1,3,1,9
131395,1,1,34,1,1,11,3,8,1,0,2,0,2,0,1,998,999,999,0,0,1,2,2,2,1,1,10,0,5,0,28,16,11,2020,2,9,2,12,1,1,1,1,1,3
131396,1,1,59,2,1,11,20,9,0,0,1,0,2,0,1,998,999,999,3,4,2,4,1,2,1,14,99,0,60,0,0,18,11,2020,4,19,2,42,1,1,4,2,1,4
131397,1,1,34,2,1,11,3,9,8,0,2,0,1,0,1,998,999,999,0,0,6,1,1,2,1,15,11,0,7,0,0,15,11,2020,1,3,2,24,5,1,4,2,1,4
131398,1,1,33,1,1,11,20,20,1,0,1,0,1,0,1,998,999,999,0,0,1,2,1,2,1,3,12,0,103,0,0,18,12,2020,6,19,2,14,1,1,4,3,1,4
131399,1,1,27,1,1,11,20,20,0,0,1,0,2,0,1,998,999,999,3,0,1,2,1,2,1,1,17,0,60,0,39,18,11,2020,4,14,2,12,2,2,1,1,1,3
131400,1,1,72,1,1,11,3,9,0,0,1,0,1,0,1,998,999,999,0,0,2,2,1,2,1,1,80,0,13,96,0,18,11,2020,4,18,2,8,1,1,1,3,1,0
131402,1,1,33,2,1,11,99,9,1,0,2,0,2,0,1,998,999,999,1,4,1,2,1,2,1,14,11,1,13,96,0,26,12,2020,7,22,2,42,1,1,4,2,1,4
131404,1,1,27,2,1,11,3,20,0,0,1,0,2,0,1,998,999,999,0,0,1,2,1,2,1,1,80,0,13,0,0,19,11,2020,5,19,2,8,1,1,1,3,1,0
131405,1,1,72,1,1,11,3,20,0,0,2,0,1,0,1,47,999,999,0,0,2,2,1,2,1,1,82,0,2,96,0,27,12,2020,1,18,2,8,2,2,1,2,1,0
131407,1,1,72,2,1,11,3,9,1,0,1,0,1,0,1,998,999,999,0,0,1,2,1,2,1,11,15,1,5,0,38,19,11,2020,5,19,2,12,2,3,1,2,1,2
131410,1,1,52,2,1,11,20,20,0,0,1,0,1,0,1,998,999,999,0,0,1,2,1,2,1,12,99,0,83,0,0,20,11,2020,6,18,2,17,1,1,4,2,1,4
131412,1,1,51,1,1,11,3,20,0,0,1,0,2,0,1,998,999,999,0,0,2,4,2,2,1,11,15,0,7,0,38,20,11,2020,6,7,2,12,2,2,1,4,1,0
131414,1,1,32,2,1,11,3,9,1,0,1,0,2,0,1,998,999,999,0,0,2,4,1,2,98,1,17,1,7,96,91,22,11,2020,1,22,2,12,2,2,1,2,1,3
131418,1,1,46,1,1,11,20,20,0,0,1,0,2,0,1,998,999,999,0,4,1,2,1,2,1,14,12,0,94,0,0,21,11,2020,7,17,2,32,1,1,4,1,1,4
131419,1,1,25,1,1,11,3,8,0,0,2,0,2,0,1,998,999,999,0,0,1,2,2,2,98,1,17,0,13,96,39,21,11,2020,7,15,2,12,2,2,1,1,1,4
131422,1,1,56,1,1,11,3,9,0,0,1,0,1,0,1,998,999,999,1,3,1,2,2,2,1,14,10,0,60,96,51,21,11,2020,7,16,2,12,1,1,1,1,1,4
131423,1,1,56,1,1,11,20,20,0,0,3,0,2,0,1,998,999,999,0,0,1,2,1,2,1,15,10,1,60,0,0,21,11,2020,7,23,2,1,1,1,5,2,1,2
131424,1,1,41,1,1,11,3,20,0,0,1,0,1,0,1,998,999,999,0,0,5,5,1,2,1,1,85,0,7,96,0,22,11,2020,1,19,2,9,2,3,1,2,1,0
131428,1,1,20,1,1,11,3,20,0,0,2,0,2,0,1,998,999,999,0,0,1,2,1,2,98,11,15,0,13,96,91,23,11,2020,2,17,2,12,2,3,1,1,1,0
131431,1,1,19,1,1,11,20,20,0,0,1,0,2,0,1,998,999,999,0,4,1,4,1,2,1,1,6,0,80,0,36,25,11,2020,4,1,2,23,1,1,4,2,1,4
131432,1,1,29,1,1,11,3,8,0,0,2,0,1,0,1,998,999,999,0,3,1,2,2,2,2,14,10,1,13,0,6,25,11,2020,4,20,2,12,1,1,1,2,10,3
131433,1,1,29,1,1,11,20,9,8,0,2,0,2,0,1,80,71,999,0,0,2,2,2,2,1,14,12,1,13,96,58,25,11,2020,4,2,2,34,1,1,3,2,1,4
131436,1,1,15,1,1,11,20,20,8,0,1,0,1,0,1,998,999,999,0,0,1,2,1,2,2,1,13,0,12,0,52,26,11,2020,5,4,2,33,1,1,4,2,2,4
131441,1,1,43,1,1,11,3,9,0,0,1,0,1,0,1,998,999,999,0,4,1,2,2,2,1,14,6,0,13,96,0,29,11,2020,1,7,2,32,1,1,4,4,1,4
131443,1,1,27,1,1,11,3,9,9,0,1,0,2,0,1,998,999,999,0,4,1,2,3,2,1,1,14,0,13,96,39,2,12,2020,4,4,2,42,3,3,4,2,1,4
131444,1,1,67,1,1,11,20,20,0,0,1,0,1,0,1,45,999,999,0,0,1,3,1,2,1,14,12,0,60,96,0,2,12,2020,4,10,2,42,1,1,5,1,1,4
131447,1,1,33,2,1,11,3,1,0,0,1,0,2,0,1,998,999,999,0,4,1,2,1,2,2,14,6,0,7,96,28,4,12,2020,6,16,2,12,1,1,1,1,10,4
131451,1,1,51,1,1,11,3,1,0,0,1,0,3,1,1,998,999,999,0,0,3,6,1,2,1,1,18,0,11,0,26,30,10,2020,6,7,2,12,1,1,1,1,10,0
131452,1,1,41,1,1,11,3,1,8,0,1,0,5,0,1,998,999,999,0,0,1,2,1,2,1,14,10,0,60,96,28,30,10,2020,6,11,2,12,1,1,1,1,1,4
131453,1,1,25,1,1,11,3,1,1,0,3,0,2,0,1,998,999,999,1,0,1,2,1,2,1,1,9,1,3,96,0,30,10,2020,6,10,2,42,1,1,4,1,1,1
131455,1,1,999,9,1,11,98,98,8,0,99,1,9,99,1,998,999,999,99,9,2,3,1,2,1,99,80,0,999,99,0,14,2,2020,6,19,2,8,3,3,1,2,1,9
131457,1,1,56,1,1,11,3,20,0,0,1,0,1,0,1,998,999,999,1,0,3,4,1,2,1,11,18,0,13,0,38,11,12,2020,6,11,2,12,2,3,1,1,1,4
131458,1,1,48,1,1,11,20,20,8,0,1,0,3,6,1,998,999,999,0,0,1,2,2,2,1,1,18,0,66,0,0,17,12,2020,5,14,2,46,2,2,1,1,1,4
131459,1,1,64,1,1,11,3,20,0,0,1,0,1,0,1,998,999,999,0,0,5,6,1,2,1,1,50,0,60,12,26,29,12,2020,3,13,2,12,1,1,1,1,1,0
131461,1,1,87,1,1,11,3,1,0,0,2,0,1,0,1,998,999,999,0,0,2,4,2,2,2,11,15,0,13,0,38,31,12,2020,5,7,2,12,2,2,1,1,5,4
131462,1,1,52,1,1,11,20,98,0,0,1,0,1,0,1,998,999,999,1,0,3,4,1,2,1,1,99,0,81,0,0,30,12,2020,4,0,2,1,1,1,1,2,1,4
131463,1,1,33,1,1,11,99,9,8,0,1,1,2,0,1,998,999,999,0,0,3,4,1,1,1,1,51,1,13,96,6,25,12,2020,6,4,2,12,1,1,1,2,1,1
131464,1,1,27,1,1,11,20,9,1,0,1,0,2,0,1,998,999,999,0,0,3,4,1,2,2,1,13,1,13,96,0,13,12,2020,1,23,2,42,19,1,4,3,2,4
131466,2,1,40,1,1,11,3,9,0,0,1,0,1,0,1,998,999,999,0,0,3,4,1,2,1,1,50,0,60,96,0,30,12,2020,4,23,2,12,1,1,1,2,1,1
131467,1,1,65,2,1,11,1,9,1,0,1,0,1,0,1,998,999,999,0,0,2,2,1,1,1,1,9,1,13,96,0,30,12,2020,4,15,2,30,1,1,4,1,1,4
131469,1,1,69,2,1,11,3,20,0,0,3,0,1,0,1,998,999,999,0,0,6,1,1,2,1,1,82,0,13,96,0,30,12,2020,4,19,2,8,20,1,1,3,1,0
131470,1,1,33,1,1,11,99,9,0,0,1,0,2,0,1,998,999,999,0,0,1,2,1,2,1,14,13,1,7,96,74,25,12,2020,6,8,2,1,1,1,4,1,1,4
131471,1,1,67,1,1,11,3,1,0,0,1,0,1,0,1,998,999,999,0,0,1,2,1,2,1,11,10,0,7,0,38,11,12,2020,6,13,2,12,2,2,1,1,1,0
131472,1,1,59,1,1,11,3,9,8,0,1,0,1,0,1,998,999,999,0,0,5,7,6,2,1,1,80,0,7,96,0,26,12,2020,7,6,2,8,1,1,1,2,1,0
131473,1,1,37,1,1,11,3,1,1,0,1,0,1,0,1,998,999,999,0,4,1,2,1,2,1,14,6,1,60,96,58,22,9,2020,3,6,2,42,1,1,4,2,1,4
131475,1,1,16,1,1,11,3,20,0,0,3,0,1,0,1,998,999,999,0,0,1,2,2,2,1,11,15,0,13,0,38,27,9,2020,1,18,2,12,2,2,1,1,1,2
131478,1,1,57,2,1,11,3,20,0,0,1,0,1,0,1,998,999,999,99,4,2,2,1,2,2,15,6,0,7,96,0,25,9,2020,6,8,2,12,1,1,1,1,1,4
131479,1,1,45,1,1,11,3,1,0,0,1,0,1,0,1,998,999,999,2,0,3,3,2,2,2,1,9,0,7,96,0,24,9,2020,5,23,2,25,1,1,3,2,2,1
131480,1,1,19,1,1,11,3,20,1,0,2,0,1,0,1,998,999,999,0,0,5,5,2,2,2,15,5,0,13,96,79,25,9,2020,6,2,2,33,1,1,4,2,2,3
131481,1,1,56,1,1,11,3,20,0,0,1,0,2,0,1,998,999,999,1,0,1,2,1,2,2,98,80,0,13,96,91,29,9,2020,3,23,2,8,1,1,6,3,10,0
131484,1,1,36,1,1,11,99,8,1,0,1,0,2,0,1,998,999,999,0,4,1,2,1,2,1,14,6,1,13,96,0,26,9,2020,7,3,2,38,1,1,4,2,5,4
131485,1,1,26,2,1,11,3,20,0,0,1,0,1,0,1,998,999,999,0,0,3,6,2,2,1,1,80,0,7,96,0,16,10,2020,6,21,2,8,1,1,1,2,1,0
131486,1,1,998,2,1,11,99,1,0,0,2,1,9,0,1,998,999,999,99,4,3,4,1,2,2,1,12,0,13,99,0,10,10,2020,7,10,2,12,5,1,1,1,10,0
131487,1,1,42,1,1,11,3,20,0,0,1,0,2,0,1,998,999,999,0,0,2,2,2,2,1,1,80,0,13,96,86,17,10,2020,7,22,2,8,1,1,1,3,1,0
131489,1,1,25,1,1,11,99,8,1,0,5,0,1,0,1,998,999,999,2,4,1,3,1,2,1,6,6,1,15,0,34,13,10,2020,3,15,2,30,1,1,4,1,10,4
131490,1,1,23,2,1,11,3,2,8,0,2,0,1,0,1,998,999,999,1,4,2,5,2,2,98,14,6,1,7,0,36,29,9,2020,3,1,2,33,1,1,4,6,98,1
131491,1,1,45,1,1,11,99,20,0,0,1,1,2,0,1,998,999,999,99,0,3,3,1,2,1,1,51,1,13,0,91,16,10,2020,6,3,2,12,1,1,1,2,1,0
131492,1,1,26,1,1,11,3,8,0,0,6,0,2,0,1,998,999,999,0,0,2,3,2,2,2,1,13,0,13,0,58,11,11,2020,4,7,2,32,1,1,8,1,10,3
131494,1,1,83,2,1,11,3,9,0,0,1,0,1,0,1,998,999,999,0,0,1,2,1,2,1,1,13,0,13,96,0,18,12,2020,6,14,2,34,1,1,4,1,1,4
131495,1,1,30,1,1,11,20,8,0,0,1,0,1,0,1,998,999,999,0,0,1,2,1,2,2,14,10,0,13,0,0,11,1,2020,7,19,2,12,1,1,1,2,2,4
131497,1,1,65,1,1,11,3,20,8,0,1,0,3,0,1,998,999,999,0,0,1,2,1,2,1,1,9,0,62,0,0,28,2,2020,6,19,2,34,1,1,4,2,1,4
131498,1,1,29,1,1,11,3,20,0,0,4,0,2,0,1,998,999,999,1,0,6,2,1,2,2,14,13,0,13,0,0,19,4,2020,1,14,2,24,5,1,4,1,2,1
131499,1,1,27,1,1,11,20,20,1,0,1,0,1,0,1,998,999,999,0,0,2,3,1,2,1,1,17,1,7,96,60,24,5,2020,1,10,2,12,2,2,1,1,1,1
131500,1,1,58,2,1,11,3,9,1,0,1,0,1,0,1,998,999,999,0,0,1,2,1,2,2,1,10,0,13,96,87,26,5,2020,3,12,2,12,1,1,1,1,2,4
131502,1,1,28,1,1,11,20,8,0,0,1,0,2,0,1,998,999,999,0,4,6,2,2,2,1,14,6,1,3,0,36,27,6,2020,7,6,2,34,3,4,8,2,1,4
131503,1,1,35,1,1,11,3,20,0,0,1,0,1,0,1,998,999,999,1,0,1,2,1,2,1,1,82,0,13,96,0,20,7,2020,2,6,2,8,1,1,1,4,1,0
131504,1,1,43,2,1,11,3,3,0,0,4,0,1,0,1,998,999,999,0,0,0,0,0,0,0,13,20,0,13,96,91,31,7,2020,6,23,2,12,4,1,1,2,1,0
131505,1,1,42,1,1,11,99,9,1,0,3,0,1,0,1,998,999,999,0,0,1,2,2,2,1,14,6,1,60,96,0,8,8,2020,7,23,2,18,1,1,4,2,1,2
131506,1,1,38,1,1,11,20,20,0,0,1,0,1,0,1,998,999,999,2,4,5,5,1,2,1,15,72,0,98,0,27,16,8,2020,1,1,2,12,8,1,1,3,1,4
131507,1,1,35,1,1,11,3,8,8,0,2,0,2,0,1,998,999,999,99,0,3,3,1,2,1,1,54,0,60,96,91,16,8,2020,1,2,2,12,1,1,1,2,1,3
131508,1,1,17,1,1,11,3,20,0,0,3,0,1,0,1,998,999,999,0,4,5,3,1,2,2,1,12,0,60,96,87,17,8,2020,2,20,2,1,1,1,4,2,2,4
131509,1,1,34,1,1,11,20,9,0,0,1,0,1,0,1,998,999,999,1,0,1,2,1,2,1,1,12,0,13,96,91,5,7,2020,1,7,2,53,1,1,4,1,1,3