ST_CASE,VEH_NO,PER_NO,AGE,SEX,PER_TYP,SEAT_POS,REST_USE,AIR_BAG,DRUGS,LOCATION,NUMOCCS,HIT_RUN,OWNER,V_CONFIG,HAZ_INV,TRAV_SP,DR_HGT,DR_WGT,PREV_SPD,SPEEDREL,VTRAFWAY,VNUM_LAN,VPROFILE,VPAVETYP,VSURCOND,P_CRASH1,P_CRASH2,DR_DRINK,VPICBODYCLASS,DRDISTRACT,DRIVERRF,DAY,MONTH,YEAR,DAY_WEEK,HOUR,RUR_URB,HARM_EV,RELJCT2,TYP_INT,REL_ROAD,LGT_COND,WEATHER,INJ_SEV
170192,1,1,29,1,1,11,99,20,8,0,1,1,3,19,1,998,71,185,0,9,1,4,1,2,1,1,80,0,11,0,89,24,2,2020,2,22,2,8,1,1,1,3,1,0
170194,1,1,25,1,1,11,20,1,0,0,2,0,2,0,1,998,69,175,0,4,1,2,1,2,1,6,6,0,7,0,34,27,2,2020,5,16,2,34,1,1,4,1,1,4
170198,1,1,68,1,1,11,20,1,0,0,1,0,1,0,1,998,74,160,1,4,2,3,1,2,1,6,6,0,13,0,27,5,3,2020,5,18,2,42,19,1,4,3,1,4
170199,1,1,71,1,1,11,3,20,8,0,2,0,1,0,1,998,75,220,0,0,1,5,2,2,1,1,54,0,7,0,51,5,3,2020,5,16,2,12,1,1,1,1,1,3
170201,1,1,32,1,1,11,3,20,0,0,1,0,3,1,1,998,71,175,0,0,1,2,2,2,2,4,80,0,63,0,96,9,3,2020,2,15,2,8,1,1,1,1,2,0
170203,1,1,23,1,1,11,99,8,9,0,4,1,3,0,1,998,72,200,1,0,1,4,1,2,1,1,17,0,60,92,39,11,3,2020,4,13,2,12,2,2,1,1,1,0
170204,1,1,86,1,1,11,3,2,0,0,1,0,1,0,1,998,69,160,0,0,2,6,1,2,1,11,15,0,13,0,38,5,3,2020,5,19,2,12,2,2,1,3,1,4
170205,1,1,70,1,1,11,3,20,9,0,1,0,1,0,1,47,68,142,0,3,1,5,1,2,1,1,80,0,2,0,0,24,3,2020,3,23,2,8,3,2,1,2,1,0
170208,1,1,75,2,1,11,3,20,9,0,3,0,1,0,1,998,65,140,0,0,1,2,2,2,1,11,15,0,13,0,38,12,3,2020,5,19,2,12,2,2,1,5,1,4
170210,1,1,71,1,1,11,3,8,8,0,1,0,1,0,1,998,65,140,0,5,1,4,1,2,1,1,51,1,7,92,33,16,3,2020,2,15,2,12,1,1,1,1,1,3
170212,1,1,27,1,1,11,3,8,8,0,3,0,1,0,1,998,72,185,1,4,1,2,1,2,1,1,14,1,13,0,0,16,3,2020,2,2,2,35,1,1,4,8,1,1
170213,1,1,30,1,1,11,99,99,9,0,1,0,2,0,1,998,999,999,0,5,2,2,8,2,98,1,12,1,7,96,0,15,2,2020,7,2,2,21,1,1,3,3,1,4
170215,1,1,24,1,1,11,3,20,8,0,3,0,1,1,1,998,74,250,0,0,4,3,1,2,1,1,98,1,60,0,0,13,3,2020,6,0,2,5,1,1,1,3,1,0
170216,1,1,20,1,1,11,3,8,1,0,3,0,2,0,1,998,74,185,0,9,1,4,1,2,1,1,99,0,15,0,28,18,3,2020,4,4,2,14,1,1,7,3,1,0
170217,1,1,999,1,1,11,99,8,9,0,1,0,9,0,1,998,999,999,99,9,1,2,1,2,1,1,17,0,13,92,39,1,4,2020,4,4,2,12,2,2,1,3,1,4
170218,1,1,23,1,1,11,3,8,9,0,1,0,1,0,1,998,73,180,1,9,2,4,1,2,1,1,10,0,7,0,51,1,4,2020,4,23,2,12,18,1,1,3,1,4
170219,1,1,45,1,1,11,99,20,8,0,1,0,1,0,1,998,999,999,99,0,1,2,2,2,8,11,15,0,13,96,38,2,4,2020,5,18,2,12,2,2,1,1,1,0
170220,1,1,47,2,1,11,99,8,8,0,2,0,1,0,1,998,66,120,0,9,1,2,1,2,1,1,1,0,13,96,999,2,4,2020,5,20,2,42,1,1,4,2,1,3
170221,1,1,41,1,1,11,3,20,0,0,1,0,3,6,1,998,66,180,0,0,1,2,2,2,1,1,83,0,66,0,34,3,4,2020,6,9,2,9,1,1,1,1,1,0
170222,1,1,999,1,1,11,99,99,9,0,99,1,9,99,1,998,999,999,99,9,2,4,1,2,1,99,99,0,999,0,999,4,4,2020,7,21,2,8,1,1,1,3,1,0
170223,1,1,999,9,1,11,99,99,9,0,99,1,9,99,1,998,999,999,99,5,1,2,1,2,1,1,80,0,999,92,999,5,4,2020,1,2,2,8,1,1,1,3,1,0
170227,1,1,86,2,1,11,3,8,8,0,1,0,1,0,1,998,67,180,0,9,5,5,1,2,1,11,15,0,7,96,38,11,4,2020,7,17,2,12,2,3,1,1,1,4
170228,1,1,57,1,1,11,20,8,0,0,1,0,3,0,1,81,73,250,0,5,1,2,1,2,2,99,9,0,7,0,16,11,4,2020,7,18,2,42,1,1,4,1,2,4
170230,1,1,26,1,1,11,3,8,0,0,3,0,2,0,1,998,69,260,0,0,3,6,1,2,1,1,80,0,7,0,0,11,4,2020,7,20,2,8,18,1,1,3,1,0
170232,1,1,43,2,1,11,99,1,8,0,1,0,2,0,1,998,61,125,0,4,1,2,2,2,2,1,9,1,3,96,0,17,4,2020,6,2,2,30,1,1,4,2,2,4
170233,1,1,16,2,1,11,20,8,1,0,4,0,5,0,1,70,999,999,0,4,1,3,3,2,1,1,8,0,13,0,37,17,4,2020,6,13,2,30,1,1,4,1,1,3
170234,1,1,66,1,1,11,20,8,9,0,1,0,1,0,1,998,76,170,0,9,1,4,1,2,1,99,99,0,13,0,999,20,4,2020,2,15,2,33,1,1,4,1,1,4
170235,1,1,16,1,1,11,20,20,9,0,1,0,1,0,1,998,73,163,0,9,1,2,1,2,1,99,99,0,80,0,0,18,4,2020,7,13,2,42,1,1,4,1,1,4
170236,1,1,20,1,1,11,20,20,1,0,2,0,1,0,1,998,74,220,0,3,1,2,1,2,1,1,17,0,13,0,39,18,4,2020,7,21,2,12,2,2,1,3,1,1
170237,1,1,29,1,1,11,20,8,8,0,3,0,2,0,1,998,76,999,2,2,3,4,1,2,1,1,11,0,7,12,36,21,4,2020,3,10,2,12,1,1,1,1,1,4
170239,1,1,56,2,1,11,3,8,8,0,1,0,2,0,1,54,67,200,0,0,1,2,1,2,1,14,10,0,13,0,28,22,4,2020,4,8,2,12,1,1,1,1,1,3
170240,1,1,58,1,1,11,3,20,8,0,1,0,3,6,1,998,74,200,0,9,1,2,1,2,1,3,90,0,66,96,60,23,4,2020,5,10,2,10,6,1,1,1,1,0
170243,1,1,84,1,1,11,3,8,0,0,2,0,1,0,1,998,72,185,0,2,1,5,1,2,1,1,12,0,7,96,999,20,4,2020,2,10,2,30,1,1,4,1,1,2
170247,1,1,26,1,1,11,99,99,9,0,99,1,2,0,1,998,68,160,0,4,1,2,1,2,2,1,80,0,7,0,38,25,4,2020,7,20,2,8,3,2,1,3,2,0
170248,1,1,49,1,1,11,20,20,9,0,1,0,1,0,1,998,69,180,0,4,1,4,1,2,1,1,51,0,13,0,0,24,4,2020,6,18,2,12,1,1,1,1,1,4
170249,1,1,32,1,1,11,99,8,9,0,1,0,1,0,1,998,70,180,1,3,1,4,1,2,1,99,99,0,13,0,999,24,4,2020,6,10,2,42,1,1,4,1,1,4
170251,1,1,25,1,1,11,99,99,8,0,1,0,5,0,1,80,73,160,0,3,2,4,1,2,1,14,6,0,7,0,36,25,4,2020,7,0,2,42,1,1,4,2,10,4
170252,1,1,24,1,1,11,20,20,9,0,1,0,1,0,1,998,64,170,2,3,1,5,1,2,1,99,9,0,3,0,36,25,4,2020,7,6,2,30,3,2,4,1,10,4
170253,1,1,999,1,1,11,20,8,9,0,99,1,5,0,1,86,999,999,99,9,3,3,1,2,1,1,80,0,13,0,0,26,4,2020,1,4,2,8,1,1,1,3,1,0
170254,1,1,56,1,1,11,20,20,0,0,1,0,2,0,1,998,999,999,0,9,1,2,1,2,1,14,54,0,13,0,51,26,4,2020,1,19,2,12,1,1,1,3,1,4
170256,1,1,999,9,1,11,98,98,8,0,99,1,9,99,1,998,999,999,99,9,1,4,1,2,1,99,99,0,999,96,999,29,2,2020,7,22,2,9,2,2,1,2,1,1
170260,1,1,52,1,1,11,20,20,8,0,1,0,1,0,1,998,69,205,0,9,1,2,1,2,1,1,13,0,81,0,0,3,5,2020,1,2,2,43,1,1,4,3,1,4
170261,1,1,41,2,1,11,3,8,0,0,1,0,1,0,1,998,65,115,0,0,1,4,1,2,1,11,15,0,13,0,38,3,5,2020,1,19,2,12,2,3,1,5,1,0
170264,1,1,31,2,1,11,20,8,9,0,1,0,2,0,1,998,67,200,1,5,1,2,1,2,1,1,12,0,7,0,999,28,4,2020,3,99,2,59,3,2,4,3,1,4
170265,1,1,82,1,1,11,20,1,9,0,1,0,2,0,1,998,67,190,0,4,1,4,2,2,1,1,17,0,7,0,39,28,4,2020,3,8,2,12,2,2,1,1,5,4
170266,1,1,27,1,1,11,20,8,9,0,1,0,1,0,1,60,76,260,2,3,1,2,1,2,1,6,6,1,60,0,57,28,4,2020,3,21,2,42,1,1,4,2,10,4
170267,1,1,32,1,1,11,20,1,9,0,1,0,2,0,1,998,999,999,0,4,3,5,1,2,2,1,13,0,9,0,0,30,4,2020,5,2,2,24,19,1,8,3,2,4
170268,1,1,999,9,1,11,99,99,9,0,99,1,9,99,1,998,999,999,99,9,3,3,1,2,1,1,80,0,999,0,999,1,5,2020,6,22,2,8,18,1,1,3,1,0
170269,1,1,62,2,1,11,3,8,0,0,1,0,1,0,1,998,60,135,0,0,1,2,1,2,1,11,15,0,13,0,38,2,5,2020,7,11,2,12,2,2,1,1,1,2
170271,1,1,64,1,1,11,3,8,0,0,2,0,1,0,1,998,66,150,0,0,1,4,1,2,1,11,15,0,7,0,38,3,5,2020,1,19,2,12,8,1,1,1,1,0
170272,1,1,43,1,1,11,20,20,1,0,1,0,3,1,1,998,70,199,0,4,1,2,1,2,1,1,12,0,11,0,28,4,5,2020,2,11,2,59,1,1,4,1,1,3
170273,1,1,50,1,1,11,99,99,9,0,2,0,1,0,1,998,67,220,2,9,3,4,1,2,1,99,99,0,13,0,999,4,5,2020,2,13,2,30,19,1,4,1,1,4
170276,1,1,999,9,1,11,99,99,9,0,99,1,9,0,1,998,999,999,99,3,4,2,1,2,1,1,80,0,7,92,0,6,5,2020,4,20,2,8,1,1,1,3,1,0
170277,1,1,50,1,1,11,3,8,0,0,1,0,1,0,1,998,68,170,0,4,3,4,1,2,1,14,13,0,7,0,52,9,5,2020,7,2,2,14,19,1,2,3,1,4
170279,1,1,79,1,1,11,20,1,9,0,1,0,1,0,1,998,999,999,0,0,1,2,1,2,1,1,13,0,13,0,999,11,5,2020,2,16,2,14,1,1,7,1,1,4
170280,1,1,36,1,1,11,99,20,0,0,1,0,2,6,2,998,64,170,0,0,3,3,1,2,1,1,80,0,66,0,0,11,5,2020,2,4,2,8,18,1,1,3,1,0
170281,1,1,35,2,1,11,3,20,9,0,1,0,1,0,1,998,61,170,0,9,1,2,1,2,1,11,15,0,2,92,60,12,5,2020,3,15,2,12,8,1,1,1,1,0
170282,1,1,48,1,1,11,99,1,8,0,1,0,1,0,1,998,72,190,0,9,1,5,1,2,1,1,99,0,3,92,999,12,5,2020,3,19,2,19,3,2,4,1,1,4
170287,1,1,21,1,1,11,20,98,9,0,3,1,2,0,1,56,71,200,2,3,1,4,1,2,1,17,54,0,13,0,51,15,5,2020,6,20,2,12,1,1,1,3,1,9
170289,1,1,47,1,1,11,20,20,9,0,1,0,1,0,1,998,68,230,0,9,2,4,1,2,1,1,12,1,80,0,27,16,5,2020,7,13,2,33,1,1,3,1,1,4
170290,1,1,32,2,1,11,3,20,8,0,2,0,1,0,1,998,62,163,0,0,4,1,1,2,2,1,13,1,7,0,28,16,5,2020,7,22,2,42,1,1,4,3,2,1
170291,1,1,39,1,1,11,3,99,0,0,1,0,3,6,1,998,70,210,0,4,3,4,1,2,2,1,50,0,66,0,0,17,5,2020,1,10,2,12,18,1,1,1,2,4
170297,1,1,27,1,1,11,20,1,1,0,1,0,1,0,1,998,75,230,0,5,1,2,1,2,1,1,6,1,7,0,60,22,5,2020,6,3,2,19,3,3,5,3,1,4
170298,1,1,22,1,1,11,99,1,9,0,1,0,1,0,1,998,999,999,99,5,1,4,1,2,1,1,14,0,13,0,0,29,1,2020,4,0,2,33,3,4,4,3,1,4
170299,1,1,25,1,1,11,3,20,0,0,1,0,3,1,1,998,70,175,0,0,0,0,0,0,0,11,15,0,63,0,38,23,5,2020,7,9,2,12,4,1,1,1,1,0
170301,1,1,25,1,1,11,20,8,9,0,1,0,1,0,1,998,77,200,0,9,3,2,1,2,1,1,13,0,13,0,999,23,5,2020,7,23,2,50,19,1,4,3,1,4
170303,1,1,25,1,1,11,99,99,9,0,99,1,0,0,1,998,70,140,0,5,1,4,1,2,1,1,9,0,13,92,36,24,5,2020,1,14,2,8,3,2,4,1,1,1
170305,1,1,999,9,1,11,99,99,9,0,99,1,9,0,1,998,999,999,99,9,1,2,1,2,1,1,80,0,13,0,999,25,5,2020,2,0,2,8,1,1,1,2,1,0
170308,1,1,999,1,1,11,99,99,8,0,5,1,5,0,1,998,999,999,99,3,1,4,1,2,1,15,80,0,7,92,39,25,5,2020,2,13,2,8,3,2,1,1,1,0
170310,1,1,23,1,1,11,99,20,9,0,99,1,2,0,1,998,999,999,0,9,1,2,1,2,1,1,66,0,13,96,0,25,5,2020,2,21,2,12,2,2,1,3,1,0
170311,1,1,29,1,1,11,20,20,8,0,1,0,1,0,1,998,70,140,0,5,1,2,1,2,1,14,9,1,82,0,0,26,5,2020,3,20,2,24,1,1,4,1,1,4
170313,1,1,46,1,1,11,3,1,0,0,1,0,1,0,1,998,68,190,1,0,1,2,1,2,2,4,19,0,13,0,38,27,5,2020,4,12,2,12,2,3,1,1,2,4
170314,1,1,67,2,1,11,3,2,0,0,2,0,1,0,1,998,68,160,0,0,2,3,1,2,1,12,10,0,7,0,48,28,5,2020,5,11,2,12,1,1,1,1,1,1
170315,1,1,59,2,1,11,3,20,9,0,1,0,2,0,1,998,61,135,0,0,2,3,1,2,1,4,80,0,7,0,0,29,5,2020,6,10,2,8,3,2,1,1,1,0
170316,1,1,67,1,1,11,20,20,0,0,2,0,1,0,1,998,73,205,0,9,1,2,1,2,1,4,17,0,103,0,38,29,5,2020,6,14,2,12,2,2,1,1,1,3
170319,1,1,21,1,1,11,20,8,9,0,2,0,1,0,1,998,72,155,0,0,1,2,1,2,1,1,17,0,7,92,39,31,5,2020,1,2,2,12,2,2,1,3,1,4
170322,1,1,999,1,1,11,20,20,8,0,1,0,3,19,1,998,999,999,99,9,3,2,1,2,1,99,99,0,11,0,0,31,5,2020,1,4,2,25,1,1,3,3,1,4
170323,1,1,25,2,1,11,3,20,0,0,2,0,2,0,1,998,70,132,1,0,1,2,1,2,1,11,15,0,60,96,38,31,5,2020,1,17,2,12,2,2,1,1,1,0
170325,1,1,57,1,1,11,3,8,0,0,2,0,1,0,1,998,67,168,0,0,1,2,2,2,1,11,15,0,7,0,38,31,5,2020,1,19,2,12,2,3,1,5,1,0
170328,1,1,33,2,1,11,20,8,8,0,1,0,2,0,1,998,999,999,0,3,2,2,1,2,2,1,13,0,13,92,0,10,6,2020,4,6,2,21,1,1,4,4,2,4
170329,1,1,64,2,1,11,3,20,0,0,1,0,1,0,1,998,65,130,0,0,1,5,1,2,1,11,80,0,60,99,38,10,6,2020,4,18,2,8,3,2,1,1,1,0
170330,1,1,35,1,1,11,20,20,1,0,1,0,1,0,1,78,68,170,0,3,1,2,2,2,1,15,64,1,94,0,0,31,5,2020,1,20,2,12,2,3,1,1,1,4
170331,1,1,36,1,1,11,20,1,1,0,1,0,1,0,1,70,999,999,0,3,1,2,1,2,1,1,17,1,13,0,39,1,6,2020,2,2,2,12,2,2,1,3,1,4
170332,1,1,24,1,1,11,20,2,8,0,6,0,2,0,1,998,71,145,1,0,2,5,1,2,1,1,17,1,13,0,39,1,6,2020,2,3,2,12,2,2,1,2,1,2
170335,1,1,999,9,1,11,99,99,9,0,99,1,9,0,1,998,999,999,99,9,1,2,1,2,1,1,99,0,60,92,0,1,6,2020,2,19,2,8,1,1,4,1,1,0
170336,1,1,48,1,1,11,99,20,0,0,1,0,1,0,1,998,70,210,0,0,1,2,1,2,1,1,80,0,13,12,0,2,6,2020,3,4,2,8,1,1,1,3,1,0
170337,1,1,60,1,1,11,3,1,9,0,1,0,1,0,1,998,63,140,0,0,2,6,1,2,1,1,12,0,5,0,51,2,6,2020,3,7,2,59,1,1,3,1,1,4
170338,1,1,63,1,1,11,99,20,0,0,1,0,1,0,1,998,75,215,0,0,2,4,2,2,1,1,80,0,13,0,0,2,6,2020,3,12,2,8,1,1,1,1,1,0
170339,1,1,31,1,1,11,3,20,0,0,1,0,1,0,1,998,74,190,0,0,3,4,1,2,1,1,98,0,5,0,57,2,6,2020,3,15,2,54,18,1,1,1,1,0
170342,1,1,69,1,1,11,99,8,8,0,1,0,1,0,1,998,67,164,1,9,1,2,3,2,1,1,50,1,7,0,0,2,6,2020,3,16,2,12,1,1,1,1,1,1
170343,1,1,20,2,1,11,3,8,0,0,1,0,2,0,1,998,64,114,0,0,1,2,1,2,1,14,10,0,13,4,0,3,6,2020,4,19,2,12,1,1,1,1,1,0
170345,1,1,43,2,1,11,99,1,9,0,4,0,1,0,1,998,63,190,1,4,1,2,1,2,1,10,16,0,9,0,39,4,6,2020,5,15,2,12,2,3,1,1,1,3
170346,1,1,999,9,1,11,99,20,9,0,99,1,9,0,1,998,999,999,99,9,1,4,1,2,1,1,83,0,7,0,0,4,6,2020,5,23,2,9,1,1,1,2,1,9
170347,1,1,70,1,1,11,20,20,8,0,1,0,1,0,1,998,72,150,1,4,1,4,2,2,1,14,13,1,81,96,999,6,6,2020,7,1,2,33,1,1,4,2,1,4
170348,1,1,66,1,1,11,20,20,9,0,2,0,2,0,1,998,63,180,0,9,1,2,1,2,8,99,9,0,94,0,999,6,6,2020,7,10,2,1,1,1,1,1,1,4
170350,1,1,54,1,1,11,3,8,8,0,1,0,1,0,1,70,68,190,0,3,1,2,1,2,1,6,10,1,60,0,36,6,6,2020,7,19,2,12,1,1,1,1,1,2
170354,1,1,17,1,1,11,3,8,0,0,2,0,2,0,1,998,67,128,0,5,2,5,1,2,1,1,51,0,13,0,52,12,6,2020,6,6,2,12,1,1,1,1,1,4
170355,1,1,26,1,1,11,3,8,1,0,4,0,2,0,1,998,75,180,0,4,3,3,1,2,1,1,60,1,13,0,0,8,6,2020,2,0,2,12,18,1,1,3,1,2
170356,1,1,28,1,1,11,20,1,8,0,1,0,2,0,1,998,69,155,0,5,3,3,1,2,1,1,9,0,13,12,0,13,6,2020,7,20,2,34,1,1,4,5,1,4
170357,1,1,22,1,1,11,3,20,8,0,2,0,1,0,1,998,68,160,1,3,1,2,1,2,1,1,12,0,7,0,89,14,6,2020,1,6,2,42,1,1,4,4,1,4
170360,1,1,24,1,1,11,20,20,8,0,1,0,1,0,1,998,69,150,0,9,1,2,1,2,1,14,10,0,80,0,28,14,6,2020,1,16,2,12,1,1,1,1,1,4
170363,1,1,32,2,1,11,99,8,9,0,1,0,2,0,1,998,64,140,2,9,3,2,1,2,1,99,99,0,7,99,999,15,6,2020,2,5,2,42,1,1,4,2,1,4
170364,1,1,22,2,1,11,99,8,0,0,1,0,1,0,1,998,63,200,0,0,4,2,1,2,1,1,51,0,7,99,26,15,6,2020,2,7,2,12,8,1,1,1,1,0
170366,1,1,74,1,1,11,3,1,9,0,1,0,1,0,1,998,73,160,0,9,1,2,1,2,1,15,13,0,60,0,0,15,6,2020,2,11,2,18,1,1,4,1,1,4
170369,1,1,60,1,1,11,99,1,8,0,1,0,1,0,1,998,999,999,1,9,5,5,1,2,1,1,10,0,5,0,28,17,6,2020,4,11,2,12,1,1,1,1,1,4
170371,1,1,29,1,1,11,20,20,8,0,2,0,2,0,1,998,999,999,0,3,1,2,1,2,1,1,99,1,13,96,0,8,6,2020,2,21,2,42,1,1,5,3,1,4
170372,1,1,44,1,1,11,3,20,0,0,1,0,1,0,1,998,65,142,0,0,1,4,1,2,1,11,15,0,13,0,38,17,6,2020,4,15,2,12,8,1,1,1,1,0
170375,1,1,24,1,1,11,20,20,0,0,1,0,1,0,1,998,68,184,1,0,3,3,1,2,1,1,5,0,80,0,82,19,6,2020,6,20,2,1,1,1,1,5,1,4
170376,1,1,67,2,1,11,20,1,0,0,1,0,1,0,1,998,61,104,0,0,5,5,2,2,1,1,13,0,2,0,36,10,2,2020,2,11,2,33,1,1,4,1,1,4
170377,1,1,999,9,1,11,99,99,9,0,99,1,9,0,1,998,999,999,99,9,1,4,1,2,1,1,80,0,13,99,999,19,6,2020,6,23,2,8,3,2,1,3,1,9
170381,1,1,24,1,1,11,3,1,8,0,2,0,2,0,1,998,75,195,0,3,1,2,1,2,1,1,17,1,13,0,89,21,6,2020,1,22,2,12,2,2,1,3,1,1
170382,1,1,48,1,1,11,3,8,0,0,1,0,1,0,1,998,69,200,0,4,2,4,1,2,2,1,17,0,60,0,39,22,6,2020,2,14,2,12,2,3,1,1,2,0
170383,1,1,74,1,1,11,3,20,8,0,1,0,1,0,1,998,74,290,0,0,1,2,1,2,2,1,10,0,13,0,51,9,6,2020,3,13,2,12,1,1,1,1,2,4
170385,1,1,20,1,1,11,99,99,9,0,1,0,2,0,1,998,999,999,0,3,1,2,1,2,1,1,17,0,13,0,37,9,6,2020,3,19,2,12,2,2,1,2,1,4
170386,1,1,35,1,1,11,3,20,0,0,1,0,2,0,1,998,66,160,0,0,1,5,1,2,1,1,80,0,13,0,10,23,6,2020,3,22,2,8,3,2,1,2,1,0
170388,1,1,68,1,1,11,99,20,0,0,1,0,2,0,1,30,66,175,0,0,2,3,1,2,1,1,80,0,13,0,0,25,6,2020,5,13,2,8,1,1,1,1,1,0
170390,1,1,28,1,1,11,3,1,0,0,1,0,2,0,1,998,70,165,0,4,1,4,1,2,1,1,17,1,60,12,89,25,6,2020,5,21,2,12,2,2,1,3,1,2
170393,1,1,47,2,1,11,99,20,9,0,2,0,1,0,1,998,59,250,0,9,2,2,1,2,2,1,9,0,7,99,999,27,6,2020,7,2,2,30,1,1,3,6,1,4
170394,1,1,69,1,1,11,20,20,8,0,1,0,1,0,1,998,72,235,0,0,1,2,1,2,1,1,10,0,13,0,28,27,6,2020,7,14,2,12,1,1,1,1,1,4
170396,1,1,20,1,1,11,3,20,0,0,2,0,1,0,1,12,75,210,0,4,1,2,1,2,1,1,17,0,7,0,38,27,6,2020,7,16,2,12,2,2,1,1,1,0
170397,1,1,27,1,1,11,3,20,0,0,4,0,1,0,1,44,999,999,99,9,6,1,2,2,1,14,11,1,60,0,58,27,6,2020,7,21,2,1,5,1,8,2,1,2
170399,1,1,51,1,1,11,3,20,0,0,1,0,3,6,1,998,72,210,0,0,2,2,1,2,1,11,15,0,66,0,38,11,6,2020,5,14,2,12,2,3,1,1,1,0
170401,1,1,50,2,1,11,99,20,9,0,1,0,2,0,1,998,62,130,0,9,1,2,1,2,1,1,13,0,7,99,58,28,6,2020,1,10,2,42,1,1,4,1,1,4
170402,1,1,40,1,1,11,99,20,0,0,1,1,2,0,1,998,65,165,0,4,1,2,1,2,1,1,13,0,95,99,35,28,6,2020,1,18,2,9,1,1,2,1,1,0
170404,1,1,46,1,1,11,20,20,1,0,1,0,1,0,1,998,71,250,0,4,3,2,1,2,1,1,11,0,7,0,28,28,6,2020,1,21,2,12,1,1,1,3,1,4
170406,1,1,42,1,1,11,3,20,8,0,2,0,1,0,1,998,999,999,99,0,2,2,1,2,1,99,99,1,7,0,38,12,6,2020,6,20,2,12,1,1,1,1,1,0
170407,1,1,56,1,1,11,3,20,0,0,2,0,2,0,1,19,73,145,0,0,1,4,2,2,1,14,80,0,7,0,0,29,6,2020,2,0,2,8,1,1,1,3,1,0
170409,1,1,47,1,1,11,20,8,9,0,1,0,2,0,1,998,68,180,0,2,1,6,1,2,1,1,10,0,13,0,28,29,6,2020,2,12,2,12,2,2,1,1,1,4
170410,1,1,999,9,1,11,99,99,9,0,99,1,9,99,1,998,999,999,99,9,3,3,1,2,1,15,98,0,999,0,999,13,6,2020,7,23,2,1,1,1,1,3,1,0
170411,1,1,49,1,1,11,3,8,8,0,1,0,1,0,1,998,72,275,0,0,2,2,2,2,1,14,10,0,13,0,28,29,6,2020,2,14,2,26,1,1,5,1,1,4
170412,1,1,46,1,1,11,20,20,8,0,1,0,2,0,1,998,69,200,0,4,1,2,1,2,1,1,66,1,81,96,0,14,6,2020,1,21,2,12,2,2,1,3,1,4
170414,1,1,75,1,1,11,99,20,9,0,2,0,2,0,1,998,73,180,0,9,1,2,1,2,1,1,80,0,13,92,38,14,2,2020,6,19,2,8,1,1,1,2,1,0
170415,1,1,32,1,1,11,20,20,1,0,2,0,2,0,1,998,74,160,0,4,3,3,2,2,1,1,8,1,7,92,89,30,6,2020,3,22,2,30,19,1,8,3,1,2
170416,1,1,68,1,1,11,99,1,9,0,1,0,1,0,1,998,72,180,0,5,1,2,1,2,2,1,13,0,60,0,0,18,2,2020,3,16,2,33,1,1,4,1,1,4
170417,1,1,46,1,1,11,3,99,9,0,2,0,1,0,1,998,68,185,0,5,1,2,1,2,1,14,8,1,13,0,58,30,6,2020,3,22,2,42,1,1,4,2,1,4
170418,1,1,999,9,1,11,99,99,9,0,99,1,9,0,1,998,999,999,99,9,2,4,1,2,1,1,80,0,13,92,0,22,2,2020,7,22,2,8,1,1,1,3,1,0
170420,1,1,91,2,1,11,3,1,0,0,1,0,1,0,1,998,60,130,0,0,1,2,1,2,1,3,98,0,13,0,999,2,3,2020,2,11,2,33,1,1,4,1,1,4
170421,1,1,57,1,1,11,99,1,8,0,1,0,1,0,1,998,69,135,0,3,1,4,1,2,1,1,10,0,7,96,28,1,7,2020,4,20,2,12,1,1,1,3,1,4
170422,1,1,27,2,1,11,99,8,9,0,1,0,1,0,1,998,67,185,0,9,1,2,1,2,1,1,10,0,7,99,28,2,7,2020,5,2,2,12,1,1,1,3,1,4
170423,1,1,72,1,1,11,99,1,9,0,1,0,1,0,1,998,73,175,0,5,1,3,1,2,1,1,12,0,7,0,51,5,3,2020,5,14,2,12,1,1,7,1,1,4
170424,1,1,19,1,1,11,99,20,0,0,1,0,2,0,1,998,72,168,0,9,1,4,1,2,1,1,80,0,7,0,0,2,7,2020,5,12,2,8,1,1,1,1,1,0
170425,1,1,999,9,1,11,99,99,9,0,99,1,9,99,1,998,999,999,99,9,1,3,1,2,2,1,80,0,999,0,999,9,3,2020,2,6,2,8,3,2,1,4,2,0
170427,1,1,30,2,1,11,98,98,9,0,1,0,1,0,1,998,999,999,0,9,2,7,1,2,1,1,99,0,5,0,999,26,3,2020,5,22,2,46,3,2,12,3,1,4
170428,1,1,67,1,1,11,3,1,8,0,1,0,1,0,1,998,68,350,0,0,5,5,2,2,1,1,10,0,13,0,28,2,7,2020,5,16,2,12,1,1,1,1,1,4
170429,1,1,22,1,1,11,20,8,9,0,1,0,1,0,1,998,73,170,2,9,1,4,1,2,1,1,9,0,13,0,28,2,5,2020,7,20,2,12,1,1,1,3,1,4
170430,1,1,17,2,1,11,3,20,0,0,2,0,2,0,1,998,63,190,0,0,5,5,1,2,1,1,84,0,13,0,0,2,7,2020,5,18,2,9,2,2,1,1,1,0
170431,1,1,25,1,1,11,99,7,8,0,1,0,1,0,1,998,67,210,1,4,2,4,1,2,1,1,65,0,13,0,0,2,7,2020,5,18,2,12,2,2,1,1,1,4