ST_CASE,VEH_NO,PER_NO,AGE,SEX,PER_TYP,SEAT_POS,REST_USE,AIR_BAG,DRUGS,LOCATION,NUMOCCS,HIT_RUN,OWNER,V_CONFIG,HAZ_INV,TRAV_SP,DR_HGT,DR_WGT,PREV_SPD,SPEEDREL,VTRAFWAY,VNUM_LAN,VPROFILE,VPAVETYP,VSURCOND,P_CRASH1,P_CRASH2,DR_DRINK,VPICBODYCLASS,DRDISTRACT,DRIVERRF,DAY,MONTH,YEAR,DAY_WEEK,HOUR,RUR_URB,HARM_EV,RELJCT2,TYP_INT,REL_ROAD,LGT_COND,WEATHER,INJ_SEV
170432,1,1,999,9,1,11,99,99,9,0,99,1,9,0,1,998,999,999,99,9,1,6,1,2,2,1,80,0,999,92,999,23,5,2020,7,23,2,8,18,1,1,3,1,0
170434,1,1,28,1,1,11,99,8,8,0,4,0,4,0,1,998,72,175,1,3,1,2,1,2,1,6,6,1,1,0,58,15,6,2020,2,1,2,1,1,1,4,3,1,2
170435,1,1,20,1,1,11,3,20,0,0,1,0,1,0,1,998,70,160,0,0,5,3,1,2,1,1,84,0,60,0,0,3,7,2020,6,13,2,9,1,1,1,1,1,0
170437,1,1,999,9,1,11,99,99,9,0,99,1,9,0,1,63,999,999,99,9,2,2,1,2,1,1,11,1,13,99,28,4,7,2020,7,2,2,8,1,1,1,2,1,0
170440,1,1,47,1,1,11,3,20,9,0,3,0,1,0,1,998,71,999,1,9,4,1,1,2,1,1,13,0,8,92,999,17,6,2020,4,12,2,14,3,2,7,1,1,4
170442,1,1,999,9,1,11,99,99,9,0,99,1,9,0,1,998,999,999,99,9,3,3,1,2,1,1,80,0,999,0,999,5,7,2020,1,4,2,8,1,1,1,4,1,0
170443,1,1,70,1,1,11,99,20,0,0,1,0,1,0,1,998,71,240,1,0,0,0,0,0,0,10,16,0,13,0,38,5,7,2020,1,21,2,12,8,1,1,3,1,2
170444,1,1,52,1,1,11,3,20,0,0,1,0,3,6,1,998,72,225,0,4,3,2,1,2,1,1,52,0,66,0,89,17,6,2020,4,16,2,12,1,1,1,1,1,0
170448,1,1,999,1,1,11,20,99,9,0,1,0,9,0,1,998,999,999,99,9,3,5,1,2,1,15,13,0,5,0,36,18,6,2020,5,6,2,20,19,1,10,1,1,4
170449,1,1,26,1,1,11,99,99,0,0,3,0,3,0,1,998,74,190,1,0,2,3,1,2,1,1,17,0,7,99,16,8,7,2020,4,22,2,12,2,2,1,3,1,3
170450,1,1,29,1,1,11,3,20,0,0,1,0,2,0,1,998,999,999,99,0,2,7,1,2,1,1,80,0,5,0,0,19,6,2020,6,20,2,9,2,2,1,5,1,0
170451,1,1,36,1,1,11,99,98,9,0,1,0,1,0,1,998,72,190,0,3,1,4,1,2,1,1,12,0,5,99,89,9,7,2020,5,3,2,38,1,1,4,3,1,4
170452,1,1,76,2,1,11,99,20,8,0,1,0,2,0,1,998,65,137,0,9,0,0,0,0,0,98,9,0,95,0,0,9,7,2020,5,11,2,46,8,1,4,1,1,4
170454,1,1,16,1,1,11,99,8,9,0,2,0,2,0,1,998,999,999,0,5,2,2,2,2,2,14,9,0,7,99,999,10,7,2020,6,3,2,24,19,1,4,3,2,1
170456,1,1,45,2,1,11,99,20,1,0,1,0,1,0,1,998,63,150,0,4,6,1,1,2,2,1,80,1,13,0,27,21,6,2020,1,0,2,8,20,1,1,3,2,0
170458,1,1,21,1,1,11,3,8,0,0,1,0,2,0,1,998,73,240,0,9,1,2,1,2,1,11,15,0,7,99,38,10,7,2020,6,15,2,12,2,3,1,1,1,2
170459,1,1,26,1,1,11,99,8,1,0,2,0,2,0,1,998,68,150,0,9,2,4,1,2,1,99,99,1,13,92,999,21,6,2020,1,19,2,30,3,4,4,1,1,2
170460,1,1,54,1,1,11,3,8,0,0,1,0,1,0,1,75,70,190,0,4,1,4,1,2,2,15,6,0,60,0,36,22,6,2020,2,17,2,12,1,1,1,1,2,3
170461,1,1,18,1,1,11,3,8,0,0,4,0,2,0,1,998,72,160,0,0,2,4,1,2,1,11,15,0,13,0,38,10,7,2020,6,22,2,12,2,2,1,3,1,1
170463,1,1,23,1,1,11,99,8,8,0,2,0,1,0,1,998,69,180,1,9,1,2,1,2,1,1,13,0,7,0,999,11,7,2020,7,3,2,30,1,1,4,3,1,4
170464,1,1,40,1,1,11,99,8,9,0,2,0,1,0,1,998,75,190,0,9,1,4,1,2,1,1,10,0,13,99,28,11,7,2020,7,6,2,12,1,1,1,1,1,3
170467,1,1,41,1,1,11,3,1,8,0,1,0,3,0,1,998,999,999,99,3,2,6,1,2,2,1,59,0,13,92,26,23,6,2020,3,19,2,12,1,1,1,5,2,3
170468,1,1,34,1,1,11,3,8,9,0,1,0,2,0,1,998,72,195,0,5,3,4,1,2,1,1,50,1,13,0,89,23,6,2020,3,20,2,12,1,1,1,5,1,1
170469,1,1,74,1,1,11,99,20,9,0,1,0,2,0,1,998,999,999,0,9,2,6,2,2,1,1,80,0,7,0,60,25,6,2020,5,8,2,8,1,1,1,1,8,0
170471,1,1,23,1,1,11,99,8,9,0,2,0,1,0,1,998,68,130,1,4,6,4,2,2,1,99,6,0,13,0,0,28,6,2020,1,1,2,46,3,2,12,3,1,4
170473,1,1,31,1,1,11,3,8,1,0,1,0,1,0,1,65,69,140,0,0,3,6,1,2,1,15,13,1,13,0,27,28,6,2020,1,18,2,1,19,1,4,1,1,4
170474,1,1,21,1,1,11,20,20,8,0,1,0,2,0,1,998,72,170,1,4,3,4,1,2,1,1,51,1,80,0,36,28,6,2020,1,22,2,12,1,1,1,3,1,4
170475,1,1,37,1,1,11,3,20,0,0,1,0,3,6,1,998,67,155,0,0,1,5,1,2,1,15,90,0,66,0,27,30,6,2020,3,1,2,5,1,1,1,3,1,0
170477,1,1,23,1,1,11,3,20,0,0,1,0,3,2,1,998,71,200,0,9,1,4,1,2,1,1,80,0,11,0,0,2,7,2020,5,15,2,8,1,1,1,1,1,0
170478,1,1,91,1,1,11,3,8,0,0,4,0,1,0,1,998,67,180,0,0,1,7,3,2,1,11,15,0,7,0,38,3,7,2020,6,12,2,12,2,2,1,1,1,2
170479,1,1,24,1,1,11,20,1,9,0,3,0,9,0,1,998,72,160,0,4,1,4,1,2,1,1,10,0,7,92,36,3,7,2020,6,21,2,12,1,1,1,3,1,4
170481,1,1,87,1,1,11,20,1,8,0,1,0,1,0,1,998,65,150,0,0,2,7,1,2,1,11,15,0,7,0,38,6,7,2020,2,8,2,12,8,1,1,1,1,4
170483,1,1,35,1,1,11,3,20,0,0,3,0,1,0,1,998,65,160,0,0,2,5,1,2,1,1,80,0,13,0,0,8,7,2020,4,21,2,8,3,2,1,2,1,0
170484,1,1,999,9,1,11,99,99,9,0,99,1,9,0,1,998,999,999,99,9,1,5,1,2,2,11,80,0,7,92,999,10,7,2020,6,2,2,8,3,2,1,3,99,0
170486,1,1,44,1,1,11,3,20,9,0,1,0,1,0,1,998,73,275,0,9,2,5,1,2,2,1,80,0,7,92,38,11,7,2020,7,23,2,8,3,2,1,3,2,0
170487,1,1,999,1,1,11,3,1,9,0,1,0,9,0,1,998,999,999,99,3,1,2,1,2,1,1,99,0,7,92,36,12,7,2020,1,1,2,18,1,1,5,2,1,4
170488,1,1,57,1,1,11,3,20,0,0,1,0,3,0,1,998,75,165,0,0,1,2,1,2,1,11,15,0,7,0,38,12,7,2020,1,20,2,12,2,3,1,5,1,0
170489,1,1,999,9,1,11,99,99,9,0,99,1,9,99,1,998,999,999,99,9,1,2,1,2,1,1,83,0,999,96,999,13,7,2020,2,2,2,9,3,2,1,3,1,0
170490,1,1,44,1,1,11,20,20,9,0,1,0,1,0,1,998,70,200,0,4,1,7,1,2,1,99,6,0,81,92,89,13,7,2020,2,3,2,33,1,1,4,3,1,4
170493,1,1,27,1,1,11,20,20,0,0,3,0,1,0,1,998,999,999,0,0,0,0,0,0,0,11,15,0,2,92,48,14,7,2020,3,22,2,12,8,1,1,3,1,0
170494,1,1,55,1,1,11,20,20,8,0,1,0,0,0,1,998,69,190,0,9,1,2,6,2,1,1,3,0,996,0,0,14,7,2020,3,23,2,1,1,1,1,3,1,4
170496,1,1,77,2,1,11,3,8,0,0,1,0,1,0,1,998,67,180,0,4,1,2,1,2,2,1,6,0,13,0,87,15,7,2020,4,17,2,12,1,1,1,1,2,4
170497,1,1,32,1,1,11,3,20,9,0,1,0,3,0,1,998,67,167,0,9,2,2,2,2,1,1,12,0,13,0,89,16,7,2020,5,5,2,38,1,1,10,1,1,4
170498,1,1,18,1,1,11,3,20,0,0,1,0,1,0,1,998,76,170,0,0,1,4,1,2,1,1,83,0,60,0,0,16,7,2020,5,14,2,9,2,2,1,1,1,0
170499,1,1,41,1,1,11,20,20,9,0,1,0,1,0,1,998,68,175,0,9,1,2,1,2,1,1,13,0,6,92,999,16,7,2020,5,16,2,14,1,1,7,1,1,4
170500,1,1,999,9,1,11,3,99,9,0,2,1,9,0,1,998,999,999,99,9,3,5,1,2,1,99,50,0,7,0,999,17,7,2020,6,0,2,12,18,1,1,3,1,0
170501,1,1,48,1,1,11,20,8,1,0,1,0,2,0,1,68,69,160,0,4,3,5,1,2,1,1,51,0,2,0,26,17,7,2020,6,1,2,12,18,1,1,3,1,2
170502,1,1,47,1,1,11,20,8,8,0,1,0,2,0,1,79,68,190,2,5,3,5,1,2,1,1,52,1,3,0,26,17,7,2020,6,3,2,12,18,1,1,3,1,3
170504,1,1,999,1,1,11,99,99,9,0,99,1,9,99,1,998,999,999,99,9,3,3,1,2,1,99,61,0,9,0,999,17,7,2020,6,10,2,12,1,1,1,1,1,0
170507,1,1,34,1,1,11,20,20,9,0,1,0,2,0,1,998,70,165,0,5,1,2,1,2,1,1,13,0,82,0,0,18,7,2020,7,0,2,42,3,3,4,2,1,4
170510,1,1,41,1,1,11,99,8,9,0,1,0,2,0,1,998,66,250,0,3,1,7,1,2,1,1,17,1,13,92,39,19,7,2020,1,16,2,12,2,2,1,1,1,0
170511,1,1,30,1,1,11,20,20,9,0,1,1,9,0,1,999,72,220,0,5,1,2,1,2,1,1,11,0,125,92,0,19,7,2020,1,21,2,14,1,1,2,3,1,4
170512,1,1,49,2,1,11,20,8,9,0,2,0,1,0,1,998,63,150,0,9,1,3,2,2,1,11,15,0,13,0,38,20,7,2020,2,8,2,12,2,3,1,1,1,4
170515,1,1,999,9,1,11,99,99,9,0,99,1,9,99,1,998,999,999,99,0,2,2,1,2,1,99,80,0,999,0,999,22,7,2020,4,1,2,8,1,1,1,2,1,0
170516,1,1,34,2,1,11,20,1,9,0,2,0,2,0,1,998,66,185,0,0,3,3,1,2,1,1,9,0,7,0,27,22,7,2020,4,14,2,25,19,1,3,1,1,4
170517,1,1,82,1,1,11,99,20,8,0,1,0,1,0,1,998,69,150,1,0,3,3,1,2,1,1,8,0,7,0,89,22,7,2020,4,17,2,34,1,1,4,1,1,4
170518,1,1,19,1,1,11,3,8,8,0,1,0,2,0,1,998,70,150,0,9,1,2,1,2,1,1,17,0,13,0,38,22,7,2020,4,17,2,12,2,2,1,1,1,4
170519,1,1,999,9,1,11,98,98,9,0,2,1,9,0,1,998,999,999,99,5,1,2,2,2,1,1,80,0,13,96,999,22,7,2020,4,22,2,8,1,1,1,2,1,0
170520,1,1,72,1,1,11,3,20,0,0,1,0,1,0,1,998,73,187,0,0,2,5,2,2,1,1,83,0,60,0,39,23,7,2020,5,12,2,9,2,2,1,1,1,0
170522,1,1,999,9,1,11,98,98,9,0,99,1,9,0,1,998,999,999,99,9,1,2,1,2,1,99,83,0,999,0,999,23,7,2020,5,23,2,9,1,1,1,2,1,0
170526,1,1,19,1,1,11,3,8,0,0,3,0,1,0,1,998,68,180,0,3,1,2,1,2,1,1,4,0,13,0,0,24,7,2020,6,18,2,30,1,1,4,1,99,1
170527,1,1,26,1,1,11,20,20,9,0,1,0,1,0,1,998,69,150,0,4,3,3,1,2,1,1,50,0,80,0,84,24,7,2020,6,20,2,12,1,1,1,1,1,4
170528,1,1,23,2,1,11,3,99,0,0,3,0,1,0,1,998,64,124,2,0,1,3,1,2,1,11,15,0,7,96,38,24,7,2020,6,23,2,12,2,2,1,3,1,2
170529,1,1,59,1,1,11,3,20,0,0,1,0,1,0,1,998,75,225,0,0,1,2,1,2,2,1,17,0,60,0,38,25,7,2020,7,11,2,12,2,2,1,1,1,0
170530,1,1,36,1,1,11,20,1,9,0,1,0,1,1,1,41,67,210,0,9,4,2,1,2,1,1,99,0,60,0,999,26,7,2020,1,0,2,42,1,1,4,2,1,4
170531,1,1,24,1,1,11,3,20,0,0,2,0,1,0,1,998,70,192,0,9,1,2,5,2,1,1,98,1,13,6,6,26,7,2020,1,0,2,5,1,1,1,2,1,0
170534,1,1,29,1,1,11,99,8,9,0,1,0,1,0,1,998,68,210,0,4,2,2,2,2,2,1,9,0,13,0,51,27,7,2020,2,10,2,12,1,1,1,1,2,4
170535,1,1,68,1,1,11,3,2,0,0,1,0,4,0,1,998,71,180,0,0,1,5,2,2,1,11,15,0,13,0,38,27,7,2020,2,17,2,12,2,2,1,1,1,0
170536,1,1,39,1,1,11,3,20,0,0,1,0,3,2,1,998,65,160,1,0,1,5,1,2,1,4,80,0,11,0,38,27,7,2020,2,19,2,8,3,2,1,1,1,0
170537,1,1,77,1,1,11,3,8,8,0,1,0,1,0,1,998,67,212,0,3,1,2,1,2,1,1,17,0,7,92,39,28,7,2020,3,8,2,12,2,2,1,1,1,2
170538,1,1,83,1,1,11,3,1,0,0,1,0,1,0,1,998,72,195,0,4,1,5,1,2,1,1,50,0,9,0,0,28,7,2020,3,9,2,12,3,2,1,1,1,4
170539,1,1,28,1,1,11,99,20,9,0,1,1,1,0,1,998,999,999,0,9,1,2,2,2,1,1,9,0,13,96,37,28,7,2020,3,17,2,9,6,1,1,1,1,0
170540,1,1,44,1,1,11,3,2,0,0,2,0,4,0,1,998,69,200,2,0,1,3,1,2,1,11,15,0,5,0,38,29,7,2020,4,9,2,12,2,3,1,1,1,0
170541,1,1,78,1,1,11,20,20,9,0,1,0,1,0,1,998,70,215,0,5,6,1,2,2,1,1,13,0,81,0,0,29,7,2020,4,13,2,14,5,1,2,1,1,4
170542,1,1,28,1,1,11,3,99,9,0,1,0,3,6,1,998,67,999,1,4,3,3,1,2,1,1,50,0,66,0,0,29,7,2020,4,16,2,12,18,1,1,1,1,4
170543,1,1,999,9,1,11,99,99,9,0,99,1,9,99,1,998,999,999,99,9,9,8,8,9,98,11,80,0,999,99,999,29,7,2020,4,21,2,8,3,2,1,3,1,0
170544,1,1,57,2,1,11,99,20,0,0,1,0,1,0,1,998,65,210,0,9,1,6,1,2,1,1,80,0,8,92,38,29,7,2020,4,22,2,8,3,2,1,3,1,1
170545,1,1,48,2,1,11,20,8,8,0,1,0,1,0,1,998,61,140,0,0,1,3,1,2,1,1,10,0,13,92,51,30,7,2020,5,16,2,12,1,1,1,1,1,3
170546,1,1,66,1,1,11,3,20,0,0,1,0,1,0,1,998,67,195,1,0,2,3,1,2,1,1,80,0,7,92,0,31,7,2020,6,0,2,8,1,1,1,3,1,0
170547,1,1,63,1,1,11,3,20,0,0,1,0,1,0,1,998,69,200,0,0,5,5,1,2,1,1,80,0,60,0,0,31,7,2020,6,5,2,8,1,1,1,2,1,0
170548,1,1,25,1,1,11,3,20,9,0,1,0,2,0,1,998,68,260,0,3,5,5,1,2,1,1,80,0,3,12,0,31,7,2020,6,7,2,8,2,3,1,1,1,0
170549,1,1,48,2,1,11,20,20,9,0,1,0,1,0,1,998,65,150,0,4,3,3,1,2,1,1,6,0,94,0,89,31,7,2020,6,8,2,25,19,1,3,4,1,4
170550,1,1,56,1,1,11,20,20,9,0,1,0,1,0,1,998,72,195,0,9,2,2,1,2,1,14,9,0,81,92,999,31,7,2020,6,10,2,33,1,1,4,1,1,4
170551,1,1,21,1,1,11,3,1,0,0,2,0,1,0,1,998,65,175,0,0,1,2,1,2,1,1,17,0,13,0,39,31,7,2020,6,15,2,12,2,2,1,1,1,1
170552,1,1,17,1,1,11,3,8,9,0,1,0,2,0,1,998,72,155,0,3,1,2,1,2,1,6,12,0,13,0,36,31,7,2020,6,17,2,33,1,1,4,1,1,4
170553,1,1,61,1,1,11,20,1,9,0,1,0,2,0,1,998,72,215,0,0,3,3,1,2,1,14,12,0,13,0,27,31,7,2020,6,22,2,25,19,1,3,3,1,4
170554,1,1,47,1,1,11,99,8,9,0,1,0,1,0,1,998,71,140,0,3,1,2,1,2,1,6,9,0,13,0,34,31,7,2020,6,22,2,12,1,1,1,2,1,4
170555,1,1,999,9,1,11,98,98,0,0,99,1,9,99,1,999,999,999,99,9,1,5,1,2,2,1,80,0,999,6,999,1,2,2020,7,17,2,8,3,2,1,2,1,0
170556,1,1,46,2,1,11,99,99,8,0,1,0,2,0,1,998,63,140,0,5,1,2,1,2,1,6,54,0,13,0,34,8,2,2020,7,21,2,12,1,1,1,2,1,4
170557,1,1,26,2,1,11,99,8,8,0,3,0,2,0,1,998,66,125,1,0,2,6,1,2,3,1,98,0,13,96,39,12,2,2020,4,19,2,10,6,1,1,3,4,3
170558,1,1,45,2,1,11,3,1,9,0,1,0,2,0,1,998,62,145,0,9,2,5,1,2,1,11,15,0,15,96,38,27,2,2020,5,11,2,12,2,3,1,1,1,1
170559,1,1,54,1,1,11,99,20,0,0,2,0,1,0,1,998,67,165,0,0,1,5,1,2,2,1,17,0,13,92,38,5,5,2020,3,15,2,12,2,7,1,1,2,1
170560,1,1,999,1,1,11,99,99,9,0,2,1,9,0,1,998,999,999,99,9,4,3,1,2,1,1,80,0,13,92,999,10,5,2020,1,0,2,8,1,1,1,3,1,0
170561,1,1,27,1,1,11,3,20,0,0,1,0,1,0,1,998,68,180,0,5,6,1,1,2,1,1,83,0,13,0,60,20,5,2020,4,7,2,9,2,2,1,1,1,0
170562,1,1,999,1,1,11,99,20,9,0,1,1,9,0,1,998,999,999,99,0,1,5,1,2,1,11,15,0,13,0,48,26,5,2020,3,99,2,12,2,2,1,1,1,0
170563,1,1,78,2,1,11,3,8,0,0,2,0,1,0,1,998,64,120,0,0,0,0,0,0,0,4,19,0,13,0,38,1,7,2020,4,12,2,12,2,2,1,1,1,3
170564,1,1,31,2,1,11,99,20,0,0,2,1,1,0,1,998,66,182,0,5,1,2,1,2,1,1,80,0,7,0,0,1,7,2020,4,19,2,8,1,1,1,1,1,0
170567,1,1,92,1,1,11,3,8,9,0,1,0,1,0,1,998,68,158,0,0,3,4,1,2,1,1,11,0,7,0,52,10,7,2020,6,14,2,25,18,1,1,1,1,4
170568,1,1,39,1,1,11,3,1,0,0,1,0,1,0,1,998,69,195,0,9,1,5,1,2,1,11,15,0,7,0,38,28,6,2020,1,15,2,12,2,2,1,1,1,0
170570,1,1,36,1,1,11,3,20,8,0,1,0,1,0,1,998,999,999,99,0,1,2,1,2,1,1,80,0,60,0,0,1,12,2020,3,17,2,8,1,1,1,2,1,0
170571,1,1,999,1,1,11,99,8,8,0,3,1,2,0,1,998,999,999,99,9,1,2,1,9,1,1,17,0,13,0,39,2,9,2020,4,10,2,12,2,2,1,1,1,0
170572,1,1,64,1,1,11,3,20,8,0,1,0,1,0,1,998,999,999,99,9,0,0,0,0,0,13,20,0,60,92,55,2,12,2020,4,12,2,8,1,1,4,1,1,0
170573,1,1,25,1,1,11,99,8,8,0,4,0,2,0,1,998,999,999,99,3,1,4,1,2,1,1,17,0,13,12,39,2,12,2020,4,20,2,12,2,2,1,3,1,2
170575,1,1,17,2,1,11,3,8,8,0,1,0,2,0,1,998,999,999,99,0,1,2,1,9,1,1,17,0,13,0,38,2,12,2020,4,16,2,12,2,2,1,1,1,4
170576,1,1,39,2,1,11,20,1,8,0,1,0,1,0,1,998,999,999,99,0,1,2,1,9,1,14,12,0,3,0,0,2,12,2020,4,13,2,34,1,1,4,1,1,4
170579,1,1,62,1,1,11,3,8,8,0,1,0,1,0,1,998,73,245,0,9,1,2,8,2,98,1,17,0,7,0,39,4,12,2020,6,18,2,12,2,2,1,2,1,4
170580,1,1,49,1,1,11,3,20,8,0,1,1,1,0,1,998,999,999,99,4,3,4,1,1,2,1,80,0,7,0,6,6,12,2020,1,5,2,8,1,1,1,3,4,0
170581,1,1,26,1,1,11,99,1,8,0,1,0,1,0,1,998,999,999,99,9,1,5,1,2,1,1,12,0,13,92,0,9,12,2020,4,3,2,42,1,1,4,3,1,4
170582,1,1,62,1,1,11,20,20,8,0,2,0,1,0,1,998,999,999,99,4,1,2,1,4,1,1,6,0,7,0,36,3,12,2020,5,14,2,34,1,1,4,1,1,4
170583,1,1,63,1,1,11,3,20,8,0,1,0,2,0,1,998,999,999,99,0,1,2,2,9,1,1,98,0,7,0,39,6,12,2020,1,9,2,10,6,1,1,1,1,4
170585,1,1,48,1,1,11,99,20,8,0,1,0,3,6,1,998,71,250,0,0,6,1,8,1,98,14,6,1,66,0,0,9,12,2020,4,1,2,1,5,1,1,3,1,4
170586,1,1,14,1,1,11,20,20,8,0,1,0,0,0,1,998,999,999,0,0,1,2,8,9,98,1,17,0,69,0,52,9,12,2020,4,16,2,12,2,2,1,1,1,4
170587,1,1,48,1,1,11,3,20,8,0,1,0,3,1,1,998,999,999,99,9,2,2,1,2,2,1,80,0,11,0,0,12,12,2020,7,18,2,8,1,1,1,2,1,0
170588,1,1,35,1,1,11,99,20,8,0,2,0,2,0,1,998,999,999,99,4,1,2,5,2,1,14,6,1,1,92,6,13,12,2020,1,18,2,42,1,1,5,3,10,2
170589,1,1,42,1,1,11,3,8,8,0,1,0,1,0,1,998,999,999,99,3,2,3,1,2,1,1,59,0,13,96,38,9,12,2020,4,6,2,12,2,2,1,3,1,3
170590,1,1,25,2,1,11,20,20,8,0,1,0,2,0,1,0,999,999,99,0,3,4,1,1,1,5,53,0,7,96,54,9,12,2020,4,22,2,12,1,1,1,3,1,4
170591,1,1,29,1,1,11,3,8,8,0,1,0,1,0,1,998,999,999,99,0,1,2,8,9,98,1,17,0,7,96,39,10,12,2020,5,15,2,12,2,2,1,1,1,1
170592,1,1,44,1,1,11,20,20,8,0,1,0,3,6,1,998,64,999,0,0,3,6,1,1,1,16,10,0,66,0,52,10,12,2020,5,19,2,12,1,1,1,3,1,0
170593,1,1,25,1,1,11,20,20,8,0,4,0,2,0,1,998,999,999,99,4,1,3,1,2,2,98,6,1,7,0,36,12,12,2020,7,2,2,19,1,1,5,2,2,4
170594,1,1,17,1,1,11,3,20,8,0,2,0,2,0,1,998,999,999,99,0,1,2,1,9,2,1,80,0,13,0,0,11,12,2020,6,23,2,8,1,1,1,3,2,0
170595,1,1,24,2,1,11,99,8,8,0,2,0,1,0,1,998,999,999,99,5,3,2,1,2,1,1,11,0,7,92,36,12,12,2020,7,15,2,34,1,1,4,1,1,4
170596,1,1,69,1,1,11,20,8,8,0,1,0,3,0,1,998,999,999,99,9,1,2,2,9,1,1,12,0,5,0,0,14,12,2020,2,9,2,42,1,1,4,1,1,4
170598,1,1,31,2,1,11,20,20,8,0,3,0,2,0,1,998,999,999,99,5,1,2,1,9,1,1,13,0,5,0,60,2,12,2020,4,23,2,34,1,1,4,2,1,3
170599,1,1,16,1,1,11,3,8,8,0,4,0,2,0,1,998,999,999,99,5,1,2,1,9,1,14,87,0,13,0,83,8,12,2020,3,19,2,30,1,1,4,2,1,2
170600,1,1,24,1,1,11,20,1,8,0,3,0,2,0,1,64,999,999,99,4,1,2,2,2,1,1,13,1,60,6,6,10,12,2020,5,21,2,34,1,1,4,2,10,3
170601,1,1,73,1,1,11,3,1,8,0,1,0,1,0,1,998,999,999,99,9,1,3,1,8,1,14,12,0,13,96,0,10,12,2020,5,13,2,42,1,1,4,1,1,4
170602,1,1,63,1,1,11,3,20,8,0,2,0,1,0,1,998,69,200,99,0,2,4,1,1,1,14,80,0,13,92,0,2,9,2020,4,23,2,8,1,1,1,3,1,0
170603,1,1,59,2,1,11,20,8,8,0,1,0,1,0,1,998,999,999,99,9,2,2,1,1,1,14,12,0,5,0,0,15,12,2020,3,19,2,42,1,1,3,3,1,4
170604,1,1,23,1,1,11,3,20,8,0,1,0,1,0,1,35,999,999,99,0,2,2,1,2,1,1,80,0,13,0,0,17,12,2020,5,6,2,8,1,1,1,2,1,0
170605,1,1,63,1,1,11,3,20,8,0,1,0,1,0,1,998,999,999,99,0,1,5,1,2,1,1,80,0,5,0,6,10,12,2020,5,7,2,8,1,1,1,1,1,0
170606,1,1,29,1,1,11,99,1,8,0,2,0,1,0,1,998,999,999,99,9,3,4,1,2,2,14,6,1,8,92,0,2,8,2020,1,20,2,42,3,3,4,5,2,2
170607,1,1,55,1,1,11,99,9,8,0,2,0,2,0,1,998,999,999,99,5,3,3,1,2,1,1,13,0,3,0,0,10,12,2020,5,22,2,30,1,1,4,3,1,4
170608,1,1,75,1,1,11,20,8,8,0,3,0,1,0,1,998,999,999,99,0,1,2,1,9,98,4,17,0,60,0,38,17,12,2020,5,15,2,12,2,2,1,1,1,4
170609,1,1,62,1,1,11,3,20,8,0,1,0,3,6,1,998,999,999,99,0,1,5,8,9,98,10,81,0,66,92,0,18,12,2020,6,11,2,8,3,2,1,1,1,0
170610,1,1,23,1,1,11,3,8,8,0,1,0,2,0,1,998,999,999,99,4,1,3,1,9,1,1,17,1,13,92,39,19,12,2020,7,3,2,12,2,2,1,3,1,3
170611,1,1,34,1,1,11,99,8,8,0,2,0,1,0,1,998,999,999,99,9,1,7,1,2,1,1,17,0,7,92,39,20,12,2020,1,4,2,12,2,7,1,3,1,0
170612,1,1,23,2,1,11,3,20,8,0,1,0,1,0,1,998,999,999,99,0,1,2,1,9,98,11,80,0,13,96,0,20,12,2020,1,13,2,43,3,3,1,1,1,0
170613,1,1,73,1,1,11,3,8,8,0,2,0,2,0,1,998,999,999,99,4,3,3,1,2,2,15,6,0,13,0,27,12,12,2020,7,18,2,12,18,1,1,3,2,4
170614,1,1,38,1,1,11,20,98,8,0,1,0,1,0,1,998,999,999,99,4,3,3,1,2,1,1,11,1,7,0,28,13,12,2020,1,2,2,12,18,1,1,3,1,4
170615,1,1,22,1,1,11,20,8,8,0,1,0,5,0,1,998,999,999,99,3,2,4,1,9,2,1,17,0,13,92,36,16,12,2020,4,17,2,12,2,2,1,3,10,4
170616,1,1,67,1,1,11,99,20,8,0,1,0,1,0,1,998,999,999,99,9,1,2,1,9,1,1,13,0,60,0,39,18,12,2020,6,22,2,34,3,2,4,2,1,4
170617,1,1,69,2,1,11,3,20,8,0,1,0,2,0,1,998,999,999,99,0,2,3,1,2,1,1,80,0,7,0,0,20,12,2020,1,18,2,8,1,1,1,2,1,0
170618,1,1,67,1,1,11,99,8,8,0,1,0,1,0,1,998,999,999,99,5,2,2,1,1,1,1,13,0,5,0,0,21,12,2020,2,7,2,33,1,1,4,1,1,4
170619,1,1,49,1,1,11,3,8,8,0,1,0,1,0,1,998,999,999,99,3,1,6,1,2,1,1,8,0,7,0,0,21,12,2020,2,17,2,12,1,1,1,3,1,4
170620,1,1,88,1,1,11,99,8,8,0,1,0,1,0,1,998,999,999,99,9,1,2,1,9,1,1,12,0,13,92,6,23,12,2020,4,14,2,42,1,1,4,1,1,4
170621,1,1,998,8,1,11,99,98,8,0,99,1,9,99,1,998,999,999,99,5,1,2,1,2,1,1,80,0,998,92,6,23,12,2020,4,20,2,8,3,3,1,3,1,0
170622,1,1,55,1,1,11,3,20,8,0,1,0,3,6,1,998,66,180,99,0,3,5,2,1,1,1,50,0,66,0,26,3,8,2020,2,6,2,12,1,1,1,4,1,0