ST_CASE,VEH_NO,PER_NO,AGE,SEX,PER_TYP,SEAT_POS,REST_USE,AIR_BAG,DRUGS,LOCATION,NUMOCCS,HIT_RUN,OWNER,V_CONFIG,HAZ_INV,TRAV_SP,DR_HGT,DR_WGT,PREV_SPD,SPEEDREL,VTRAFWAY,VNUM_LAN,VPROFILE,VPAVETYP,VSURCOND,P_CRASH1,P_CRASH2,DR_DRINK,VPICBODYCLASS,DRDISTRACT,DRIVERRF,DAY,MONTH,YEAR,DAY_WEEK,HOUR,RUR_URB,HARM_EV,RELJCT2,TYP_INT,REL_ROAD,LGT_COND,WEATHER,INJ_SEV
170623,1,1,78,1,1,11,3,8,0,0,1,0,1,0,1,998,999,999,99,0,0,0,0,0,0,99,19,0,7,0,38,1,10,2020,5,15,2,12,8,1,1,1,1,4
170624,1,1,18,1,1,11,20,20,8,0,1,0,1,0,1,998,67,130,99,5,1,2,1,9,1,14,13,0,80,96,36,2,9,2020,4,21,2,42,1,1,4,2,1,4
170627,1,1,44,1,1,11,99,8,8,0,1,0,2,0,1,998,76,215,99,0,3,4,1,2,1,99,9,0,7,0,0,2,9,2020,4,2,2,1,19,1,4,2,1,4
170628,1,1,19,1,1,11,20,1,8,0,3,0,1,0,1,998,72,999,0,3,3,4,1,2,1,15,6,0,13,0,27,3,8,2020,2,12,2,12,1,1,1,1,1,2
170629,1,1,998,8,1,11,99,99,9,0,99,1,9,99,1,998,999,999,99,3,1,2,1,9,1,99,80,0,999,99,0,2,10,2020,6,16,2,8,1,1,1,1,1,9
170632,1,1,28,1,1,11,3,1,8,0,1,0,1,0,1,998,999,999,99,0,1,6,1,2,1,1,17,0,9,0,39,2,11,2020,2,5,2,12,2,2,1,3,1,0
170633,1,1,32,1,1,11,99,8,9,0,1,0,4,0,1,998,999,999,99,9,2,2,1,9,1,1,99,0,13,92,0,3,10,2020,7,1,2,33,1,1,4,3,1,4
170634,1,1,16,2,1,11,3,8,0,0,3,0,2,0,1,60,999,999,99,3,1,2,2,2,1,1,1,0,13,0,58,3,8,2020,2,13,2,53,1,1,4,1,10,3
170635,1,1,998,9,1,11,99,8,9,0,99,1,9,0,1,57,999,999,99,9,2,2,1,9,2,99,10,0,7,0,0,4,10,2020,1,2,2,12,1,1,1,3,2,9
170636,1,1,21,1,1,11,99,20,8,0,1,0,2,0,1,998,69,170,99,3,3,2,1,9,1,14,13,1,13,0,80,7,9,2020,2,4,2,40,1,1,4,3,1,4
170638,1,1,31,1,1,11,3,20,8,0,1,0,2,0,1,998,67,230,99,0,4,3,1,9,1,1,83,0,13,92,0,9,9,2020,4,7,2,9,2,2,1,1,10,0
170639,1,1,27,1,1,11,99,1,9,0,1,0,1,0,1,998,999,999,99,3,1,2,1,9,1,1,6,0,7,92,28,4,10,2020,1,22,2,33,1,1,4,2,1,4
170640,1,1,18,1,1,11,20,20,8,0,1,0,2,0,1,80,999,999,99,4,2,2,1,9,1,1,6,0,119,0,28,1,10,2020,5,20,2,21,19,1,3,1,1,4
170644,1,1,998,9,1,11,99,98,8,0,99,1,9,99,1,998,999,999,99,9,3,8,1,1,1,99,80,0,998,0,0,11,9,2020,6,5,2,8,1,1,1,3,5,0
170646,1,1,53,2,1,11,99,8,8,0,1,0,2,0,1,998,61,155,99,9,1,2,1,9,1,99,13,1,5,0,0,4,9,2020,6,22,2,33,1,1,4,2,1,4
170648,1,1,44,2,1,11,3,20,8,0,1,0,2,0,1,998,70,235,99,0,4,3,1,2,1,4,12,0,2,0,0,3,11,2020,3,8,2,18,3,2,4,1,1,4
170649,1,1,31,2,1,11,3,20,8,0,1,0,2,0,1,998,64,140,99,4,1,2,2,9,1,14,13,0,60,0,0,10,9,2020,5,18,2,42,1,1,4,1,1,4
170650,1,1,22,1,1,11,99,98,8,0,3,0,1,0,1,998,75,195,99,4,1,4,1,2,1,1,99,0,13,0,0,2,11,2020,2,0,2,42,1,1,4,2,1,4
170651,1,1,31,2,1,11,20,1,8,0,1,0,2,0,1,998,67,999,1,4,3,4,1,1,1,1,13,0,13,0,0,3,9,2020,5,18,2,25,1,1,3,1,1,4
170652,1,1,45,1,1,11,20,20,8,0,1,0,9,0,1,47,999,999,99,3,1,5,2,2,1,1,17,0,80,0,39,9,8,2020,1,0,2,12,2,2,1,2,1,4
170654,1,1,21,1,1,11,3,20,8,0,1,0,1,0,1,998,999,999,99,0,2,3,1,1,1,1,80,0,7,99,0,4,11,2020,4,21,2,8,1,1,1,2,1,0
170655,1,1,83,1,1,11,20,1,8,0,1,0,1,0,1,998,69,180,99,9,2,2,1,2,1,1,54,0,7,0,51,9,8,2020,1,13,2,12,1,1,1,1,1,4
170656,1,1,48,1,1,11,20,20,1,0,2,0,1,0,1,85,999,999,99,3,1,2,3,2,1,1,6,1,81,0,36,12,8,2020,4,19,2,1,1,1,4,1,1,3
170657,1,1,24,1,1,11,20,20,8,0,1,0,2,0,1,998,999,999,99,0,1,2,1,9,1,1,17,0,80,0,39,18,9,2020,6,18,2,12,2,2,1,5,1,4
170658,1,1,47,2,1,11,99,20,8,0,1,0,1,0,1,998,999,999,99,9,1,2,1,9,1,1,80,0,7,0,38,9,8,2020,1,10,2,8,1,1,1,1,1,0
170660,1,1,49,1,1,11,20,8,8,0,1,0,1,0,1,998,72,240,99,3,1,4,2,2,1,1,10,0,13,0,0,18,9,2020,6,7,2,43,1,1,4,1,1,4
170661,1,1,75,1,1,11,3,20,8,0,2,0,1,0,1,998,999,999,99,0,1,2,1,9,1,1,99,0,13,0,0,9,8,2020,1,13,2,35,1,1,4,1,1,4
170665,1,1,63,1,1,11,3,20,0,0,1,0,3,6,1,998,999,999,99,9,2,2,1,9,1,1,82,0,66,92,0,14,8,2020,6,12,2,8,1,1,1,1,1,0
170668,1,1,45,1,1,11,20,20,8,0,2,0,1,0,1,998,999,999,99,9,4,2,2,2,1,14,13,1,82,0,39,14,8,2020,6,23,2,33,1,1,4,3,1,4
170669,1,1,35,1,1,11,20,1,8,0,1,0,2,0,1,998,76,190,99,5,1,3,1,9,1,1,12,0,60,96,0,10,9,2020,5,0,2,33,1,1,4,2,1,4
170671,1,1,19,1,1,11,20,8,8,0,5,0,2,0,1,93,999,999,0,4,1,5,1,2,1,99,99,0,13,96,0,9,8,2020,1,0,2,12,1,1,4,3,1,2
170672,1,1,30,1,1,11,99,1,8,0,99,1,2,0,1,49,69,210,99,4,1,4,1,2,1,14,10,1,13,0,28,16,8,2020,1,21,2,12,1,1,1,3,1,1
170673,1,1,31,2,1,11,3,20,8,0,2,0,1,0,1,48,999,999,99,0,1,2,1,9,1,1,83,0,7,0,86,14,8,2020,6,19,2,9,16,1,1,1,1,0
170676,1,1,26,1,1,11,99,8,0,0,1,0,1,0,1,998,999,999,99,4,3,4,1,8,1,1,51,0,13,0,54,5,10,2020,2,18,2,12,18,1,1,1,1,4
170677,1,1,32,1,1,11,99,99,8,0,99,1,4,0,1,998,999,999,99,3,1,4,1,9,1,1,17,0,7,99,39,5,11,2020,5,10,2,12,2,2,1,1,1,0
170678,1,1,39,1,1,11,99,8,8,0,1,0,2,0,1,998,70,165,99,9,3,2,1,9,1,1,9,0,3,0,0,20,9,2020,1,0,2,24,1,1,4,3,1,4
170680,1,1,30,1,1,11,3,20,0,0,1,0,1,0,1,998,999,999,99,0,1,4,1,2,1,1,80,0,13,0,0,7,10,2020,4,20,2,8,3,2,1,2,1,0
170681,1,1,52,1,1,11,3,20,0,0,1,0,1,0,1,998,999,999,99,0,2,2,1,8,1,1,80,0,7,0,0,3,10,2020,7,1,2,8,1,1,1,2,1,0
170683,1,1,64,2,1,11,3,20,0,0,1,0,1,0,1,998,999,999,99,0,5,5,1,2,1,1,80,0,7,0,0,8,10,2020,5,23,2,8,1,1,1,2,8,0
170684,1,1,83,2,1,11,99,1,8,0,1,0,1,0,1,998,64,140,99,9,4,1,1,9,1,99,99,0,13,92,0,23,9,2020,4,13,2,25,1,1,4,1,1,4
170685,1,1,21,1,1,11,3,1,0,0,2,0,2,0,1,998,999,999,99,0,1,2,1,8,1,1,17,0,5,92,38,9,10,2020,6,10,2,12,2,2,1,1,1,2
170686,1,1,27,1,1,11,20,8,8,0,1,0,3,0,1,71,70,160,99,5,5,7,1,2,1,1,80,0,7,0,0,14,8,2020,6,21,2,8,1,1,1,3,1,0
170687,1,1,18,1,1,11,3,20,8,0,1,0,1,0,1,998,67,145,99,2,2,3,1,2,1,1,80,0,13,0,36,15,8,2020,7,1,2,8,3,2,1,3,1,0
170688,1,1,25,1,1,11,20,20,8,0,1,0,2,0,1,93,999,999,99,3,5,3,1,9,1,14,10,1,94,0,37,8,8,2020,7,23,2,12,1,1,1,3,1,4
170689,1,1,26,1,1,11,3,20,8,0,1,0,1,0,1,998,69,140,99,5,2,4,2,9,1,99,12,1,13,0,36,20,9,2020,1,2,2,33,1,1,4,2,1,4
170690,1,1,62,2,1,11,20,1,8,0,1,0,1,0,1,998,68,999,0,3,3,2,1,2,1,1,59,0,13,0,0,13,8,2020,5,13,2,12,18,1,1,1,1,4
170691,1,1,54,1,1,11,20,20,8,0,1,0,1,0,1,998,999,999,99,0,1,2,1,8,1,11,99,0,81,92,0,10,10,2020,7,3,2,33,3,2,3,3,1,4
170692,1,1,30,1,1,11,20,9,9,0,2,0,2,0,1,998,999,999,99,5,1,4,1,8,1,99,99,0,13,92,0,6,10,2020,3,16,2,30,1,1,4,1,1,4
170696,1,1,23,1,1,11,20,20,8,0,1,0,5,0,1,998,999,999,99,9,2,2,2,9,1,6,12,0,80,99,0,5,11,2020,5,23,2,33,1,1,4,3,1,4
170697,1,1,30,1,1,11,99,1,8,0,1,0,1,0,1,998,66,185,99,5,2,2,1,2,1,1,12,0,13,0,0,8,9,2020,3,15,2,59,1,1,3,1,1,4
170700,1,1,38,1,1,11,3,8,9,0,1,0,1,0,1,998,999,999,99,3,5,5,1,2,1,1,12,1,13,0,0,11,10,2020,1,4,2,31,1,1,4,3,1,4
170702,1,1,38,2,1,11,99,20,8,0,1,0,4,0,1,998,999,999,99,9,1,2,1,9,1,14,99,1,5,99,0,2,11,2020,2,23,2,1,1,1,4,2,1,4
170703,1,1,27,1,1,11,20,8,8,0,1,0,1,0,1,998,999,999,99,4,3,3,1,2,1,1,51,1,13,0,26,12,10,2020,2,3,2,12,18,1,1,3,1,4
170704,1,1,51,2,1,11,20,1,1,0,1,0,1,0,1,35,64,150,99,0,1,2,1,2,1,14,10,1,13,0,42,15,8,2020,7,17,2,12,2,3,1,1,10,4
170705,1,1,59,2,1,11,3,20,8,0,1,0,1,0,1,998,999,999,99,0,1,2,2,8,2,1,83,0,7,0,38,4,10,2020,1,3,2,9,1,1,1,2,1,0
170708,1,1,22,1,1,11,20,20,8,0,1,0,2,0,1,998,999,999,99,3,3,3,1,2,1,6,13,0,13,0,34,4,11,2020,4,5,2,14,19,1,4,3,1,4
170710,1,1,49,1,1,11,20,20,8,0,2,0,2,0,1,62,999,999,99,9,1,4,2,2,1,14,13,1,81,92,0,6,11,2020,6,23,2,1,1,1,4,2,1,4
170712,1,1,21,1,1,11,20,8,8,0,1,0,1,0,1,998,67,136,99,9,2,2,1,2,1,14,12,1,1,96,36,18,9,2020,6,2,2,12,1,1,1,2,1,4
170717,1,1,40,1,1,11,20,20,9,0,1,0,0,0,1,998,999,999,99,0,1,2,1,8,1,1,17,0,98,0,39,9,10,2020,6,18,2,12,2,2,1,5,1,4
170721,1,1,54,1,1,11,20,8,9,0,1,0,1,0,1,998,999,999,99,3,3,1,2,2,1,1,51,1,5,0,6,10,10,2020,7,4,2,12,1,1,1,2,1,4
170722,1,1,22,2,1,11,98,1,8,0,4,0,2,0,1,998,999,999,99,3,5,5,1,2,1,14,6,1,3,0,36,27,9,2020,1,3,2,42,1,1,4,3,1,4
170727,1,1,53,1,1,11,3,8,8,0,2,0,2,0,1,998,66,130,99,5,2,2,1,2,1,1,13,0,13,0,0,12,8,2020,4,16,2,46,3,2,4,1,1,4
170729,1,1,33,1,1,11,20,1,9,0,1,0,1,0,1,998,72,200,99,9,3,3,1,8,1,1,13,0,9,96,28,11,10,2020,1,0,2,25,19,1,4,3,1,4
170730,1,1,998,9,1,11,99,99,9,0,99,1,9,0,1,998,999,999,99,5,4,1,1,8,1,1,80,0,7,92,0,14,10,2020,4,19,2,8,1,1,1,3,1,0
170731,1,1,63,1,1,11,20,20,8,0,1,0,1,0,1,998,71,165,99,9,1,2,1,9,1,1,17,0,81,0,39,13,8,2020,5,14,2,12,2,2,1,1,1,4
170732,1,1,50,1,1,11,20,20,8,0,1,0,1,0,1,998,999,999,99,0,1,3,2,2,1,17,8,0,81,0,0,19,9,2020,7,16,2,1,3,2,1,1,1,4
170734,1,1,50,1,1,11,20,20,8,0,1,0,1,0,1,998,66,185,99,9,1,4,1,9,1,6,17,0,94,0,60,18,8,2020,3,16,2,12,2,4,1,1,1,4
170738,1,1,26,1,1,11,20,8,1,0,4,0,1,0,1,998,65,180,99,3,1,2,1,9,1,99,13,1,7,0,36,27,9,2020,1,3,2,42,3,3,4,2,1,3
170739,1,1,34,1,1,11,20,8,8,0,1,0,2,0,1,998,999,999,0,5,3,4,1,2,1,1,12,0,60,0,0,7,11,2020,7,5,2,25,19,1,3,3,1,4
170740,1,1,20,1,2,99,20,98,1,0,4,0,2,0,1,998,999,999,99,4,1,2,2,9,1,1,6,0,13,0,37,16,8,2020,1,2,2,40,1,1,4,2,1,4
170743,1,1,49,1,1,11,3,20,8,0,1,0,1,0,1,998,999,999,99,0,2,2,1,2,1,1,80,0,7,12,0,8,11,2020,1,19,2,8,1,1,1,3,1,0
170744,1,1,20,1,1,11,3,8,8,0,4,0,2,0,1,998,66,170,99,9,3,4,1,2,99,1,80,0,13,92,0,21,8,2020,6,1,2,8,1,1,1,3,1,0
170746,1,1,36,1,1,11,20,20,8,0,1,0,1,0,1,998,999,999,99,5,1,2,1,2,1,1,66,1,80,0,36,21,9,2020,2,18,2,12,2,2,1,5,1,4
170749,1,1,998,1,1,11,99,98,8,0,1,0,2,0,1,998,999,999,99,9,2,2,1,9,1,99,12,0,7,96,0,14,9,2020,2,1,2,40,1,1,4,3,1,4
170752,1,1,56,1,1,11,99,20,0,0,1,0,2,1,1,998,999,999,99,0,1,2,8,2,1,11,83,0,60,92,38,21,8,2020,6,18,2,9,3,2,1,1,1,0
170753,1,1,32,1,1,11,3,20,8,0,1,0,1,0,1,50,999,999,99,0,2,2,1,9,1,1,80,0,13,0,0,11,9,2020,6,4,2,8,1,1,1,2,1,0
170754,1,1,998,1,1,11,99,99,9,0,2,1,9,0,1,998,999,999,99,5,1,2,1,8,1,1,17,0,13,0,39,15,10,2020,5,22,2,12,2,2,1,3,1,9
170755,1,1,34,1,1,11,99,98,8,0,1,0,2,0,1,998,999,999,99,4,6,2,1,9,2,99,6,0,13,0,0,8,9,2020,3,2,2,42,19,1,4,3,2,4
170756,1,1,25,1,1,11,99,8,8,0,1,0,1,0,1,998,999,999,99,9,1,2,1,9,1,99,9,1,7,0,0,7,11,2020,7,0,2,1,1,1,1,2,1,4
170757,1,1,47,2,1,11,99,9,8,0,2,0,1,0,1,998,999,999,99,3,3,5,1,1,1,1,9,0,8,0,51,10,8,2020,2,4,2,25,19,1,3,3,1,4
170761,1,1,22,1,1,11,3,8,1,0,4,0,2,0,1,0,999,999,99,0,3,3,1,2,1,5,53,0,13,0,54,15,10,2020,5,23,2,12,1,1,1,3,1,0
170765,1,1,49,1,1,11,20,20,8,0,1,0,1,0,1,998,72,180,99,9,1,4,1,9,1,14,13,0,94,0,0,22,8,2020,7,20,2,33,1,1,4,1,1,4
170768,1,1,53,1,1,11,3,8,8,0,1,0,1,0,1,998,999,999,99,9,3,3,1,2,2,1,13,0,7,0,0,8,9,2020,3,17,2,59,1,1,4,5,2,4
170769,1,1,58,1,1,11,20,20,8,0,2,0,2,0,1,998,999,999,99,9,1,2,1,9,1,14,10,1,94,96,28,23,8,2020,1,16,2,12,1,1,1,1,1,4
170771,1,1,26,1,1,11,3,9,8,0,1,0,1,0,1,998,64,130,99,0,1,2,1,9,1,4,17,0,13,0,38,16,8,2020,1,18,2,12,2,2,1,1,1,0
170772,1,1,42,1,1,11,99,99,8,0,2,0,2,0,1,998,999,999,99,3,3,4,1,1,1,1,6,0,5,92,0,13,9,2020,1,23,2,25,1,1,4,3,1,4
170775,1,1,85,2,1,11,99,8,8,0,1,0,1,0,1,998,64,160,99,0,1,6,1,9,1,11,15,0,2,96,48,19,8,2020,4,12,2,12,2,2,1,1,1,4
170776,1,1,37,1,1,11,20,1,8,0,2,0,4,0,1,998,999,999,99,4,1,4,1,2,1,1,17,0,13,0,39,9,11,2020,2,5,2,12,2,2,1,3,1,0
170777,1,1,998,8,1,11,99,99,8,0,99,1,9,99,1,998,999,999,99,9,1,4,1,9,1,99,82,0,998,92,0,23,9,2020,4,20,2,8,1,1,1,2,1,0
170778,1,1,73,2,1,11,3,20,0,0,1,0,1,0,1,998,63,220,99,0,1,2,1,8,1,1,83,0,5,0,28,14,10,2020,4,18,2,9,1,1,1,5,1,0
170781,1,1,34,1,1,11,99,1,8,0,2,0,1,0,1,998,999,999,99,5,1,2,1,2,1,14,13,1,7,0,60,7,9,2020,2,21,2,33,1,1,4,2,1,4
170782,1,1,19,1,1,11,20,20,8,0,1,0,2,0,1,998,71,145,99,0,1,2,1,9,1,1,17,0,94,0,38,20,8,2020,5,20,2,12,2,2,1,3,1,4
170783,1,1,20,1,1,11,20,20,9,0,1,0,1,0,1,998,74,150,99,0,5,5,1,2,1,1,99,0,80,0,0,11,10,2020,1,13,2,12,98,98,1,1,1,4
170784,1,1,998,8,1,11,98,98,8,0,99,1,9,99,1,998,999,999,99,9,2,4,1,2,1,1,80,0,999,0,0,18,9,2020,6,0,2,8,1,1,1,9,1,9
170785,1,1,24,1,1,11,3,20,8,0,1,0,3,0,1,998,999,999,99,5,2,2,1,2,1,1,80,0,7,0,16,23,8,2020,1,2,2,8,1,1,1,3,1,0
170786,1,1,32,2,1,11,99,99,9,0,2,0,2,0,1,998,64,220,99,9,3,3,1,2,1,14,12,1,7,0,58,16,10,2020,6,4,2,25,1,1,3,3,1,4
170787,1,1,29,1,1,11,99,1,8,0,2,0,1,0,1,998,999,999,99,0,0,0,0,0,0,98,19,0,13,96,0,15,9,2020,3,10,2,12,8,1,1,1,1,1
170788,1,1,69,1,1,11,3,8,9,0,1,0,1,0,1,998,999,999,99,9,1,2,1,8,1,1,10,1,7,0,51,12,10,2020,2,15,2,12,1,1,1,1,1,4
170789,1,1,24,2,1,11,3,20,8,0,3,0,2,0,1,998,999,999,99,0,1,2,1,9,1,1,83,0,13,0,0,9,11,2020,2,12,2,9,1,1,1,1,1,0
170792,1,1,26,1,1,11,99,20,8,0,5,0,2,0,1,998,72,145,99,9,1,4,1,9,1,1,80,0,7,96,0,21,8,2020,6,22,2,8,1,1,1,2,1,0
170794,1,1,22,1,1,11,99,99,8,0,3,0,9,99,1,998,999,999,99,9,3,4,1,9,1,99,13,0,999,92,0,6,9,2020,1,3,2,25,1,1,4,3,1,4
170797,1,1,30,1,1,11,20,1,8,0,1,0,1,0,1,998,999,999,99,5,1,2,1,9,1,1,10,0,60,5,28,9,11,2020,2,7,2,12,1,1,1,1,1,2
170798,1,1,46,1,1,11,20,8,8,0,1,0,1,0,1,998,77,240,99,4,2,2,1,9,1,1,13,1,13,0,0,26,8,2020,4,23,2,18,1,1,4,2,1,4
170800,1,1,29,1,1,11,99,99,9,0,99,1,3,1,1,998,999,999,99,9,1,2,1,8,1,99,98,0,63,92,36,14,10,2020,4,14,2,5,1,1,1,1,1,0
170801,1,1,68,1,1,11,99,20,8,0,99,1,1,0,1,998,70,220,99,9,1,2,1,9,1,10,80,0,60,92,38,27,8,2020,5,15,2,8,3,2,1,1,1,0
170803,1,1,21,1,1,11,3,8,8,0,2,0,1,0,1,998,67,170,99,4,3,3,1,1,1,1,12,0,5,92,52,27,8,2020,5,22,2,25,1,1,3,3,1,4
170804,1,1,32,1,1,11,20,20,8,0,1,0,1,0,1,998,71,180,99,4,1,2,1,9,1,6,10,0,82,0,34,29,8,2020,7,23,2,12,1,1,1,2,1,4
170805,1,1,31,1,1,11,20,20,8,0,1,0,1,0,1,998,69,225,99,9,2,2,1,1,1,99,12,1,81,0,0,29,8,2020,7,23,2,34,1,1,3,2,1,4
170807,1,1,66,1,1,11,20,7,8,0,1,0,1,0,1,998,67,240,99,4,1,2,1,9,1,14,87,0,5,0,83,28,8,2020,6,8,2,58,1,1,4,1,1,4
170808,1,1,23,2,1,11,99,8,8,0,4,0,2,0,1,998,999,999,99,3,3,3,1,1,1,15,11,0,13,92,39,6,9,2020,1,4,2,12,1,1,1,3,1,4
170809,1,1,31,1,1,11,20,20,8,0,1,0,1,0,1,998,69,180,99,3,1,3,2,9,1,1,62,0,80,0,36,30,8,2020,1,19,2,12,2,3,1,1,1,4
170812,1,1,40,1,1,11,3,20,8,0,3,0,1,0,1,998,999,999,99,0,1,2,1,9,1,1,80,0,7,92,0,6,9,2020,1,23,2,8,3,2,1,3,1,0
170813,1,1,19,1,1,11,3,1,8,0,1,0,2,0,1,998,74,150,99,9,4,3,1,2,1,1,17,0,13,0,52,31,8,2020,2,10,2,12,2,2,1,1,1,2
170814,1,1,59,2,1,11,3,9,8,0,1,0,1,0,1,998,999,999,99,9,2,3,1,9,1,1,17,0,7,0,39,11,11,2020,4,18,2,12,2,4,1,3,1,0
170815,1,1,998,1,1,11,3,20,8,0,1,1,3,6,1,998,999,999,99,0,1,3,1,9,1,10,16,0,66,96,0,22,12,2020,3,15,2,8,3,3,1,1,1,0
170816,1,1,62,1,1,11,3,20,8,0,99,1,1,0,1,998,72,275,99,9,5,3,1,9,1,1,80,0,60,0,0,31,8,2020,2,15,2,8,2,3,1,1,1,0
170817,1,1,26,1,1,11,20,20,8,0,1,0,1,0,1,998,999,999,99,3,2,2,1,1,1,1,60,0,98,0,0,7,9,2020,2,13,2,12,1,1,1,1,1,4
170818,1,1,37,1,1,11,99,99,8,0,99,1,1,0,1,998,73,300,99,9,3,3,1,2,1,11,15,0,7,0,38,16,8,2020,1,22,2,12,2,3,1,3,1,0
170819,1,1,62,1,1,11,20,20,8,0,1,0,2,0,1,998,999,999,99,9,1,2,1,9,2,1,13,1,13,0,0,23,12,2020,4,16,2,34,1,1,4,2,1,4
170821,1,1,20,1,1,11,20,20,8,0,1,0,2,0,1,38,999,999,99,3,1,2,1,2,1,1,6,0,98,0,0,7,9,2020,2,17,2,12,1,1,1,1,1,4
170822,1,1,28,2,1,11,99,98,8,0,3,0,1,0,1,998,999,999,99,9,1,2,1,2,1,1,12,0,5,0,0,26,12,2020,7,3,2,42,1,1,4,3,1,4
170823,1,1,36,2,1,11,3,20,0,0,1,0,1,0,1,998,66,170,99,9,2,2,1,1,1,1,80,0,7,0,0,12,8,2020,4,22,2,8,1,1,1,3,1,0
170825,1,1,39,1,1,11,3,20,8,0,1,0,1,0,1,998,999,999,99,0,3,5,1,9,1,15,11,0,13,0,28,22,12,2020,3,10,2,12,5,1,1,1,1,0
170826,1,1,34,1,1,11,20,20,8,0,1,0,1,0,1,84,999,999,99,5,1,2,1,2,1,1,17,0,80,0,39,7,9,2020,2,18,2,12,2,2,1,1,1,4
170828,1,1,998,1,1,11,99,98,8,0,99,1,9,99,1,998,999,999,99,9,1,3,1,9,2,99,99,0,998,99,0,14,11,2020,7,19,2,9,1,1,1,2,2,0
170830,1,1,24,1,1,11,20,20,8,0,1,0,1,0,1,998,999,999,99,9,1,4,1,9,1,1,62,0,80,0,0,3,9,2020,5,9,2,12,8,1,1,1,1,4
170836,1,1,29,1,1,11,99,20,8,0,99,1,1,0,1,998,67,145,99,9,2,2,2,2,1,1,80,0,7,0,0,11,8,2020,3,0,2,8,18,1,1,2,1,0
170837,1,1,40,2,1,11,3,8,8,0,1,0,1,0,1,998,999,999,99,9,1,2,1,9,1,14,13,0,8,0,0,17,12,2020,5,22,2,32,1,1,4,2,1,4
170838,1,1,59,1,1,11,20,20,1,0,1,0,2,0,1,998,67,200,99,5,1,4,2,2,1,14,13,0,60,0,36,19,8,2020,4,19,2,23,19,1,4,1,1,4
170840,1,1,59,1,1,11,20,8,8,0,1,0,1,0,1,998,999,999,99,0,1,2,1,8,1,99,17,0,13,0,38,8,11,2020,1,10,2,12,2,2,1,1,1,4
170842,1,1,86,1,1,11,3,8,8,0,1,0,1,0,1,998,999,999,99,9,1,4,1,9,1,1,91,0,1,0,39,12,11,2020,5,14,2,10,6,1,1,1,1,4
170844,1,1,27,1,1,11,3,20,8,0,1,0,4,0,1,998,71,175,0,0,2,2,1,1,1,1,80,0,60,0,0,16,12,2020,4,17,2,8,2,3,1,2,1,0
170845,1,1,41,1,1,11,3,1,8,0,1,0,1,0,1,998,999,999,99,9,4,4,1,2,1,1,98,0,7,96,39,6,9,2020,1,18,2,10,6,1,1,1,1,4
170846,1,1,32,2,1,11,20,1,8,0,2,0,1,0,1,37,58,160,99,9,5,3,1,9,1,1,10,0,5,96,28,20,8,2020,5,22,2,12,1,1,1,3,1,2
170847,1,1,51,1,1,11,20,20,8,0,1,0,1,0,1,998,999,999,99,0,1,2,1,2,1,6,10,0,81,96,51,15,11,2020,1,11,2,12,4,1,1,1,1,4
170851,1,1,33,2,1,11,3,20,8,0,1,0,1,0,1,998,999,999,99,0,2,8,2,9,1,11,15,0,7,0,38,11,9,2020,6,16,2,12,2,7,1,1,1,0
170852,1,1,26,2,1,11,20,8,8,0,1,0,1,0,1,998,999,999,99,3,1,2,1,9,1,1,12,1,7,0,39,20,12,2020,1,0,2,34,1,1,4,2,1,4
170853,1,1,998,8,1,11,98,98,8,0,99,1,9,99,1,998,999,999,99,0,8,8,8,2,98,99,80,0,998,96,0,1,11,2020,1,1,2,8,1,1,1,8,98,9
170855,1,1,41,1,1,11,20,20,8,0,1,0,2,0,1,998,999,999,99,9,1,2,1,2,1,99,80,1,94,0,36,26,9,2020,7,0,2,8,1,1,1,2,1,3
170856,1,1,17,1,1,11,3,20,8,0,5,0,2,0,1,998,999,999,99,9,2,2,1,2,1,1,80,0,13,0,0,23,12,2020,4,20,2,8,1,1,1,2,1,0
170857,1,1,69,1,1,11,3,20,8,0,1,0,1,4,1,998,999,999,99,0,2,2,1,2,1,98,98,0,11,0,0,25,9,2020,6,13,2,12,7,1,1,1,1,0
170859,1,1,24,2,1,11,99,8,8,0,1,0,2,0,1,998,999,999,99,9,1,2,1,9,1,14,13,0,7,96,0,20,12,2020,1,2,2,59,1,1,4,3,1,4
170860,1,1,20,1,1,11,20,8,8,0,1,0,2,0,1,998,999,999,99,3,1,6,1,2,1,1,17,1,13,0,39,6,9,2020,1,0,2,12,2,2,1,3,1,4
170862,1,1,42,1,1,11,99,20,8,0,1,0,2,5,1,998,999,999,99,0,1,2,1,9,1,14,13,0,66,0,58,23,12,2020,4,13,2,35,1,1,4,1,1,4
170863,1,1,52,1,1,11,20,20,8,0,1,0,1,0,1,998,69,205,99,0,1,2,1,2,1,14,6,1,81,96,39,29,8,2020,7,23,2,24,1,1,4,2,1,4