ST_CASE,VEH_NO,PER_NO,AGE,SEX,PER_TYP,SEAT_POS,REST_USE,AIR_BAG,DRUGS,LOCATION,NUMOCCS,HIT_RUN,OWNER,V_CONFIG,HAZ_INV,TRAV_SP,DR_HGT,DR_WGT,PREV_SPD,SPEEDREL,VTRAFWAY,VNUM_LAN,VPROFILE,VPAVETYP,VSURCOND,P_CRASH1,P_CRASH2,DR_DRINK,VPICBODYCLASS,DRDISTRACT,DRIVERRF,DAY,MONTH,YEAR,DAY_WEEK,HOUR,RUR_URB,HARM_EV,RELJCT2,TYP_INT,REL_ROAD,LGT_COND,WEATHER,INJ_SEV
170864,1,1,27,1,1,11,99,99,8,0,1,0,2,0,1,998,999,999,99,0,0,0,0,0,0,98,15,0,13,0,38,29,9,2020,3,1,2,12,8,1,1,3,1,4
170865,1,1,31,1,1,11,20,20,8,0,1,0,1,0,1,0,999,999,99,0,5,5,2,2,1,5,53,1,7,0,0,14,11,2020,7,2,2,12,1,1,1,3,1,4
170866,1,1,34,1,1,11,99,98,8,0,1,0,1,0,1,998,999,999,99,0,1,2,1,9,1,14,10,1,7,0,28,30,12,2020,4,23,2,12,1,1,1,2,1,3
170867,1,1,59,1,1,11,3,8,8,0,1,0,1,0,1,998,999,999,99,9,1,2,1,2,1,6,10,0,7,0,36,16,11,2020,2,15,2,12,1,1,1,1,1,4
170868,1,1,63,1,1,11,20,20,8,0,1,0,1,0,1,998,70,185,99,9,1,2,3,9,1,14,6,1,81,0,0,22,8,2020,7,20,2,1,1,1,4,2,1,4
170869,1,1,38,1,1,11,3,8,8,0,1,0,1,0,1,998,999,999,99,3,2,3,1,2,1,15,11,0,13,0,0,30,9,2020,4,15,2,12,1,1,1,1,1,4
170870,1,1,74,1,1,11,3,8,8,0,2,0,1,0,1,998,999,999,99,0,2,2,1,2,2,11,17,0,2,0,39,30,12,2020,4,12,2,12,2,2,1,1,1,3
170872,1,1,60,1,1,11,3,20,8,0,1,0,1,0,1,998,70,200,99,5,3,3,1,1,1,15,6,1,13,0,27,28,8,2020,6,17,2,34,19,1,4,1,1,4
170873,1,1,39,1,1,11,20,20,8,0,1,0,2,0,1,998,999,999,99,9,1,2,1,2,1,1,12,0,95,0,0,25,12,2020,6,7,2,1,1,1,4,1,1,4
170874,1,1,998,8,1,11,99,98,8,0,99,1,9,99,1,998,999,999,99,9,1,2,1,9,98,1,80,0,999,92,38,10,12,2020,5,18,2,8,3,2,1,3,1,0
170875,1,1,85,2,1,11,20,8,8,0,1,0,1,0,1,998,999,999,99,0,1,8,1,9,98,11,15,0,13,0,38,17,11,2020,3,17,2,12,2,3,1,2,1,4
170877,1,1,26,1,1,11,99,1,8,0,1,0,2,0,1,998,63,180,99,0,1,2,1,9,1,1,80,0,13,92,39,2,8,2020,1,22,2,8,3,2,1,3,1,3
170878,1,1,42,1,1,11,99,20,8,0,3,0,2,0,1,998,999,999,99,9,5,5,1,2,2,1,80,0,7,0,0,31,12,2020,5,17,2,8,1,1,1,3,1,0
170880,1,1,76,2,1,11,3,1,8,0,1,0,1,0,1,998,999,999,99,0,2,3,1,2,1,1,17,0,9,0,39,12,12,2020,7,15,2,12,2,7,1,1,1,4
170881,1,1,57,1,1,11,3,20,8,0,1,0,1,0,1,28,999,999,99,0,2,2,1,9,1,1,80,0,7,0,0,13,11,2020,6,20,2,8,2,2,1,3,1,0
170884,1,1,25,1,1,11,20,20,8,0,2,1,2,0,1,998,999,999,99,0,2,2,1,2,1,99,99,1,13,0,0,15,11,2020,1,23,2,9,3,3,1,3,1,0
170885,1,1,34,2,1,11,3,8,8,0,1,0,1,0,1,998,999,999,99,4,1,2,1,9,1,14,12,0,7,96,0,20,12,2020,1,99,2,42,1,1,4,1,1,4
170888,1,1,45,2,1,11,3,20,8,0,1,0,1,0,1,998,999,999,99,0,0,0,0,0,0,13,80,0,5,0,31,9,12,2020,4,7,2,18,4,1,1,1,1,0
170889,1,1,28,1,1,11,20,20,8,0,1,0,1,0,1,998,999,999,99,3,2,3,1,2,1,1,13,0,80,92,6,16,9,2020,4,2,2,46,3,2,4,2,1,4
170890,1,1,85,2,1,11,3,8,8,0,1,0,1,0,1,998,56,105,99,9,1,4,1,9,1,11,15,0,13,0,38,12,8,2020,4,13,2,12,2,2,1,1,1,4
170891,1,1,33,1,1,11,99,8,8,0,1,0,2,0,1,998,69,157,0,9,1,4,1,9,1,1,12,0,3,12,6,14,12,2020,2,16,2,43,1,1,5,1,1,4
170892,1,1,68,1,1,11,20,1,8,0,1,0,1,0,1,998,999,999,99,0,2,3,1,2,1,1,6,0,3,0,0,14,11,2020,7,15,2,34,3,2,4,1,1,4
170893,1,1,57,1,1,11,20,20,8,0,1,0,1,0,1,998,71,185,99,9,1,2,1,9,1,11,15,1,82,0,39,23,8,2020,1,19,2,12,3,2,1,1,1,4
170894,1,1,26,1,1,11,3,8,8,0,2,0,1,0,1,998,999,999,99,0,2,4,1,2,1,11,15,0,13,0,39,25,9,2020,6,16,2,12,2,2,1,1,1,3
170896,1,1,57,1,1,11,20,20,8,0,1,0,2,0,1,998,66,190,0,0,1,2,1,2,1,1,89,0,94,0,83,26,8,2020,4,18,2,1,1,1,1,1,1,4
170897,1,1,18,1,1,11,20,20,8,0,2,0,1,0,1,998,999,999,99,9,1,2,1,9,98,1,17,0,60,0,39,26,12,2020,7,99,2,12,2,2,1,2,1,3
170898,1,1,32,1,1,11,99,8,8,0,1,0,1,0,1,998,999,999,99,9,1,2,1,2,1,1,54,0,13,0,51,12,11,2020,5,21,2,12,1,1,1,2,1,4
170899,1,1,43,1,1,11,20,20,8,0,1,0,1,0,1,998,69,999,0,9,1,2,2,9,2,1,17,0,15,0,39,8,9,2020,3,11,2,12,2,2,1,1,2,4
170900,1,1,24,2,1,11,99,20,8,0,1,0,1,0,1,998,61,121,99,0,1,2,1,2,1,11,80,0,13,0,38,8,8,2020,7,21,2,8,3,2,1,3,1,0
170901,1,1,998,8,1,11,99,98,8,0,99,1,9,99,1,998,999,999,99,9,1,2,1,9,1,1,83,0,999,92,6,19,12,2020,7,22,2,9,1,1,1,2,1,0
170903,1,1,78,1,1,11,3,1,8,0,1,0,1,0,1,998,67,170,99,0,5,5,1,2,1,11,15,0,13,0,38,13,8,2020,5,9,2,12,8,1,1,1,1,4
170905,1,1,37,1,1,11,99,20,8,0,2,0,2,0,1,998,999,999,99,9,1,2,1,9,1,1,66,0,7,0,0,22,9,2020,3,19,2,12,2,2,1,3,1,1
170906,1,1,29,1,1,11,99,8,8,0,2,0,2,0,1,998,999,999,99,5,5,3,1,9,1,1,10,0,7,96,28,20,11,2020,6,10,2,12,1,1,1,1,1,3
170907,1,1,40,1,1,11,99,20,8,0,1,0,2,0,1,998,71,145,99,9,1,2,1,2,1,1,80,0,13,92,60,20,8,2020,5,20,2,8,1,1,1,3,1,0
170908,1,1,79,2,1,11,3,1,8,0,1,0,1,0,1,998,999,999,99,0,1,5,1,2,1,11,15,0,13,0,38,21,11,2020,7,11,2,12,2,3,1,1,1,0
170909,1,1,17,1,1,11,99,98,8,0,5,0,2,0,1,998,999,999,99,0,1,4,1,9,1,1,10,0,7,92,28,10,9,2020,5,15,2,12,1,1,1,1,1,2
170910,1,1,35,1,1,11,20,8,8,0,1,0,2,0,1,998,999,999,99,4,1,2,1,9,1,1,12,0,7,0,36,13,12,2020,1,7,2,1,1,1,4,2,1,4
170912,1,1,17,1,1,11,3,8,8,0,3,0,2,0,1,66,999,999,99,5,2,3,1,1,1,1,13,0,13,96,0,19,12,2020,7,14,2,1,1,1,4,1,1,4
170915,1,1,39,1,1,11,20,98,8,0,1,0,9,0,1,998,999,999,99,5,1,2,1,9,1,1,8,0,69,92,0,20,9,2020,1,16,2,14,1,1,4,1,1,4
170917,1,1,54,1,1,11,20,20,8,0,1,0,1,0,1,998,999,999,99,9,1,2,2,9,1,14,13,1,60,0,0,11,12,2020,6,0,2,17,1,1,5,3,1,4
170918,1,1,71,1,1,11,99,20,8,0,1,0,1,0,1,998,999,999,99,9,4,1,1,9,1,99,13,0,10,92,0,19,12,2020,7,16,2,42,1,1,4,5,1,4
170919,1,1,64,1,1,11,3,98,8,0,1,0,3,1,1,998,999,999,99,4,3,2,1,2,1,1,50,0,11,92,0,25,9,2020,6,9,2,12,1,1,1,1,1,2
170920,1,1,71,2,1,11,3,20,8,0,3,0,1,0,1,998,999,999,99,0,5,5,1,2,1,1,80,0,7,0,0,23,11,2020,2,17,2,8,1,1,1,2,1,0
170921,1,1,16,1,1,11,20,8,8,0,1,0,2,0,1,120,999,999,99,3,6,1,1,9,1,15,19,0,13,0,37,29,9,2020,3,1,2,12,5,1,1,3,1,3
170922,1,1,38,1,1,11,20,20,8,0,1,0,1,0,1,998,70,210,0,3,1,5,2,2,1,6,13,0,103,0,0,3,9,2020,5,15,2,43,1,1,4,1,1,4
170923,1,1,29,1,1,11,3,20,8,0,1,0,3,0,1,25,999,999,99,0,1,3,1,9,1,1,83,0,95,0,38,21,12,2020,2,11,2,15,3,2,1,1,1,0
170924,1,1,74,2,1,11,99,8,8,0,1,0,1,0,1,998,999,999,99,9,1,2,1,9,1,1,13,0,13,0,0,27,12,2020,1,12,2,42,1,1,4,1,1,4
170926,1,1,40,1,1,11,20,20,8,0,2,0,1,0,1,998,999,999,99,4,3,3,1,2,1,1,12,1,94,0,39,4,9,2020,6,1,2,25,1,1,3,3,1,3
170928,1,1,28,1,1,11,99,8,8,0,1,0,2,0,1,998,999,999,99,5,2,2,1,2,1,1,51,0,7,0,38,10,12,2020,5,0,2,12,3,2,1,3,1,2
170929,1,1,27,2,1,11,3,20,8,0,2,0,2,0,1,998,999,999,99,9,1,5,1,9,1,1,13,0,7,0,0,27,11,2020,6,2,2,42,1,1,4,3,1,1
170930,1,1,22,1,1,11,3,98,8,0,1,0,1,0,1,43,999,999,99,3,1,4,1,2,1,1,80,1,13,0,0,4,9,2020,6,22,2,8,1,1,1,2,1,0
170931,1,1,37,1,1,11,3,20,8,0,4,0,1,0,1,998,999,999,99,0,1,5,1,2,1,1,80,0,7,0,0,18,11,2020,4,19,2,8,2,2,1,3,1,0
170932,1,1,30,1,1,11,20,8,8,0,2,0,5,0,1,998,999,999,99,3,6,1,8,9,1,14,12,0,13,0,37,22,12,2020,3,1,2,25,5,1,4,3,1,4
170933,1,1,44,2,1,11,99,20,8,0,2,0,1,0,1,998,999,999,99,0,0,0,0,0,0,4,15,1,13,0,38,7,9,2020,2,14,2,12,8,1,1,1,1,0
170934,1,1,48,1,1,11,3,8,8,0,1,0,2,0,1,998,999,999,99,4,2,2,1,2,1,1,54,1,7,0,51,22,11,2020,1,21,2,12,1,1,1,3,1,2
170936,1,1,53,2,1,11,99,20,8,0,1,0,1,0,1,998,999,999,99,0,1,5,1,1,2,1,80,0,13,96,0,24,11,2020,3,20,2,8,1,1,1,3,2,0
170938,1,1,998,1,1,11,99,8,8,0,1,1,9,0,1,998,999,999,99,0,1,5,1,2,1,1,17,0,7,96,39,24,10,2020,7,6,2,12,2,2,1,3,1,9
170939,1,1,18,1,1,11,3,8,8,0,1,0,2,0,1,998,999,999,99,9,2,2,1,9,2,14,99,0,7,0,0,25,11,2020,4,0,2,30,1,1,4,3,2,4
170940,1,1,59,1,1,11,3,8,8,0,1,0,1,0,1,998,999,999,99,9,1,2,1,2,2,1,54,0,60,0,51,3,10,2020,7,14,2,12,1,1,1,1,2,4
170941,1,1,64,1,1,11,3,8,8,0,3,0,2,0,1,998,999,999,99,9,3,4,1,2,1,1,12,0,13,0,0,11,11,2020,4,5,2,25,1,1,3,4,1,4
170942,1,1,29,1,1,11,20,20,8,0,1,0,1,0,1,998,66,155,99,3,1,2,1,1,1,6,66,0,80,0,34,9,8,2020,1,16,2,1,2,2,1,1,1,4
170943,1,1,26,1,1,11,3,98,8,0,2,0,1,0,1,998,999,999,99,5,1,2,1,9,1,1,17,1,7,92,39,11,9,2020,6,22,2,12,2,2,1,3,1,0
170944,1,1,31,1,1,11,99,8,8,0,1,1,2,0,1,998,999,999,99,3,1,2,1,9,98,11,99,0,13,0,38,26,11,2020,5,23,2,12,2,2,1,3,1,0
170945,1,1,28,2,1,11,20,1,8,0,2,0,1,0,1,998,999,999,99,9,1,2,1,9,1,14,12,0,13,0,0,27,11,2020,6,0,2,25,1,1,4,3,1,4
170947,1,1,24,1,1,11,99,98,8,0,1,1,2,0,1,998,999,999,99,9,1,2,1,9,1,1,80,0,60,92,36,11,11,2020,4,10,2,8,1,1,1,1,1,0
170948,1,1,68,1,1,11,3,1,8,0,1,0,1,0,1,998,999,999,99,0,1,5,1,9,1,1,10,1,7,99,28,16,11,2020,2,5,2,12,1,1,1,4,1,4
170950,1,1,29,1,1,11,20,1,8,0,1,0,1,0,1,998,999,999,99,9,1,2,1,9,1,14,10,1,7,0,28,13,11,2020,6,19,2,12,1,1,1,2,1,4
170952,1,1,54,1,1,11,3,20,8,0,1,0,3,1,1,998,69,200,99,0,2,2,1,2,1,1,85,0,11,0,6,5,10,2020,2,8,2,9,1,1,1,1,1,0
170953,1,1,71,1,1,11,3,1,8,0,1,0,2,0,1,998,999,999,99,9,2,2,1,2,1,99,99,0,2,92,0,7,11,2020,7,9,2,12,98,98,98,1,1,4
170954,1,1,36,1,1,11,3,8,8,0,1,0,1,0,1,998,999,999,99,0,3,4,1,2,1,15,10,1,13,0,28,21,10,2020,4,23,2,12,1,1,1,3,1,4
170955,1,1,998,9,1,11,99,98,8,0,99,1,9,99,1,998,999,999,99,0,8,2,8,9,98,11,80,0,999,99,38,24,11,2020,3,12,2,8,3,2,1,1,2,0
170957,1,1,22,2,1,11,3,20,8,0,1,0,2,0,1,998,999,999,99,0,2,3,1,2,1,1,80,0,13,0,0,26,11,2020,5,21,2,8,1,1,1,2,1,0
170958,1,1,23,1,1,11,3,9,8,0,1,0,1,0,1,998,63,155,0,0,5,5,1,2,1,11,15,0,13,0,38,15,11,2020,1,16,2,12,8,1,1,5,1,0
170959,1,1,21,1,1,11,99,8,8,0,1,0,2,0,1,998,68,160,99,9,4,1,1,9,1,1,17,0,7,0,0,16,8,2020,1,2,2,12,2,2,1,3,1,2
170960,1,1,32,1,1,11,20,20,8,0,1,0,1,0,1,998,999,999,99,3,3,4,1,1,1,1,13,0,13,92,6,29,11,2020,1,5,2,35,1,1,4,3,1,4
170962,1,1,19,1,1,11,99,8,8,0,4,0,9,0,1,998,999,999,99,9,1,2,1,9,1,1,17,0,13,0,39,30,11,2020,2,22,2,12,2,2,1,3,10,4
170963,1,1,23,1,1,11,20,20,8,0,1,0,2,0,1,998,999,999,99,9,3,2,1,2,1,1,6,1,80,0,0,8,9,2020,3,23,2,12,1,1,1,2,1,4
170964,1,1,39,1,1,11,99,20,8,0,2,0,1,0,1,998,999,999,99,3,1,2,1,9,1,1,6,1,7,0,0,17,10,2020,7,0,2,14,1,1,7,3,1,4
170965,1,1,58,1,1,11,3,20,8,0,1,0,0,0,1,998,999,999,99,0,3,2,1,2,1,1,12,0,7,0,0,27,10,2020,3,16,2,24,1,1,3,3,1,4
170966,1,1,17,1,1,11,3,20,8,0,1,0,1,0,1,998,72,210,99,0,1,5,1,1,1,10,80,0,13,0,0,9,10,2020,6,22,2,8,8,1,1,2,1,0
170967,1,1,31,1,1,11,99,8,8,0,1,0,2,0,1,998,999,999,99,3,1,2,1,2,1,14,12,0,13,92,0,11,11,2020,4,1,2,30,1,1,4,3,1,4
170968,1,1,62,1,1,11,20,8,8,0,1,0,1,0,1,998,71,325,99,0,1,2,1,9,1,1,9,0,7,0,28,4,10,2020,1,13,2,33,1,1,4,1,1,4
170969,1,1,22,1,1,11,99,8,8,0,1,0,2,0,1,998,999,999,99,5,1,5,1,9,1,1,17,0,1,0,39,18,9,2020,6,0,2,12,2,2,1,3,1,4
170972,1,1,21,1,1,11,20,8,8,0,1,0,1,0,1,998,999,999,99,0,3,3,1,2,1,1,51,0,7,0,26,24,11,2020,3,1,2,12,1,1,1,3,1,4
170973,1,1,33,2,1,11,3,20,8,0,1,0,1,0,1,43,999,999,99,4,1,2,1,9,1,1,80,0,13,99,60,18,11,2020,4,19,2,8,1,1,1,2,1,0
170975,1,1,18,1,1,11,20,8,8,0,6,0,1,0,1,55,999,999,99,3,1,2,2,9,1,1,13,0,7,0,39,25,10,2020,1,2,2,42,3,3,4,2,1,4
170976,1,1,26,1,1,11,20,9,8,0,6,0,2,0,1,80,999,999,99,3,1,2,1,9,1,14,10,0,13,0,36,26,11,2020,5,17,2,12,1,1,1,2,1,2
170977,1,1,41,1,1,11,99,99,8,0,99,1,9,0,1,998,72,185,99,0,1,2,1,9,1,1,85,0,3,0,38,11,10,2020,1,16,2,9,1,1,1,1,1,0
170979,1,1,25,2,1,11,99,98,8,0,1,0,9,0,1,998,999,999,99,9,3,2,1,2,1,99,99,0,13,92,0,20,9,2020,1,5,2,14,1,1,4,3,1,4
170980,1,1,73,1,1,11,99,1,8,0,1,0,1,0,1,998,69,135,99,9,1,2,1,9,1,14,13,0,13,0,0,4,10,2020,1,15,2,43,1,1,4,1,1,4
170981,1,1,17,1,1,11,20,20,8,0,2,0,2,0,1,998,999,999,99,4,3,3,1,2,1,1,6,1,7,0,60,9,8,2020,1,0,2,25,19,1,4,3,1,2
170982,1,1,28,1,1,11,99,8,8,0,1,0,2,0,1,110,999,999,99,3,1,5,1,9,1,1,17,1,7,96,39,18,10,2020,1,1,2,12,2,2,1,3,1,2
170984,1,1,16,1,1,11,99,20,8,0,1,0,5,0,1,998,999,999,99,3,2,3,1,2,1,1,51,0,7,12,37,20,11,2020,6,22,2,12,1,1,1,2,1,4
170985,1,1,39,1,1,11,20,20,8,0,1,0,1,0,1,998,66,185,99,3,2,2,1,2,1,1,51,1,60,0,58,12,10,2020,2,19,2,12,1,1,1,2,1,4
170986,1,1,17,1,1,11,20,20,8,0,1,0,2,0,1,81,999,999,99,3,1,4,1,2,1,1,72,0,94,0,36,3,9,2020,5,9,2,12,8,1,1,1,1,4
170987,1,1,28,1,1,11,20,8,8,0,1,0,2,0,1,998,999,999,99,0,1,5,1,2,1,11,15,0,7,0,38,27,11,2020,6,18,2,12,2,2,1,2,1,3
170988,1,1,81,2,1,11,20,8,8,0,1,0,1,0,1,998,65,120,99,9,1,2,3,9,1,1,13,0,7,0,0,9,10,2020,6,11,2,31,1,1,5,1,1,4
170989,1,1,56,1,1,11,3,20,8,0,1,0,4,7,1,998,70,999,0,0,3,6,1,1,1,14,50,0,66,0,0,13,8,2020,5,10,2,8,1,1,1,1,1,0
170991,1,1,35,2,1,11,3,8,8,0,1,0,1,0,1,998,62,105,0,0,1,2,1,2,1,1,10,0,7,0,28,28,10,2020,4,13,2,12,1,1,1,1,1,4
170992,1,1,50,1,1,11,20,8,8,0,1,0,2,0,1,998,999,999,99,9,1,2,1,2,1,1,87,0,3,0,0,28,11,2020,7,1,2,11,1,1,1,2,1,4
170993,1,1,27,1,1,11,99,1,8,0,1,0,1,0,1,998,72,165,99,9,2,4,1,9,1,14,9,0,13,0,0,18,10,2020,1,0,2,33,1,1,4,2,1,4
170994,1,1,39,2,1,11,3,20,8,0,4,0,1,0,1,998,999,999,99,0,3,3,1,2,1,1,80,0,7,0,0,14,9,2020,2,19,2,8,1,1,1,2,1,0
170996,1,1,89,1,1,11,3,8,8,0,1,0,1,0,1,32,999,999,99,0,1,2,1,9,2,2,17,0,13,0,39,27,10,2020,3,12,2,12,2,2,1,1,2,4
170998,1,1,998,8,1,11,99,98,8,0,2,0,9,0,1,998,999,999,99,3,1,5,1,9,1,1,10,0,7,92,28,22,11,2020,1,21,2,12,1,1,1,3,1,2
170999,1,1,49,1,1,11,3,8,8,0,1,0,1,0,1,998,999,999,99,0,1,2,2,9,2,1,10,0,60,0,28,21,10,2020,4,17,2,12,1,1,1,1,2,3
171000,1,1,33,1,1,11,20,8,8,0,1,0,1,0,1,998,999,999,99,3,1,2,1,2,2,1,17,0,13,96,39,3,8,2020,2,18,2,12,2,2,1,1,1,4
171001,1,1,33,1,1,11,99,8,8,0,6,0,1,0,1,998,999,999,99,3,4,2,1,2,1,14,12,1,60,0,91,28,11,2020,7,23,2,42,1,1,5,3,1,2
171004,1,1,68,1,1,11,20,8,8,0,1,0,1,0,1,998,999,999,99,9,1,4,1,2,1,15,10,0,13,0,0,22,10,2020,5,18,2,12,1,1,1,2,1,4
171005,1,1,44,1,1,11,20,20,8,0,2,0,2,0,1,998,999,999,99,0,0,0,0,0,0,1,98,1,69,0,52,17,11,2020,3,20,2,1,1,1,4,2,1,3
171006,1,1,24,1,1,11,20,8,8,0,3,0,1,0,1,998,999,999,99,3,3,3,1,2,1,1,11,0,13,0,26,28,11,2020,7,0,2,12,18,1,1,3,1,4
171009,1,1,24,2,1,11,20,1,0,0,1,0,1,0,1,998,66,127,99,0,1,2,1,9,1,1,10,0,13,0,28,17,8,2020,2,14,2,12,1,1,1,1,1,4
171010,1,1,23,1,1,11,99,20,8,0,1,0,1,0,1,998,69,999,99,5,1,4,1,1,98,1,6,0,13,99,0,23,11,2020,2,4,2,20,1,1,4,3,5,4
171011,1,1,38,2,1,11,3,9,8,0,1,0,2,0,1,998,999,999,99,4,3,4,1,2,2,99,6,0,5,0,87,22,10,2020,5,1,2,30,1,1,4,3,2,4
171012,1,1,34,2,1,11,3,20,8,0,1,0,1,0,1,998,999,999,99,0,1,2,2,2,1,1,87,0,7,0,0,23,10,2020,6,7,2,11,1,1,1,1,1,0
171013,1,1,70,1,1,11,99,8,8,0,1,0,1,0,1,998,999,999,99,9,1,4,1,2,1,1,13,0,13,0,0,14,10,2020,4,10,2,42,1,1,4,1,1,4
171014,1,1,998,1,1,11,99,1,8,0,1,0,1,0,1,998,999,999,99,0,1,5,1,9,1,11,15,0,7,99,38,26,11,2020,5,22,2,12,2,2,1,3,1,3
171016,1,1,74,2,1,11,3,20,8,0,3,0,1,0,1,998,999,999,99,0,1,2,2,2,1,1,80,0,13,0,0,17,9,2020,5,13,2,8,1,1,1,1,1,0
171019,1,1,18,1,1,11,20,8,8,0,1,0,2,0,1,998,999,999,99,9,1,2,2,9,1,1,10,0,3,0,51,15,10,2020,5,8,2,12,1,1,1,1,1,4
171020,1,1,50,1,1,11,20,8,8,0,2,1,1,0,1,998,999,999,99,3,1,4,1,2,1,1,13,1,7,12,36,26,11,2020,5,21,2,42,1,1,4,3,1,3
171021,1,1,19,1,1,11,20,20,8,0,1,0,1,0,1,998,999,999,99,3,1,2,1,9,2,6,10,0,81,0,38,18,9,2020,6,20,2,12,2,3,1,2,1,4
171023,1,1,72,1,1,11,3,1,8,0,1,0,1,0,1,998,999,999,99,4,1,4,1,9,2,1,50,0,13,99,0,14,11,2020,7,20,2,12,3,2,1,3,2,4
171024,1,1,998,8,1,11,99,98,8,0,99,1,9,99,1,998,999,999,99,0,1,2,1,9,1,1,80,0,998,0,0,1,11,2020,1,23,2,8,1,1,1,3,1,0
171025,1,1,62,1,1,11,3,20,8,0,1,0,3,6,1,998,999,999,99,0,1,2,1,9,98,11,15,0,66,0,38,12,11,2020,5,14,2,12,2,4,1,1,1,1
171030,1,1,23,1,1,11,3,8,8,0,1,0,1,0,1,998,75,240,99,3,3,3,1,1,1,6,12,0,7,0,28,16,10,2020,6,13,2,25,1,1,3,1,1,4
171031,1,1,44,1,1,11,20,20,8,0,1,0,2,0,1,998,999,999,99,5,3,2,3,1,1,1,51,1,81,0,26,13,9,2020,1,19,2,12,1,1,1,2,1,4
171036,1,1,52,1,1,11,99,20,8,0,3,0,1,0,1,998,70,230,0,0,2,4,1,2,1,1,80,0,13,0,0,24,9,2020,5,19,2,8,3,3,1,3,1,0
171037,1,1,39,1,1,11,3,8,0,0,1,0,1,0,1,998,76,185,99,5,1,2,1,2,1,1,17,1,7,0,91,27,8,2020,5,17,2,12,2,2,1,1,1,2
171039,1,1,23,1,1,11,20,8,8,0,1,0,2,0,1,998,66,162,99,4,3,2,1,2,1,1,6,0,13,0,6,18,10,2020,1,6,2,57,1,1,3,4,10,4
171040,1,1,73,1,1,11,3,8,8,0,1,0,1,0,1,998,999,999,99,3,1,2,3,9,1,1,98,0,60,92,39,8,9,2020,3,12,2,12,1,1,1,1,1,4
171041,1,1,24,1,1,11,99,1,8,0,1,0,1,0,1,998,63,250,99,9,3,2,2,8,1,15,9,0,13,92,27,19,10,2020,2,12,2,33,1,1,4,1,1,4
171042,1,1,19,2,1,11,3,8,1,0,1,0,2,0,1,998,999,999,99,4,3,2,1,2,1,1,51,0,13,5,26,15,11,2020,1,6,2,12,1,1,1,2,1,4
171043,1,1,29,1,1,11,3,8,8,0,1,0,3,0,1,998,999,999,99,3,2,2,1,2,1,1,17,1,60,99,39,6,11,2020,6,18,2,12,8,1,1,2,1,2
171046,1,1,23,1,1,11,3,20,8,0,1,0,1,0,1,998,999,999,99,4,2,2,2,2,1,6,11,0,5,92,0,25,9,2020,6,15,2,8,1,1,2,1,1,0
171047,1,1,38,1,1,11,99,98,8,0,1,0,2,0,1,998,999,999,99,9,2,2,1,2,2,99,10,0,13,92,28,19,10,2020,2,21,2,12,1,1,1,3,2,4
171049,1,1,59,1,1,11,20,20,8,0,2,0,1,0,1,998,81,999,0,5,1,2,1,9,1,6,98,1,81,0,34,18,9,2020,6,13,2,12,8,1,1,1,1,3
171052,1,1,30,1,1,11,99,8,8,0,1,0,2,0,1,998,75,220,99,3,2,3,1,1,1,1,17,1,13,0,39,25,8,2020,3,2,2,12,2,2,1,3,1,2
171055,1,1,21,1,1,11,3,98,8,0,2,0,3,1,1,998,999,999,99,5,1,2,1,2,1,1,14,0,11,96,39,30,9,2020,4,7,2,12,2,3,1,1,10,3
171057,1,1,27,2,1,11,20,8,1,0,3,0,1,0,1,998,59,145,99,4,3,3,1,2,1,15,11,1,7,0,27,30,8,2020,1,4,2,12,18,1,1,3,1,4
171058,1,1,39,2,1,11,3,20,8,0,1,0,2,0,1,998,59,110,99,0,1,2,1,8,2,1,83,0,7,92,86,23,10,2020,6,13,2,9,1,1,1,1,2,2
171059,1,1,55,2,1,11,99,8,8,0,2,0,1,0,1,998,60,120,99,9,4,1,1,8,98,1,17,0,7,92,999,19,10,2020,2,22,2,12,2,2,1,3,1,4
171060,1,1,34,2,1,11,3,8,8,0,3,0,2,0,1,998,999,999,99,0,1,3,1,8,1,11,15,0,3,0,38,29,8,2020,7,20,2,12,2,3,1,3,1,3
171061,1,1,21,1,1,11,3,8,8,0,2,0,1,0,1,998,999,999,99,3,2,2,1,2,1,1,17,0,3,12,39,11,10,2020,1,4,2,12,2,2,1,3,1,9
171062,1,1,67,2,1,11,20,1,1,0,1,0,2,0,1,80,999,999,99,0,1,2,2,8,1,14,10,0,9,0,28,24,10,2020,7,8,2,12,1,1,1,1,1,4
171063,1,1,29,1,1,11,3,20,8,0,3,0,2,0,1,998,72,180,1,3,1,4,1,8,1,1,9,1,13,0,36,18,10,2020,1,1,2,30,1,1,4,3,1,4
171064,1,1,29,2,1,11,3,8,8,0,1,0,2,0,1,998,999,999,99,4,1,2,1,8,1,1,13,0,7,0,0,20,10,2020,3,16,2,38,1,1,5,1,1,4
171065,1,1,23,1,1,11,99,8,8,0,1,0,1,0,1,998,65,142,2,9,1,2,1,2,1,99,13,0,5,0,0,17,10,2020,7,16,2,93,1,1,4,1,1,2