ST_CASE,VEH_NO,PER_NO,AGE,SEX,PER_TYP,SEAT_POS,REST_USE,AIR_BAG,DRUGS,LOCATION,NUMOCCS,HIT_RUN,OWNER,V_CONFIG,HAZ_INV,TRAV_SP,DR_HGT,DR_WGT,PREV_SPD,SPEEDREL,VTRAFWAY,VNUM_LAN,VPROFILE,VPAVETYP,VSURCOND,P_CRASH1,P_CRASH2,DR_DRINK,VPICBODYCLASS,DRDISTRACT,DRIVERRF,DAY,MONTH,YEAR,DAY_WEEK,HOUR,RUR_URB,HARM_EV,RELJCT2,TYP_INT,REL_ROAD,LGT_COND,WEATHER,INJ_SEV
171066,1,1,39,2,1,11,3,1,8,0,2,0,2,0,1,98,999,999,99,5,1,2,1,8,1,1,12,1,1,92,6,23,10,2020,6,15,2,1,1,1,4,1,1,2
171068,1,1,28,1,1,11,3,20,8,0,1,0,2,0,1,998,999,999,99,4,5,3,1,9,2,14,6,0,5,92,87,19,10,2020,2,14,2,12,1,1,1,1,2,4
171070,1,1,60,1,1,11,3,99,8,0,1,0,1,0,1,52,65,165,99,5,1,2,1,9,1,14,12,0,60,0,0,5,10,2020,2,12,2,53,1,1,4,1,1,4
171071,1,1,18,2,9,99,3,20,8,0,2,0,2,0,1,998,999,999,99,3,1,2,1,9,1,1,17,0,7,96,39,28,10,2020,4,23,2,12,2,2,1,2,1,3
171072,1,1,22,1,1,11,99,1,8,0,1,0,2,0,1,998,999,999,99,9,1,2,1,8,98,1,17,0,13,96,38,31,10,2020,7,22,2,12,2,2,1,3,1,4
171073,1,1,57,1,1,11,99,1,8,0,1,0,1,0,1,998,68,170,99,9,1,2,1,2,1,1,10,0,13,92,28,4,10,2020,1,9,2,12,1,1,1,1,1,4
171074,1,1,68,2,1,11,3,20,8,0,1,0,2,0,1,25,999,999,99,9,1,2,1,2,1,1,80,0,7,0,0,31,10,2020,7,13,2,8,3,2,1,1,1,0
171076,1,1,34,1,1,11,20,20,8,0,1,0,1,0,1,0,999,999,99,0,3,4,1,8,2,5,53,0,13,0,54,22,10,2020,5,0,2,12,18,1,1,3,2,4
171077,1,1,30,1,1,11,99,8,8,0,3,1,2,0,1,998,999,999,99,3,1,2,1,8,1,1,6,0,7,0,36,30,10,2020,6,21,2,42,1,1,4,2,1,2
171078,1,1,21,1,1,11,99,8,8,0,1,0,1,0,1,998,999,999,99,9,8,8,1,2,1,1,54,0,13,96,51,30,10,2020,6,19,2,12,2,3,1,2,1,4
171079,1,1,60,1,1,11,20,20,8,0,1,0,1,0,1,998,70,225,99,0,3,3,2,2,1,1,9,0,81,0,0,8,10,2020,5,18,2,1,18,1,1,3,1,4
171080,1,1,46,1,1,11,20,20,8,0,1,0,1,0,1,998,74,250,99,3,1,2,2,8,1,14,12,0,80,0,0,11,10,2020,1,3,2,43,1,1,4,3,1,4
171081,1,1,35,1,1,11,99,1,8,0,1,0,1,0,1,998,999,999,99,9,1,2,1,8,98,1,17,0,7,92,39,28,10,2020,4,23,2,12,2,2,1,3,1,2
171083,1,1,39,1,1,11,20,1,8,0,1,0,2,0,1,998,999,999,99,9,1,2,1,8,1,1,11,0,7,92,0,29,10,2020,5,18,2,14,1,1,7,1,1,4
171084,1,1,32,1,1,11,20,20,8,0,1,0,1,0,1,998,999,999,99,9,1,4,1,2,1,1,51,1,60,0,0,23,10,2020,6,18,2,12,3,3,1,2,1,4
171085,1,1,61,2,1,11,3,20,8,0,1,0,1,0,1,998,60,100,99,0,1,2,1,8,1,11,15,0,13,92,38,12,10,2020,2,7,2,12,2,3,1,1,1,0
171086,1,1,41,1,1,11,20,20,8,0,19,0,1,19,1,998,999,999,99,0,1,2,2,8,1,1,6,0,126,0,88,24,10,2020,7,20,2,51,1,1,4,2,1,2
171087,1,1,998,2,1,11,99,1,8,0,99,1,2,0,1,998,999,999,99,9,3,8,1,2,1,1,59,0,13,92,0,22,10,2020,5,8,2,12,1,1,1,3,1,0
171088,1,1,42,2,1,11,99,20,8,0,2,0,1,0,1,0,66,170,99,0,1,3,2,8,1,5,83,0,13,96,0,8,10,2020,5,0,2,9,3,2,1,8,1,0
171091,1,1,998,9,1,11,99,98,8,0,99,1,9,99,1,998,999,999,99,9,3,4,1,2,1,99,80,0,999,0,0,18,9,2020,6,0,2,8,1,1,1,3,1,0
171092,1,1,29,1,1,11,20,1,8,0,1,0,1,0,1,998,999,999,99,9,3,4,1,8,2,15,11,0,13,92,28,12,9,2020,7,12,2,12,1,1,1,1,2,3
171094,1,1,36,2,1,11,3,20,1,0,1,1,2,0,1,80,999,999,99,3,2,2,1,2,1,1,17,0,13,15,39,14,8,2020,6,16,2,12,2,2,1,1,1,1
171096,1,1,25,2,1,11,20,8,9,0,1,0,2,0,1,998,62,107,0,9,3,2,1,2,1,1,9,1,13,0,999,12,10,2020,2,3,2,35,1,1,3,2,1,4
171097,1,1,51,1,1,11,3,8,0,0,1,0,1,0,1,998,72,180,1,5,3,3,1,2,1,6,13,0,5,0,28,22,8,2020,7,14,2,14,19,1,2,1,1,0
171098,1,1,33,1,1,11,3,20,8,0,1,0,1,0,1,998,999,999,99,9,1,4,1,8,1,1,80,0,7,92,38,19,12,2020,7,11,2,8,1,1,1,1,1,0
171099,1,1,20,1,1,11,3,20,0,0,1,0,2,0,1,998,64,120,0,0,2,3,1,2,1,1,80,0,13,0,0,8,8,2020,7,1,2,8,1,1,1,2,1,2
171101,1,1,41,1,1,11,3,20,8,0,1,0,1,0,1,998,999,999,99,9,1,2,1,2,1,11,80,0,13,92,38,13,12,2020,1,12,2,8,3,2,1,1,1,0
171102,1,1,75,1,1,11,3,20,8,0,1,0,1,0,1,998,999,999,99,0,1,2,1,9,1,1,12,0,2,0,0,5,10,2020,2,18,2,42,1,1,5,1,1,4
171103,1,1,28,1,1,11,3,8,8,0,1,0,1,0,1,998,999,999,99,4,1,2,1,2,1,11,15,0,13,0,38,19,9,2020,7,21,2,12,2,2,1,3,1,1
171104,1,1,28,1,1,11,3,20,9,0,1,0,1,0,1,998,999,999,99,0,1,2,1,8,1,1,80,0,13,0,0,4,5,2020,2,21,2,8,1,1,1,2,1,0
171105,1,1,52,1,1,11,3,20,0,0,1,0,1,0,1,998,65,182,1,0,2,6,1,2,1,1,80,0,7,0,0,21,6,2020,1,22,2,8,3,2,1,3,1,0
180014,1,1,70,1,1,11,3,20,9,0,1,0,1,0,1,998,73,200,0,0,2,4,1,2,2,13,17,0,7,96,38,3,1,2020,6,20,2,12,2,2,1,2,2,4
180016,1,1,80,1,1,11,3,20,0,0,1,0,1,0,1,998,65,116,0,0,5,5,1,2,1,11,15,0,1,96,38,6,1,2020,2,7,2,12,2,2,1,1,1,4
180022,1,1,56,1,1,11,20,20,1,0,1,0,3,6,1,998,72,215,0,0,1,2,1,2,1,1,13,0,66,96,0,9,1,2020,5,9,2,42,1,1,4,1,1,4
180024,1,1,52,1,1,11,3,20,0,0,2,0,3,21,1,998,66,181,0,0,4,4,1,2,1,1,17,0,16,96,39,1,1,2020,4,15,2,12,2,2,1,1,1,0
180025,1,1,49,1,1,11,20,9,1,0,3,0,1,0,1,998,72,230,0,0,6,2,2,2,1,14,12,0,60,96,0,9,1,2020,5,19,2,34,5,1,8,3,10,4
180026,1,1,16,2,1,11,3,20,0,0,2,0,2,0,1,998,69,120,0,0,5,5,1,2,2,1,80,0,2,96,0,10,1,2020,6,20,2,8,1,1,1,3,2,0
180030,1,1,999,9,1,11,99,99,9,0,1,1,9,99,1,998,999,999,99,0,1,2,2,2,1,1,80,0,999,96,8,8,1,2020,4,19,2,8,3,2,1,3,1,0
180032,1,1,76,1,1,11,8,9,0,0,1,0,1,0,1,998,67,185,0,0,1,5,1,2,1,1,50,0,13,96,0,13,1,2020,2,11,2,12,2,3,1,1,10,4
180033,1,1,999,9,1,11,98,20,8,0,99,1,9,99,1,998,999,999,99,9,2,4,1,2,1,1,99,0,999,99,0,9,1,2020,5,19,2,8,1,1,1,2,10,0
180034,1,1,54,1,1,11,99,20,9,0,1,0,1,0,1,998,72,184,0,0,5,5,1,2,2,1,83,0,60,96,0,10,1,2020,6,18,2,15,2,3,1,2,2,0
180040,1,1,24,2,1,11,3,20,0,0,2,0,2,0,1,998,62,128,0,0,5,5,1,2,1,15,80,1,13,96,27,19,1,2020,1,0,2,8,1,1,1,3,1,0
180043,1,1,52,1,1,11,3,20,9,0,1,0,3,0,1,998,72,210,1,0,1,2,1,1,1,1,13,0,95,96,0,19,1,2020,1,13,2,30,3,2,4,1,1,4
180050,1,1,63,1,1,11,20,9,0,0,1,0,1,0,1,998,68,220,0,0,1,2,1,2,1,1,12,1,13,96,0,1,2,2020,7,20,2,33,1,1,4,3,10,4
180053,1,1,44,2,1,11,8,9,8,0,2,0,1,0,1,998,71,275,0,5,3,4,1,1,1,1,51,1,7,0,26,2,2,2020,1,2,2,12,1,1,1,3,1,3
180055,1,1,77,1,1,11,8,9,9,0,1,0,1,0,1,998,62,140,0,5,1,2,1,2,1,1,13,0,13,96,0,29,1,2020,4,0,2,33,1,1,4,3,1,4
180056,1,1,61,1,1,11,3,20,0,0,1,0,1,0,1,998,70,225,0,0,2,3,1,2,2,1,10,1,60,96,91,10,1,2020,6,8,2,12,1,1,1,1,2,3
180057,1,1,18,1,1,11,20,20,1,0,1,0,2,0,1,998,999,999,0,0,1,2,1,2,1,1,13,0,7,96,0,9,2,2020,1,3,2,42,1,1,4,2,1,4
180061,1,1,22,1,1,11,99,20,1,0,2,0,3,0,1,998,999,999,0,0,2,2,1,2,4,1,12,0,7,96,87,17,1,2020,6,21,2,33,1,1,3,3,12,4
180062,1,1,19,2,2,23,20,20,8,0,5,1,5,0,1,998,72,190,0,3,1,3,1,2,1,99,17,0,7,96,39,7,2,2020,6,19,2,12,2,2,1,3,1,3
180063,1,1,59,1,1,11,3,20,0,0,1,0,1,0,1,998,75,225,0,0,4,3,1,2,1,10,80,0,7,96,38,8,2,2020,7,18,2,8,3,2,1,3,1,0
180066,1,1,31,2,1,11,99,20,1,0,2,0,1,0,1,998,62,155,2,0,5,5,1,2,1,1,17,1,7,96,39,19,1,2020,1,2,2,12,2,2,1,2,1,0
180071,1,1,37,2,1,11,99,20,0,0,1,0,1,0,1,998,66,180,0,0,3,5,1,2,1,1,80,0,13,96,0,8,2,2020,7,21,2,8,3,2,1,3,1,0
180075,1,1,38,1,1,11,3,20,0,0,1,0,1,0,1,998,69,165,0,0,1,2,1,2,98,1,80,0,7,96,0,25,2,2020,3,23,2,8,1,1,1,2,4,0
180081,1,1,39,1,1,11,8,9,1,0,1,0,1,0,1,998,72,170,1,0,1,2,1,2,1,1,10,0,7,96,28,3,3,2020,3,19,2,12,1,1,1,2,1,3
180082,1,1,55,2,1,11,20,9,8,0,1,0,1,0,1,998,63,150,0,5,6,1,2,2,1,1,13,0,8,96,0,22,2,2020,7,4,2,52,5,1,8,3,1,4
180083,1,1,62,1,1,11,3,20,0,0,1,0,3,6,1,998,71,210,0,0,3,3,2,2,1,1,80,0,66,96,0,23,2,2020,1,0,2,8,1,1,1,2,1,0
180088,1,1,32,1,1,11,99,20,9,0,1,1,2,0,1,998,71,150,1,0,1,2,1,2,1,1,83,0,13,96,91,7,3,2020,7,22,2,9,1,1,1,2,1,0
180091,1,1,32,2,1,11,3,9,0,0,1,0,1,0,1,998,66,120,0,0,3,2,1,2,1,1,52,0,7,96,26,23,2,2020,1,14,2,12,1,1,1,1,1,4
180092,1,1,39,2,1,11,8,9,1,0,2,0,2,0,1,998,64,260,0,0,1,2,1,2,2,1,10,1,13,96,28,6,3,2020,6,2,2,12,1,1,1,2,11,4
180093,1,1,72,1,1,11,3,20,9,0,1,0,1,0,1,998,73,175,0,4,1,2,1,2,10,1,6,0,3,0,87,13,2,2020,5,4,2,12,1,1,1,2,4,4
180098,1,1,53,2,1,11,3,20,0,0,1,0,1,0,1,998,67,140,0,0,5,5,1,2,1,1,80,0,7,96,0,15,3,2020,1,22,2,8,3,2,1,2,1,0
180100,1,1,28,2,1,11,8,9,1,0,2,0,2,0,1,998,68,260,1,5,1,4,1,2,1,14,13,0,13,96,0,12,3,2020,5,10,2,30,1,1,4,1,10,4
180103,1,1,32,2,1,11,3,20,0,0,1,0,2,0,1,998,65,120,0,0,1,2,1,2,1,1,17,0,60,96,38,4,3,2020,4,20,2,12,2,2,1,2,1,3
180107,1,1,25,1,1,11,20,9,0,0,1,0,1,0,1,998,68,130,0,0,1,2,2,2,2,14,13,0,13,96,0,17,3,2020,3,8,2,24,1,1,4,1,10,4
180109,1,1,32,1,1,11,3,20,0,0,1,0,1,0,1,998,70,180,0,0,2,5,1,2,1,1,80,0,3,96,0,7,3,2020,7,20,2,8,1,1,1,3,1,0
180110,1,1,27,2,1,11,99,20,1,0,1,0,1,0,1,998,66,172,0,0,5,5,1,2,1,6,83,0,7,96,35,8,3,2020,1,20,2,9,1,1,1,3,1,0
180112,1,1,54,2,1,11,20,20,1,0,1,0,2,0,1,998,63,202,0,0,1,2,1,2,2,1,62,0,5,96,0,28,2,2020,6,1,2,12,1,1,1,2,1,3
180115,1,1,45,1,1,11,3,98,1,0,1,0,1,0,1,998,69,210,0,0,3,4,2,1,1,1,13,0,13,96,0,15,3,2020,1,21,2,34,1,1,4,3,1,4
180119,1,1,87,2,1,11,8,9,0,0,1,0,1,0,1,998,59,145,0,0,2,3,1,2,2,11,15,0,13,96,38,12,2,2020,4,9,2,12,2,2,1,1,2,4
180120,1,1,66,1,1,11,99,20,0,0,1,0,1,0,1,998,73,145,0,0,1,2,1,2,1,1,12,0,8,96,28,27,2,2020,5,16,2,42,1,1,4,1,1,4
180124,1,1,43,1,1,11,3,20,0,0,1,0,1,0,1,998,67,180,2,0,1,2,1,2,1,1,80,0,7,96,0,23,3,2020,2,6,2,8,1,1,1,2,1,0
180129,1,1,59,1,1,11,3,20,9,0,1,0,3,6,1,998,72,187,0,0,6,2,2,2,1,14,13,0,66,96,999,20,2,2020,5,13,2,24,5,1,4,1,1,4
180134,1,1,31,2,1,11,3,9,0,0,1,0,1,0,1,998,66,115,0,0,2,2,1,2,1,1,54,1,7,96,51,7,3,2020,7,21,2,12,1,1,1,2,1,3
180136,1,1,40,1,1,11,3,20,0,0,1,0,1,0,1,998,69,185,0,0,5,5,1,2,1,1,80,0,60,96,0,3,4,2020,6,21,2,8,3,2,1,3,1,0
180140,1,1,25,1,1,11,20,20,9,0,1,0,2,0,1,998,72,165,6,5,1,2,1,2,1,1,98,0,6,96,0,8,4,2020,4,15,2,1,1,1,1,1,1,4
180142,1,1,18,1,1,11,20,20,9,0,1,0,1,0,1,998,75,175,0,0,2,4,2,2,1,14,10,0,3,96,28,14,4,2020,3,16,2,12,1,1,1,1,10,4
180146,1,1,36,1,1,11,99,20,1,0,1,0,2,0,1,998,67,150,0,0,5,5,1,2,1,1,10,1,1,96,58,1,3,2020,1,19,2,12,1,1,1,3,1,3
180148,1,1,21,2,1,11,8,9,9,0,2,0,2,0,1,998,64,120,0,0,3,2,1,2,1,1,13,0,9,96,0,18,4,2020,7,0,2,43,1,1,4,3,10,3
180149,1,1,46,2,1,11,20,9,9,0,1,0,1,0,1,998,72,190,0,0,6,2,1,1,1,15,13,0,7,96,27,2,4,2020,5,13,2,20,5,1,8,1,1,4
180152,1,1,24,2,1,11,99,20,1,0,1,0,2,0,1,998,61,120,2,5,5,6,1,2,1,1,62,0,7,96,8,7,3,2020,7,19,2,12,2,3,1,2,1,3
180153,1,1,61,1,1,11,3,20,0,0,1,0,3,6,1,59,71,200,1,0,2,2,1,2,1,1,80,0,66,96,0,20,4,2020,2,6,2,8,1,1,1,2,1,0
180157,1,1,18,2,1,11,3,20,0,0,3,0,1,0,1,998,63,149,0,0,2,3,1,1,1,11,15,0,13,96,38,22,4,2020,4,22,2,12,2,2,1,3,1,0
180160,1,1,61,2,1,11,3,20,0,0,1,0,2,0,1,998,60,145,0,0,1,2,1,1,2,1,80,0,7,96,0,25,4,2020,7,21,2,8,1,1,1,2,2,0
180161,1,1,47,1,1,11,20,20,1,0,2,0,2,0,1,998,72,200,0,0,1,2,2,2,1,1,17,1,82,96,0,22,4,2020,4,11,2,12,2,2,1,1,1,4
180167,1,1,54,1,1,11,99,20,1,0,1,1,1,0,1,998,71,225,0,0,1,4,1,2,1,1,52,1,13,96,91,3,5,2020,1,17,2,12,1,1,1,1,10,0
180168,1,1,65,1,1,11,3,20,0,0,1,0,3,0,1,998,68,185,0,0,1,2,1,2,1,1,80,0,5,96,0,2,5,2020,7,22,2,8,1,1,1,3,1,0
180170,1,1,20,1,1,11,20,20,1,0,2,0,2,0,1,998,67,160,0,3,1,2,1,2,1,1,12,0,3,96,37,3,5,2020,1,23,2,30,1,1,4,3,10,4
180174,1,1,61,1,1,11,3,9,0,0,1,0,1,0,1,998,70,215,0,0,3,4,1,1,1,1,13,0,13,96,0,21,4,2020,3,23,2,35,1,1,4,3,1,4
180175,1,1,27,1,1,11,20,20,1,0,2,0,1,0,1,998,74,160,0,3,2,4,2,2,1,1,51,1,81,96,38,28,4,2020,3,18,2,12,1,1,1,1,10,4
180180,1,1,26,1,1,11,3,1,0,0,2,0,2,0,1,998,68,210,0,3,3,3,1,1,1,1,12,1,13,3,91,10,5,2020,1,4,2,25,1,1,3,3,1,3
180183,1,1,30,1,1,11,3,20,0,0,1,0,3,1,1,998,70,170,0,0,1,2,1,1,1,1,83,0,63,96,94,8,5,2020,6,12,2,9,2,2,1,1,1,0
180184,1,1,47,1,1,11,20,9,1,0,2,0,2,0,1,998,72,250,0,0,5,5,1,2,2,1,10,0,13,96,0,10,5,2020,1,12,2,12,1,1,1,1,2,4
180185,1,1,16,2,1,11,3,20,0,0,2,0,2,0,1,998,60,103,0,0,1,4,1,2,1,11,15,0,7,96,38,8,5,2020,6,19,2,12,2,3,1,1,1,0
180186,1,1,21,1,1,11,3,20,0,0,5,0,2,0,1,998,69,175,2,0,1,4,1,2,2,1,80,0,13,96,0,9,3,2020,2,19,2,8,1,1,1,2,2,0
180190,1,1,998,8,1,11,98,20,8,0,1,1,9,99,1,998,999,999,99,9,1,3,1,2,1,1,80,0,999,96,0,26,4,2020,1,16,2,8,3,2,1,1,1,0
180191,1,1,55,1,1,11,99,20,1,0,1,0,1,0,1,998,999,999,99,0,1,2,1,2,1,1,12,1,9,96,28,9,5,2020,7,21,2,14,1,1,4,3,1,4
180192,1,1,27,1,1,11,3,20,0,0,1,0,1,0,1,998,73,191,0,0,2,3,1,2,1,1,80,0,7,96,0,13,5,2020,4,22,2,8,1,1,1,2,1,0
180193,1,1,58,1,1,11,3,20,0,0,1,0,3,6,1,998,70,220,0,0,5,5,1,2,1,1,12,0,66,96,28,14,5,2020,5,8,2,42,1,1,4,1,10,4
180194,1,1,46,1,1,11,3,20,0,0,1,0,3,0,1,998,72,205,0,0,2,4,1,2,1,1,80,0,13,96,0,12,4,2020,1,23,2,8,1,1,1,2,10,0
180195,1,1,45,1,1,11,3,20,0,0,1,0,3,0,1,998,75,215,0,0,5,3,1,2,1,1,80,0,13,0,16,6,5,2020,4,21,2,8,1,1,1,2,1,0
180196,1,1,30,1,1,11,3,20,0,0,1,0,3,6,1,70,66,999,0,0,3,3,2,2,2,1,13,0,64,96,28,23,4,2020,5,23,2,14,1,1,4,2,2,0
180201,1,1,29,2,1,11,3,20,0,0,4,0,1,0,1,998,64,250,0,0,1,2,1,2,1,1,80,0,7,96,0,10,4,2020,6,19,2,8,1,1,1,5,1,0
180210,1,1,32,2,1,11,3,20,1,0,2,0,2,0,1,998,59,95,2,0,3,2,1,2,1,1,80,0,60,96,0,24,5,2020,1,1,2,8,1,1,1,2,1,0
180213,1,1,67,1,1,11,99,20,0,0,1,0,1,0,1,998,72,175,0,0,1,2,1,2,1,11,15,1,13,96,38,25,5,2020,2,19,2,12,2,2,1,1,1,0
180215,1,1,80,2,1,11,3,20,9,0,1,0,2,0,1,998,59,199,0,0,1,2,1,2,1,1,12,0,9,96,28,20,5,2020,4,5,2,33,1,1,4,4,1,4
180216,1,1,30,1,1,11,20,20,1,0,1,0,1,0,1,998,71,240,0,5,2,4,1,2,1,6,51,0,94,96,27,22,5,2020,6,15,2,1,1,1,1,1,1,4
180218,1,1,999,9,1,11,99,99,8,0,1,1,9,99,1,998,999,999,99,0,1,2,1,2,1,1,80,0,999,96,0,7,5,2020,5,21,2,8,1,1,1,2,1,0
180219,1,1,51,1,1,11,99,20,8,0,1,0,2,0,1,998,70,200,0,0,1,2,1,2,1,1,10,0,60,96,60,11,5,2020,2,18,2,12,1,1,1,1,1,0
180220,1,1,19,2,1,11,3,20,0,0,1,0,1,0,1,998,64,140,0,0,3,5,1,2,1,11,15,0,13,96,38,24,5,2020,1,14,2,12,2,2,1,1,1,0
180223,1,1,24,2,1,11,8,9,1,0,1,0,1,0,1,998,66,130,1,5,2,4,1,2,1,6,51,1,13,96,58,23,5,2020,7,1,2,12,1,1,1,3,10,2
180225,1,1,61,1,1,11,8,9,0,0,1,0,1,0,1,998,67,185,0,0,5,3,1,2,1,1,17,0,13,0,38,25,5,2020,2,9,2,12,2,2,1,1,1,4
180230,1,1,78,2,1,11,3,20,0,0,1,0,1,0,1,998,61,220,0,0,5,4,1,2,1,11,15,0,13,0,38,21,5,2020,5,9,2,12,2,2,1,1,1,4
180237,1,1,27,1,1,11,99,20,9,0,1,0,1,0,1,998,71,175,0,5,5,5,1,2,1,1,17,0,13,0,39,16,5,2020,7,19,2,12,2,2,1,1,1,3
180238,1,1,998,8,1,11,98,20,8,0,1,1,9,0,1,998,999,999,99,5,1,4,1,2,2,6,10,0,13,96,35,19,5,2020,3,22,2,12,1,1,1,3,2,0
180239,1,1,38,1,1,11,99,20,0,0,1,0,1,0,1,998,65,160,0,5,2,2,1,2,1,1,17,1,13,96,91,30,5,2020,7,20,2,12,2,2,1,3,1,3
180241,1,1,26,1,1,11,99,20,9,0,1,0,2,1,1,998,73,200,0,0,1,2,1,2,1,1,92,0,11,96,38,3,6,2020,4,12,2,10,6,1,1,1,10,4
180242,1,1,58,1,1,11,99,20,1,0,1,0,2,0,1,998,66,135,0,5,2,3,1,2,1,1,50,0,7,96,0,1,6,2020,2,18,2,12,2,2,1,1,1,3
180244,1,1,35,1,2,55,20,20,8,0,2,1,9,99,1,998,999,999,99,0,1,2,1,2,1,1,13,0,999,96,21,31,5,2020,1,22,2,14,1,1,7,2,1,4
180245,1,1,70,1,1,11,99,98,0,0,1,0,1,0,1,998,70,165,0,0,2,3,1,1,1,15,10,0,13,96,27,31,5,2020,1,19,2,12,1,1,1,5,1,4
180252,1,1,25,1,1,11,8,9,0,0,1,0,1,0,1,998,70,145,0,5,5,4,1,2,1,1,17,1,13,96,0,6,6,2020,7,21,2,12,2,2,1,3,1,3
180258,1,1,44,1,1,11,3,20,0,0,1,0,1,0,1,998,72,220,0,0,6,1,2,2,1,14,80,0,13,96,0,26,5,2020,3,23,2,8,5,1,1,2,1,0
180262,1,1,50,2,1,11,3,20,1,0,1,0,2,0,1,998,999,999,99,0,2,3,2,2,1,11,15,0,7,96,38,9,6,2020,3,12,2,12,2,4,1,1,1,0
180263,1,1,20,1,1,11,20,20,9,0,1,0,2,0,1,998,68,135,3,5,1,2,1,2,1,1,14,0,80,96,39,10,6,2020,4,16,2,33,3,3,4,1,10,4
180266,1,1,44,2,1,11,20,9,1,0,4,0,1,0,1,998,67,125,0,0,1,2,1,2,1,1,50,1,3,96,28,25,5,2020,2,23,2,14,1,1,7,2,1,2
180267,1,1,49,1,1,11,3,20,0,0,1,0,3,6,1,998,71,250,0,0,6,2,2,2,2,1,61,0,66,96,0,14,5,2020,5,9,2,12,20,1,1,1,2,4
180268,1,1,56,1,1,11,3,20,0,0,4,0,3,21,1,998,68,179,1,0,1,4,1,2,2,1,62,0,16,96,0,18,5,2020,2,8,2,12,1,1,1,1,2,0
180269,1,1,30,1,1,11,20,20,0,0,2,0,1,0,1,998,72,190,3,0,2,4,1,2,1,1,13,0,82,96,0,14,6,2020,1,22,2,33,1,1,4,2,1,3
180270,1,1,15,1,1,11,8,9,0,0,3,0,2,0,1,80,999,999,0,2,1,2,1,2,1,1,12,0,13,96,58,12,6,2020,6,13,2,1,1,1,4,1,1,3
180281,1,1,46,2,1,11,99,20,0,0,1,0,1,0,1,998,65,128,0,0,1,2,1,2,1,1,12,1,60,96,58,24,5,2020,1,19,2,38,1,1,4,3,10,4
180284,1,1,32,1,1,11,20,20,0,0,1,0,1,0,1,998,68,180,0,5,1,2,1,2,1,1,13,1,80,96,36,11,6,2020,5,21,2,14,1,1,7,2,1,4
180285,1,1,53,1,1,11,20,20,1,0,2,0,9,0,1,998,73,224,0,3,1,2,1,2,1,1,62,0,60,96,37,15,6,2020,2,9,2,12,2,3,1,1,1,2
180293,1,1,25,1,1,11,8,9,9,0,1,0,2,0,1,998,74,181,0,5,1,2,1,2,1,1,19,1,7,96,8,21,6,2020,1,3,2,42,1,1,4,2,1,4
180294,1,1,63,1,1,11,3,9,9,0,1,0,1,0,1,998,70,270,2,5,3,2,1,2,1,15,10,0,119,96,27,10,6,2020,4,14,2,14,1,1,3,1,1,4
180296,1,1,998,1,1,11,99,20,0,0,1,0,3,1,1,998,71,195,0,0,2,2,2,2,1,1,50,0,11,96,26,20,6,2020,7,13,2,12,2,2,1,1,1,0
180298,1,1,62,1,1,11,20,9,0,0,2,0,1,0,1,998,69,205,0,0,1,4,1,2,6,1,13,0,60,96,0,21,6,2020,1,18,2,42,1,1,4,1,2,1
180299,1,1,999,9,1,11,99,99,8,0,1,1,9,99,1,998,999,999,99,0,2,4,1,2,2,1,80,0,999,96,0,24,5,2020,1,0,2,8,1,1,1,3,10,0
180302,1,1,39,1,1,11,20,20,8,0,1,0,2,0,1,998,71,210,1,5,1,3,2,2,1,14,6,1,82,96,0,20,6,2020,7,20,2,24,1,1,4,3,1,4
180304,1,1,16,2,1,11,20,9,0,0,4,0,2,0,1,998,68,170,0,5,1,2,1,2,2,6,6,0,13,96,91,20,6,2020,7,17,2,24,1,1,4,1,2,3
180305,1,1,24,1,1,11,20,20,0,0,1,0,1,0,1,998,72,165,0,5,3,3,1,2,1,1,50,1,94,96,38,20,6,2020,7,22,2,12,2,2,1,3,1,4
180306,1,1,39,1,1,11,8,9,9,0,2,0,2,0,1,998,70,170,0,0,1,2,1,2,1,1,12,0,5,96,28,24,6,2020,4,6,2,42,1,1,4,4,1,4
180308,1,1,33,1,1,11,99,20,1,0,1,0,1,0,1,998,74,198,0,0,5,5,2,1,1,11,15,1,7,96,91,18,6,2020,5,21,2,12,2,2,1,3,10,0
180309,1,1,39,1,1,11,8,9,0,0,4,0,1,0,1,998,67,150,0,0,5,3,1,2,1,1,17,0,60,96,0,6,6,2020,7,21,2,12,2,2,1,3,1,3
180310,1,1,25,1,1,11,20,20,0,0,1,0,1,0,1,998,64,155,3,0,3,3,1,2,1,1,60,0,80,96,0,14,6,2020,1,16,2,12,2,3,1,1,1,4
180312,1,1,60,1,1,11,20,9,0,0,1,0,2,0,1,998,66,175,0,3,5,3,1,2,1,1,51,0,7,96,0,1,6,2020,2,13,2,12,3,2,1,1,1,4
180316,1,1,21,2,1,11,3,20,0,0,99,1,1,0,1,998,63,150,0,0,3,4,1,2,1,15,13,1,13,96,0,28,6,2020,1,0,2,8,1,1,2,3,1,0