ST_CASE,VEH_NO,PER_NO,AGE,SEX,PER_TYP,SEAT_POS,REST_USE,AIR_BAG,DRUGS,LOCATION,NUMOCCS,HIT_RUN,OWNER,V_CONFIG,HAZ_INV,TRAV_SP,DR_HGT,DR_WGT,PREV_SPD,SPEEDREL,VTRAFWAY,VNUM_LAN,VPROFILE,VPAVETYP,VSURCOND,P_CRASH1,P_CRASH2,DR_DRINK,VPICBODYCLASS,DRDISTRACT,DRIVERRF,DAY,MONTH,YEAR,DAY_WEEK,HOUR,RUR_URB,HARM_EV,RELJCT2,TYP_INT,REL_ROAD,LGT_COND,WEATHER,INJ_SEV
180317,1,1,999,9,1,11,98,98,8,0,99,1,9,99,1,998,999,999,99,9,5,5,1,2,1,1,80,0,999,99,999,24,6,2020,4,23,2,8,1,1,1,3,1,0
180324,1,1,56,2,1,11,8,9,0,0,1,0,1,0,1,998,63,195,0,0,1,2,1,2,1,1,90,0,7,96,38,23,6,2020,3,13,2,10,6,1,1,1,1,4
180325,1,1,29,2,1,11,20,9,0,0,1,0,1,0,1,998,63,160,1,5,1,3,1,2,1,1,50,1,13,96,91,28,6,2020,1,2,2,12,2,2,1,3,1,3
180339,1,1,21,1,1,11,3,20,0,0,1,0,2,0,1,998,76,200,0,0,5,3,1,2,1,1,80,0,60,92,0,5,7,2020,1,3,2,8,1,1,1,3,1,0
180340,1,1,36,1,1,11,3,9,1,0,1,0,2,0,1,998,71,170,2,0,3,3,1,1,1,15,13,0,7,96,27,30,6,2020,3,11,2,8,1,1,4,1,1,0
180343,1,1,55,1,1,11,20,20,9,0,1,0,2,0,1,998,68,260,2,0,1,2,1,2,1,1,13,0,82,96,0,1,7,2020,4,19,2,1,1,1,4,1,1,4
180344,1,1,998,1,1,11,99,20,0,0,1,0,1,0,1,998,76,240,0,0,1,2,1,2,1,1,19,0,9,92,0,21,4,2020,3,22,2,12,2,2,1,3,1,4
180345,1,1,60,1,1,11,20,20,9,0,1,0,1,0,1,998,70,230,0,0,1,2,1,1,1,1,17,0,12,96,39,1,5,2020,6,13,2,12,2,2,1,1,1,4
180349,1,1,44,1,1,11,3,20,0,0,1,0,3,1,1,998,999,999,0,0,4,2,2,1,1,1,83,0,11,96,0,4,7,2020,7,20,2,9,1,1,1,3,1,0
180350,1,1,29,1,1,11,20,20,1,0,2,0,1,0,1,998,64,120,0,0,1,2,1,2,1,1,60,0,98,96,27,14,6,2020,1,4,2,12,1,1,1,2,1,4
180351,1,1,998,1,1,11,20,20,0,0,1,0,1,0,1,998,73,240,1,0,1,2,1,2,1,1,98,1,80,96,0,29,6,2020,2,2,2,5,1,1,1,3,10,4
180356,1,1,19,1,1,11,3,20,9,0,2,0,1,0,1,998,70,218,0,0,3,5,1,2,1,1,90,0,13,96,81,1,7,2020,4,17,2,25,1,1,3,1,1,4
180360,1,1,49,1,1,11,20,9,1,0,2,0,1,0,1,998,76,280,0,0,1,2,1,2,1,1,12,1,1,96,58,10,7,2020,6,0,2,38,1,1,4,2,1,4
180361,1,1,26,1,1,11,3,20,0,0,1,0,0,7,1,998,72,155,2,0,1,2,1,2,1,1,83,0,66,96,0,11,7,2020,7,2,2,9,1,1,1,3,1,0
180364,1,1,16,1,1,11,99,20,0,0,4,0,2,0,1,998,69,115,0,0,1,2,1,2,2,14,19,0,13,96,58,27,6,2020,7,18,2,42,1,1,4,1,10,2
180366,1,1,33,1,1,11,20,20,1,0,2,0,2,0,1,998,71,157,0,5,2,3,1,2,1,14,6,1,7,96,58,26,6,2020,6,1,2,1,1,1,1,3,1,4
180367,1,1,41,1,1,11,3,20,0,0,1,0,1,0,1,998,68,235,0,0,1,2,1,2,1,1,80,0,7,96,0,17,6,2020,4,2,2,8,1,1,1,2,1,0
180370,1,1,62,1,1,11,20,20,9,0,1,0,2,0,1,998,67,185,0,0,6,1,2,1,1,14,13,0,81,96,0,8,7,2020,4,18,2,35,20,1,1,1,1,4
180371,1,1,20,1,1,11,3,20,0,0,1,0,1,0,1,998,67,150,3,0,5,5,1,2,1,1,17,0,3,96,0,14,7,2020,3,19,2,12,2,2,1,1,1,0
180375,1,1,26,1,1,11,20,9,1,0,2,0,2,0,1,998,74,150,0,5,3,3,1,2,1,1,13,0,13,96,8,26,6,2020,6,1,2,52,1,1,4,2,1,3
180377,1,1,61,1,1,11,20,9,9,0,1,0,1,0,1,998,75,440,0,0,2,2,1,2,1,1,64,0,2,96,39,14,7,2020,3,19,2,12,2,3,1,1,1,4
180379,1,1,65,1,1,11,20,20,0,0,1,0,1,0,1,998,72,210,0,0,1,2,1,2,1,1,63,0,12,96,38,20,7,2020,2,21,2,12,2,2,1,3,1,4
180380,1,1,18,1,1,11,99,20,1,0,2,0,2,0,1,116,67,220,0,5,1,2,1,2,1,1,80,0,13,96,8,12,7,2020,1,21,2,8,1,1,1,1,1,2
180384,1,1,49,1,1,11,3,20,0,0,1,0,3,6,1,998,63,145,0,0,2,2,2,2,1,16,10,0,64,96,27,21,7,2020,3,11,2,12,1,1,1,1,1,1
180389,1,1,63,2,1,11,8,9,0,0,1,0,1,0,1,998,61,160,0,0,1,4,1,2,1,11,15,0,5,96,91,18,7,2020,7,10,2,12,2,3,1,1,1,3
180390,1,1,19,1,1,11,99,20,9,0,3,0,1,0,1,998,74,258,2,5,3,4,2,2,1,1,50,0,60,96,0,25,7,2020,7,21,2,12,2,2,1,3,1,4
180392,1,1,42,1,1,11,20,9,1,0,1,0,1,0,1,998,68,135,0,0,4,2,1,2,1,1,12,1,13,96,0,26,7,2020,1,14,2,38,1,1,4,1,1,4
180394,1,1,27,1,1,11,20,20,1,0,1,0,1,0,1,998,72,210,1,5,5,3,2,2,1,15,17,0,80,96,38,18,7,2020,7,22,2,12,2,2,1,3,10,4
180395,1,1,18,2,1,11,20,20,1,0,1,0,2,0,1,998,66,120,0,0,3,2,1,2,1,1,9,0,7,96,73,23,7,2020,5,3,2,1,1,1,1,2,1,4
180401,1,1,59,2,1,11,8,9,0,0,2,0,2,0,1,998,65,170,0,0,1,2,1,1,1,12,21,0,7,96,48,22,7,2020,4,9,2,12,1,1,1,1,10,4
180403,1,1,21,1,1,11,3,20,1,0,1,0,1,0,1,998,70,145,1,0,1,2,1,2,1,1,17,0,7,96,74,22,7,2020,4,21,2,12,2,2,1,1,10,2
180404,1,1,23,1,1,11,3,20,0,0,1,0,2,0,1,998,69,140,3,0,5,3,1,2,1,1,83,0,13,96,0,24,7,2020,6,5,2,9,1,1,1,2,1,0
180405,1,1,57,1,1,11,3,20,0,0,1,0,1,0,1,998,68,254,0,0,1,3,1,2,2,15,50,0,5,92,0,30,7,2020,5,5,2,12,2,3,1,3,10,3
180407,1,1,29,1,1,11,20,20,9,0,1,0,1,0,1,998,68,255,2,5,2,3,1,2,1,1,62,0,80,96,0,7,7,2020,3,16,2,12,2,2,1,1,1,4
180409,1,1,31,1,1,11,99,20,0,0,2,0,1,0,1,998,70,150,0,5,1,2,1,2,1,14,13,1,13,96,58,5,7,2020,1,3,2,24,1,1,4,2,1,4
180410,1,1,998,1,1,11,3,20,0,0,1,0,1,0,1,998,70,170,0,0,2,2,1,2,1,15,11,0,60,96,28,7,7,2020,3,14,2,12,1,1,1,1,1,4
180415,1,1,39,1,1,11,99,20,0,0,2,0,1,0,1,998,76,220,0,0,1,2,1,2,1,1,17,0,3,96,91,1,8,2020,7,2,2,12,2,2,1,3,10,2
180420,1,1,998,1,1,11,20,20,0,0,1,0,1,0,1,998,67,140,0,0,4,2,1,2,1,14,12,1,12,96,91,4,7,2020,7,14,2,30,1,1,4,1,1,4
180422,1,1,42,1,1,11,3,20,0,0,1,0,3,6,1,998,72,200,0,0,5,5,1,2,1,1,80,0,66,96,0,5,8,2020,4,23,2,8,1,1,1,2,1,0
180423,1,1,998,2,1,11,99,20,0,0,1,1,2,0,1,998,67,145,0,0,1,2,1,2,1,1,80,1,7,96,0,17,7,2020,6,6,2,8,1,1,1,2,1,0
180424,1,1,52,1,1,11,20,20,0,0,2,0,1,0,1,998,64,140,2,0,2,2,1,2,1,1,50,0,2,96,0,6,8,2020,5,13,2,12,7,1,1,1,1,4
180426,1,1,26,2,1,11,3,20,0,0,1,0,1,0,1,998,64,140,0,0,5,3,1,2,1,1,83,0,7,96,0,8,8,2020,7,23,2,9,1,1,1,2,1,0
180427,1,1,30,1,1,11,3,20,0,0,1,0,2,0,1,998,71,180,1,0,1,2,1,1,1,11,15,0,13,96,38,4,8,2020,3,13,2,12,2,2,1,1,1,0
180433,1,1,21,1,1,11,8,9,1,0,1,0,2,0,1,998,72,185,1,0,5,5,1,2,1,11,15,0,13,96,38,26,7,2020,1,21,2,12,2,3,1,2,1,1
180434,1,1,23,1,1,11,20,20,1,0,1,0,2,0,1,998,67,150,0,5,4,3,1,2,1,1,13,0,80,96,58,17,7,2020,6,23,2,33,1,1,4,3,1,4
180435,1,1,38,1,1,11,20,20,9,0,1,0,1,0,1,998,72,205,0,0,2,2,1,2,1,14,12,0,81,96,0,10,8,2020,2,14,2,33,1,1,4,1,1,4
180436,1,1,32,2,1,11,99,20,0,0,2,0,2,0,1,998,999,999,0,0,5,5,1,2,1,11,15,1,15,96,38,25,7,2020,7,18,2,12,2,2,1,1,1,0
180437,1,1,37,1,1,11,20,20,0,0,1,0,1,0,1,998,72,190,0,0,1,2,1,2,1,13,80,0,60,96,0,4,8,2020,3,21,2,8,1,1,1,5,1,0
180438,1,1,49,2,1,11,3,20,0,0,1,0,2,0,1,998,66,217,0,0,3,3,1,2,1,11,80,0,7,96,0,6,8,2020,5,13,2,8,3,2,1,1,1,0
180439,1,1,56,1,1,11,20,20,8,0,2,0,1,0,1,998,66,155,0,3,1,2,1,2,1,15,50,1,3,96,28,26,7,2020,1,4,2,14,1,1,7,2,1,4
180443,1,1,33,1,1,11,20,20,1,0,1,0,1,0,1,998,65,185,0,0,1,2,1,2,1,1,13,1,12,96,999,16,8,2020,1,23,2,33,1,1,4,3,1,4
180445,1,1,22,1,1,11,20,9,9,0,2,0,2,0,1,998,75,265,0,3,6,2,2,2,1,15,6,0,13,96,27,28,7,2020,3,10,2,14,20,1,1,1,1,4
180446,1,1,24,2,1,11,3,20,1,0,2,0,1,0,1,998,63,125,0,0,3,3,1,1,1,1,80,1,7,96,91,25,7,2020,7,0,2,8,1,1,1,3,1,0
180447,1,1,46,2,1,11,3,20,8,0,1,0,1,0,1,998,64,190,0,0,5,5,1,2,1,1,80,0,13,96,0,15,8,2020,7,23,2,8,1,1,1,3,1,0
180449,1,1,61,1,1,11,20,20,0,0,1,0,1,0,1,998,72,198,0,0,5,3,1,2,1,1,12,0,81,96,0,26,4,2020,1,13,2,30,1,1,4,1,1,4
180450,1,1,72,2,1,11,3,20,0,0,1,0,1,0,1,998,68,160,0,0,5,5,1,1,1,11,15,0,7,96,38,18,8,2020,3,13,2,12,2,3,1,1,1,0
180452,1,1,29,1,1,11,3,9,0,0,1,0,1,0,1,998,36,60,0,0,3,3,1,1,1,1,12,0,2,96,58,7,8,2020,6,1,2,25,1,1,3,3,1,4
180463,1,1,999,9,1,11,99,99,8,0,1,1,9,99,1,998,999,999,99,5,1,2,2,2,1,1,82,0,999,96,58,21,8,2020,6,4,2,8,1,1,1,3,1,0
180464,1,1,34,1,1,11,20,20,9,0,1,0,1,0,1,998,77,300,0,5,1,2,1,2,1,1,12,0,13,0,0,21,8,2020,6,8,2,30,1,1,4,1,1,4
180465,1,1,22,1,1,11,20,9,0,0,1,0,1,0,1,998,77,145,0,5,2,4,1,2,1,1,17,1,13,96,39,23,8,2020,1,2,2,12,2,2,1,3,1,4
180466,1,1,29,1,1,11,20,20,0,0,1,0,1,0,1,998,68,190,0,0,1,5,1,2,1,1,63,1,12,96,39,20,8,2020,5,9,2,12,2,2,1,1,1,4
180467,1,1,85,1,1,11,20,9,0,0,2,0,1,0,1,998,65,165,0,0,2,3,1,2,1,1,17,1,13,96,38,21,8,2020,6,19,2,12,2,2,1,1,1,4
180469,1,1,42,1,1,11,20,20,0,0,1,0,1,0,1,998,69,140,1,0,1,3,1,2,1,1,83,0,80,96,0,19,8,2020,4,20,2,9,3,2,1,3,1,4
180473,1,1,66,1,1,11,3,20,0,0,1,0,2,0,1,998,71,309,0,0,2,2,1,2,1,12,98,0,13,96,48,26,8,2020,4,15,2,12,1,1,1,1,1,0
180475,1,1,27,1,1,11,20,20,9,0,5,0,2,0,1,998,72,155,0,0,2,2,1,1,1,1,1,0,7,96,80,25,8,2020,3,16,2,1,1,1,3,1,1,4
180476,1,1,51,1,1,11,20,20,0,0,1,0,2,0,1,998,70,210,0,0,1,2,1,2,1,14,13,1,94,96,0,22,8,2020,7,2,2,58,1,1,4,2,1,4
180478,1,1,30,1,1,11,20,20,0,0,1,0,2,0,1,998,70,165,0,0,1,4,1,2,1,1,17,0,80,96,0,21,8,2020,6,10,2,12,2,3,1,1,1,4
180480,1,1,32,2,1,11,3,20,0,0,2,0,3,0,1,998,69,190,0,0,2,2,1,2,1,10,16,0,13,96,0,12,6,2020,6,16,2,12,2,2,1,1,1,0
180481,1,1,80,1,1,11,8,9,0,0,1,0,1,0,1,998,69,250,0,0,1,2,2,2,1,1,13,0,60,9,0,19,6,2020,6,10,2,24,1,1,4,1,1,4
180483,1,1,38,1,1,11,20,9,1,0,1,0,1,0,1,998,71,172,2,0,1,2,1,2,1,1,10,0,13,96,28,20,6,2020,7,20,2,12,1,1,1,5,1,4
180484,1,1,57,1,1,11,20,9,0,0,1,0,1,0,1,998,69,180,0,0,1,2,1,2,1,14,12,0,60,96,0,26,6,2020,6,1,2,34,1,1,4,2,1,4
180486,1,1,26,1,1,11,3,20,0,0,1,0,3,0,1,998,72,210,0,0,1,2,3,2,1,15,83,0,95,96,38,2,7,2020,5,9,2,9,1,1,1,1,1,0
180491,1,1,43,2,1,11,8,9,1,0,2,0,2,0,1,998,999,999,0,5,1,2,1,2,1,1,98,0,7,96,8,30,8,2020,1,19,2,14,1,1,7,1,1,4
180496,1,1,36,1,1,11,20,9,0,0,1,0,2,0,1,998,71,225,0,0,2,2,1,2,1,1,12,1,13,96,58,30,8,2020,1,21,2,31,1,1,4,2,1,4
180497,1,1,75,2,1,11,3,20,0,0,1,0,1,0,1,998,64,125,0,0,1,3,1,2,1,11,15,0,7,96,38,2,9,2020,4,21,2,12,2,2,1,3,1,0
180502,1,1,28,1,1,11,98,98,8,0,1,1,2,0,1,998,76,285,0,0,1,4,1,2,1,1,81,0,7,96,0,5,9,2020,7,19,2,8,1,1,1,1,1,0
180503,1,1,21,1,1,11,99,20,0,0,1,0,1,0,1,998,72,215,0,0,1,2,2,2,1,1,50,0,13,96,58,22,8,2020,7,8,2,12,2,2,1,1,1,4
180504,1,1,49,1,1,11,20,9,9,0,1,0,2,0,1,998,70,175,0,0,1,2,1,2,1,1,10,0,13,96,28,27,8,2020,5,13,2,12,1,1,1,1,1,4
180505,1,1,17,2,1,11,3,20,0,0,1,0,2,0,1,998,56,94,0,0,1,5,2,2,1,1,83,0,13,92,0,5,9,2020,7,16,2,9,2,2,1,1,1,0
180506,1,1,33,1,1,11,3,20,0,0,4,0,2,2,1,998,75,220,0,0,1,2,1,2,1,1,17,0,11,96,41,23,8,2020,1,10,2,12,2,2,1,1,1,0
180507,1,1,998,8,1,11,99,99,8,0,1,1,9,99,1,998,999,999,99,0,4,3,1,2,1,1,80,0,999,96,0,2,9,2020,4,20,2,8,1,1,1,3,1,0
180508,1,1,35,2,1,11,20,9,9,0,1,0,1,0,1,998,69,195,0,0,1,2,1,2,1,1,10,0,13,96,28,6,9,2020,1,14,2,12,1,1,1,1,1,3
180510,1,1,28,1,1,11,20,20,0,0,1,0,2,0,1,998,73,179,0,5,1,2,1,2,2,14,13,1,13,96,58,11,9,2020,6,2,2,43,1,1,4,3,1,4
180511,1,1,21,1,1,11,3,20,0,0,1,0,1,0,1,998,71,165,1,0,1,2,1,2,1,1,83,0,60,96,0,9,9,2020,4,16,2,9,8,1,1,1,1,0
180514,1,1,66,1,1,11,3,20,0,0,2,0,3,2,1,998,69,165,0,0,4,1,1,2,1,13,80,0,11,96,0,12,9,2020,7,4,2,8,1,1,1,2,1,0
180515,1,1,30,1,1,11,20,20,1,0,1,0,2,0,1,998,70,140,0,5,1,2,1,2,1,1,98,0,80,96,39,8,9,2020,3,18,2,1,3,3,1,1,1,4
180518,1,1,18,1,1,11,3,20,1,0,2,0,2,0,1,998,65,140,1,0,5,5,1,2,1,1,83,0,13,92,0,12,9,2020,7,20,2,9,1,1,1,5,1,0
180520,1,1,62,2,1,11,99,20,0,0,1,0,1,0,1,998,61,170,0,0,1,2,1,2,1,14,13,0,13,96,0,24,8,2020,2,12,2,24,1,1,4,1,1,4
180521,1,1,64,1,1,11,20,20,1,0,1,0,2,0,1,998,64,175,0,5,1,2,1,2,1,14,13,1,94,96,0,13,9,2020,1,20,2,30,1,1,4,3,1,4
180526,1,1,999,9,1,11,99,99,9,0,99,1,9,99,1,998,999,999,99,9,1,2,1,2,1,1,80,0,999,99,0,6,9,2020,1,3,2,8,2,3,1,3,1,9
180529,1,1,21,1,1,11,20,20,1,0,1,0,1,0,1,998,70,145,0,5,5,5,1,2,1,1,71,0,80,96,0,29,8,2020,7,11,2,12,4,1,1,1,1,4
180530,1,1,21,1,1,11,20,20,0,0,1,0,1,0,1,998,72,210,0,0,1,2,2,2,1,14,6,0,80,96,58,2,9,2020,4,20,2,33,1,1,4,1,1,4
180534,1,1,29,1,1,11,20,9,1,0,1,0,1,0,1,998,69,130,1,0,5,3,1,2,1,1,17,1,13,96,39,18,9,2020,6,4,2,12,2,2,1,3,1,4
180537,1,1,22,1,1,11,3,20,0,0,1,0,1,0,1,998,67,145,2,0,5,5,1,2,1,1,80,0,13,96,0,19,9,2020,7,13,2,8,1,1,1,1,1,0
180538,1,1,998,8,1,11,99,9,9,0,99,1,9,0,1,998,999,999,99,9,1,2,1,2,2,1,80,0,13,96,0,2,9,2020,4,2,2,8,1,1,1,2,1,0
180540,1,1,21,2,1,11,99,20,0,0,4,0,2,0,1,998,62,160,0,0,5,5,1,2,1,1,80,1,13,96,0,13,9,2020,1,2,2,8,2,2,1,3,10,0
180542,1,1,23,2,1,11,20,20,1,0,1,0,2,0,1,998,71,165,0,0,1,2,2,2,1,1,65,0,82,96,0,21,9,2020,2,16,2,12,3,2,1,1,1,4
180543,1,1,63,1,1,11,3,20,9,0,2,0,1,0,1,998,68,250,0,0,6,1,1,1,1,1,13,0,5,96,0,19,9,2020,7,7,2,14,5,1,4,3,1,4
180545,1,1,77,2,1,11,99,9,9,0,1,0,1,0,1,998,999,999,0,0,3,3,1,2,1,6,6,0,13,96,58,6,9,2020,1,19,2,18,1,1,4,5,10,4
180546,1,1,70,1,1,11,99,9,9,0,1,0,1,0,1,998,69,290,0,4,1,2,1,2,1,14,6,0,13,96,0,24,9,2020,5,8,2,34,1,1,4,1,10,4
180547,1,1,46,1,1,11,8,9,0,0,1,0,1,0,1,998,76,260,0,5,5,3,1,2,1,11,15,1,7,0,39,13,9,2020,1,0,2,12,2,2,1,3,10,3
180551,1,1,65,1,1,11,20,20,1,0,1,0,1,0,1,998,65,150,0,0,1,2,1,2,1,14,13,1,7,96,0,9,9,2020,4,19,2,42,1,1,4,1,1,4
180558,1,1,42,1,1,11,8,9,0,0,1,0,1,0,1,998,74,225,1,5,2,3,1,2,1,1,52,0,60,96,26,21,9,2020,2,14,2,12,3,2,1,1,1,3
180559,1,1,24,1,1,11,20,20,0,0,1,0,2,0,1,998,999,999,99,0,1,3,1,2,1,1,17,0,80,96,0,21,9,2020,2,21,2,12,2,2,1,3,1,4
180560,1,1,28,1,1,11,3,9,0,0,1,0,1,0,1,998,72,240,0,0,2,3,1,2,1,1,50,0,60,96,26,26,9,2020,7,16,2,12,3,2,1,1,1,0
180561,1,1,44,1,1,11,20,20,9,0,1,0,2,0,1,998,68,180,0,5,1,2,1,2,1,15,10,0,8,0,28,26,9,2020,7,21,2,12,1,1,1,2,10,4
180566,1,1,36,1,1,11,3,20,0,0,1,0,3,1,1,998,71,220,0,0,4,2,1,2,1,1,17,0,11,98,91,29,9,2020,3,9,2,12,2,3,1,1,1,0
180568,1,1,26,2,1,11,20,20,1,0,1,0,2,0,1,998,64,250,0,5,5,5,1,2,1,1,50,1,13,96,37,1,10,2020,5,21,2,12,2,2,1,3,1,4
180569,1,1,40,1,1,11,8,9,9,0,1,0,2,0,1,998,71,155,0,0,1,2,2,2,2,1,10,0,13,96,28,3,10,2020,7,23,2,12,1,1,1,2,2,4
180571,1,1,43,2,1,11,99,20,9,0,1,0,1,0,1,998,67,235,0,5,1,4,2,2,1,1,10,0,13,96,28,3,10,2020,7,4,2,12,1,1,1,3,1,4
180576,1,1,43,1,1,11,3,20,0,0,1,0,3,4,1,998,71,180,0,0,5,5,1,2,1,1,83,0,60,96,0,21,9,2020,2,16,2,9,3,2,1,1,1,0
180578,1,1,41,1,1,11,20,20,1,0,1,0,1,0,1,998,999,999,99,0,2,2,1,2,1,1,12,1,7,5,0,6,10,2020,3,4,2,33,1,1,4,3,1,4
180582,1,1,45,1,1,11,20,20,0,0,1,0,1,0,1,998,76,270,0,0,4,3,1,2,1,1,17,0,98,96,39,13,9,2020,1,1,2,12,2,2,1,3,1,4
180585,1,1,20,2,1,11,99,20,0,0,4,0,3,20,1,998,67,250,0,0,1,2,1,2,1,1,10,0,62,96,28,6,10,2020,3,15,2,12,1,1,1,1,1,4
180586,1,1,40,2,1,11,2,20,1,0,3,0,1,0,1,998,67,145,0,0,2,3,1,2,1,11,15,0,3,96,39,7,10,2020,4,22,2,12,2,2,1,2,1,3
180587,1,1,29,1,1,11,8,9,0,0,1,0,1,0,1,998,72,200,1,5,1,2,1,2,1,14,6,1,60,96,8,6,10,2020,3,3,2,33,1,1,4,3,1,4
180588,1,1,998,8,1,11,99,99,8,0,1,1,9,99,1,998,999,999,99,0,5,5,2,2,1,1,80,0,999,96,0,13,9,2020,1,1,2,8,3,2,1,3,1,0
180589,1,1,61,1,1,11,99,9,9,0,1,0,3,6,1,998,67,230,0,0,3,3,1,2,1,1,13,0,66,96,0,30,9,2020,4,23,2,24,1,1,4,3,1,4
180590,1,1,44,1,1,11,20,9,0,0,1,0,1,0,1,998,72,250,0,0,3,4,2,1,1,1,13,0,13,96,0,30,9,2020,4,11,2,42,1,1,4,1,1,4
180592,1,1,23,1,1,11,3,20,0,0,1,0,3,1,1,998,68,300,1,5,1,2,1,2,1,1,51,0,11,92,0,7,10,2020,4,10,2,12,1,1,1,1,1,4
180593,1,1,19,1,1,11,3,20,0,0,1,0,1,0,1,998,68,152,0,5,1,2,1,2,1,1,9,0,3,0,58,6,10,2020,3,15,2,31,1,1,4,1,1,4
180594,1,1,28,2,1,11,2,20,0,0,1,0,1,0,1,998,69,190,0,0,5,5,1,2,1,11,80,0,60,96,38,28,9,2020,2,20,2,8,3,2,1,3,1,0
180596,1,1,72,1,1,11,3,9,0,0,1,0,1,0,1,998,67,181,0,0,3,3,1,1,1,1,10,0,2,96,27,31,8,2020,2,10,2,12,1,1,1,1,1,4
180599,1,1,75,1,1,11,3,20,0,0,1,0,1,0,1,998,68,170,0,0,1,2,1,2,1,11,15,0,60,96,38,13,9,2020,1,17,2,12,2,3,1,1,1,0
180602,1,1,24,2,1,11,20,9,1,0,2,0,5,0,1,998,60,120,0,5,1,4,1,2,1,1,13,0,13,96,37,13,10,2020,3,1,2,33,1,1,4,3,1,4
180603,1,1,998,1,1,11,20,9,9,0,1,0,2,0,1,998,72,160,0,5,1,2,1,2,1,14,12,0,60,96,58,15,10,2020,5,1,2,5,1,1,4,2,1,4
180606,1,1,62,1,1,11,20,20,9,0,1,0,1,0,1,70,72,220,1,3,3,5,1,2,1,1,50,0,81,96,0,8,10,2020,5,0,2,12,1,1,1,3,1,4
180607,1,1,31,1,1,11,20,20,0,0,1,0,2,0,1,998,67,215,0,0,5,5,1,2,1,1,62,0,125,96,0,8,9,2020,3,19,2,12,2,2,1,1,1,4
180608,1,1,51,1,1,11,20,20,1,0,1,0,2,0,1,998,69,175,0,0,1,2,1,2,1,1,17,1,12,96,0,19,9,2020,7,21,2,12,2,3,1,3,1,4
180612,1,1,25,1,1,11,99,20,9,0,1,1,2,0,1,998,64,120,0,0,1,4,1,2,1,1,83,0,7,96,91,8,10,2020,5,9,2,9,2,2,1,1,1,0
180613,1,1,48,1,1,11,99,20,1,0,1,0,1,0,1,998,73,180,0,5,1,4,1,2,1,1,12,1,13,96,58,2,10,2020,6,8,2,42,1,1,4,1,1,4
180622,1,1,26,1,1,11,8,9,8,0,1,0,1,0,1,998,66,190,1,0,5,5,2,2,1,1,52,1,3,96,8,17,10,2020,7,1,2,12,1,1,1,2,1,3
180623,1,1,35,1,1,11,99,20,9,0,1,0,2,0,1,998,71,160,0,0,1,2,1,2,1,1,10,0,3,96,0,12,10,2020,2,15,2,12,1,1,1,1,10,4
180626,1,1,18,1,1,11,3,20,0,0,2,0,1,0,1,998,71,180,0,0,4,2,3,2,1,1,17,0,3,96,50,17,10,2020,7,21,2,12,2,2,1,3,1,3
180630,1,1,998,8,1,11,98,98,8,0,1,1,9,99,1,998,999,999,99,0,1,2,1,2,1,1,80,0,999,96,0,14,10,2020,4,22,2,8,1,1,1,3,10,0
180635,1,1,66,1,1,11,3,20,0,0,3,0,2,0,1,998,72,142,0,0,5,5,1,2,2,11,15,0,2,96,38,23,10,2020,6,12,2,12,2,2,1,1,2,3
180637,1,1,29,2,1,11,20,20,1,0,5,0,1,0,1,998,65,110,0,0,1,4,1,2,1,1,80,1,13,0,0,30,9,2020,4,20,2,8,1,1,1,3,1,0
180639,1,1,52,1,1,11,20,20,0,0,1,0,1,0,1,998,65,160,0,5,2,2,1,2,1,1,66,0,80,96,0,6,10,2020,3,6,2,12,2,3,1,3,1,4
180640,1,1,34,1,1,11,99,20,9,0,1,0,1,0,1,998,71,145,0,0,1,2,1,2,1,1,10,0,13,96,28,22,10,2020,5,13,2,12,1,1,1,1,1,4
180641,1,1,19,1,1,11,20,20,1,0,1,0,2,0,1,998,69,170,0,5,1,2,1,2,1,15,54,0,13,96,35,25,10,2020,1,21,2,12,1,1,1,3,10,4
180642,1,1,52,1,1,11,20,9,9,0,1,0,1,0,1,998,74,185,2,5,3,2,2,2,1,14,13,0,7,96,8,13,9,2020,1,22,2,31,1,1,4,3,1,4
180646,1,1,999,9,1,11,99,98,9,0,99,1,9,99,1,998,999,999,99,9,1,4,1,2,1,99,83,0,999,0,999,19,10,2020,2,20,2,9,1,1,1,3,10,0
180651,1,1,54,1,1,11,20,20,1,0,1,0,1,0,1,998,75,306,0,0,1,2,1,2,1,1,17,0,7,96,38,26,10,2020,2,17,2,12,2,2,1,1,10,4
180659,1,1,33,2,1,11,20,9,9,0,1,0,2,0,1,998,64,152,0,0,1,2,1,2,1,1,13,0,3,0,0,31,10,2020,7,18,2,39,3,3,4,3,1,4
180660,1,1,59,1,1,11,3,20,0,0,1,0,1,0,1,998,68,180,0,0,1,4,1,2,1,1,83,0,13,96,0,3,11,2020,3,9,2,9,1,1,1,1,1,0
180663,1,1,39,1,1,11,20,20,0,0,2,0,1,0,1,998,69,270,0,0,1,2,2,2,1,1,54,1,60,96,35,31,10,2020,7,0,2,12,1,1,1,3,1,4
180664,1,1,25,1,1,11,8,9,0,0,2,0,2,0,1,998,68,195,1,0,1,4,2,2,1,1,80,1,2,0,0,24,10,2020,7,4,2,8,1,1,1,2,1,2