ST_CASE,VEH_NO,PER_NO,AGE,SEX,PER_TYP,SEAT_POS,REST_USE,AIR_BAG,DRUGS,LOCATION,NUMOCCS,HIT_RUN,OWNER,V_CONFIG,HAZ_INV,TRAV_SP,DR_HGT,DR_WGT,PREV_SPD,SPEEDREL,VTRAFWAY,VNUM_LAN,VPROFILE,VPAVETYP,VSURCOND,P_CRASH1,P_CRASH2,DR_DRINK,VPICBODYCLASS,DRDISTRACT,DRIVERRF,DAY,MONTH,YEAR,DAY_WEEK,HOUR,RUR_URB,HARM_EV,RELJCT2,TYP_INT,REL_ROAD,LGT_COND,WEATHER,INJ_SEV
190261,1,1,99,1,1,11,3,20,8,0,2,0,1,0,1,998,66,202,0,0,1,2,1,2,1,1,66,0,13,99,38,19,11,2020,5,15,2,12,2,2,1,1,1,4
190265,1,1,22,1,1,11,99,20,8,0,1,0,2,0,1,998,74,218,4,0,2,4,1,1,1,1,80,0,7,99,6,26,11,2020,5,21,2,8,3,2,1,3,1,0
190266,1,1,55,1,1,11,20,20,8,0,2,0,1,0,1,998,68,150,1,0,2,3,1,2,1,1,62,1,60,0,0,22,11,2020,1,17,2,12,2,2,1,5,1,2
190267,1,1,42,1,1,11,3,20,8,0,6,0,1,0,1,998,65,160,0,0,3,2,1,1,1,1,3,0,60,0,0,29,11,2020,1,13,2,35,1,1,4,1,10,0
190269,1,1,28,2,1,11,99,20,8,0,2,0,2,0,1,998,70,240,0,0,4,2,1,1,1,11,15,0,13,0,39,28,10,2020,4,12,2,12,2,7,1,1,1,0
190274,1,1,20,2,1,11,3,20,8,0,2,0,1,0,1,998,64,167,0,0,1,5,1,1,2,1,17,0,13,97,39,22,10,2020,5,15,2,12,2,2,1,1,2,2
190279,1,1,24,2,1,11,3,2,0,0,3,0,2,0,1,998,63,120,1,0,3,4,1,1,1,1,54,0,5,0,51,5,12,2020,7,0,2,12,1,1,1,2,1,4
190280,1,1,25,1,1,11,20,1,1,0,1,0,1,0,1,998,67,200,0,0,1,4,1,2,1,1,13,0,5,99,0,10,12,2020,5,6,2,35,1,1,4,3,1,4
190287,1,1,67,1,1,11,99,1,0,0,1,0,1,0,1,998,68,198,0,3,2,3,1,1,2,1,51,1,60,0,36,17,12,2020,5,20,2,12,2,2,1,3,5,0
190289,1,1,30,1,1,11,3,1,8,0,1,0,1,0,1,998,74,225,0,3,4,5,1,2,1,1,17,0,13,0,39,28,10,2020,4,6,2,12,2,2,1,4,1,2
190290,1,1,50,1,1,11,99,99,8,0,1,0,2,0,1,998,69,200,0,0,3,4,9,2,99,1,13,0,1,99,999,26,12,2020,7,0,2,35,1,1,4,6,99,4
190292,1,1,53,2,1,11,99,20,8,0,1,0,2,0,1,998,65,170,0,0,1,5,1,1,1,1,80,0,7,0,0,13,11,2020,6,17,2,8,3,2,1,3,1,1
190293,1,1,18,1,1,11,3,20,1,0,3,0,2,0,1,998,72,170,0,0,1,2,1,2,1,1,83,0,13,0,0,21,12,2020,2,22,2,9,1,1,1,3,1,0
190298,1,1,65,1,1,11,3,1,0,0,1,0,3,0,1,998,72,270,0,0,2,2,1,1,3,1,9,0,7,0,0,12,12,2020,7,5,2,33,3,3,4,3,4,4
190301,1,1,46,1,1,11,20,1,0,0,1,0,4,0,1,998,70,290,3,4,3,3,1,1,1,1,52,0,13,5,36,17,12,2020,5,16,2,12,1,1,1,2,10,4
200002,1,1,28,1,1,11,3,20,0,0,1,0,3,0,1,998,73,200,0,3,2,4,2,2,1,1,50,0,60,93,6,1,1,2020,4,18,2,12,4,1,1,3,98,0
200006,1,1,60,2,1,11,3,20,0,0,2,0,2,0,1,998,69,180,1,3,1,4,2,1,1,14,6,0,60,96,58,15,1,2020,4,0,2,30,1,1,4,3,98,4
200008,1,1,21,2,1,11,3,20,8,0,1,0,1,0,1,998,63,115,0,3,1,2,2,2,1,1,80,0,13,10,89,18,2,2020,3,7,2,8,3,3,1,1,98,0
200010,1,1,18,2,1,11,20,20,0,0,1,0,2,0,1,998,63,135,0,0,1,2,3,2,1,98,10,0,13,96,0,14,2,2020,6,1,2,12,1,1,1,2,98,4
200011,1,1,69,1,1,11,20,20,0,0,1,0,1,0,1,998,70,185,0,0,3,2,2,1,1,1,51,0,13,93,0,6,1,2020,2,18,2,12,1,1,1,3,98,4
200013,1,1,63,2,1,11,20,9,0,0,1,0,1,0,1,998,61,133,0,0,1,2,1,1,1,1,6,0,7,96,999,10,1,2020,6,0,2,33,1,1,4,3,98,4
200016,1,1,76,2,1,11,3,20,1,0,1,0,1,0,1,998,63,105,0,9,2,2,2,1,1,14,13,0,7,0,0,21,1,2020,3,14,2,31,1,1,4,1,98,4
200020,1,1,26,2,1,11,20,9,0,0,1,0,1,0,1,998,63,190,0,0,1,2,1,1,1,1,17,0,13,96,0,25,1,2020,7,4,2,12,2,2,1,3,1,4
200023,1,1,30,1,1,11,3,20,0,0,1,0,3,6,1,998,66,220,1,0,1,2,1,2,1,14,66,0,66,96,0,31,1,2020,6,8,2,12,2,2,1,1,98,0
200033,1,1,39,1,1,11,3,20,0,0,1,0,2,0,1,998,72,150,0,0,5,5,1,2,1,11,15,0,3,96,38,21,2,2020,6,19,2,12,2,2,1,3,98,0
200037,1,1,47,1,1,11,3,20,0,0,1,0,1,0,1,998,69,205,0,0,1,5,1,2,1,11,80,0,7,96,0,14,1,2020,3,15,2,8,3,2,1,1,1,0
200038,1,1,85,1,1,11,3,9,0,0,2,0,2,0,1,998,70,135,0,0,2,5,1,2,1,11,15,0,13,96,39,27,2,2020,5,10,2,12,2,2,1,1,10,4
200039,1,1,29,1,1,11,20,20,0,0,2,0,1,0,1,998,70,243,0,3,1,2,2,2,1,14,6,1,13,96,0,5,3,2020,5,14,2,12,1,1,1,1,6,4
200042,1,1,65,1,1,11,3,20,8,0,1,0,3,2,1,998,69,245,0,0,2,2,1,2,10,1,80,0,11,96,0,24,1,2020,6,4,2,8,1,1,1,2,1,0
200044,1,1,39,1,1,11,3,20,0,0,1,0,3,6,1,0,67,145,1,0,3,4,3,2,1,7,3,0,66,96,0,15,2,2020,7,5,2,12,1,1,1,3,98,0
200049,1,1,24,1,1,11,20,20,0,0,4,0,2,0,1,998,67,180,0,3,2,4,1,1,1,1,17,1,15,96,39,16,2,2020,1,1,2,12,2,7,1,3,98,4
200051,1,1,999,1,1,11,20,9,0,0,99,1,1,0,1,998,999,999,99,9,3,4,1,1,1,99,50,0,7,93,0,12,1,2020,1,18,2,12,1,1,1,3,98,9
200052,1,1,45,1,1,11,20,20,0,0,1,0,2,0,1,998,69,200,0,3,1,5,1,2,1,2,62,0,81,96,0,28,2,2020,6,20,2,43,1,1,4,3,98,4
200055,1,1,17,1,1,11,3,1,0,0,1,0,2,0,1,50,66,120,0,3,2,5,6,1,1,1,62,0,13,96,36,28,2,2020,6,15,2,12,2,3,1,1,1,1
200058,1,1,36,2,1,11,3,9,0,0,2,0,2,0,1,998,64,115,0,0,3,2,1,2,1,1,50,1,7,96,0,1,3,2020,1,2,2,12,1,1,1,2,98,1
200062,1,1,22,2,1,11,3,20,0,0,1,0,1,0,1,998,61,110,0,0,1,5,1,1,1,1,80,1,13,96,0,11,3,2020,4,21,2,8,3,2,1,3,98,0
200065,1,1,46,2,1,11,3,20,0,0,1,0,1,0,1,998,67,120,1,9,1,2,1,2,1,14,12,0,7,99,999,19,2,2020,4,13,2,42,1,1,4,1,98,4
200068,1,1,31,1,1,11,3,20,0,0,1,0,2,0,1,998,75,200,0,0,3,3,1,2,1,99,11,0,7,99,0,20,3,2020,6,14,2,31,1,1,4,1,98,4
200070,1,1,29,2,1,11,3,20,1,0,1,0,1,0,1,998,59,120,0,0,1,2,1,2,1,6,80,1,3,5,51,1,4,2020,4,21,2,8,1,1,2,3,98,0
200072,1,1,77,1,1,11,3,20,0,0,2,0,3,21,1,998,72,185,0,0,1,2,1,2,1,11,66,0,73,96,38,11,3,2020,4,16,2,12,2,3,1,1,98,0
200078,1,1,33,1,1,11,20,9,1,0,2,0,1,0,1,998,67,370,1,3,1,2,1,2,1,1,14,1,60,93,39,29,3,2020,1,21,2,33,3,3,4,3,98,4
200079,1,1,62,1,1,11,20,20,0,0,1,0,1,0,1,998,999,999,99,3,6,2,2,1,98,14,12,0,81,96,0,31,3,2020,3,16,2,25,5,1,4,1,98,4
200080,1,1,78,2,1,11,3,9,0,0,1,0,1,0,1,998,61,135,0,0,1,3,2,2,1,11,15,0,13,0,38,12,3,2020,5,13,2,12,2,3,1,1,98,4
200082,1,1,52,2,1,11,20,20,8,0,1,0,1,0,1,998,63,130,0,0,1,2,2,2,1,1,54,0,2,96,0,27,3,2020,6,14,2,12,1,1,1,1,98,4
200089,1,1,67,2,1,11,3,20,0,0,1,0,1,0,1,998,65,145,0,0,1,3,2,2,1,1,80,0,13,96,0,31,3,2020,3,11,2,8,3,2,1,1,98,0
200090,1,1,79,1,1,11,3,20,0,0,1,0,1,0,1,998,72,215,0,4,3,4,1,1,2,14,12,0,13,93,0,15,3,2020,1,7,2,24,1,1,3,1,2,4
200091,1,1,61,1,1,11,20,20,0,0,1,0,1,0,1,998,64,178,1,3,1,5,1,1,1,14,6,0,98,96,0,20,3,2020,6,12,2,12,3,2,1,1,98,4
200092,1,1,83,1,1,11,3,20,0,0,1,0,1,0,1,998,71,167,0,0,2,2,1,2,1,1,13,0,7,96,36,25,3,2020,4,18,2,30,19,1,4,1,99,4
200096,1,1,35,1,1,11,20,20,0,0,1,0,5,0,1,90,69,235,0,3,1,2,1,1,1,6,80,0,80,96,0,1,3,2020,1,13,2,8,8,1,1,1,98,3
200098,1,1,999,9,9,99,99,99,8,0,99,1,9,99,1,998,998,997,998,8,3,4,1,2,1,0,80,0,999,16,0,26,3,2020,5,0,2,8,18,1,1,3,98,9
200100,1,1,20,1,1,11,3,20,0,0,1,0,1,0,1,998,69,176,0,0,3,2,1,2,1,1,80,0,13,96,0,13,3,2020,6,7,2,8,1,1,1,3,98,0
200107,1,1,55,1,1,11,20,20,0,0,2,0,2,0,1,998,68,165,0,4,1,2,1,2,1,14,13,1,60,99,999,20,5,2020,4,20,2,31,1,1,4,1,98,4
200108,1,1,66,2,1,11,3,1,0,0,1,0,1,0,1,998,61,150,0,0,1,2,1,2,1,1,17,0,7,93,39,3,5,2020,1,15,2,12,2,2,1,1,98,0
200111,1,1,23,1,1,11,3,20,0,0,1,0,1,0,1,998,67,240,0,0,2,2,2,2,1,1,80,0,60,96,0,26,4,2020,1,23,2,8,1,1,1,2,98,0
200112,1,1,26,2,1,11,20,20,0,0,1,0,0,0,1,998,66,140,0,3,1,4,1,1,1,1,6,1,80,96,36,4,6,2020,5,22,2,33,1,1,4,3,98,4
200115,1,1,52,1,1,11,20,20,0,0,2,0,1,0,1,998,70,235,1,0,2,4,1,2,1,1,52,0,81,12,0,2,5,2020,7,14,2,12,3,2,1,1,98,4
200116,1,1,43,1,1,11,3,9,1,0,1,0,2,0,1,998,69,175,0,0,1,2,1,1,1,1,17,1,13,96,39,29,4,2020,4,4,2,12,2,2,1,3,98,1
200118,1,1,38,1,1,11,3,20,0,0,3,0,1,0,1,998,999,999,0,0,2,4,1,2,1,6,51,0,60,96,27,5,6,2020,6,23,2,12,18,1,1,3,98,3
200123,1,1,37,1,1,11,20,20,0,0,1,0,1,0,1,998,71,200,0,3,1,2,1,1,1,14,10,1,98,93,36,18,4,2020,7,21,2,33,1,1,4,3,98,4
200133,1,1,46,2,1,11,20,9,0,0,1,0,2,0,1,998,71,160,1,3,1,2,2,2,1,1,6,0,7,96,0,9,5,2020,7,7,2,24,1,1,4,1,98,4
200134,1,1,41,1,1,11,20,20,0,0,1,0,2,0,1,998,64,190,0,4,1,2,2,2,1,99,6,0,60,96,58,20,5,2020,4,23,2,43,1,1,4,3,98,4
200135,1,1,61,2,1,11,20,9,0,0,1,0,1,0,1,998,69,185,0,0,1,2,1,2,1,1,54,0,7,96,999,6,6,2020,7,20,2,12,1,1,1,5,1,4
200138,1,1,54,1,1,11,20,20,0,0,2,0,1,6,1,998,67,200,0,0,2,4,6,2,2,14,10,0,66,96,0,7,5,2020,5,21,2,33,1,1,4,3,2,4
200142,1,1,70,2,1,11,3,20,0,0,1,0,1,0,1,998,59,187,0,0,1,2,1,2,1,1,17,0,7,93,39,13,6,2020,7,20,2,12,2,2,1,1,98,0
200145,1,1,24,2,1,11,3,8,0,0,2,0,2,0,1,998,66,145,0,0,2,2,1,2,1,12,53,0,7,93,48,18,6,2020,5,11,2,12,2,2,1,1,98,3
200147,1,1,21,1,1,11,20,20,0,0,1,0,1,0,1,998,65,178,0,4,1,4,1,2,1,1,17,0,6,96,0,27,5,2020,4,20,2,12,2,2,1,1,98,4
200154,1,1,25,2,1,11,3,9,0,0,99,1,2,0,1,998,65,170,0,0,1,4,1,1,1,1,17,0,7,96,39,14,6,2020,1,0,2,12,2,2,1,3,98,9
200156,1,1,18,1,1,11,99,20,0,0,3,0,2,0,1,998,72,205,0,0,1,2,1,1,1,98,53,0,13,96,36,27,6,2020,7,14,2,12,1,1,1,1,98,3
200158,1,1,53,1,1,11,3,20,0,0,1,0,1,0,1,998,69,160,0,0,5,5,2,1,1,1,54,0,60,96,0,22,6,2020,2,5,2,12,1,1,1,4,98,0
200160,1,1,50,2,1,11,3,20,0,0,1,0,1,0,1,998,63,280,0,0,3,3,2,1,1,1,80,0,7,96,0,3,7,2020,6,3,2,8,1,1,1,2,1,0
200161,1,1,57,2,1,11,3,9,0,0,1,0,1,0,1,998,65,175,0,4,1,4,1,2,1,1,13,0,13,96,0,18,6,2020,5,18,2,30,1,1,4,1,98,4
200164,1,1,54,1,1,11,20,20,0,0,1,0,1,0,1,998,75,225,0,0,1,2,2,2,1,14,9,0,82,96,58,11,7,2020,7,20,2,33,1,1,4,1,98,4
200169,1,1,19,1,1,11,20,20,0,0,1,0,2,0,1,998,77,200,0,0,6,1,2,1,1,14,13,0,13,96,999,19,7,2020,1,2,2,1,5,1,5,2,98,4
200173,1,1,22,1,1,11,3,9,0,0,1,0,1,0,1,998,74,220,0,3,2,2,1,2,1,14,6,1,13,96,58,15,7,2020,4,21,2,17,1,1,3,3,98,4
200174,1,1,52,1,1,11,99,20,8,0,1,0,2,0,1,998,74,200,0,0,1,2,2,2,1,1,12,0,7,96,0,21,7,2020,3,21,2,30,1,1,4,3,98,4
200179,1,1,27,1,1,11,20,20,0,0,1,0,1,0,1,998,72,200,0,0,1,4,1,2,1,1,54,0,80,96,0,4,7,2020,7,22,2,12,4,1,1,3,98,4
200181,1,1,999,9,1,11,99,20,8,0,7,0,2,0,1,998,999,999,99,0,1,2,1,2,1,14,54,0,13,96,0,18,6,2020,5,18,2,12,1,1,1,1,98,9
200182,1,1,41,1,1,11,20,20,0,0,1,0,1,0,1,998,66,222,0,3,2,6,1,2,1,1,50,1,94,93,36,12,7,2020,1,0,2,12,2,2,1,3,98,4
200184,1,1,22,1,1,11,20,9,0,0,2,0,0,0,1,998,73,210,0,0,5,5,1,2,1,1,6,0,13,96,51,9,7,2020,5,19,2,33,1,1,4,1,1,4
200185,1,1,22,2,1,11,3,9,0,0,3,0,1,0,1,70,68,160,0,0,2,4,1,1,1,1,67,0,7,96,0,2,8,2020,1,13,2,12,7,1,1,1,98,2
200188,1,1,21,1,1,11,3,9,0,0,1,0,2,0,1,998,67,176,4,0,1,2,1,2,1,1,50,1,60,96,0,25,6,2020,5,15,2,12,8,1,1,1,98,4
200189,1,1,35,1,1,11,20,20,0,0,1,0,1,0,1,998,999,999,99,4,5,5,1,2,1,14,6,0,98,96,0,24,7,2020,6,22,2,33,1,1,4,3,98,4
200190,1,1,39,1,1,11,3,20,0,0,1,0,3,6,1,998,74,275,0,0,1,4,1,2,1,1,67,0,66,96,0,6,8,2020,5,7,2,12,2,3,1,1,98,0
200191,1,1,42,1,1,11,3,20,0,0,1,0,3,0,1,998,71,190,1,0,1,2,1,2,1,11,80,0,60,15,0,29,7,2020,4,10,2,8,3,2,1,1,98,0
200201,1,1,85,1,1,11,3,9,0,0,2,0,1,0,1,998,68,218,0,0,1,4,1,2,1,11,15,0,2,96,0,18,6,2020,5,21,2,12,2,3,1,3,98,2
200202,1,1,53,1,1,11,20,20,0,0,2,0,2,0,1,998,69,225,0,0,1,2,1,1,1,1,1,0,82,96,0,6,6,2020,7,21,2,1,1,1,1,3,1,2
200205,1,1,23,1,1,11,99,20,0,0,1,0,1,0,1,998,68,147,0,0,3,4,1,1,1,15,9,0,13,96,999,13,8,2020,5,13,2,20,5,1,4,1,98,4
200207,1,1,33,1,1,11,20,20,0,0,1,0,2,0,1,998,67,150,0,3,1,2,1,2,1,14,6,0,82,96,0,5,6,2020,6,19,2,33,1,1,4,1,98,4
200211,1,1,999,1,1,11,99,20,0,0,99,1,1,0,1,998,72,200,2,0,1,4,1,1,1,14,10,0,60,96,0,20,7,2020,2,7,2,12,1,1,1,1,98,9
200214,1,1,51,1,1,11,3,20,0,0,1,0,1,0,1,998,68,165,0,0,2,2,3,1,1,15,61,0,60,96,0,21,8,2020,6,17,2,12,18,1,1,1,98,0
200215,1,1,41,1,1,11,3,20,0,0,1,0,3,1,1,998,70,185,0,0,2,4,1,2,1,1,12,0,11,96,999,26,8,2020,4,7,2,39,1,1,4,1,98,4
200219,1,1,55,1,1,11,3,20,0,0,1,0,1,0,1,998,68,150,0,0,2,2,1,2,1,1,99,0,60,96,0,2,8,2020,1,21,2,12,1,1,1,2,98,2
200220,1,1,49,1,1,11,3,20,0,0,1,0,1,0,1,998,70,220,0,0,3,6,1,1,1,14,80,0,3,96,0,3,7,2020,6,22,2,8,18,1,1,3,1,0
200222,1,1,42,1,1,11,20,20,0,0,1,0,1,0,1,998,70,175,1,0,1,2,1,2,1,14,12,0,94,96,0,2,8,2020,1,23,2,33,1,1,4,3,98,4
200233,1,1,29,1,1,11,20,20,0,0,1,0,2,0,1,998,72,195,0,0,3,2,2,2,1,14,9,1,80,93,0,7,9,2020,2,1,2,1,1,1,4,3,98,4
200235,1,1,83,2,1,11,3,8,0,0,1,0,1,0,1,998,65,240,0,0,6,1,1,1,1,11,15,0,13,96,48,7,8,2020,6,11,2,12,5,1,1,1,10,4
200238,1,1,41,1,1,11,3,20,1,0,1,0,1,0,1,998,72,210,1,0,5,3,2,2,1,14,10,0,60,12,50,2,8,2020,1,16,2,12,1,1,1,1,98,2
200240,1,1,43,1,1,11,20,20,0,0,1,0,1,0,1,998,71,180,0,0,3,3,1,1,1,1,52,0,81,96,0,17,9,2020,5,13,2,1,18,1,1,1,98,4
200249,1,1,43,1,1,11,20,20,0,0,1,0,1,0,1,998,999,999,99,0,1,2,1,2,1,1,10,0,13,96,0,14,9,2020,2,9,2,42,1,1,4,1,98,4
200251,1,1,35,2,1,11,3,20,0,0,1,0,1,0,1,998,66,145,1,0,2,4,1,2,1,1,83,0,7,96,0,28,8,2020,6,6,2,9,1,1,1,4,98,0
200252,1,1,26,1,1,11,20,20,0,0,1,0,1,0,1,998,999,999,99,3,1,2,2,2,1,1,50,0,80,96,6,6,8,2020,5,16,2,1,3,3,1,1,98,4
200254,1,1,17,2,1,11,20,20,0,0,2,0,2,0,1,998,63,144,0,0,1,4,1,2,1,1,17,0,7,96,39,12,9,2020,7,20,2,12,2,2,1,3,98,0
200255,1,1,32,2,1,11,3,8,0,0,1,0,1,0,1,998,61,120,0,0,2,2,1,2,1,1,17,1,7,96,39,4,7,2020,7,0,2,12,2,2,1,3,1,2
200256,1,1,28,1,1,11,3,9,0,0,1,0,1,0,1,998,72,165,0,5,1,4,1,2,1,1,8,0,13,96,36,16,8,2020,1,19,2,43,1,1,4,1,1,3
200258,1,1,999,9,1,11,99,20,0,0,99,1,9,99,1,998,999,999,99,4,1,2,1,2,1,1,80,0,999,96,0,2,9,2020,4,20,2,8,1,1,1,3,98,9
200260,1,1,80,1,1,11,3,20,0,0,1,0,1,0,1,998,61,105,0,0,1,4,2,2,1,1,50,0,13,96,26,19,6,2020,6,10,2,12,3,2,1,1,98,4
200261,1,1,28,1,1,11,20,20,0,0,1,0,1,0,1,998,74,165,3,4,3,4,1,1,1,6,6,0,94,96,74,27,8,2020,5,17,2,1,1,1,4,1,98,4
200262,1,1,52,1,1,11,20,20,0,0,1,0,1,0,1,998,72,210,0,3,1,2,1,2,1,1,13,0,94,96,0,31,8,2020,2,1,2,33,1,1,4,3,98,4
200264,1,1,33,1,1,11,20,8,0,0,2,0,2,0,1,998,66,215,0,4,3,2,1,1,1,1,10,0,13,96,0,19,9,2020,7,2,2,33,1,1,3,3,98,4
200267,1,1,58,1,1,11,99,20,0,0,99,1,2,0,1,998,67,165,0,0,1,2,2,1,1,1,13,0,13,93,74,4,5,2020,2,7,2,42,1,1,4,1,98,9
200268,1,1,25,1,1,11,20,20,0,0,1,0,1,0,1,998,71,195,0,0,1,2,1,1,1,1,54,0,5,96,51,25,8,2020,3,20,2,12,1,1,1,2,98,2
200271,1,1,82,1,1,11,3,20,0,0,1,0,1,0,1,998,72,215,0,0,1,2,1,2,1,1,80,0,7,96,0,21,9,2020,2,16,2,14,3,3,4,1,98,2
200273,1,1,33,2,1,11,20,20,0,0,1,0,1,0,1,998,59,160,0,0,2,2,1,1,2,1,6,0,7,96,0,25,10,2020,1,99,2,1,19,1,3,1,12,4
200277,1,1,86,2,1,11,3,20,0,0,1,0,1,0,1,998,67,180,0,0,1,4,1,2,1,1,66,0,13,93,38,17,10,2020,7,19,2,12,2,2,1,2,98,4
200278,1,1,22,1,1,11,20,9,0,0,1,0,1,0,1,998,69,195,0,0,1,4,1,1,1,14,9,0,13,96,58,8,8,2020,7,1,2,30,1,1,4,3,98,4
200282,1,1,17,1,1,11,20,9,0,0,1,0,2,0,1,998,67,114,0,3,1,4,1,1,1,1,66,0,60,96,36,29,8,2020,7,15,2,12,2,2,1,1,98,3
200283,1,1,79,1,1,11,99,20,0,0,1,0,1,0,1,998,71,200,0,0,2,4,2,1,1,1,63,0,13,96,39,20,10,2020,3,9,2,12,2,2,1,1,98,4
200286,1,1,23,2,1,11,20,20,0,0,1,0,2,0,1,998,65,180,0,0,1,2,2,2,1,14,13,1,7,96,0,14,10,2020,4,0,2,33,1,1,4,3,98,4
200288,1,1,25,1,1,11,20,20,0,0,1,0,1,0,1,998,64,130,0,3,1,4,1,2,1,1,67,0,6,96,36,24,9,2020,5,19,2,12,2,3,1,5,98,4
200290,1,1,54,1,1,11,99,20,0,0,2,0,2,0,1,998,68,170,0,0,1,2,1,2,1,1,62,1,2,96,0,5,9,2020,7,2,2,12,1,1,1,2,98,3
200292,1,1,61,1,1,11,20,20,0,0,1,0,1,0,1,998,73,243,0,0,2,4,1,2,1,1,50,0,94,96,36,1,8,2020,7,22,2,33,3,2,4,3,1,4
200293,1,1,77,1,1,11,3,20,0,0,1,0,1,0,1,998,68,155,0,0,1,2,1,2,1,11,67,0,7,96,38,24,8,2020,2,18,2,12,2,3,1,5,1,2
200296,1,1,52,1,1,11,20,20,0,0,1,0,1,0,1,998,73,325,0,0,1,2,1,2,1,1,54,0,60,96,51,2,11,2020,2,8,2,12,1,1,1,1,1,4
200298,1,1,52,2,1,11,3,20,0,0,2,0,1,0,1,998,62,95,0,0,2,2,1,1,1,1,17,0,2,96,0,19,8,2020,4,16,2,12,2,2,1,1,98,4
200299,1,1,26,1,1,11,3,20,0,0,1,0,1,0,1,998,71,180,0,0,1,2,2,2,1,10,80,0,60,93,38,1,10,2020,5,8,2,8,3,2,1,1,98,0
200302,2,1,42,2,1,11,3,20,0,0,1,0,3,1,1,998,66,200,0,0,1,2,2,2,1,2,98,0,74,96,96,9,11,2020,2,11,2,8,4,1,1,1,98,0
200303,1,1,51,1,1,11,3,20,0,0,1,0,1,0,1,998,66,140,0,0,1,4,1,2,1,11,54,1,7,96,38,4,9,2020,6,19,2,12,2,2,1,5,98,0
200304,1,1,56,1,1,11,20,20,0,0,1,0,1,0,1,998,67,145,0,0,1,2,1,2,1,1,62,0,81,96,0,5,11,2020,5,16,2,12,2,3,1,1,98,4
200306,1,1,23,1,1,11,3,20,0,0,1,0,2,0,1,998,66,125,0,0,2,2,2,1,1,1,59,0,7,96,0,4,9,2020,6,22,2,12,1,1,1,2,1,2
200307,1,1,19,2,1,11,3,9,0,0,1,0,1,0,1,998,62,115,1,0,1,2,1,2,1,1,17,0,7,96,39,27,8,2020,5,13,2,12,2,2,1,1,98,1
200312,1,1,57,1,1,11,20,20,0,0,1,0,1,0,1,998,72,200,0,3,1,2,2,2,1,1,12,0,13,96,58,1,11,2020,1,1,2,53,1,1,4,2,98,4
200314,1,1,43,1,1,11,3,20,1,0,1,0,1,0,1,998,67,192,1,0,3,2,1,2,1,14,6,0,13,96,0,6,11,2020,6,17,2,25,19,1,3,3,1,4
200315,1,1,43,2,1,11,3,20,0,0,4,0,1,0,1,998,70,200,0,0,1,2,1,1,1,11,66,0,7,96,38,12,9,2020,7,21,2,12,2,2,1,2,98,0
200317,1,1,46,1,1,11,20,20,0,0,2,0,1,0,1,998,69,191,0,3,2,2,1,1,1,1,66,0,81,96,0,26,9,2020,7,15,2,12,2,3,1,1,98,4
200332,1,1,31,1,1,11,3,20,0,0,1,0,1,0,1,998,73,215,1,0,1,4,1,1,1,1,80,0,13,96,0,16,11,2020,2,18,2,8,2,2,1,3,1,0
200333,1,1,72,2,1,11,20,9,0,0,1,0,1,0,1,998,67,170,0,0,1,2,1,2,1,14,12,0,8,96,0,4,9,2020,6,17,2,43,1,1,4,1,98,4
200336,1,1,24,1,1,11,99,20,0,0,1,0,3,6,1,998,69,220,0,0,2,4,1,1,1,1,11,0,66,96,0,9,12,2020,4,4,2,23,19,1,4,2,98,4
200337,1,1,999,9,1,11,99,20,0,0,99,1,9,0,1,999,999,999,99,9,2,4,1,2,2,1,80,0,11,99,999,29,7,2020,4,22,2,8,2,2,1,3,2,9
200340,1,1,27,2,1,11,3,20,0,0,2,0,1,0,1,998,64,110,0,0,1,2,1,2,1,1,80,0,7,96,999,15,11,2020,1,17,2,8,1,1,1,3,98,0
200342,1,1,19,2,1,11,3,20,0,0,1,0,1,0,1,998,63,115,0,0,1,2,1,2,1,1,80,0,5,10,0,2,8,2020,1,5,2,8,1,1,1,4,98,0
200348,1,1,69,1,1,11,20,20,0,0,1,0,1,0,1,998,77,225,0,0,1,2,1,2,1,1,87,0,94,12,0,3,10,2020,7,19,2,11,3,2,1,3,98,4
200349,1,1,38,1,1,11,20,9,1,0,2,0,1,0,1,998,69,160,4,4,5,5,1,2,2,1,6,0,13,96,87,28,10,2020,4,11,2,44,3,2,1,1,98,3
200350,1,1,57,1,1,11,99,20,0,0,99,1,1,0,1,998,69,195,1,0,1,2,1,1,1,1,80,1,60,99,0,3,11,2020,3,18,2,8,8,1,1,2,1,0
200352,1,1,29,1,1,11,3,20,1,0,2,0,2,0,1,998,82,280,0,3,6,1,1,1,1,11,6,0,60,96,39,19,11,2020,5,1,2,33,3,3,4,3,98,2
200354,1,1,36,1,1,11,20,9,0,0,1,0,2,0,1,998,68,150,0,3,1,5,1,2,1,1,62,0,13,96,36,1,12,2020,3,6,2,12,2,2,1,3,98,4
200357,1,1,29,1,1,11,20,20,0,0,1,0,2,0,1,998,66,250,0,3,2,2,1,2,1,14,6,0,80,96,0,13,7,2020,2,21,2,33,1,1,4,3,1,4