ST_CASE,VEH_NO,PER_NO,AGE,SEX,PER_TYP,SEAT_POS,REST_USE,AIR_BAG,DRUGS,LOCATION,NUMOCCS,HIT_RUN,OWNER,V_CONFIG,HAZ_INV,TRAV_SP,DR_HGT,DR_WGT,PREV_SPD,SPEEDREL,VTRAFWAY,VNUM_LAN,VPROFILE,VPAVETYP,VSURCOND,P_CRASH1,P_CRASH2,DR_DRINK,VPICBODYCLASS,DRDISTRACT,DRIVERRF,DAY,MONTH,YEAR,DAY_WEEK,HOUR,RUR_URB,HARM_EV,RELJCT2,TYP_INT,REL_ROAD,LGT_COND,WEATHER,INJ_SEV
220042,1,1,27,1,1,11,20,9,1,0,1,0,2,0,1,999,76,140,0,9,2,2,1,2,2,1,13,0,13,12,37,20,2,2020,5,22,2,42,1,1,4,2,10,4
220043,1,1,54,2,1,11,3,20,0,0,1,0,1,0,1,35,64,185,0,0,1,2,1,2,1,1,18,0,7,0,0,5,3,2020,5,19,2,8,1,1,1,3,1,1
220044,1,1,20,1,1,11,20,20,9,0,3,0,2,0,1,999,999,999,99,9,1,2,1,1,1,14,13,1,60,0,6,6,3,2020,6,16,2,23,1,1,4,1,1,2
220045,1,1,73,1,1,11,20,20,9,0,3,0,1,0,1,45,73,246,0,9,2,2,1,1,1,1,18,0,7,0,0,12,3,2020,5,19,2,9,1,1,1,3,1,0
220046,1,1,58,1,1,11,20,20,9,0,1,0,1,0,1,45,75,234,0,0,1,2,1,2,2,1,11,1,69,0,0,14,3,2020,7,2,2,35,1,1,4,2,10,4
220047,1,1,24,2,1,11,20,99,9,0,2,0,1,0,1,998,66,190,0,9,2,2,2,1,1,14,13,0,3,0,0,15,3,2020,1,23,2,42,1,1,4,3,1,4
220048,1,1,40,1,1,11,20,20,9,0,1,0,1,0,1,999,71,230,0,9,1,2,1,2,1,14,12,1,82,0,0,13,3,2020,6,1,2,53,3,4,4,2,1,4
220052,1,1,26,1,1,11,3,9,9,0,1,0,1,0,1,998,71,200,0,0,2,2,1,1,1,12,5,0,60,99,28,4,1,2020,7,13,2,12,2,98,1,1,1,1
220053,1,1,23,1,1,11,99,9,0,0,1,0,1,0,1,999,999,999,3,9,1,3,1,1,1,1,17,1,95,99,39,8,1,2020,4,2,2,12,2,2,1,3,1,2
220055,1,1,34,2,1,11,3,20,0,0,2,0,1,0,1,999,64,130,0,0,3,8,1,2,1,1,17,0,60,93,38,19,1,2020,1,19,2,12,2,2,1,3,1,1
220056,1,1,29,1,1,11,20,20,9,0,1,0,0,0,1,999,70,160,0,9,1,2,1,2,1,1,13,0,69,99,0,11,1,2020,7,13,2,32,3,2,4,1,1,4
220057,1,1,44,1,1,11,20,1,1,0,6,0,2,0,1,70,68,220,0,0,3,3,5,2,1,1,50,1,15,0,91,17,1,2020,6,21,2,12,2,2,1,2,1,2
220060,1,1,38,1,1,11,3,1,0,0,2,0,2,0,1,58,999,999,0,3,1,2,1,2,1,1,50,1,13,0,91,18,2,2020,3,16,2,12,3,3,1,1,1,1
220062,1,1,32,1,1,11,3,1,1,0,1,0,2,0,1,42,76,205,0,0,1,2,1,2,1,14,10,0,13,0,51,28,1,2020,3,3,2,12,1,1,1,2,1,4
220065,1,1,45,1,1,11,3,20,9,0,2,0,2,0,1,52,74,218,0,0,2,2,2,2,1,1,80,0,13,0,0,9,2,2020,1,20,2,8,1,1,1,2,1,0
220068,1,1,67,1,1,11,3,9,0,0,1,0,1,0,1,998,66,132,0,2,2,2,1,2,1,1,60,1,1,99,36,25,1,2020,7,17,2,12,1,1,1,1,1,1
220069,1,1,53,1,1,11,20,1,9,0,1,0,1,0,1,999,69,190,0,9,1,2,1,1,2,1,17,0,7,98,0,14,1,2020,3,11,2,12,2,2,1,1,1,4
220070,1,1,45,2,1,11,3,9,9,0,1,0,1,0,1,999,62,160,0,3,3,2,1,1,1,15,11,0,7,99,27,30,1,2020,5,12,2,12,1,1,1,1,1,2
220072,1,1,57,1,1,11,20,1,9,0,1,0,1,0,1,55,71,240,0,0,2,2,1,2,1,1,50,0,60,0,0,1,1,2020,4,6,2,12,1,1,1,4,1,4
220073,1,1,68,1,1,11,3,20,0,0,1,0,1,0,1,5,70,210,1,0,2,2,1,2,2,1,55,0,13,0,38,3,1,2020,6,11,2,12,2,2,1,1,2,4
220083,1,1,33,1,1,11,20,20,9,0,1,0,1,0,1,60,69,215,0,3,1,2,1,2,1,1,62,0,80,0,6,6,3,2020,6,6,2,12,4,1,1,4,1,4
220086,1,1,36,1,1,11,3,20,0,0,1,0,1,0,1,45,999,999,0,0,5,3,1,2,2,1,80,1,3,6,6,11,2,2020,3,0,2,8,2,2,1,3,10,0
220087,1,1,72,2,1,11,3,9,0,0,1,0,1,0,1,10,63,180,0,0,1,2,8,1,1,11,15,0,13,99,39,29,2,2020,7,13,2,12,2,3,1,1,1,4
220088,1,1,19,2,1,11,3,20,9,0,2,0,2,0,1,999,60,118,0,0,0,0,0,0,0,11,15,0,13,93,39,16,2,2020,1,15,2,12,8,1,1,1,10,4
220096,1,1,51,1,1,11,20,20,9,0,1,0,1,0,1,5,73,170,1,0,2,2,1,2,1,1,51,0,80,0,34,18,3,2020,4,13,2,12,2,2,1,1,1,4
220098,1,1,19,2,1,11,20,9,9,0,1,0,2,0,1,60,64,112,1,3,2,2,1,2,1,1,13,0,13,15,28,20,3,2020,6,0,2,32,1,1,4,2,1,4
220099,1,1,53,2,1,11,3,1,9,0,1,0,2,0,1,70,59,130,0,0,3,2,1,1,1,1,51,0,7,93,6,20,3,2020,6,12,2,12,1,1,1,1,1,4
220101,1,1,44,1,1,11,20,8,9,0,1,0,2,0,1,80,66,165,0,3,3,2,1,2,2,1,13,0,7,12,0,22,3,2020,1,3,2,25,1,1,4,2,10,4
220102,1,1,47,1,1,11,20,20,9,0,1,0,2,0,1,25,72,170,0,0,6,2,1,2,2,14,10,0,13,0,0,22,3,2020,1,2,2,25,5,1,4,2,10,4
220107,1,1,54,1,1,11,3,20,9,0,1,1,2,0,1,999,999,999,1,9,3,2,1,1,1,1,80,0,60,0,0,29,3,2020,1,7,2,8,1,1,1,1,1,0
220108,1,1,999,9,1,11,99,98,9,0,1,1,9,99,1,999,999,999,99,9,6,1,2,2,1,99,99,0,999,0,999,30,3,2020,2,14,2,8,5,1,1,1,1,0
220109,1,1,17,1,1,11,99,20,9,0,1,1,2,0,1,999,69,165,0,9,1,2,1,2,2,99,19,0,60,99,0,30,3,2020,2,21,2,8,1,1,1,2,2,0
220111,1,1,28,1,1,11,20,20,9,0,1,0,9,0,1,999,64,112,0,0,6,2,2,1,1,14,12,0,80,0,0,8,2,2020,7,19,2,52,5,1,4,2,1,4
220114,1,1,34,1,1,11,20,9,9,0,2,0,4,0,1,999,83,140,0,9,2,2,1,2,1,1,10,1,1,0,0,25,2,2020,3,4,2,33,1,1,3,3,1,2
220116,1,1,20,2,1,11,20,99,9,0,2,0,1,0,1,90,63,130,4,3,2,2,1,2,1,14,12,0,3,3,8,28,3,2020,7,11,2,30,1,1,4,1,1,4
220118,1,1,24,2,1,11,3,20,9,0,1,0,1,0,1,50,66,130,0,0,2,4,1,2,1,1,80,0,13,0,0,2,4,2020,5,20,2,8,1,1,1,2,1,0
220120,1,1,42,2,1,11,3,20,0,0,1,0,2,0,1,55,64,224,1,0,2,2,1,2,1,1,80,1,13,0,0,4,4,2020,7,5,2,8,1,1,1,2,1,0
220123,1,1,68,1,1,11,20,20,9,0,1,0,2,0,1,32,66,174,0,0,2,2,1,2,1,1,12,0,7,99,6,6,4,2020,2,5,2,30,1,1,4,3,1,4
220124,1,1,80,1,1,11,20,20,0,0,1,0,3,0,1,999,77,230,0,0,2,2,1,2,1,1,12,0,60,0,0,10,4,2020,6,7,2,33,3,3,4,1,1,4
220125,1,1,26,1,1,11,20,9,9,0,1,0,1,0,1,999,72,150,99,5,3,3,1,1,1,1,51,0,13,0,999,2,1,2020,5,19,2,12,1,1,1,3,1,4
220127,1,1,18,1,1,11,20,1,9,0,3,0,5,0,1,999,74,165,0,3,2,2,1,1,1,1,10,0,7,0,37,6,1,2020,2,3,2,42,3,2,4,3,1,4
220128,1,1,30,1,1,11,20,99,9,0,2,0,2,0,1,55,62,145,0,0,1,2,1,2,2,1,13,1,60,99,6,4,4,2020,7,23,2,42,1,1,4,2,2,4
220129,1,1,54,1,1,11,3,20,9,0,1,0,1,0,1,55,74,290,1,0,1,2,1,2,1,1,80,1,60,0,0,6,4,2020,2,0,2,8,1,1,1,2,1,0
220131,1,1,57,1,1,11,3,20,0,0,1,0,1,0,1,998,70,190,0,0,1,2,1,2,1,1,80,0,7,0,0,10,4,2020,6,21,2,8,1,1,1,3,1,0
220134,1,1,30,2,1,11,99,20,9,0,1,1,1,0,1,999,66,126,0,9,3,2,1,1,1,1,82,0,13,0,0,11,4,2020,7,6,2,8,1,1,1,2,1,0
220135,1,1,57,1,1,11,3,20,9,0,2,0,2,0,1,68,72,190,0,3,1,2,1,2,1,1,13,0,13,0,0,13,4,2020,2,19,2,42,1,1,4,1,1,4
220136,1,1,35,1,1,11,3,20,0,0,6,0,2,0,1,45,75,200,0,0,2,2,1,2,1,1,80,1,13,0,91,16,4,2020,5,22,2,8,1,1,1,3,1,0
220137,1,1,49,1,1,11,3,20,0,0,1,0,1,0,1,60,72,200,0,0,2,2,1,2,1,1,80,0,5,0,0,17,4,2020,6,5,2,8,1,1,1,2,1,0
220139,1,1,20,1,1,11,20,20,9,0,1,0,1,0,1,55,67,140,1,0,1,2,1,2,2,14,13,1,80,99,0,18,4,2020,7,21,2,34,1,1,4,2,10,4
220141,1,1,59,1,1,11,20,20,9,0,1,0,1,0,1,999,70,125,0,9,1,2,1,2,1,1,13,0,5,0,6,22,4,2020,4,22,2,31,1,1,4,2,1,4
220143,1,1,75,1,1,11,20,20,0,0,1,0,1,0,1,60,78,270,0,0,2,4,1,2,1,1,52,0,81,0,0,14,2,2020,6,11,2,12,2,2,1,1,1,4
220144,1,1,20,1,1,11,20,1,9,0,2,0,1,0,1,150,75,180,1,3,3,2,1,2,1,1,1,0,3,0,0,13,3,2020,6,16,2,42,1,1,4,1,1,4
220145,1,1,52,1,1,11,20,20,9,0,1,0,2,0,1,999,74,165,0,9,2,2,1,1,1,1,17,0,80,0,0,19,3,2020,5,17,2,12,2,2,1,1,1,4
220146,1,1,42,1,1,11,20,1,1,0,1,0,2,0,1,998,65,145,0,9,2,2,1,2,1,1,10,1,13,0,6,24,3,2020,3,21,2,12,1,1,1,3,1,4
220149,1,1,49,1,1,11,3,20,9,0,1,0,1,0,1,60,72,165,0,0,2,2,1,1,1,1,80,0,8,0,0,6,4,2020,2,5,2,8,1,1,1,2,1,0
220150,1,1,71,2,1,11,3,9,0,0,1,0,1,0,1,70,65,140,0,0,3,3,1,2,1,1,11,0,13,0,6,3,1,2020,6,20,2,14,1,1,2,2,1,4
220151,1,1,42,1,1,11,3,20,1,0,1,0,1,0,1,45,72,195,0,0,3,2,1,2,1,1,52,0,60,6,6,8,4,2020,4,17,2,12,3,2,1,1,1,0
220153,1,1,28,2,1,11,3,9,9,0,2,0,3,0,1,999,62,130,0,0,3,2,1,8,1,1,11,0,13,96,6,3,3,2020,3,2,2,18,1,1,4,3,5,4
220154,1,1,62,1,1,11,3,20,9,0,1,0,1,0,1,999,69,220,0,9,2,2,1,2,1,1,80,0,60,99,0,15,4,2020,4,5,2,8,2,2,1,3,1,0
220155,1,1,33,2,1,11,3,20,9,0,1,0,1,0,1,999,66,210,0,9,6,2,2,1,1,99,12,0,13,0,0,20,4,2020,2,18,2,42,5,1,3,1,1,4
220159,1,1,59,1,1,11,20,9,9,0,1,0,2,0,1,60,73,160,0,3,2,2,1,2,1,1,6,0,13,99,37,2,5,2020,7,20,2,19,3,2,4,3,1,4
220160,1,1,56,1,1,11,20,20,9,0,1,0,1,0,1,999,69,200,1,9,2,2,1,1,1,14,12,1,60,0,0,3,5,2020,1,21,2,34,1,1,4,2,1,4
220163,1,1,22,1,1,11,20,20,9,0,1,0,1,0,1,999,75,175,0,0,6,1,1,2,1,1,9,0,80,0,36,7,5,2020,5,18,2,33,5,1,4,1,1,4
220165,1,1,74,1,1,11,3,20,9,0,2,0,1,0,1,999,69,200,0,9,3,2,1,2,1,1,13,0,7,0,0,7,5,2020,5,21,2,26,3,2,4,1,1,1
220167,1,1,64,1,1,11,3,9,0,0,1,0,2,0,1,999,73,245,0,0,2,2,1,1,1,1,13,0,60,99,6,16,3,2020,2,14,2,14,1,1,2,1,10,4
220170,1,1,28,1,1,11,3,20,0,0,1,0,1,0,1,70,73,160,4,0,2,2,1,1,2,1,52,0,60,93,91,17,3,2020,3,16,2,14,1,1,2,1,1,0
220171,1,1,31,2,1,11,20,1,1,0,1,0,2,0,1,114,67,140,0,3,3,2,1,2,2,15,51,1,13,0,91,21,3,2020,7,5,2,12,1,1,1,2,2,1
220172,1,1,37,1,1,11,20,20,1,0,1,0,1,0,1,999,70,180,2,4,1,2,1,1,1,3,72,0,80,99,6,23,3,2020,2,18,2,12,8,1,1,5,1,4
220173,1,1,30,1,1,11,3,9,9,0,1,0,1,0,1,998,69,185,0,9,3,2,1,1,1,1,13,0,7,0,0,26,5,2020,3,6,2,31,1,1,4,1,1,4
220174,1,1,999,9,1,11,98,98,9,0,99,1,5,0,1,999,999,999,99,9,1,4,1,1,1,1,83,0,13,99,999,16,3,2020,2,20,2,9,2,3,1,3,1,9
220175,1,1,66,2,1,11,99,99,8,0,1,0,1,0,1,998,62,256,0,0,2,3,1,2,1,15,11,0,60,0,6,16,3,2020,2,5,2,12,1,1,1,3,1,0
220182,1,1,39,2,1,11,20,1,9,0,2,0,2,0,1,999,61,96,0,9,2,2,1,2,1,1,12,0,60,0,0,20,5,2020,4,12,2,42,1,1,4,1,10,4
220183,1,1,47,1,1,11,3,20,0,0,1,1,2,0,1,55,999,999,99,0,2,2,1,2,1,1,80,1,60,0,91,28,3,2020,7,20,2,8,1,1,1,3,1,0
220184,1,1,39,2,1,11,3,20,9,0,2,0,1,0,1,999,70,210,0,9,1,2,1,2,1,1,80,0,7,0,0,21,5,2020,5,8,2,8,1,1,1,1,1,0
220185,1,1,54,1,1,11,20,1,9,0,1,0,1,0,1,998,73,250,1,9,2,2,1,2,1,1,13,1,60,0,0,22,5,2020,6,4,2,38,1,1,4,2,1,4
220186,1,1,29,1,1,11,20,9,9,0,2,0,1,0,1,998,66,190,0,9,1,2,1,2,2,14,13,1,60,99,6,24,5,2020,1,21,2,1,1,1,4,2,10,4
220188,1,1,24,1,1,11,20,99,9,0,1,0,2,0,1,998,73,210,0,9,1,2,1,1,1,1,13,1,7,0,6,28,5,2020,5,13,2,19,1,1,4,1,10,4
220190,1,1,20,1,1,11,3,20,0,0,1,0,2,0,1,999,72,181,1,0,1,2,1,8,1,1,17,0,7,93,39,15,2,2020,7,17,2,12,2,2,1,5,1,0
220191,1,1,32,1,1,11,99,20,9,0,4,0,2,0,1,999,69,165,0,4,4,2,1,1,1,1,17,0,60,12,39,21,2,2020,6,23,2,12,2,2,1,3,1,3
220192,1,1,19,1,1,11,3,20,9,0,4,0,2,0,1,80,70,165,0,3,3,2,1,1,1,1,10,0,13,92,0,29,5,2020,6,10,2,12,1,1,1,1,1,0
220195,1,1,30,1,1,11,20,20,9,0,1,0,2,0,1,999,68,140,0,5,2,4,1,1,1,1,62,0,80,99,999,31,3,2020,3,18,2,12,2,2,1,1,1,4
220196,1,1,17,1,1,11,99,9,1,0,4,0,2,0,1,50,999,999,99,5,1,2,2,2,1,1,98,0,13,12,39,5,4,2020,1,17,2,8,3,3,1,1,1,2
220198,1,1,28,1,1,11,20,9,9,0,3,0,1,0,1,998,73,150,0,9,2,2,1,2,1,1,12,1,13,0,0,25,3,2020,4,21,2,42,1,1,4,3,1,4
220199,1,1,30,1,1,11,3,20,0,0,1,0,1,0,1,998,69,185,2,0,2,2,1,2,1,1,80,0,7,0,0,10,4,2020,6,22,2,8,1,1,1,3,1,0
220200,1,1,37,1,1,11,3,2,0,0,1,1,3,6,1,52,71,260,0,0,1,3,1,2,1,1,51,0,66,98,0,24,4,2020,6,4,2,8,2,3,1,2,1,0
220201,1,1,28,1,1,11,20,9,9,0,1,0,3,0,1,999,66,140,0,0,2,2,1,1,1,1,10,0,13,99,28,1,4,2020,4,14,2,12,1,1,1,1,1,4
220203,1,1,43,1,1,11,3,2,9,0,1,0,2,0,1,55,72,292,0,0,1,2,1,2,1,14,10,1,7,99,0,25,4,2020,7,21,2,12,1,1,1,3,1,4
220205,1,1,999,9,1,11,99,99,9,0,99,1,9,99,1,999,999,999,99,9,1,4,1,2,1,1,80,0,999,99,999,18,1,2020,7,0,2,8,1,1,1,3,10,9
220206,1,1,42,1,1,11,20,20,1,0,1,0,1,0,1,100,69,180,1,3,1,2,1,2,1,14,54,1,13,0,34,5,5,2020,3,22,2,31,1,1,4,2,1,4
220208,1,1,18,1,1,11,20,9,0,0,4,0,2,0,1,998,68,240,0,3,2,2,1,2,1,1,17,1,13,0,39,8,2,2020,7,23,2,12,2,2,1,3,10,1
220211,1,1,20,1,1,11,20,20,9,0,1,0,1,0,1,65,71,143,0,3,1,2,1,2,1,1,54,1,98,0,0,12,5,2020,3,23,2,12,2,3,1,3,1,4
220212,1,1,38,2,1,11,20,9,9,0,1,0,1,0,1,55,69,190,0,0,1,2,1,2,2,15,10,0,60,0,0,14,5,2020,5,16,2,12,1,1,4,1,2,4
220213,1,1,74,1,1,11,3,20,0,0,2,0,1,0,1,55,68,210,0,0,1,2,1,2,1,1,83,0,60,0,0,21,5,2020,5,13,2,9,1,1,1,1,1,0
220215,1,1,45,1,1,11,20,20,9,0,1,0,1,0,1,998,70,230,0,3,3,2,1,1,1,14,10,0,94,0,6,6,6,2020,7,15,2,33,1,1,3,1,1,4
220216,1,1,52,1,1,11,99,9,9,0,1,0,2,0,1,998,69,160,0,0,2,3,1,2,1,11,15,1,13,93,38,10,1,2020,6,12,2,12,2,2,1,1,10,1
220219,1,1,18,1,1,11,3,3,0,0,1,0,1,0,1,54,72,245,0,9,5,6,1,2,2,1,6,0,7,6,87,12,4,2020,1,20,2,12,2,3,1,2,2,1
220222,1,1,24,1,1,11,1,1,9,0,1,0,2,0,1,999,62,165,0,9,1,2,1,2,1,1,83,1,13,0,6,5,6,2020,6,2,2,9,1,1,1,3,1,2
220223,1,1,27,1,1,11,3,1,9,0,1,0,2,0,1,999,75,165,0,9,3,2,1,1,1,1,54,1,7,0,6,11,6,2020,5,1,2,12,2,2,1,3,1,0
220226,1,1,24,1,1,11,3,20,0,0,1,0,3,1,1,998,65,120,0,0,3,2,1,2,1,2,53,0,60,0,84,22,4,2020,4,18,2,12,1,1,1,1,1,0
220228,1,1,61,1,1,11,99,20,9,0,1,0,1,0,1,999,71,232,0,0,2,8,1,1,1,1,12,0,60,99,6,10,6,2020,4,13,2,8,1,1,3,1,1,1
220229,1,1,27,2,1,11,3,9,9,0,1,0,4,0,1,70,999,999,99,4,1,2,3,2,1,14,8,0,7,12,85,13,5,2020,4,20,2,12,1,1,1,1,1,1
220230,2,1,28,1,1,11,20,20,9,0,1,0,2,0,1,61,999,999,99,3,5,5,1,2,1,1,50,1,94,99,999,20,5,2020,4,22,2,1,8,1,1,3,1,4
220232,1,1,52,2,1,11,20,8,1,0,1,0,1,0,1,60,64,186,0,0,3,2,1,2,1,15,11,1,7,99,28,21,5,2020,5,1,2,14,1,1,2,3,1,4
220233,1,1,34,2,1,11,3,9,0,0,2,0,2,0,1,10,68,165,1,0,2,3,1,2,1,1,17,0,13,93,39,25,5,2020,2,17,2,12,2,2,1,1,1,2
220234,1,1,55,1,1,11,3,2,0,0,1,0,1,0,1,10,68,170,0,0,1,2,1,2,1,11,15,0,60,99,38,28,5,2020,5,7,2,12,2,3,1,1,1,4
220236,1,1,24,2,1,11,20,20,9,0,1,0,1,0,1,999,68,140,0,0,2,8,1,1,1,1,52,0,7,99,26,23,4,2020,5,19,2,12,5,1,1,3,1,4
220238,1,1,28,1,1,11,3,9,0,0,1,0,3,0,1,81,75,180,0,3,1,2,1,2,1,3,50,0,7,0,16,20,5,2020,4,2,2,12,1,1,1,2,1,1
220239,1,1,75,2,1,11,3,9,0,0,3,0,1,0,1,60,67,135,0,3,1,2,1,2,1,1,13,0,7,0,0,3,6,2020,4,15,2,14,1,1,5,1,1,4
220240,1,1,36,2,1,11,20,9,0,0,1,0,1,0,1,77,68,250,0,3,3,2,1,2,1,1,10,0,13,0,0,10,4,2020,6,6,2,12,2,2,1,1,1,4
220241,1,1,39,1,1,11,20,20,0,0,2,0,1,0,1,998,72,265,0,0,6,2,1,1,2,1,80,0,7,0,0,19,4,2020,1,21,2,8,5,1,1,3,10,0
220242,1,1,29,2,1,11,3,20,0,0,1,0,1,0,1,55,66,150,0,0,2,2,1,2,2,1,80,0,13,0,0,20,4,2020,2,0,2,8,1,1,1,2,1,0
220245,1,1,17,1,1,11,3,1,0,0,3,0,2,0,1,65,73,130,0,0,2,2,1,2,2,1,12,0,7,0,0,25,5,2020,2,13,2,24,1,1,4,1,1,4
220246,1,1,18,1,1,11,3,1,9,0,1,0,2,0,1,45,67,140,0,0,1,2,1,2,1,1,13,0,60,0,0,28,5,2020,5,15,2,42,1,1,4,1,1,4
220249,1,1,35,1,1,11,20,8,9,0,1,0,1,0,1,50,71,173,0,0,1,2,2,1,2,1,10,1,5,0,0,26,5,2020,3,0,2,12,1,1,1,2,10,4
220250,1,1,16,1,1,11,3,9,0,0,2,0,3,0,1,55,72,290,0,0,1,2,1,2,1,14,10,0,7,93,28,4,6,2020,5,17,2,12,1,1,1,1,1,0
220253,1,1,30,1,1,11,3,20,0,0,1,0,3,1,1,999,65,150,0,9,2,2,1,2,1,1,83,0,111,0,0,30,4,2020,5,19,2,9,2,2,1,1,10,0
220254,1,1,39,1,1,11,3,20,1,0,1,0,1,0,1,60,74,185,0,3,3,2,1,2,1,1,11,0,1,0,0,13,5,2020,4,14,2,33,3,2,4,1,1,4
220256,1,1,48,1,1,11,99,20,1,0,3,0,2,0,1,999,70,185,0,5,2,3,1,1,1,15,51,0,60,99,36,5,6,2020,6,12,2,33,3,2,3,1,1,4
220259,1,1,63,1,1,11,3,20,0,0,1,0,1,0,1,7,68,215,0,0,2,2,1,2,1,1,80,0,60,0,0,22,5,2020,6,20,2,8,1,1,1,5,1,0
220260,1,1,999,9,1,11,99,20,9,0,99,1,9,99,1,999,999,999,99,9,1,2,1,2,1,99,99,0,999,0,0,29,5,2020,6,23,2,8,1,1,1,3,1,0
220261,1,1,27,2,1,11,99,9,9,0,3,0,1,0,1,998,60,169,0,4,1,8,1,1,1,14,6,0,7,99,6,31,5,2020,1,2,2,93,1,1,4,3,1,2
220262,1,1,78,1,1,11,1,20,0,0,1,0,1,0,1,20,68,185,0,0,2,2,1,2,1,1,13,0,60,0,0,1,6,2020,2,16,2,42,1,1,4,1,1,4
220263,1,1,40,1,1,11,20,9,9,0,1,0,2,0,1,80,70,170,3,3,1,2,1,2,1,14,12,0,60,0,6,11,6,2020,5,3,2,1,1,1,4,2,1,4
220264,1,1,43,2,1,11,3,20,9,0,1,0,1,0,1,45,61,185,1,0,2,2,1,1,1,1,80,0,7,0,0,14,6,2020,1,0,2,8,1,1,1,2,1,0
220266,1,1,86,1,1,11,3,9,0,0,2,0,1,0,1,35,70,150,0,0,2,3,1,2,2,15,50,0,13,93,28,10,6,2020,4,7,2,12,7,1,1,1,2,4
220271,1,1,23,2,1,11,20,9,9,0,1,0,2,0,1,999,68,160,0,9,6,2,2,1,1,14,12,0,5,99,0,28,4,2020,3,16,2,24,5,1,4,1,1,4
220272,1,1,39,2,1,11,3,9,9,0,1,0,1,0,1,999,63,130,0,9,6,1,2,1,2,14,13,0,13,0,999,8,6,2020,2,15,2,23,5,1,4,1,1,4
220273,1,1,54,1,1,11,20,20,0,0,1,0,1,0,1,33,78,300,0,0,2,2,1,2,1,1,80,0,60,0,0,18,6,2020,5,0,2,8,3,4,1,3,1,0
220275,1,1,62,1,1,11,20,20,9,0,1,0,1,0,1,999,71,210,0,0,3,3,3,1,1,99,51,1,94,96,999,17,2,2020,2,18,2,12,18,1,1,1,1,4
220276,1,1,25,1,1,11,3,20,1,0,1,0,1,0,1,998,70,165,1,0,3,2,1,2,1,1,80,1,60,0,0,19,6,2020,6,17,2,8,3,2,1,1,1,0
220277,1,1,24,1,1,11,3,20,9,0,1,0,1,0,1,999,69,180,0,0,1,2,1,1,1,1,80,0,8,0,0,20,6,2020,7,3,2,8,1,1,1,2,1,0
220280,1,1,999,9,1,11,99,20,9,0,1,1,9,99,1,999,999,999,99,9,2,2,1,2,1,99,99,0,999,0,0,28,6,2020,1,0,2,8,1,1,1,3,1,0
220282,1,1,29,1,1,11,20,20,9,0,1,0,1,0,1,999,69,220,1,9,1,2,1,2,1,1,13,1,60,0,0,2,7,2020,5,4,2,33,1,1,4,3,1,4
220284,1,1,88,2,1,11,3,1,9,0,1,0,1,0,1,35,61,137,0,0,2,2,1,1,2,14,13,0,15,0,0,3,7,2020,6,11,2,33,8,1,4,1,2,4
220285,1,1,34,2,1,11,20,20,9,0,1,0,1,0,1,65,63,145,0,0,3,2,1,2,1,1,13,0,13,0,0,6,7,2020,2,21,2,53,8,1,4,2,1,4
220290,1,1,53,1,1,11,3,9,0,0,1,0,2,0,1,999,70,260,0,0,1,2,1,2,1,1,10,0,13,99,28,12,4,2020,1,14,2,12,1,1,1,1,10,4
220291,1,1,43,1,1,11,3,9,1,0,1,0,1,0,1,999,70,180,0,5,1,2,1,2,1,1,13,0,13,99,58,26,5,2020,3,8,2,12,1,1,1,1,1,4
220292,1,1,38,1,1,11,20,1,9,0,1,0,1,0,1,50,70,140,0,0,1,2,1,2,1,1,10,1,13,0,51,10,5,2020,1,21,2,12,1,1,1,2,1,2
220294,1,1,43,1,1,11,3,20,0,0,1,0,1,0,1,66,70,160,2,3,1,2,1,2,1,1,11,1,7,0,0,14,6,2020,1,18,2,30,1,1,4,1,1,4
220299,1,1,49,1,1,11,3,20,9,0,1,0,1,0,1,40,72,305,0,0,2,4,1,1,1,1,80,0,7,0,0,25,1,2020,7,20,2,8,1,1,1,3,10,1
220302,1,1,70,1,1,11,3,9,9,0,3,0,3,0,1,999,67,150,0,9,1,2,1,2,2,1,17,0,13,0,6,14,3,2020,7,12,2,12,2,2,1,1,10,2
220304,1,1,90,1,1,11,1,1,9,0,1,0,1,0,1,35,69,195,0,0,3,2,1,1,1,1,83,0,7,0,0,1,5,2020,6,13,2,9,1,1,1,1,1,2
220306,1,1,38,1,1,11,20,20,9,0,1,0,1,0,1,999,76,230,0,9,6,2,1,2,1,14,12,0,80,0,0,19,7,2020,1,16,2,24,5,1,4,1,1,4
220307,1,1,80,1,1,11,3,20,9,0,1,0,1,0,1,60,73,212,0,0,3,2,1,2,1,1,13,0,13,0,6,26,3,2020,5,17,2,31,1,1,4,1,1,4
220308,1,1,20,1,1,11,99,20,9,0,1,0,2,0,1,999,72,280,1,0,1,2,1,1,1,11,15,0,60,0,38,27,3,2020,6,15,2,12,2,3,1,1,1,0
220310,1,1,999,9,1,11,99,20,9,0,1,1,9,99,1,999,999,999,99,9,3,2,1,1,1,99,99,0,999,96,0,1,5,2020,6,20,2,8,1,1,1,3,1,0
220312,1,1,27,2,1,11,20,1,9,0,1,0,1,0,1,57,59,125,1,0,1,2,1,2,1,14,11,1,13,0,0,9,5,2020,7,15,2,12,1,1,1,1,1,4
220313,1,1,19,1,1,11,20,9,9,0,6,0,2,0,1,101,71,150,0,3,1,2,1,2,1,14,10,0,13,12,37,11,5,2020,2,1,2,35,1,1,4,2,1,4
220315,1,1,19,1,1,11,3,1,0,0,1,0,1,0,1,69,68,135,0,4,3,2,1,2,2,1,10,0,60,0,6,26,5,2020,3,13,2,12,1,1,1,1,2,0