ST_CASE,VEH_NO,PER_NO,AGE,SEX,PER_TYP,SEAT_POS,REST_USE,AIR_BAG,DRUGS,LOCATION,NUMOCCS,HIT_RUN,OWNER,V_CONFIG,HAZ_INV,TRAV_SP,DR_HGT,DR_WGT,PREV_SPD,SPEEDREL,VTRAFWAY,VNUM_LAN,VPROFILE,VPAVETYP,VSURCOND,P_CRASH1,P_CRASH2,DR_DRINK,VPICBODYCLASS,DRDISTRACT,DRIVERRF,DAY,MONTH,YEAR,DAY_WEEK,HOUR,RUR_URB,HARM_EV,RELJCT2,TYP_INT,REL_ROAD,LGT_COND,WEATHER,INJ_SEV
220316,1,1,92,1,1,11,3,9,9,0,1,0,1,0,1,12,70,232,0,0,1,2,1,2,1,2,17,0,60,0,38,27,5,2020,4,16,2,12,2,2,1,1,1,4
220317,1,1,35,1,1,11,3,9,1,0,3,0,1,0,1,78,67,158,0,3,3,2,1,1,1,1,11,1,7,0,6,27,5,2020,4,18,2,42,1,1,4,1,1,2
220325,1,1,36,2,1,11,3,20,0,0,2,0,1,0,1,54,56,160,0,0,2,2,1,2,1,1,83,0,7,0,0,4,7,2020,7,21,2,9,1,1,1,2,1,0
220327,1,1,53,1,1,11,3,20,1,0,1,0,1,0,1,10,67,160,0,0,2,2,1,1,1,1,17,0,60,0,0,6,7,2020,2,17,2,12,2,2,1,1,10,4
220329,1,1,37,1,1,11,20,20,0,0,1,0,1,0,1,999,71,165,0,9,4,2,1,1,1,1,17,0,997,0,0,13,7,2020,2,12,2,12,2,2,1,1,1,4
220330,1,1,22,2,1,11,20,20,9,0,1,0,1,0,1,999,62,121,0,9,2,2,1,1,1,1,17,1,13,99,39,18,7,2020,7,2,2,12,2,2,1,2,1,4
220331,1,1,22,1,1,11,20,20,9,0,1,0,9,0,1,998,76,210,1,0,1,2,1,2,1,1,17,0,69,99,39,25,5,2020,2,20,2,12,2,2,1,1,1,4
220333,1,1,999,9,1,11,99,20,9,0,1,1,9,99,1,999,999,999,99,9,1,2,1,1,1,99,99,0,999,0,999,21,7,2020,3,21,2,8,1,1,1,3,10,0
220334,1,1,19,1,1,11,20,20,0,0,1,0,9,99,1,999,66,193,0,9,2,2,1,1,1,99,10,0,999,0,0,24,7,2020,6,13,2,12,1,1,1,1,1,4
220335,1,1,41,2,1,11,3,20,0,0,1,0,3,0,1,999,64,999,2,0,2,2,1,1,1,11,15,0,7,93,47,29,5,2020,6,16,2,12,2,2,1,1,1,0
220337,1,1,85,1,1,11,20,1,9,0,1,0,1,0,1,999,71,183,0,9,2,2,1,1,1,11,15,0,60,0,38,27,7,2020,2,16,2,12,2,2,1,1,1,4
220338,1,1,56,1,1,11,3,9,0,0,1,0,1,0,1,999,71,230,1,3,2,2,1,1,1,1,12,1,60,99,0,17,1,2020,6,21,2,46,3,3,3,2,1,4
220339,1,1,998,2,1,11,98,20,0,0,1,1,2,99,1,999,999,999,99,9,2,3,1,2,1,1,17,0,999,99,6,9,1,2020,5,19,2,9,2,2,1,3,1,0
220342,1,1,19,1,1,11,3,1,1,0,1,0,2,0,1,115,70,151,0,3,2,2,1,1,1,1,13,1,7,0,6,13,6,2020,7,1,2,34,1,1,4,3,1,4
220346,1,1,64,1,1,11,20,20,9,0,1,0,1,0,1,55,64,105,0,0,2,2,1,2,1,1,10,0,3,0,0,27,6,2020,7,18,2,12,1,1,1,1,1,4
220349,1,1,46,1,1,11,3,20,0,0,1,0,3,6,1,998,72,195,0,0,3,2,1,1,1,1,52,0,66,96,6,11,6,2020,5,9,2,12,1,1,1,1,1,1
220353,1,1,18,1,1,11,3,20,0,0,1,0,1,0,1,998,66,115,0,9,1,2,1,2,1,1,17,0,13,0,38,28,7,2020,3,22,2,12,2,2,1,3,1,0
220354,1,1,30,1,1,11,20,20,9,0,1,0,1,0,1,999,72,183,0,9,3,2,1,1,1,14,51,1,80,0,6,31,7,2020,6,19,2,12,1,1,1,1,1,4
220355,1,1,46,1,1,11,20,9,9,0,1,0,1,0,1,81,72,165,0,3,5,5,1,2,1,1,10,0,60,99,28,27,6,2020,7,12,2,12,1,1,1,1,1,4
220357,1,1,34,1,1,11,99,20,9,0,3,0,1,0,1,998,69,180,0,0,5,5,1,1,1,1,10,1,13,99,28,11,7,2020,7,14,2,12,1,1,1,1,1,2
220358,1,1,50,1,1,11,3,9,9,0,1,0,2,0,1,998,71,180,0,0,2,3,1,2,1,11,15,1,7,99,38,17,7,2020,6,11,2,12,2,2,1,1,1,4
220360,1,1,46,2,1,11,3,8,0,0,3,0,2,0,1,84,65,155,0,3,3,2,1,2,1,1,99,0,13,99,999,25,4,2020,7,8,2,12,1,1,1,1,1,4
220365,1,1,52,1,1,11,20,9,1,0,1,0,1,0,1,55,68,164,0,0,2,2,1,2,1,1,12,1,7,0,6,19,6,2020,6,23,2,35,1,1,4,2,1,4
220366,1,1,27,2,1,11,3,20,1,0,1,0,3,1,1,50,64,246,0,0,2,2,1,2,1,1,52,0,11,93,36,23,6,2020,3,7,2,12,3,3,1,1,1,1
220372,1,1,49,1,1,11,3,9,9,0,2,0,2,0,1,55,71,250,0,0,1,2,1,2,1,1,10,1,13,93,0,2,8,2020,1,8,2,42,1,1,4,1,1,4
220373,1,1,45,2,1,11,20,20,9,0,1,0,1,0,1,999,62,121,1,9,2,2,1,1,1,1,17,0,13,0,0,23,7,2020,5,12,2,12,2,2,1,1,1,1
220374,1,1,21,1,1,11,20,20,9,0,1,0,1,0,1,999,73,170,0,9,4,2,1,2,1,14,13,0,80,0,6,28,6,2020,1,16,2,43,1,1,4,1,1,4
220375,1,1,63,1,1,11,20,2,9,0,1,1,1,0,1,999,71,210,0,9,1,2,1,1,1,1,17,0,60,0,0,24,7,2020,6,22,2,12,2,2,1,3,1,0
220377,1,1,62,1,1,11,3,20,0,0,1,0,3,0,1,50,70,210,2,0,1,2,1,2,2,1,80,0,60,0,0,28,7,2020,3,3,2,8,1,1,1,2,10,0
220378,1,1,27,1,1,11,20,20,0,0,1,0,1,0,1,999,74,220,1,0,1,2,1,2,1,14,12,1,60,99,6,19,6,2020,6,21,2,34,98,98,4,2,1,4
220379,1,1,23,1,1,11,98,98,8,0,99,1,2,0,1,998,72,145,0,5,1,2,1,2,1,1,6,0,13,99,6,29,2,2020,7,2,2,43,1,1,4,3,1,9
220386,1,1,23,2,1,11,3,9,0,0,1,0,2,0,1,55,61,115,0,0,3,2,1,2,1,15,54,1,13,99,51,4,7,2020,7,1,2,12,1,1,1,2,1,4
220387,1,1,36,1,1,11,3,20,0,0,1,0,1,0,1,45,69,174,0,0,3,2,1,2,1,1,80,0,60,0,0,31,7,2020,6,19,2,8,2,2,1,5,1,0
220388,1,1,54,2,1,11,3,20,0,0,1,0,1,0,1,999,64,198,0,9,2,2,1,2,1,1,80,0,7,0,0,5,8,2020,4,6,2,8,1,1,1,4,1,0
220392,1,1,58,1,1,11,3,9,9,0,1,0,1,0,1,69,999,999,1,0,3,2,2,2,1,1,52,1,60,10,36,18,8,2020,3,15,2,12,18,1,1,1,1,2
220393,1,1,35,1,1,11,3,20,0,0,1,0,1,0,1,60,999,999,99,0,6,2,1,1,1,1,80,0,3,0,999,10,8,2020,2,3,2,8,5,1,1,3,1,0
220394,1,1,29,1,1,11,3,1,9,0,1,0,2,0,1,50,999,999,99,0,2,2,1,2,1,1,10,1,60,0,0,13,8,2020,5,5,2,12,1,1,1,3,1,4
220398,1,1,20,1,1,11,20,20,9,0,1,0,0,0,1,999,69,160,0,9,1,2,1,1,1,1,17,0,6,0,38,18,8,2020,3,23,2,12,2,2,1,2,1,4
220399,1,1,15,1,1,11,20,20,0,0,1,0,2,0,1,999,999,999,99,9,2,2,8,9,98,99,99,0,84,99,999,29,8,2020,7,6,2,34,1,1,4,1,1,4
220400,1,1,29,1,1,11,20,99,1,0,1,0,5,0,1,99,72,260,0,3,1,4,1,2,1,14,12,0,13,99,58,9,2,2020,1,0,2,46,1,1,4,3,1,4
220401,1,1,49,2,1,11,3,20,0,0,2,0,1,0,1,998,66,230,0,0,1,2,1,2,1,1,80,0,13,0,0,30,5,2020,7,21,2,8,1,1,1,2,10,0
220403,1,1,28,1,1,11,20,9,9,0,2,0,3,0,1,98,67,130,0,3,1,4,1,1,1,1,90,0,5,12,6,20,6,2020,7,23,2,25,1,1,1,2,1,3
220404,1,1,33,1,1,11,20,1,0,0,1,0,1,0,1,75,67,153,0,3,3,2,1,1,1,11,13,1,7,93,6,21,6,2020,1,21,2,43,3,3,4,3,10,4
220405,1,1,47,1,1,11,20,20,9,0,2,0,1,0,1,998,72,250,0,9,1,2,1,4,1,14,13,0,69,0,6,14,7,2020,3,17,2,34,1,1,4,1,1,4
220415,1,1,44,1,1,11,20,20,9,0,1,0,1,0,1,35,72,235,0,0,1,2,1,2,1,14,11,1,69,0,0,21,6,2020,1,23,2,1,1,1,1,2,1,4
220416,1,1,28,1,1,11,3,20,1,0,2,0,1,0,1,72,70,225,0,3,1,2,1,2,2,14,12,0,13,99,6,26,6,2020,6,7,2,34,1,1,4,1,10,4
220417,1,1,26,1,1,11,20,20,1,0,1,0,2,0,1,70,68,175,2,3,2,2,1,2,1,1,11,0,13,0,6,7,8,2020,6,9,2,9,1,1,1,1,1,0
220424,1,1,999,9,1,11,99,20,9,0,1,1,9,99,1,999,999,999,99,9,1,2,1,2,1,99,99,0,999,99,0,9,9,2020,4,19,2,8,1,1,1,3,1,0
220425,1,1,43,1,1,11,20,1,9,0,1,0,1,0,1,35,71,239,0,3,1,2,1,2,1,1,13,1,60,0,0,18,9,2020,6,22,2,14,1,1,4,3,1,4
220427,1,1,37,1,1,11,20,20,9,0,1,0,1,0,1,998,68,180,0,5,3,3,1,1,1,99,51,1,80,99,27,25,7,2020,7,3,2,12,1,1,1,3,1,4
220428,1,1,64,1,1,11,3,20,9,0,1,0,1,0,1,999,72,260,0,0,2,3,1,1,1,15,83,0,60,0,0,2,7,2020,5,6,2,9,1,1,1,1,1,1
220431,1,1,24,2,1,11,20,9,1,0,3,0,1,0,1,55,65,242,1,0,2,2,1,2,1,14,13,0,7,93,58,26,7,2020,1,14,2,12,1,1,1,1,10,3
220433,1,1,36,2,1,11,20,9,9,0,1,0,1,0,1,999,67,167,0,5,2,2,1,1,1,1,50,0,13,99,6,5,8,2020,4,16,2,12,2,2,1,1,1,4
220434,1,1,51,1,1,11,20,20,9,0,1,0,3,0,1,15,66,245,0,0,2,4,1,2,1,16,10,0,126,93,38,5,8,2020,4,8,2,12,1,1,1,1,1,4
220435,1,1,32,1,1,11,3,20,0,0,1,0,1,0,1,40,78,330,0,0,2,2,1,2,1,14,17,0,60,0,0,7,8,2020,6,4,2,8,2,2,1,3,1,0
220436,1,1,35,1,1,11,3,9,1,0,1,0,2,0,1,70,72,140,0,3,2,5,1,1,1,14,10,1,13,12,37,11,8,2020,3,7,2,12,2,3,1,1,1,2
220437,1,1,48,1,1,11,3,20,0,0,1,0,3,0,1,40,71,240,0,0,3,2,1,2,1,1,83,0,7,0,16,27,8,2020,5,21,2,9,2,2,1,3,1,0
220438,1,1,43,1,1,11,99,20,8,0,3,0,3,0,1,60,72,265,0,0,3,3,1,1,1,1,80,0,60,0,0,1,9,2020,3,22,2,8,1,1,1,2,1,0
220439,1,1,21,2,1,11,20,1,9,0,3,0,1,0,1,999,67,165,0,9,1,2,1,2,1,1,19,1,13,99,0,5,9,2020,7,22,2,12,1,1,1,3,10,4
220441,1,1,27,1,1,11,20,20,9,0,1,0,1,0,1,50,74,270,0,3,1,2,1,2,1,6,10,0,98,99,0,9,9,2020,4,17,2,1,2,2,1,1,1,4
220444,1,1,94,1,1,11,3,9,0,0,1,0,1,0,1,10,70,183,0,0,1,2,1,1,1,1,62,0,13,93,6,11,8,2020,3,12,2,12,2,2,1,1,1,4
220446,1,1,38,1,1,11,3,1,1,0,1,0,3,0,1,45,72,210,0,0,3,2,1,2,1,14,13,1,7,0,0,13,8,2020,5,23,2,23,1,1,4,2,1,4
220449,1,1,27,1,1,11,20,1,1,0,1,0,1,0,1,58,73,190,0,3,1,2,1,2,1,1,10,1,7,93,51,15,8,2020,7,2,2,12,1,1,1,2,1,2
220451,1,1,36,2,1,11,3,1,0,0,2,0,1,0,1,106,66,160,0,3,3,2,1,2,1,1,53,1,13,93,6,16,8,2020,1,0,2,12,1,1,1,2,1,4
220454,1,1,999,9,1,11,99,20,9,0,1,1,9,99,1,999,999,999,99,9,1,2,1,2,1,99,99,0,999,99,0,27,8,2020,5,22,2,8,1,1,1,2,1,0
220455,1,1,32,1,1,11,20,20,1,0,1,0,2,0,1,60,71,135,0,3,2,2,1,1,1,14,10,1,7,93,28,2,9,2020,4,20,2,34,1,1,4,2,1,4
220456,1,1,26,1,1,11,3,20,0,0,1,0,1,0,1,50,72,180,1,0,1,2,1,2,1,1,83,0,60,0,0,2,9,2020,4,5,2,9,1,1,1,2,1,0
220457,1,1,31,1,1,11,20,20,9,0,1,0,1,0,1,999,76,270,1,5,2,3,1,1,1,1,17,0,80,99,39,8,9,2020,3,0,2,12,2,2,1,3,1,4
220459,1,1,60,1,1,11,99,20,0,0,1,0,1,0,1,999,67,133,0,9,1,2,1,2,1,1,81,1,13,93,6,19,9,2020,7,20,2,8,1,1,1,3,1,0
220461,1,1,31,2,1,11,3,20,0,0,2,0,1,0,1,999,63,135,0,9,3,2,1,1,2,1,80,0,3,0,0,22,9,2020,3,20,2,8,1,1,1,2,2,0
220462,1,1,26,1,1,11,3,20,0,0,1,0,1,0,1,999,73,280,0,9,2,2,1,2,2,1,80,0,60,0,0,20,9,2020,1,5,2,8,2,2,1,3,2,0
220463,1,1,43,1,1,11,3,20,0,0,1,1,3,6,1,45,74,218,0,0,2,2,1,1,1,1,19,0,66,0,0,17,7,2020,6,8,2,9,1,1,1,1,1,0
220469,1,1,32,2,1,11,3,20,0,0,1,0,1,0,1,55,65,150,0,0,1,2,1,2,1,1,80,0,13,0,0,11,9,2020,6,19,2,8,1,1,1,3,10,1
220471,1,1,12,1,1,11,20,1,0,0,1,0,2,0,1,999,999,999,99,9,2,2,2,1,1,1,13,0,7,0,999,15,9,2020,3,4,2,24,1,1,4,2,10,4
220472,1,1,47,1,1,11,3,20,0,0,1,0,3,21,1,26,71,200,0,0,2,2,1,2,1,1,80,0,16,0,0,14,9,2020,2,19,2,8,1,1,1,1,1,0
220473,1,1,19,1,1,11,20,9,0,0,1,0,1,0,1,72,999,999,3,3,2,4,1,2,1,15,51,1,60,0,91,6,8,2020,5,0,2,12,2,2,1,3,1,1
220475,1,1,28,1,1,11,20,9,9,0,1,0,1,0,1,75,67,160,0,5,2,2,1,2,1,6,6,0,3,93,91,21,8,2020,6,10,2,12,1,1,1,1,1,3
220476,1,1,27,1,1,11,98,20,9,0,1,0,2,0,1,999,76,180,0,3,1,4,1,1,1,1,17,1,3,99,6,28,8,2020,6,23,2,12,2,3,1,2,1,4
220477,1,1,19,2,1,11,3,20,0,0,2,0,2,0,1,50,64,170,0,0,1,2,1,2,1,1,18,0,3,0,0,3,9,2020,5,20,2,9,1,1,1,3,1,0
220478,1,1,19,2,1,11,3,8,0,0,1,0,2,0,1,83,63,225,0,4,3,2,1,2,1,1,11,0,3,93,58,8,9,2020,3,17,2,57,1,1,3,1,1,4
220479,1,1,16,1,1,11,3,8,9,0,2,0,4,0,1,65,999,999,99,3,1,2,1,2,1,6,54,0,13,99,35,10,9,2020,5,0,2,12,1,1,1,2,1,4
220482,1,1,999,8,1,11,99,99,9,0,99,1,9,0,1,55,999,999,99,9,1,2,1,2,1,1,11,0,11,99,999,19,9,2020,7,8,2,9,1,1,2,2,1,0
220483,1,1,33,2,1,11,3,20,8,0,11,0,3,0,1,35,61,168,0,0,2,2,1,1,1,1,80,0,9,3,6,20,9,2020,1,18,2,5,1,1,1,2,10,0
220484,1,1,65,2,1,11,3,20,0,0,1,0,1,0,1,999,59,109,0,9,1,2,3,1,1,1,80,0,13,0,0,22,9,2020,3,21,2,8,1,1,1,2,1,0
220485,1,1,67,2,1,11,3,20,0,0,3,0,1,0,1,0,63,202,0,0,3,2,1,1,1,5,98,0,13,0,0,28,9,2020,2,4,2,12,1,1,1,3,10,4
220486,1,1,63,1,1,11,20,1,1,0,1,0,1,0,1,999,69,170,0,9,6,1,2,1,1,1,54,1,13,0,0,29,9,2020,3,21,2,12,5,1,1,3,1,4
220487,1,1,26,1,1,11,20,20,0,0,1,0,3,0,1,55,73,200,0,0,3,2,1,2,1,1,18,0,7,0,6,1,10,2020,5,18,2,12,2,2,1,5,1,0
220488,1,1,29,1,1,11,20,1,0,0,1,0,1,0,1,40,71,210,0,0,1,2,3,2,1,1,83,0,60,0,0,2,10,2020,6,8,2,9,1,1,1,3,1,0
220490,1,1,53,1,1,11,3,8,1,0,1,0,1,0,1,11,70,183,0,0,1,2,1,2,1,11,15,0,7,93,91,8,8,2020,7,4,2,12,3,3,1,2,1,1
220492,1,1,41,2,1,11,99,9,0,0,1,0,1,0,1,999,67,195,1,0,1,2,1,1,2,1,17,1,13,15,91,10,10,2020,7,0,2,12,2,2,1,3,2,0
220494,1,1,30,1,1,11,20,20,0,0,1,0,2,0,1,55,69,150,0,3,6,2,2,1,1,14,13,0,80,93,6,25,8,2020,3,18,2,25,5,1,4,1,1,4
220497,1,1,33,1,1,11,20,20,0,0,1,0,1,0,1,999,67,170,0,9,4,2,2,1,1,11,12,1,82,0,0,6,8,2020,5,5,2,25,3,3,4,3,1,4
220498,1,1,22,1,1,11,20,9,1,0,3,0,1,0,1,53,74,130,0,3,2,3,1,2,1,1,12,1,13,0,91,1,9,2020,3,3,2,33,1,1,3,3,1,3
220501,1,1,19,1,1,11,3,20,0,0,1,0,2,0,1,999,72,225,0,9,3,2,1,2,1,15,61,0,60,0,0,29,9,2020,3,17,2,8,1,1,6,1,1,0
220506,1,1,57,1,1,11,3,1,0,0,1,0,1,0,1,20,74,226,0,0,3,2,1,1,2,11,15,0,60,93,6,21,9,2020,2,11,2,12,2,3,1,1,2,1
220507,1,1,55,2,1,11,20,1,0,0,1,0,1,0,1,55,63,324,0,0,1,2,1,2,1,6,10,0,9,99,0,7,10,2020,4,14,2,12,1,1,1,1,1,4
220510,1,1,26,1,1,11,20,20,1,0,4,0,2,0,1,61,64,142,0,3,1,2,2,2,1,14,13,0,119,99,6,27,9,2020,1,21,2,1,1,1,4,2,1,4
220511,1,1,26,1,1,11,3,20,9,0,1,0,1,0,1,45,65,160,1,0,2,2,1,2,1,1,80,0,7,0,0,5,10,2020,2,4,2,8,1,1,1,3,1,0
220512,1,1,27,1,1,11,3,20,0,0,1,1,1,0,1,999,69,165,0,0,2,2,1,2,1,1,80,0,7,0,0,6,10,2020,3,5,2,8,2,2,1,3,1,0
220513,1,1,32,2,1,11,3,2,0,0,1,0,0,0,1,999,63,138,0,0,1,2,1,1,1,14,10,0,13,93,6,12,10,2020,2,18,2,12,1,1,1,1,1,3
220514,1,1,33,2,1,11,3,20,9,0,3,0,2,0,1,998,64,200,0,0,1,5,1,1,1,11,15,0,7,93,38,12,7,2020,1,20,2,12,2,2,1,1,1,2
220516,1,1,78,2,1,11,99,1,0,0,1,0,1,0,1,999,67,130,1,9,1,2,1,2,1,1,12,0,7,99,0,11,6,2020,5,20,2,30,1,1,4,3,1,4
220517,1,1,20,1,1,11,3,20,0,0,1,0,1,0,1,999,69,195,0,9,1,2,1,1,1,1,80,0,3,12,0,19,6,2020,6,21,2,8,1,1,1,7,1,0
220518,1,1,60,1,1,11,20,1,0,0,1,0,3,0,1,999,70,180,0,9,1,2,1,2,1,1,13,0,60,0,6,21,6,2020,1,21,2,46,3,2,4,3,1,4
220519,1,1,53,1,1,11,20,1,0,0,1,0,2,0,1,74,69,236,0,3,3,2,2,1,1,1,10,1,13,0,0,17,7,2020,6,23,2,12,1,1,1,2,1,4
220521,1,1,55,1,1,11,20,20,9,0,1,0,2,0,1,998,72,165,0,9,1,2,1,2,1,17,10,0,13,0,38,3,8,2020,2,20,2,12,1,1,1,3,1,1
220522,1,1,48,1,1,11,20,20,9,0,1,0,1,0,1,998,71,215,0,9,1,2,1,2,1,1,11,0,12,93,0,23,8,2020,1,22,2,33,1,1,4,3,1,4
220526,1,1,65,1,1,11,20,20,9,0,1,0,2,0,1,998,71,230,0,0,2,3,1,1,1,1,1,0,60,99,80,22,8,2020,7,16,2,24,1,1,4,1,1,4
220527,1,1,50,2,1,11,20,8,0,0,1,0,2,0,1,998,69,333,0,0,1,4,1,1,1,14,13,0,7,0,6,25,6,2020,5,3,2,33,1,1,4,3,10,4
220528,1,1,999,9,1,11,99,99,9,0,99,1,9,99,1,998,999,999,99,9,5,6,1,2,1,99,80,0,999,99,999,21,8,2020,6,2,2,8,2,2,1,3,1,9
220529,1,1,26,1,1,11,99,9,9,0,1,0,1,0,1,67,67,165,0,3,1,2,1,2,1,1,6,1,60,99,6,22,8,2020,7,21,2,30,1,1,4,2,1,4
220530,1,1,46,1,1,11,3,9,0,0,2,0,1,0,1,74,74,230,0,0,3,2,1,1,1,1,50,0,60,3,6,31,8,2020,2,10,2,12,1,1,1,1,1,1
220532,1,1,33,1,1,11,3,9,0,0,1,0,1,0,1,71,72,140,0,3,2,4,1,2,1,1,17,0,13,0,91,6,9,2020,1,23,2,12,2,2,1,3,1,2
220533,1,1,58,1,1,11,20,99,0,0,1,0,1,6,1,60,78,240,2,4,3,2,1,2,1,15,52,0,66,93,26,9,9,2020,4,18,2,12,18,1,1,1,1,2
220534,1,1,57,2,1,11,20,9,9,0,1,0,1,0,1,999,65,115,1,4,1,2,1,2,1,1,51,0,13,99,26,28,9,2020,2,16,2,12,1,1,1,1,10,4
220535,1,1,25,1,1,11,3,8,0,0,1,0,1,0,1,140,70,150,1,3,2,2,1,1,1,1,51,1,3,99,37,29,9,2020,3,23,2,12,2,2,1,3,1,4
220536,1,1,41,1,1,11,20,20,0,0,2,0,1,0,1,70,72,270,0,5,2,2,1,2,1,1,51,1,60,99,36,5,10,2020,2,20,2,12,1,1,1,2,1,4
220538,1,1,41,1,1,11,3,9,9,0,2,0,1,0,1,999,70,210,0,5,6,8,1,2,1,1,50,0,13,99,6,16,10,2020,6,8,2,12,2,98,1,1,1,4
220540,1,1,38,1,1,11,99,9,9,0,1,0,2,0,1,999,69,250,3,0,1,2,1,2,1,14,10,0,7,99,6,27,10,2020,3,6,2,12,1,1,1,3,1,2
220541,1,1,20,2,1,11,20,99,1,0,1,0,9,0,1,38,999,999,99,0,1,2,1,1,1,1,54,0,13,0,0,29,4,2020,4,20,2,15,2,2,1,3,1,1
220543,1,1,22,1,1,11,3,20,0,0,1,0,1,0,1,5,64,120,0,0,2,2,1,1,1,13,54,0,60,0,10,20,8,2020,5,9,2,12,4,1,1,1,1,0
220544,1,1,61,1,1,11,3,20,1,0,1,0,2,0,1,46,70,315,0,0,2,2,1,2,1,1,80,0,13,0,0,22,8,2020,7,2,2,8,1,1,1,3,1,0
220547,1,1,23,1,1,11,99,99,1,0,2,0,2,0,1,50,65,137,0,3,2,2,1,2,1,1,17,0,7,93,37,22,10,2020,5,14,2,12,2,2,1,1,1,1
220549,1,1,21,1,1,11,3,1,1,0,1,0,2,0,1,998,74,152,0,9,2,2,1,2,1,1,51,1,60,99,0,11,10,2020,1,21,2,12,4,1,1,3,1,4
220551,1,1,999,9,1,11,99,99,9,0,1,1,9,99,1,999,999,999,99,9,2,2,1,2,1,99,99,0,999,99,0,18,10,2020,1,22,2,8,1,1,1,3,1,0
220555,1,1,33,1,1,11,20,20,0,0,1,0,1,99,1,999,70,160,0,9,1,2,1,1,1,11,15,0,999,99,0,30,10,2020,6,22,2,12,2,2,1,1,10,4
220556,1,1,38,1,1,11,20,1,0,0,1,0,1,0,1,999,73,160,0,9,3,2,3,2,1,14,13,1,5,99,999,7,10,2020,4,23,2,52,1,1,4,3,1,4
220558,1,1,56,1,1,11,3,20,0,0,1,0,1,0,1,999,65,195,0,9,2,2,1,2,1,1,83,0,60,99,0,18,10,2020,1,19,2,9,1,1,1,3,1,0
220560,1,1,24,1,1,11,3,1,9,0,1,0,1,0,1,999,71,190,0,9,2,2,1,1,1,1,10,1,7,99,6,25,10,2020,1,8,2,12,8,1,1,1,10,2
220562,1,1,71,1,1,11,3,9,0,0,1,0,1,0,1,55,72,195,0,0,1,3,1,2,1,14,13,1,13,99,6,16,8,2020,1,17,2,59,1,1,4,1,1,4
220567,1,1,22,1,1,11,3,20,0,0,1,0,1,0,1,55,76,155,0,0,1,2,1,2,1,1,80,0,60,0,0,24,10,2020,7,23,2,8,1,1,1,2,1,0
220570,1,1,31,1,1,11,20,1,9,0,1,0,9,0,1,70,999,999,99,0,2,2,1,2,2,1,51,1,13,93,26,28,10,2020,4,0,2,12,1,1,1,2,1,2
220571,1,1,999,9,1,11,20,20,9,0,1,1,9,0,1,999,999,999,99,9,1,2,1,2,1,1,83,0,60,99,6,30,10,2020,6,21,2,9,1,1,1,7,1,5
220572,1,1,58,2,1,11,3,20,0,0,1,0,2,0,1,999,66,190,0,9,1,2,1,1,1,1,80,0,3,99,0,22,10,2020,5,18,2,8,2,4,1,3,1,0
220573,1,1,67,1,1,11,3,1,1,0,1,0,1,0,1,999,71,155,0,9,2,2,1,1,1,1,12,0,7,99,0,3,11,2020,3,18,2,34,1,1,4,2,1,4
220574,1,1,13,1,1,11,20,20,0,0,2,0,0,0,1,999,999,999,99,9,1,2,1,1,1,1,13,0,69,0,0,2,11,2020,2,12,2,33,1,1,4,1,1,4
220578,1,1,999,9,1,11,99,99,9,0,1,1,9,99,1,998,999,999,99,9,2,2,1,1,1,99,99,0,999,99,0,13,11,2020,6,20,2,8,2,2,1,3,1,0
220580,1,1,52,1,1,11,20,1,9,0,1,0,1,0,1,85,71,195,1,3,1,2,1,2,1,1,13,0,60,99,0,6,10,2020,3,10,2,53,1,1,4,1,1,4
220581,1,1,95,1,1,11,20,9,0,0,1,0,1,0,1,60,66,180,0,0,2,2,1,1,2,1,12,0,5,0,0,23,9,2020,4,8,2,12,1,1,1,1,2,4
220584,1,1,30,1,1,11,3,20,0,0,1,0,1,0,1,45,70,205,0,0,1,2,1,2,1,1,80,0,8,0,0,17,10,2020,7,22,2,8,2,2,1,3,1,0
220585,1,1,52,1,1,11,20,20,9,0,1,0,1,0,1,100,73,210,0,3,3,2,1,1,1,14,13,0,98,93,6,25,10,2020,1,10,2,30,1,1,4,1,1,4
220586,1,1,32,1,1,11,3,20,0,0,5,0,1,0,1,40,66,200,0,0,1,2,1,2,1,1,80,0,60,0,0,18,11,2020,4,18,2,8,1,1,1,3,1,1
220587,1,1,36,1,1,11,3,20,0,0,2,0,1,0,1,999,72,225,0,9,3,2,1,2,1,1,80,0,60,0,0,23,11,2020,2,19,2,8,1,1,1,3,1,0
220589,1,1,50,2,1,11,3,20,0,0,1,0,1,0,1,45,68,145,0,0,2,2,1,1,1,1,80,1,13,99,0,4,10,2020,1,20,2,8,1,1,1,3,1,0
220591,1,1,43,1,1,11,3,1,1,0,1,0,1,0,1,45,70,185,5,0,1,2,1,2,1,99,10,0,60,99,0,21,10,2020,4,6,2,12,1,1,1,3,1,4
220592,1,1,17,2,1,11,20,99,1,0,4,0,2,0,1,62,999,999,99,0,2,2,1,2,1,1,10,0,3,93,0,26,10,2020,2,17,2,12,1,1,1,5,1,4
220595,1,1,25,1,1,11,3,20,1,0,1,0,0,0,1,40,68,200,0,0,3,2,1,2,1,2,3,0,60,0,0,26,10,2020,2,22,2,12,1,1,1,2,1,4
220597,1,1,25,1,1,11,3,99,0,0,2,0,1,0,1,999,67,125,0,9,2,2,1,1,1,1,11,1,13,93,6,5,7,2020,1,4,2,33,1,1,4,3,1,1