ST_CASE,VEH_NO,PER_NO,AGE,SEX,PER_TYP,SEAT_POS,REST_USE,AIR_BAG,DRUGS,LOCATION,NUMOCCS,HIT_RUN,OWNER,V_CONFIG,HAZ_INV,TRAV_SP,DR_HGT,DR_WGT,PREV_SPD,SPEEDREL,VTRAFWAY,VNUM_LAN,VPROFILE,VPAVETYP,VSURCOND,P_CRASH1,P_CRASH2,DR_DRINK,VPICBODYCLASS,DRDISTRACT,DRIVERRF,DAY,MONTH,YEAR,DAY_WEEK,HOUR,RUR_URB,HARM_EV,RELJCT2,TYP_INT,REL_ROAD,LGT_COND,WEATHER,INJ_SEV
220599,1,1,33,2,1,11,3,1,0,0,1,0,3,0,1,16,69,204,0,0,1,2,1,2,1,11,54,0,13,93,38,5,10,2020,2,9,2,12,2,3,1,1,1,1
220602,1,1,39,2,1,11,3,20,0,0,4,0,1,0,1,998,59,150,2,9,2,2,1,2,1,1,80,0,3,0,0,25,10,2020,1,21,2,8,2,3,1,3,1,1
220605,1,1,80,2,1,11,3,20,0,0,1,0,1,0,1,38,68,158,0,0,2,2,1,2,1,1,80,0,13,0,0,8,11,2020,1,13,2,8,1,1,1,1,1,0
220606,1,1,65,1,1,11,3,1,1,0,1,0,1,0,1,998,67,168,0,9,1,2,1,1,1,1,54,1,60,0,0,14,11,2020,7,17,2,12,2,4,1,3,1,1
220609,1,1,30,1,1,11,99,1,1,0,5,0,2,0,1,998,999,999,99,9,2,2,1,1,1,1,12,1,13,0,0,28,11,2020,7,23,2,19,1,1,4,3,10,3
220611,1,1,71,2,1,11,3,20,0,0,1,0,1,0,1,40,64,250,1,0,1,2,1,2,1,1,80,0,13,0,0,6,2,2020,5,20,2,8,1,1,1,3,1,1
220612,1,1,33,1,1,11,3,2,0,0,3,0,1,0,1,60,69,170,0,0,3,2,1,1,2,1,13,1,60,93,6,25,8,2020,3,2,2,25,1,1,4,2,98,0
220613,1,1,33,2,1,11,20,20,0,0,1,0,1,0,1,999,63,155,1,9,2,2,1,2,1,1,5,1,98,0,82,2,9,2020,4,23,2,44,2,2,1,3,1,4
220616,1,1,25,1,1,11,3,1,0,0,1,0,1,0,1,100,69,145,3,3,1,2,1,2,2,1,13,0,13,93,0,20,9,2020,1,9,2,32,1,1,4,1,2,4
220617,1,1,56,2,1,11,3,20,0,0,1,0,2,0,1,35,62,84,0,0,2,2,1,2,1,1,80,0,2,0,0,21,9,2020,2,20,2,8,1,1,1,3,10,0
220618,1,1,32,1,1,11,3,1,0,0,1,0,1,0,1,999,69,205,1,9,2,2,1,1,1,1,80,1,13,0,6,26,9,2020,7,22,2,8,2,2,1,3,1,0
220620,1,1,35,1,1,11,3,20,1,0,1,0,1,0,1,998,68,181,0,9,1,2,1,2,1,1,13,0,13,15,6,9,10,2020,6,9,2,8,1,1,4,1,10,0
220624,1,1,39,2,1,11,3,9,0,0,3,0,4,0,1,60,999,999,0,0,2,2,1,1,1,1,80,0,13,0,0,22,10,2020,5,12,2,8,1,1,1,1,1,1
220625,1,1,999,9,1,11,99,99,9,0,99,1,9,0,1,55,999,999,99,9,3,2,2,2,1,1,80,0,999,99,999,29,10,2020,5,21,2,8,18,1,1,2,1,9
220626,1,1,43,1,1,11,20,20,0,0,1,0,1,0,1,55,74,245,0,0,1,2,1,2,1,14,13,0,80,99,6,26,10,2020,2,16,2,59,1,1,4,1,1,4
220627,1,1,999,9,1,11,99,99,9,0,99,1,9,0,1,999,999,999,99,0,1,2,1,2,1,1,83,0,2,99,999,1,11,2020,1,21,2,9,8,1,1,3,1,9
220628,1,1,19,1,1,11,3,9,0,0,2,0,2,0,1,999,62,140,0,9,1,2,1,2,2,14,13,1,7,0,36,8,11,2020,1,0,2,42,1,1,4,2,2,2
220629,1,1,21,1,1,11,99,20,0,0,1,0,1,0,1,999,71,133,2,9,2,2,1,1,1,1,83,0,13,99,0,2,12,2020,4,22,2,9,2,2,1,3,1,0
220630,1,1,23,1,1,11,20,20,9,0,1,0,1,99,1,998,66,110,0,9,2,2,1,2,1,1,18,0,999,0,0,6,11,2020,6,19,2,5,1,1,1,3,1,4
220631,1,1,46,1,1,11,20,1,9,0,1,0,1,0,1,999,67,170,0,9,6,1,1,2,1,1,13,0,3,99,6,21,9,2020,2,2,2,20,5,1,4,3,10,4
220632,1,1,30,1,1,11,3,1,0,0,1,0,1,0,1,81,67,185,0,3,1,2,1,2,1,14,80,0,60,0,6,2,10,2020,6,19,2,8,1,1,1,2,1,0
220637,1,1,16,2,1,11,99,20,0,0,3,0,2,0,1,999,60,174,0,9,2,2,1,1,1,1,80,0,13,0,0,20,11,2020,6,17,2,8,3,2,1,3,1,0
220640,1,1,52,1,1,11,20,20,0,0,1,0,1,0,1,999,69,180,0,9,1,2,1,1,1,1,12,0,80,0,0,11,12,2020,6,19,2,42,1,1,4,3,1,4
220641,1,1,47,1,1,11,3,20,0,0,1,0,1,0,1,35,66,154,0,0,1,2,1,2,1,14,80,0,13,0,0,14,12,2020,2,5,2,8,1,1,1,2,1,0
220642,1,1,51,2,1,11,20,20,9,0,1,0,2,0,1,999,67,145,0,9,1,2,1,2,1,1,13,0,7,99,999,17,12,2020,5,6,2,34,1,1,4,2,1,4
220644,1,1,28,1,1,11,3,99,0,0,1,0,2,0,1,0,999,999,99,0,3,2,1,2,1,7,98,1,60,99,54,1,11,2020,1,5,2,12,1,1,1,2,1,4
220648,1,1,18,1,1,11,20,1,0,0,3,0,1,0,1,55,71,235,0,0,1,2,1,2,1,1,10,0,60,99,999,27,11,2020,6,19,2,12,1,1,1,2,1,4
220650,1,1,46,1,1,11,20,1,9,0,1,0,1,0,1,999,67,225,0,0,2,2,1,2,1,1,10,1,13,99,0,8,12,2020,3,0,2,12,2,2,1,6,10,4
220652,1,1,50,1,1,11,3,1,0,0,1,0,1,0,1,45,70,170,0,0,1,2,1,2,1,1,10,1,13,99,999,6,12,2020,1,23,2,12,1,1,1,2,1,4
220654,1,1,37,2,1,11,3,99,0,0,1,0,2,0,1,40,64,130,0,0,1,2,2,2,2,14,10,0,13,99,999,23,10,2020,6,18,2,12,1,1,1,5,2,4
220656,1,1,56,1,1,11,3,20,0,0,2,0,3,0,1,35,68,230,0,0,2,2,1,1,1,1,80,0,9,0,0,4,11,2020,4,18,2,8,1,1,1,3,1,0
220657,1,1,44,1,1,11,20,1,0,0,1,0,1,0,1,90,72,195,0,3,1,2,1,1,1,99,13,1,60,99,6,13,11,2020,6,23,2,19,8,1,4,3,1,4
220659,1,1,23,1,1,11,20,20,0,0,1,0,1,0,1,999,75,195,1,9,2,2,1,1,1,1,80,0,13,99,6,22,11,2020,1,20,2,8,1,1,1,3,1,0
220660,1,1,35,2,1,11,3,20,0,0,6,0,2,0,1,43,999,999,99,0,1,2,1,2,2,14,12,0,2,0,0,29,11,2020,1,16,2,34,1,1,4,1,2,1
220663,1,1,49,1,1,11,3,1,0,0,1,0,1,0,1,45,63,145,0,0,1,2,1,2,2,1,10,1,13,98,0,31,12,2020,5,15,2,12,1,1,1,1,2,4
220664,1,1,75,1,1,11,3,8,0,0,1,0,1,0,1,12,71,205,0,0,0,0,0,0,0,11,15,0,7,99,38,9,10,2020,6,14,2,12,8,1,1,1,10,4
220665,1,1,999,9,1,11,99,98,9,0,99,1,9,99,1,998,999,999,99,9,1,4,1,1,1,99,80,0,999,99,999,28,9,2020,2,20,2,8,2,3,1,6,1,9
220666,1,1,29,1,1,11,20,99,0,0,2,0,1,0,1,55,69,180,1,0,1,2,1,2,1,14,13,1,60,99,6,11,10,2020,1,2,2,30,1,1,4,3,1,4
220668,1,1,47,1,1,11,3,1,1,0,1,0,1,0,1,45,73,280,0,0,1,2,1,2,1,1,80,1,60,92,0,11,11,2020,4,19,2,8,1,1,1,2,1,0
220672,1,1,82,2,1,11,3,1,1,0,2,0,2,0,1,10,64,215,0,0,1,2,1,2,1,11,15,0,13,99,38,22,11,2020,1,11,2,12,2,3,1,1,1,3
220673,1,1,28,1,1,11,20,9,1,0,2,0,2,0,1,999,70,155,0,9,1,2,1,2,1,1,10,0,13,3,6,14,12,2020,2,15,2,12,1,1,1,1,1,4
220674,1,1,56,2,1,11,20,20,9,0,1,0,1,0,1,999,64,160,0,9,3,2,1,2,1,1,83,0,13,99,0,21,12,2020,2,3,2,9,1,1,1,3,10,0
220675,1,1,999,9,9,99,99,98,9,0,99,1,9,99,1,998,998,997,998,8,2,2,1,1,1,0,99,0,999,16,999,21,12,2020,2,20,2,9,1,1,1,3,1,9
220676,1,1,60,2,1,11,3,9,0,0,1,0,2,0,1,998,65,223,0,0,1,4,1,2,1,1,80,0,7,0,0,5,10,2020,2,21,2,8,1,1,1,3,1,0
220677,1,1,36,2,1,11,99,20,1,0,2,0,1,0,1,998,64,130,0,0,1,4,1,2,1,1,80,0,8,0,0,6,11,2020,6,19,2,8,1,1,1,7,1,0
220679,1,1,31,1,1,11,20,9,9,0,1,0,2,0,1,60,69,250,0,5,3,2,1,1,1,15,51,0,13,99,36,23,11,2020,2,6,2,12,1,1,1,4,1,4
220680,1,1,34,1,1,11,3,9,9,0,1,0,1,0,1,999,75,220,0,3,3,8,1,2,1,14,13,1,13,0,0,9,12,2020,4,20,2,35,1,1,4,3,1,4
220681,1,1,61,1,1,11,20,9,9,0,1,0,2,0,1,998,71,168,0,0,2,2,1,2,1,1,52,0,60,99,26,11,12,2020,6,5,2,12,3,2,1,4,1,4
220683,1,1,50,1,1,11,3,20,9,0,1,0,3,6,1,999,999,999,0,0,0,0,0,0,0,11,15,0,66,93,38,22,12,2020,3,6,2,12,8,1,1,4,1,0
220684,1,1,44,2,1,11,99,99,1,0,1,0,2,0,1,0,65,130,0,0,3,3,1,1,1,5,98,0,7,99,36,27,12,2020,1,0,2,12,18,1,1,3,1,4
220685,1,1,31,2,1,11,20,1,9,0,4,0,2,0,1,42,64,180,0,0,1,2,1,2,1,14,10,0,13,99,28,12,11,2020,5,15,2,12,1,1,1,1,1,4
220686,1,1,28,1,1,11,3,20,0,0,2,0,1,0,1,55,67,185,0,0,1,2,1,2,1,1,80,0,119,0,0,17,12,2020,5,21,2,8,1,1,1,2,1,0
220687,1,1,28,1,1,11,3,20,0,0,2,0,3,1,1,55,67,200,0,0,1,2,1,2,1,1,80,0,11,93,6,17,12,2020,5,17,2,8,1,1,1,2,1,0
220690,1,1,71,1,1,11,3,1,9,0,1,0,1,0,1,30,69,210,0,0,1,2,1,2,1,11,10,0,60,93,38,7,8,2020,6,19,2,12,8,1,1,1,1,1
220691,1,1,55,1,1,11,3,20,0,0,1,0,3,0,1,30,73,262,0,0,2,2,1,1,1,1,54,0,60,93,0,28,8,2020,6,12,2,12,2,2,1,1,1,1
220697,1,1,85,1,1,11,3,1,0,0,1,0,1,0,1,60,70,130,0,0,2,2,1,2,1,1,11,0,13,93,0,9,10,2020,6,9,2,14,1,1,2,1,1,4
220698,1,1,59,1,1,11,20,20,0,0,1,0,1,0,1,999,71,185,1,9,2,2,1,2,1,14,13,0,94,99,0,18,11,2020,4,11,2,32,1,1,4,1,1,4
220700,1,1,26,1,1,11,20,20,1,0,1,0,2,0,1,998,72,230,0,9,1,2,1,1,1,1,17,0,69,99,999,23,11,2020,2,16,2,12,2,2,1,1,1,4
220702,1,1,40,2,1,11,3,1,0,0,3,0,1,0,1,998,67,180,0,9,2,2,1,2,2,1,80,0,7,0,0,27,11,2020,6,20,2,8,2,2,1,3,2,0
220707,1,1,54,1,1,11,99,20,1,0,1,1,1,0,1,55,74,300,0,0,1,2,1,2,1,1,11,0,60,99,91,10,12,2020,5,16,2,9,1,1,2,1,1,0
220710,1,1,22,1,1,11,20,1,1,0,1,0,2,0,1,83,67,130,3,3,1,2,1,2,1,1,13,0,13,93,6,22,12,2020,3,7,2,32,1,1,4,1,1,4
220711,1,1,56,1,1,11,3,20,0,0,1,0,1,0,1,999,71,260,0,0,2,8,1,2,1,1,83,0,7,0,0,29,12,2020,3,23,2,9,2,2,1,3,1,1
220712,1,1,25,1,1,11,20,20,0,0,1,0,1,0,1,92,67,145,2,5,1,2,1,2,1,1,50,1,80,0,85,21,11,2020,7,23,2,1,8,1,2,3,1,4
220713,1,1,70,2,1,11,3,99,0,0,3,0,1,0,1,999,63,230,0,9,2,2,1,1,1,11,15,0,13,99,38,27,1,2020,2,20,2,12,2,2,1,2,1,2
220719,1,1,81,2,1,11,3,20,0,0,1,0,3,21,1,0,64,145,0,0,1,2,1,2,1,98,15,0,73,0,38,4,12,2020,6,16,2,12,2,3,1,1,1,0
220720,1,1,26,1,1,11,20,1,0,0,1,0,2,0,1,81,71,210,0,3,1,2,1,2,1,1,14,1,5,99,39,9,12,2020,4,22,2,32,3,2,4,1,1,4
220721,1,1,24,1,1,11,20,1,0,0,1,0,1,0,1,90,66,185,1,3,1,2,1,2,1,14,12,1,60,99,6,18,12,2020,6,4,2,42,1,1,4,2,1,4
220724,1,1,20,1,1,11,20,1,1,0,1,0,2,0,1,82,72,250,0,3,1,2,1,2,2,1,10,0,60,0,6,23,12,2020,4,18,2,12,2,2,1,2,10,2
220725,1,1,27,1,1,11,20,20,0,0,1,0,2,0,1,55,80,165,0,0,2,2,1,2,2,16,13,1,7,93,6,28,12,2020,2,23,2,1,1,1,4,2,2,4
220727,1,1,25,1,1,11,98,98,9,0,1,0,2,0,1,998,999,999,99,0,3,3,1,1,1,1,1,1,7,99,80,11,10,2020,1,22,2,38,1,1,4,3,1,4
220729,1,1,21,1,1,11,3,20,0,0,1,0,2,0,1,48,67,120,0,0,1,2,1,1,1,1,80,1,3,0,0,13,11,2020,6,22,2,8,1,1,1,2,1,0
220730,1,1,38,1,1,11,3,20,0,0,1,0,3,6,1,65,69,240,0,0,3,2,1,2,2,1,80,0,66,0,0,31,12,2020,5,22,2,8,1,1,1,2,2,0
220732,1,1,32,1,1,11,20,99,9,0,2,0,2,0,1,999,999,999,99,9,2,2,1,2,1,1,17,1,13,0,39,26,9,2020,7,23,2,12,2,2,1,3,1,4
220733,1,1,27,1,1,11,20,20,1,0,1,0,1,0,1,90,70,150,0,3,2,4,1,2,1,1,67,0,80,99,36,31,12,2020,5,10,2,12,2,3,1,1,1,4
220736,1,1,34,1,1,11,3,20,0,0,1,0,3,0,1,998,69,168,0,9,2,2,1,1,1,1,80,0,60,0,0,11,12,2020,6,18,2,8,1,1,1,3,1,0
220737,1,1,63,2,1,11,3,20,0,0,1,0,1,0,1,25,66,115,0,0,1,2,1,2,1,1,80,0,3,93,0,25,12,2020,6,15,2,8,1,1,1,1,1,0
220738,1,1,31,1,1,11,20,20,9,0,1,0,0,0,1,35,72,162,0,0,1,2,1,1,6,99,5,0,104,99,0,4,9,2020,6,4,2,44,2,3,1,3,1,4
220739,1,1,53,1,1,11,20,20,1,0,1,0,1,0,1,999,73,206,99,5,1,2,1,2,1,1,13,1,60,12,6,8,10,2020,5,0,2,42,1,1,4,3,10,4
220744,1,1,45,1,1,11,3,20,0,0,1,0,1,0,1,5,72,200,0,0,2,3,1,2,1,11,15,0,13,0,38,3,12,2020,5,16,2,12,8,1,1,1,1,0
220745,1,1,19,1,1,11,3,20,0,0,1,1,1,0,1,50,69,320,3,0,5,5,1,2,1,1,80,1,7,0,28,22,12,2020,3,0,2,8,1,1,2,3,1,0
220746,1,1,16,1,9,19,98,98,9,0,2,0,5,0,1,999,999,999,99,4,1,2,1,1,1,11,6,0,13,12,39,27,12,2020,1,12,2,30,3,2,4,1,10,4
220749,2,1,27,2,1,11,3,9,0,0,1,0,1,0,1,80,70,186,0,4,3,2,1,2,1,1,50,1,13,99,6,15,11,2020,1,4,2,12,1,1,1,2,1,1
220751,1,1,34,1,1,11,3,9,1,0,1,0,2,0,1,55,70,170,0,0,1,2,1,2,1,14,13,1,60,99,0,12,12,2020,7,2,2,42,1,1,4,2,1,4
220756,1,1,19,1,1,11,98,98,9,0,1,0,2,0,1,998,65,130,0,0,2,1,1,1,1,1,13,0,3,99,999,17,11,2020,3,21,2,42,1,1,4,3,1,4
220757,1,1,999,9,1,11,99,99,9,0,99,1,9,99,1,999,999,999,99,9,2,2,1,2,1,99,80,0,999,99,999,2,2,2020,1,4,2,8,1,1,1,3,1,0
220760,1,1,54,1,1,11,20,20,0,0,1,0,2,0,1,999,67,245,0,9,3,2,1,1,1,1,13,0,94,99,0,24,12,2020,5,13,2,24,1,1,4,1,1,4
220761,1,1,71,2,1,11,3,99,0,0,1,0,1,0,1,999,62,190,0,9,2,2,1,1,1,1,17,0,13,99,999,9,12,2020,4,8,2,12,2,2,1,1,1,4
220762,1,1,68,1,1,11,3,20,0,0,1,0,1,0,1,999,73,248,0,9,1,2,1,1,1,11,54,0,13,0,38,7,12,2020,2,9,2,12,2,2,1,1,10,4
220766,1,1,17,1,1,11,3,9,0,0,1,0,2,0,1,999,72,300,0,9,2,3,1,1,1,11,15,0,7,0,6,18,10,2020,1,15,2,12,2,4,1,1,1,0
220767,1,1,40,1,1,11,3,20,0,0,4,0,1,0,1,35,66,110,0,0,2,2,1,1,1,1,80,0,7,0,0,23,2,2020,1,3,2,8,1,1,1,3,1,0
220768,1,1,999,9,1,11,98,98,9,0,99,1,9,99,1,999,999,999,99,9,3,3,1,1,1,1,80,0,999,99,36,15,11,2020,1,3,2,8,3,2,1,2,1,9
220769,1,1,19,2,1,11,3,9,0,0,4,0,2,0,1,45,63,116,0,0,3,3,1,1,1,11,15,0,13,93,6,17,12,2020,5,15,2,12,2,2,1,1,1,1
220775,1,1,37,2,1,11,99,9,9,0,1,0,1,0,1,999,57,140,99,9,2,2,1,1,1,99,99,0,13,99,999,20,11,2020,6,4,2,42,1,1,4,3,1,4
220776,1,1,56,1,1,11,20,9,0,0,1,0,1,0,1,998,74,230,0,0,2,3,1,1,1,14,98,0,13,0,0,8,12,2020,3,5,2,34,19,1,4,4,1,4
220777,1,1,35,1,1,11,1,9,0,0,1,0,1,0,1,998,76,275,1,0,2,3,6,2,1,1,52,0,60,15,6,28,12,2020,2,6,2,12,17,1,1,3,1,2
220778,1,1,998,1,1,11,98,98,0,0,2,0,4,0,1,998,999,999,99,0,3,4,1,1,1,1,98,1,60,3,999,7,12,2020,2,2,2,5,1,1,1,3,1,0
230001,1,1,74,1,1,11,3,20,8,0,1,0,1,0,1,998,70,250,0,0,1,2,2,2,1,1,80,1,13,0,38,14,1,2020,3,16,2,8,3,3,1,3,10,0
230012,1,1,44,1,1,11,20,8,1,0,1,0,2,0,1,998,71,160,1,0,1,2,1,8,2,1,12,1,7,99,36,15,1,2020,4,0,2,1,1,1,4,3,1,4
230018,1,1,39,2,1,11,3,1,8,0,2,0,1,0,1,998,65,250,0,0,1,2,2,2,1,1,62,0,15,0,0,11,3,2020,4,13,2,12,1,1,1,1,1,1
230021,1,1,25,2,1,11,3,8,8,0,1,0,1,0,1,998,64,120,0,3,1,4,1,2,1,14,13,1,13,99,36,31,3,2020,3,21,2,42,3,3,5,3,1,4
230023,1,1,55,1,1,11,1,20,8,0,2,0,1,0,1,998,71,180,0,3,1,2,2,2,1,14,10,1,13,99,58,12,4,2020,1,16,2,30,3,3,4,1,1,4
230025,1,1,28,1,1,11,20,20,8,0,1,0,1,0,1,998,67,150,2,0,1,2,4,2,1,6,17,0,6,99,36,18,4,2020,7,11,2,12,2,3,1,1,1,4
230028,1,1,57,1,1,11,20,20,1,0,1,0,1,0,1,998,70,219,0,4,2,2,2,8,4,1,13,1,60,0,87,22,4,2020,4,5,2,24,1,1,4,4,1,4
230029,1,1,19,1,1,11,3,2,8,0,1,0,1,0,1,998,70,180,0,0,1,2,1,2,2,14,13,0,13,99,0,27,4,2020,2,9,2,52,1,1,4,2,2,4
230030,1,1,31,1,1,11,20,8,8,0,1,0,1,0,1,998,69,155,1,0,3,2,1,2,2,14,12,1,13,99,0,27,4,2020,2,20,2,24,1,1,3,2,10,4
230031,1,1,71,1,1,11,3,20,8,0,1,0,1,0,1,998,70,200,0,0,1,2,8,2,1,11,15,0,7,99,38,2,5,2020,7,12,2,12,2,3,1,1,1,0
230032,1,1,59,1,1,11,3,1,8,0,1,0,1,0,1,998,67,150,0,0,6,2,1,2,1,1,59,0,60,0,0,28,4,2020,3,16,2,12,5,1,1,1,10,4
230033,1,1,66,1,1,11,20,20,8,0,1,0,1,0,1,998,72,290,0,4,1,2,1,8,5,14,19,1,69,0,0,2,2,2020,1,12,2,5,1,1,1,1,1,4
230039,1,1,19,1,1,11,1,20,8,0,2,0,2,0,1,998,75,145,0,0,5,3,1,2,1,15,11,0,7,99,0,16,6,2020,3,20,2,12,1,1,1,5,1,0
230044,1,1,80,2,1,11,20,8,8,0,1,0,1,0,1,998,68,120,0,5,1,2,1,8,1,3,14,0,5,0,0,3,3,2020,3,14,2,35,1,1,4,1,1,4
230045,1,1,68,1,1,11,20,20,8,0,1,0,1,0,1,998,72,180,0,3,2,2,1,8,1,14,10,1,6,99,0,4,7,2020,7,1,2,33,2,3,1,3,1,4
230047,1,1,48,2,1,11,3,20,8,0,1,0,1,0,1,998,63,120,0,0,4,1,1,8,1,1,17,0,7,0,39,7,5,2020,5,7,2,12,2,2,1,1,1,0
230052,1,1,27,1,1,11,20,20,1,0,1,0,1,0,1,998,67,185,0,0,1,2,1,2,1,14,13,1,98,99,999,27,5,2020,4,21,2,30,1,1,4,2,1,4
230059,1,1,29,1,1,11,20,20,1,0,2,0,1,0,1,998,71,160,0,0,1,2,1,8,1,1,12,0,13,92,36,26,7,2020,1,17,2,8,1,1,6,1,1,0
230068,1,1,68,2,1,11,3,20,8,0,1,0,1,0,1,998,68,250,0,0,1,2,2,8,1,14,13,0,7,99,0,22,6,2020,2,6,2,1,1,1,5,1,1,4
230070,1,1,18,1,1,11,20,8,8,0,1,0,1,0,1,998,69,175,0,3,1,2,1,8,2,14,13,0,15,99,58,9,7,2020,5,6,2,42,1,1,4,1,5,4
230072,1,1,65,1,1,11,3,1,8,0,1,0,1,0,1,998,74,195,0,0,1,4,1,8,1,14,10,1,13,99,0,16,7,2020,5,20,2,12,1,1,1,3,1,4
230083,1,1,22,1,1,11,20,20,8,0,2,0,1,0,1,998,72,174,1,0,1,2,1,2,1,6,10,1,81,99,36,23,8,2020,1,21,2,12,1,1,1,3,1,4
230084,1,1,53,1,1,11,20,20,8,0,1,0,1,0,1,998,65,190,0,0,1,3,1,2,1,1,17,0,98,99,0,26,8,2020,4,5,2,12,2,2,1,3,10,4
230089,1,1,23,2,1,11,3,20,8,0,3,0,2,0,1,998,62,150,0,0,1,5,1,2,1,1,18,0,13,0,0,15,8,2020,7,23,2,5,1,1,1,6,1,0
230104,1,1,38,1,1,11,3,20,8,0,4,0,1,0,1,998,999,999,0,0,1,2,3,2,1,14,10,0,7,3,0,26,9,2020,7,12,2,12,8,1,1,1,1,0
230113,1,1,37,1,1,11,3,1,8,0,1,0,1,0,1,998,71,165,0,0,6,2,1,2,1,14,12,0,13,99,0,26,9,2020,7,9,2,42,5,1,4,1,1,4
230128,1,1,67,1,1,11,3,20,8,0,1,0,1,0,1,998,70,185,2,0,1,4,1,2,1,11,15,0,1,99,38,8,9,2020,3,15,2,12,2,2,1,1,1,1
230141,1,1,67,1,1,11,3,1,8,0,1,0,1,0,1,998,75,240,0,0,1,2,2,2,1,14,10,1,13,99,0,4,12,2020,6,15,2,12,1,1,1,1,10,4
230153,1,1,67,1,1,11,20,1,8,0,1,0,1,0,1,998,72,195,0,3,1,2,1,2,1,1,51,1,3,99,0,19,12,2020,7,17,2,12,8,1,1,3,1,4
240001,1,1,37,2,1,11,3,20,0,0,1,0,2,0,1,998,66,180,0,0,2,4,6,2,1,15,80,0,3,0,10,2,1,2020,5,22,2,8,1,1,1,2,1,0
240002,1,1,78,1,1,11,3,20,0,0,1,0,1,0,1,998,69,150,0,0,1,4,1,2,1,11,80,0,60,0,38,6,1,2020,2,14,2,8,2,3,1,1,1,0
240003,1,1,56,2,1,11,3,20,8,0,1,0,2,0,1,998,66,140,0,0,3,2,1,2,1,3,17,1,13,0,38,9,1,2020,5,15,2,12,2,2,1,1,1,4
240005,1,1,38,1,1,11,20,8,8,0,1,0,1,0,1,998,64,163,0,0,1,2,1,2,1,1,10,1,13,0,28,8,1,2020,4,22,2,12,1,1,1,3,1,4
240006,1,1,28,1,1,11,3,20,0,0,1,0,2,0,1,998,69,185,0,0,3,3,1,2,1,1,80,0,13,99,0,15,1,2020,4,20,2,8,3,2,1,3,1,0
240007,1,1,75,1,1,11,3,20,0,0,1,0,1,0,1,998,72,300,0,0,1,4,1,2,2,1,80,0,60,99,87,14,1,2020,3,17,2,8,1,1,1,3,2,0
240008,1,1,41,1,1,11,20,1,9,0,1,0,1,0,1,998,70,175,0,4,2,2,1,2,2,14,12,1,60,99,6,18,1,2020,7,7,2,30,1,1,4,1,1,4
240009,1,1,61,1,1,11,3,20,0,0,2,0,1,0,1,998,68,180,0,0,3,2,6,2,1,1,80,0,13,0,0,16,1,2020,5,18,2,8,1,1,1,3,6,0
240012,1,1,34,2,1,11,3,20,0,0,2,0,2,0,1,998,66,190,0,0,3,2,5,2,1,1,80,0,7,99,0,22,1,2020,4,17,2,8,1,1,1,2,1,0
240013,1,1,51,1,1,11,3,20,0,0,1,0,2,0,1,998,69,190,0,0,3,5,1,2,1,1,10,0,13,0,10,4,2,2020,3,1,2,8,1,1,2,3,1,0
240014,1,1,22,2,1,11,3,20,0,0,1,0,2,0,1,998,61,130,0,0,2,3,1,2,2,1,80,0,13,0,10,5,2,2020,4,23,2,8,3,3,1,3,2,0
240015,1,1,29,1,1,11,3,1,0,0,1,0,1,0,1,998,65,152,0,0,1,2,6,2,2,14,6,1,60,99,28,1,2,2020,7,15,2,12,1,1,1,1,2,0
240016,1,1,31,1,1,11,3,1,0,0,2,0,1,0,1,998,72,230,0,0,1,4,1,2,1,11,15,0,5,97,38,3,2,2020,2,18,2,12,2,2,1,5,1,4
240018,1,1,65,1,1,11,3,8,0,0,2,0,1,0,1,998,66,134,0,0,1,2,1,2,1,1,12,0,13,99,0,7,2,2020,6,21,2,31,1,1,4,3,1,1
240019,1,1,73,1,1,11,20,20,0,0,1,0,1,0,1,998,70,160,0,0,3,2,1,2,2,11,15,0,60,0,10,9,2,2020,1,6,2,12,2,2,1,4,2,4
240020,1,1,51,1,1,11,3,1,0,0,1,0,0,0,1,998,65,150,0,0,3,6,6,2,1,11,15,1,13,0,0,9,2,2020,1,1,2,12,2,2,1,3,1,4
240021,1,1,44,1,1,11,3,20,0,0,2,0,1,0,1,998,68,145,0,0,3,2,1,2,2,1,80,0,7,99,87,12,2,2020,4,19,2,8,3,3,1,3,2,0
240022,1,1,39,1,1,11,20,1,0,0,1,0,2,0,1,998,69,165,0,0,1,2,1,2,1,1,11,1,5,99,28,19,1,2020,1,17,2,14,1,1,7,3,1,4
240024,1,1,24,1,1,11,3,1,9,0,2,0,1,0,1,998,73,150,0,0,5,5,1,2,1,12,21,0,3,99,38,9,2,2020,1,19,2,12,1,1,1,2,10,4
240025,1,1,44,1,1,11,99,8,9,0,1,0,1,0,1,998,70,170,0,0,3,2,1,2,1,1,11,1,3,99,28,15,2,2020,7,4,2,42,1,1,4,2,1,4
240026,1,1,32,1,1,11,3,20,0,0,1,0,2,0,1,998,70,185,0,0,2,2,1,2,1,1,80,0,13,0,0,21,2,2020,6,21,2,8,1,1,1,3,1,0
240027,1,1,39,1,1,11,3,20,0,0,1,0,1,0,1,998,64,145,0,0,3,4,1,2,1,99,80,0,95,99,0,22,2,2020,7,21,2,8,1,1,1,3,1,0
240032,1,1,43,1,1,11,99,1,9,0,1,0,2,0,1,998,70,160,0,0,3,2,1,2,1,1,6,1,60,0,6,3,3,2020,3,16,2,34,1,1,4,1,1,4