ST_CASE,VEH_NO,PER_NO,AGE,SEX,PER_TYP,SEAT_POS,REST_USE,AIR_BAG,DRUGS,LOCATION,NUMOCCS,HIT_RUN,OWNER,V_CONFIG,HAZ_INV,TRAV_SP,DR_HGT,DR_WGT,PREV_SPD,SPEEDREL,VTRAFWAY,VNUM_LAN,VPROFILE,VPAVETYP,VSURCOND,P_CRASH1,P_CRASH2,DR_DRINK,VPICBODYCLASS,DRDISTRACT,DRIVERRF,DAY,MONTH,YEAR,DAY_WEEK,HOUR,RUR_URB,HARM_EV,RELJCT2,TYP_INT,REL_ROAD,LGT_COND,WEATHER,INJ_SEV
240033,1,1,33,1,1,11,3,20,0,0,1,0,1,0,1,998,68,180,0,0,1,4,6,2,1,1,80,0,5,0,0,5,2,2020,4,20,2,8,1,1,1,3,10,0
240034,1,1,25,1,1,11,3,8,9,0,1,0,1,0,1,998,69,208,0,4,6,1,1,2,1,14,6,1,13,99,6,24,2,2020,2,2,2,42,5,1,4,2,1,4
240035,1,1,998,8,1,11,99,98,9,0,1,1,9,99,1,998,999,999,99,0,3,4,1,2,1,1,80,0,999,99,6,29,2,2020,7,5,2,8,1,1,1,3,1,0
240036,1,1,37,1,1,11,3,8,0,0,2,0,1,0,1,998,69,165,0,0,3,2,5,2,1,1,17,0,13,99,0,1,3,2020,1,1,2,12,2,2,1,3,1,4
240037,1,1,25,2,1,11,3,1,0,0,1,0,0,0,1,998,59,105,0,0,1,2,6,2,1,14,12,1,13,99,39,29,2,2020,7,0,2,42,1,1,4,2,1,4
240038,1,1,16,1,1,11,3,20,0,0,2,0,2,0,1,998,71,155,0,0,1,2,6,2,2,14,91,0,13,0,0,25,2,2020,3,16,2,12,1,1,1,1,5,0
240039,1,1,74,2,1,11,3,20,0,0,1,0,1,0,1,998,64,170,0,0,2,3,1,2,1,1,80,0,13,99,0,6,1,2020,2,18,2,8,3,2,1,3,1,0
240040,1,1,56,1,1,11,20,1,8,0,1,0,1,0,1,998,68,212,0,0,1,2,6,2,2,14,12,1,2,99,87,18,1,2020,7,23,2,53,1,1,4,2,98,4
240043,1,1,71,1,1,11,3,20,0,0,1,0,1,0,1,998,72,155,0,0,3,3,1,2,1,1,80,0,1,96,39,6,1,2020,2,16,2,8,2,2,1,1,1,0
240044,1,1,25,1,1,11,3,20,0,0,1,0,2,0,1,998,66,135,0,4,3,3,1,2,2,1,6,0,7,0,6,13,2,2020,5,14,2,24,1,1,3,1,10,4
240045,1,1,52,2,1,11,99,99,0,0,1,0,2,0,1,998,64,145,0,0,3,2,1,2,2,98,9,1,13,99,87,13,3,2020,6,4,2,52,1,1,4,3,2,4
240047,1,1,23,1,1,11,3,8,9,0,1,0,1,0,1,998,68,150,0,3,3,2,1,2,1,1,12,1,13,99,28,14,3,2020,7,2,2,33,3,2,3,3,1,4
240048,1,1,36,1,1,11,3,20,0,0,1,0,3,1,2,998,73,300,0,0,3,2,1,2,1,1,50,0,11,12,6,12,3,2020,5,11,2,12,2,2,1,1,10,0
240049,1,1,44,1,1,11,3,20,0,0,3,0,2,0,1,998,75,245,0,0,3,4,1,2,1,1,9,0,60,99,36,16,3,2020,2,15,2,42,1,1,3,1,1,4
240050,1,1,78,2,1,11,3,8,0,0,1,0,1,0,1,998,69,154,0,0,3,2,1,2,1,3,17,0,13,99,38,13,3,2020,6,13,2,12,2,2,1,1,1,4
240051,1,1,31,1,1,11,20,20,8,0,1,0,1,0,1,998,68,250,0,0,2,2,5,2,1,14,11,1,80,99,999,22,3,2020,1,13,2,31,1,1,4,1,1,4
240052,1,1,17,2,1,11,3,20,0,0,1,0,2,0,1,998,69,175,0,0,3,2,1,2,1,10,9,0,13,99,0,19,3,2020,5,12,2,33,3,3,4,1,1,2
240053,1,1,38,2,1,11,20,1,8,0,1,0,2,0,1,998,59,163,0,3,2,2,1,2,1,1,50,1,13,99,39,17,3,2020,3,22,2,12,3,2,1,2,1,2
240054,1,1,73,2,1,11,3,20,0,0,1,0,2,0,1,998,64,200,0,0,2,2,1,2,1,1,80,0,7,0,0,19,3,2020,5,10,2,8,3,3,1,1,10,0
240055,1,1,24,1,1,11,3,20,9,0,1,0,2,0,1,998,68,140,0,4,1,2,1,2,2,14,6,0,13,99,41,13,3,2020,6,10,2,42,1,1,4,1,1,4
240058,1,1,61,1,1,11,3,20,9,0,1,0,1,0,1,998,70,220,0,0,3,2,1,2,1,3,9,0,3,99,80,27,3,2020,6,21,2,38,1,1,4,3,1,4
240059,1,1,30,2,1,11,20,8,9,0,1,0,2,0,1,998,65,162,1,0,1,2,6,2,2,14,8,1,13,99,58,19,3,2020,5,1,2,42,1,1,4,2,2,4
240060,1,1,33,2,1,11,20,8,0,0,2,0,2,0,1,998,64,135,0,0,3,2,1,2,1,14,11,0,13,99,13,30,3,2020,2,15,2,33,1,1,4,1,1,4
240062,1,1,51,2,1,11,20,8,9,0,2,0,2,0,1,998,69,258,0,0,3,2,5,2,1,14,12,0,7,0,0,24,3,2020,3,9,2,24,1,1,3,1,1,4
240064,1,1,998,8,1,11,99,20,9,0,1,1,9,99,1,998,999,999,99,0,3,2,1,2,1,1,80,0,999,99,6,1,3,2020,1,20,2,8,3,2,1,6,1,0
240065,1,1,29,1,1,11,3,20,0,0,2,0,1,0,1,998,69,210,0,0,3,2,1,2,1,1,80,0,60,0,0,18,3,2020,4,21,2,8,3,2,1,2,1,0
240066,1,1,27,1,1,11,20,8,9,0,3,0,1,0,1,998,67,145,0,3,3,2,1,2,1,1,12,1,13,99,6,22,3,2020,1,2,2,42,1,1,3,3,1,4
240067,1,1,21,1,1,11,99,8,9,0,1,0,2,0,1,998,66,200,0,0,3,3,1,2,1,1,51,1,13,99,0,30,1,2020,5,22,2,12,3,2,1,3,1,4
240068,1,1,21,2,1,11,3,8,0,0,1,0,2,0,1,998,61,100,0,0,3,2,6,2,1,1,11,0,3,99,6,8,2,2020,7,15,2,42,1,1,4,1,1,4
240069,1,1,20,2,1,11,3,8,9,0,1,0,1,0,1,998,69,999,0,0,3,3,1,2,1,1,66,0,13,99,39,17,2,2020,2,23,2,12,2,2,1,3,1,4
240070,1,1,61,1,1,11,99,20,1,0,1,0,2,0,1,998,69,999,0,0,4,2,1,2,1,1,12,1,2,98,0,24,2,2020,2,18,2,42,1,1,4,3,1,4
240071,1,1,40,1,1,11,3,1,9,0,1,0,1,0,1,998,68,160,0,4,3,7,1,2,1,1,10,0,95,99,39,18,3,2020,4,20,2,43,1,1,1,3,10,4
240072,1,1,22,1,1,11,3,8,9,0,1,0,2,0,1,998,70,999,0,3,1,2,1,2,1,14,1,0,1,15,80,14,3,2020,7,13,2,14,1,1,4,1,1,4
240073,1,1,71,1,1,11,3,8,8,0,1,0,1,0,1,998,72,195,0,0,1,2,1,2,1,14,12,1,7,99,28,15,3,2020,1,19,2,35,1,1,4,5,1,4
240074,1,1,25,1,1,11,3,8,1,0,1,0,1,0,1,998,70,150,0,0,3,2,6,2,2,15,51,0,13,0,27,13,3,2020,6,8,2,12,1,1,1,1,98,2
240076,1,1,55,1,1,11,99,20,9,0,1,0,9,0,1,998,999,999,0,0,2,2,1,2,1,1,10,0,3,99,51,20,3,2020,6,0,2,19,1,1,4,3,1,4
240077,1,1,38,1,1,11,20,20,9,0,1,0,0,0,1,998,72,180,0,0,3,2,5,2,1,1,62,0,98,99,999,20,3,2020,6,19,2,12,2,2,1,3,1,4
240078,1,1,38,1,1,11,20,1,8,0,1,0,1,0,1,998,70,210,0,3,1,2,5,2,1,14,6,1,7,99,57,20,3,2020,6,21,2,35,1,1,4,3,1,4
240079,1,1,40,1,1,11,3,20,9,0,1,0,1,0,1,998,73,198,0,4,6,2,6,2,2,14,12,0,60,99,6,1,4,2020,4,6,2,42,5,1,4,4,10,4
240082,1,1,67,1,1,11,3,20,8,0,1,0,1,0,1,998,71,175,0,0,1,2,1,2,1,1,83,0,7,0,28,8,3,2020,1,12,2,9,1,1,1,1,1,0
240083,1,1,52,2,1,11,3,2,0,0,1,0,1,0,1,998,64,120,0,0,1,4,1,2,1,11,15,0,7,99,38,12,3,2020,5,7,2,12,2,2,1,3,1,0
240084,1,1,23,1,1,11,20,20,0,0,1,0,1,0,1,998,74,206,0,3,3,2,1,2,1,1,99,0,80,0,0,7,4,2020,3,2,2,24,19,1,4,3,1,4
240085,1,1,89,2,1,11,3,8,0,0,1,0,1,0,1,998,65,144,0,0,3,4,1,2,1,11,15,0,13,0,39,9,3,2020,2,10,2,12,2,2,1,1,1,4
240086,1,1,37,1,1,11,99,99,9,0,1,0,1,0,1,998,67,150,0,0,1,2,1,2,1,1,10,1,1,99,28,10,4,2020,6,1,2,12,1,1,1,2,1,4
240087,1,1,32,2,1,11,3,20,0,0,2,0,1,0,1,998,999,999,99,0,1,2,5,2,2,1,80,0,13,0,0,12,4,2020,1,20,2,8,1,1,1,3,2,0
240089,1,1,70,1,1,11,3,1,0,0,1,0,2,0,1,998,69,182,0,0,3,4,1,2,2,1,99,0,13,0,0,10,3,2020,3,7,2,12,1,1,1,1,2,4
240090,1,1,22,1,1,11,20,20,0,0,1,0,1,0,1,998,72,185,0,3,3,3,1,2,1,3,99,0,80,0,36,24,3,2020,3,14,2,1,1,1,1,1,1,4
240091,1,1,38,1,1,11,20,8,8,0,1,0,1,0,1,998,70,190,0,3,1,2,6,2,1,1,13,1,13,99,6,25,4,2020,7,20,2,34,1,1,4,2,10,4
240092,1,1,53,1,1,11,20,20,0,0,1,0,2,0,1,998,71,195,0,0,1,2,1,2,1,1,10,0,1,99,28,24,4,2020,6,14,2,12,1,1,1,1,1,4
240093,1,1,53,1,1,11,3,20,0,0,1,0,1,0,1,998,70,205,0,0,3,3,6,2,2,1,80,0,60,0,87,26,4,2020,1,21,2,8,1,1,1,3,2,0
240096,1,1,38,1,1,11,20,8,8,0,1,0,1,0,1,998,70,260,1,3,3,2,1,2,1,1,51,1,3,0,10,22,4,2020,4,23,2,12,1,1,1,2,1,4
240097,1,1,55,1,1,11,20,20,0,0,1,0,1,0,1,998,72,220,0,0,1,2,1,2,1,14,11,0,81,99,0,25,4,2020,7,13,2,34,1,1,4,1,1,4
240099,1,1,24,1,1,11,20,1,9,0,2,0,2,0,1,998,62,110,0,0,3,4,1,2,1,1,12,0,13,99,58,18,4,2020,7,21,2,24,5,1,3,2,1,4
240100,1,1,46,1,1,11,20,20,9,0,1,0,0,0,1,998,999,999,99,0,3,3,1,2,1,2,66,0,80,99,0,4,5,2020,2,17,2,12,2,98,1,1,1,4
240101,1,1,29,1,1,11,20,8,0,0,1,0,2,0,1,998,67,160,0,0,2,2,6,2,1,14,11,1,7,99,999,9,5,2020,7,9,2,42,1,1,4,1,1,4
240102,1,1,37,1,1,11,20,1,9,0,1,0,1,0,1,998,67,200,1,0,1,2,1,2,1,3,6,1,60,99,999,10,5,2020,1,20,2,31,1,1,4,5,1,4
240104,1,1,38,1,1,11,20,20,9,0,1,0,1,0,1,100,70,160,0,3,3,4,1,2,1,1,63,0,80,0,36,13,5,2020,4,14,2,12,7,1,1,1,1,4
240105,1,1,61,1,1,11,20,8,8,0,1,0,2,0,1,998,74,220,0,0,3,2,1,2,1,1,13,1,60,99,999,12,5,2020,3,2,2,35,1,1,4,6,1,4
240106,1,1,18,1,1,11,3,20,0,0,1,1,0,0,1,998,72,160,0,0,1,3,1,2,1,1,80,0,13,0,0,5,4,2020,1,21,2,8,3,2,1,3,98,0
240107,1,1,58,1,1,11,3,1,0,0,3,0,1,0,1,998,67,150,0,0,3,2,1,2,1,1,66,0,7,99,39,16,5,2020,7,16,2,12,2,2,1,1,1,1
240108,1,1,47,1,1,11,3,20,0,0,1,0,3,0,1,998,68,195,0,0,1,2,5,2,1,10,83,0,7,0,86,15,5,2020,6,12,2,9,8,1,1,1,1,0
240109,1,1,62,1,1,11,20,8,9,0,1,0,3,0,1,998,69,270,0,0,1,2,1,2,1,15,54,0,7,0,35,15,5,2020,6,19,2,12,1,1,1,1,1,4
240110,1,1,33,1,1,11,20,20,0,0,2,0,2,0,1,998,71,200,0,4,6,1,5,2,1,14,50,0,80,0,74,16,5,2020,7,17,2,1,20,1,1,1,1,3
240111,1,1,19,1,1,11,3,8,1,0,1,0,2,0,1,998,70,190,1,4,1,2,5,2,2,1,6,0,3,99,58,14,5,2020,5,22,2,42,1,1,4,3,10,4
240112,1,1,29,1,1,11,20,20,9,0,1,0,1,0,1,998,69,165,0,3,1,2,1,2,1,3,62,1,80,0,36,15,5,2020,6,21,2,12,8,1,1,3,1,4
240113,1,1,52,2,1,11,20,20,0,0,1,0,2,0,1,998,68,240,0,0,3,2,1,2,1,10,13,0,94,0,48,23,5,2020,7,11,2,33,3,3,3,1,1,4
240114,1,1,58,2,1,11,3,2,0,0,2,0,1,0,1,998,63,150,0,0,0,0,0,0,0,11,15,0,7,0,38,15,3,2020,1,20,2,12,8,1,1,3,1,1
240115,1,1,56,1,1,11,20,20,8,0,1,0,1,0,1,998,73,220,0,3,1,2,3,2,1,14,6,1,82,99,74,23,5,2020,7,15,2,1,1,1,4,1,1,4
240117,1,1,17,2,1,11,3,8,0,0,1,0,2,0,1,998,68,125,0,0,1,2,6,2,1,1,10,0,13,99,28,16,3,2020,2,17,2,12,1,1,1,1,10,3
240120,1,1,47,1,1,11,20,20,0,0,1,0,1,0,1,998,66,155,0,3,3,4,5,2,1,14,6,0,80,0,0,27,5,2020,4,19,2,25,1,1,3,1,1,4
240121,1,1,35,1,1,11,3,20,0,0,1,0,1,0,1,998,63,150,0,0,1,2,1,2,1,2,83,0,7,0,0,20,5,2020,4,21,2,15,1,1,1,3,1,0
240122,1,1,48,1,1,11,20,20,0,0,1,0,1,0,1,998,70,190,1,0,1,2,1,2,1,3,61,0,98,99,51,27,5,2020,4,19,2,12,3,3,1,1,1,4
240123,1,1,19,1,1,11,20,3,0,0,2,0,2,0,1,998,999,999,0,4,1,2,6,2,2,1,9,0,13,99,28,28,5,2020,5,5,2,12,1,1,1,2,10,3
240124,1,1,32,1,1,11,20,20,1,0,1,0,2,0,1,998,71,175,0,3,3,2,3,2,1,1,62,1,98,99,0,28,5,2020,5,22,2,12,2,2,1,3,1,4
240126,1,1,51,1,1,11,99,99,8,0,2,0,1,0,1,998,72,250,0,3,1,2,1,2,2,1,14,1,60,99,0,18,1,2020,7,22,2,39,1,1,4,2,10,4
240127,1,1,31,2,1,11,20,20,9,0,1,0,0,0,1,998,68,159,0,0,3,2,5,2,1,1,60,0,84,99,0,25,5,2020,2,21,2,12,2,3,1,3,1,4
240129,1,1,23,1,1,11,20,1,0,0,1,0,2,0,1,58,67,125,0,3,3,2,5,2,1,1,71,0,13,0,0,8,4,2020,4,17,2,12,4,1,1,1,1,3
240130,1,1,45,1,1,11,99,20,9,0,1,0,2,0,1,998,70,168,0,0,3,3,1,2,2,1,50,0,7,99,6,28,5,2020,5,12,2,12,3,3,1,1,10,4
240131,1,1,76,1,1,11,20,20,0,0,1,0,1,0,1,998,69,210,0,0,3,2,6,2,1,14,9,0,94,99,6,30,5,2020,7,13,2,1,1,1,1,1,1,4
240132,1,1,50,2,1,11,20,1,9,0,1,0,1,0,1,998,64,130,0,0,3,2,1,2,1,1,13,0,13,97,6,5,6,2020,6,14,2,42,1,1,4,1,1,4
240133,1,1,53,2,1,11,20,8,1,0,1,0,1,0,1,998,64,135,0,0,1,2,1,2,1,14,11,1,13,15,6,21,5,2020,5,23,2,42,1,1,4,2,98,4
240134,1,1,32,1,1,11,99,20,0,0,1,0,1,0,1,998,65,147,0,0,1,2,5,2,1,13,80,0,60,99,31,1,6,2020,2,4,2,8,1,1,1,2,1,0
240135,1,1,26,1,1,11,20,20,0,0,1,0,1,0,1,998,71,140,0,3,3,3,1,2,1,3,51,1,80,97,0,7,6,2020,1,11,2,12,1,1,1,1,1,4
240136,1,1,53,1,1,11,20,8,9,0,1,0,5,0,1,998,999,999,0,3,1,2,6,2,2,14,6,0,13,0,0,15,3,2020,1,6,2,35,1,1,4,4,2,4
240137,1,1,74,1,1,11,20,20,0,0,1,0,1,0,1,998,72,195,0,0,3,3,1,2,1,1,8,0,60,99,88,27,4,2020,2,15,2,34,1,1,4,1,1,4
240138,1,1,34,1,1,11,3,20,0,0,1,0,3,6,2,998,74,181,0,3,3,2,6,2,1,15,6,0,66,97,58,29,4,2020,4,17,2,12,1,1,1,1,10,0
240140,1,1,18,1,1,11,99,20,0,0,2,0,2,0,1,998,71,190,0,0,2,2,1,2,1,1,80,0,13,0,0,16,5,2020,7,21,2,8,1,1,1,3,1,0
240141,1,1,998,9,1,11,99,99,9,0,99,1,9,99,1,998,999,999,99,0,4,2,1,2,1,1,80,0,999,99,6,7,5,2020,5,3,2,8,1,1,1,3,1,0
240142,1,1,50,1,1,11,20,1,0,0,1,0,1,0,1,998,70,165,0,4,1,2,1,2,1,14,6,0,1,99,6,28,5,2020,5,5,2,42,1,1,4,2,1,4
240143,1,1,57,1,1,11,20,20,9,0,1,0,1,0,1,998,72,240,0,0,3,3,1,2,1,1,12,0,13,0,28,6,6,2020,7,0,2,31,1,1,3,3,10,4
240144,1,1,58,1,1,11,20,1,9,0,1,0,1,0,1,998,71,155,0,4,3,2,1,2,2,14,13,0,7,99,0,6,6,2020,7,7,2,42,1,1,4,1,10,4
240145,1,1,42,1,1,11,20,8,9,0,1,0,1,0,1,998,71,195,0,4,1,2,5,2,1,14,6,1,13,99,58,7,6,2020,1,22,2,35,1,1,4,3,1,4
240146,1,1,53,1,1,11,3,20,0,0,1,0,1,0,1,998,73,210,0,0,3,3,1,2,1,1,80,0,13,0,0,9,6,2020,3,0,2,8,1,1,1,2,1,0
240147,1,1,29,1,1,11,20,1,8,0,1,0,2,0,1,998,66,125,0,3,1,2,6,2,1,1,9,1,5,99,58,11,6,2020,5,18,2,12,1,1,1,1,98,4
240148,1,1,33,1,1,11,20,20,9,0,1,0,2,0,1,998,72,200,0,3,4,2,6,2,1,14,6,0,80,99,0,9,6,2020,3,15,2,24,1,1,4,1,1,4
240149,1,1,75,1,1,11,3,1,9,0,1,0,1,0,1,998,71,200,0,0,1,2,1,2,1,1,12,0,13,99,28,9,6,2020,3,12,2,42,1,1,4,1,1,4
240150,1,1,45,1,1,11,3,20,0,0,1,0,3,1,1,998,66,160,0,0,1,2,6,2,1,2,10,0,11,97,28,12,6,2020,6,19,2,12,2,3,1,1,1,0
240151,1,1,32,1,1,11,3,8,1,0,4,0,2,0,1,998,70,190,0,3,3,2,1,2,1,14,9,1,60,3,58,14,5,2020,5,15,2,35,1,1,4,1,1,1
240152,1,1,15,2,1,11,20,1,9,0,1,0,2,0,1,998,999,999,0,0,1,2,6,2,2,1,12,0,7,99,87,24,5,2020,1,5,2,35,1,1,4,2,2,4
240153,1,1,74,2,1,11,3,20,0,0,1,1,1,0,1,998,66,180,0,0,1,2,1,2,1,1,80,0,13,0,36,7,5,2020,5,15,2,8,1,1,1,1,1,0
240154,1,1,24,1,1,11,20,8,0,0,2,0,1,0,1,998,67,160,0,0,1,2,1,2,1,11,15,0,60,0,48,21,5,2020,5,5,2,12,2,2,1,3,1,0
240155,1,1,61,1,1,11,20,20,9,0,1,0,1,0,1,998,74,240,0,0,1,2,1,2,1,14,8,0,94,12,58,31,5,2020,1,15,2,1,1,1,4,1,1,4
240156,1,1,18,1,1,11,3,20,0,0,2,0,1,0,1,998,71,999,0,0,3,2,1,2,1,1,80,0,13,7,38,15,6,2020,2,0,2,8,3,2,1,3,1,0
240157,1,1,69,2,1,11,3,8,0,0,1,0,1,0,1,998,68,190,0,0,2,3,1,2,1,1,66,0,13,99,999,1,6,2020,2,6,2,12,2,2,1,1,1,2
240158,1,1,67,1,1,11,3,1,0,0,2,0,2,0,1,998,71,205,0,0,2,2,1,2,1,1,11,0,60,99,0,29,2,2020,7,11,2,42,1,1,4,1,1,4
240160,1,1,28,2,1,11,3,1,0,0,1,0,0,0,1,998,64,155,0,3,1,2,1,2,1,1,66,0,13,0,39,21,3,2020,7,21,2,12,2,2,1,3,1,2
240161,1,1,44,1,1,11,3,20,0,0,1,0,1,0,1,998,68,210,0,0,3,3,1,2,1,1,80,0,3,0,10,16,4,2020,5,5,2,8,3,2,1,4,1,0
240163,1,1,23,2,1,11,20,8,8,0,1,0,2,0,1,998,65,200,0,3,3,2,1,2,1,6,6,1,13,97,35,16,6,2020,3,20,2,20,1,1,4,1,1,4
240164,1,1,47,1,1,11,99,8,9,0,1,0,2,0,1,998,69,177,0,0,1,5,1,2,1,14,13,0,60,99,6,2,5,2020,7,13,2,42,1,1,4,1,10,4
240165,1,1,44,1,1,11,3,1,9,0,3,0,0,0,1,998,72,155,0,0,3,4,1,2,1,1,9,0,5,0,28,18,6,2020,5,15,2,42,1,1,3,1,1,4
240166,1,1,24,1,1,11,3,20,0,0,2,0,1,0,1,998,64,135,0,0,2,2,5,2,2,1,9,0,13,0,87,17,6,2020,4,19,2,12,1,1,1,1,2,1
240168,1,1,88,2,1,11,3,8,9,0,1,0,2,0,1,998,65,140,0,0,1,2,1,2,1,3,66,0,13,99,39,17,6,2020,4,9,2,12,2,2,1,1,1,4
240169,1,1,20,2,1,11,99,8,1,0,1,0,1,0,1,998,62,140,0,0,1,2,1,2,1,1,13,0,13,99,0,18,6,2020,5,22,2,34,1,1,4,3,1,4
240170,1,1,50,2,1,11,3,1,9,0,1,0,2,0,1,0,65,160,0,0,3,4,1,2,1,5,53,0,13,99,54,13,6,2020,7,4,2,12,1,1,1,2,1,4
240171,1,1,74,1,1,11,20,20,0,0,1,0,1,0,1,998,64,140,0,0,1,2,1,2,2,1,13,0,60,99,999,17,6,2020,4,13,2,42,1,1,4,1,2,4
240172,1,1,41,1,1,11,20,20,9,0,1,0,1,0,1,998,71,999,0,0,3,3,1,2,1,3,62,0,80,0,34,19,6,2020,6,13,2,12,8,1,2,1,1,4
240173,1,1,32,1,1,11,20,8,8,0,1,0,2,0,1,998,70,180,0,4,1,2,3,2,1,14,13,1,13,0,41,26,6,2020,6,21,2,1,1,1,1,2,1,4
240174,1,1,20,2,1,11,3,8,0,0,2,0,2,0,1,998,64,124,0,0,3,3,5,2,1,15,51,1,13,99,0,22,6,2020,2,1,2,12,1,1,1,2,1,1
240177,1,1,36,1,1,11,3,20,0,0,1,0,2,0,1,998,73,230,0,0,3,4,1,2,1,1,80,0,13,0,0,27,6,2020,7,22,2,8,1,1,1,2,10,0
240178,1,1,26,1,1,11,20,20,9,0,1,0,2,0,1,998,67,180,0,4,3,3,1,2,1,6,11,0,69,99,36,29,6,2020,2,11,2,12,2,3,1,1,1,4
240179,1,1,73,1,1,11,3,20,9,0,1,0,2,0,1,998,71,200,0,0,2,2,3,2,2,14,9,0,60,99,87,28,6,2020,1,10,2,1,1,1,4,1,2,4
240180,1,1,23,1,1,11,20,8,9,0,4,0,1,0,1,998,71,150,1,3,3,3,1,2,1,1,11,1,5,99,58,27,6,2020,7,1,2,31,1,1,4,3,10,4
240181,1,1,33,2,1,11,3,20,0,0,1,0,1,0,1,998,64,130,0,0,3,4,1,2,1,1,83,0,7,99,28,2,7,2020,5,8,2,9,3,3,1,1,1,0
240183,1,1,38,1,1,11,3,1,9,0,1,0,1,0,1,998,74,200,0,3,3,2,1,2,1,15,13,0,7,99,41,2,7,2020,5,0,2,8,1,1,2,3,1,2
240184,1,1,24,1,1,11,3,1,0,0,2,0,1,0,1,998,72,150,0,3,1,4,1,2,1,1,51,0,13,99,74,21,3,2020,7,12,2,12,8,1,1,1,1,3
240186,1,1,54,1,1,11,20,8,8,0,1,0,0,0,1,998,66,200,0,0,1,2,1,2,1,3,66,1,60,97,39,3,7,2020,6,17,2,12,2,3,1,1,1,4
240187,1,1,62,2,1,11,20,2,9,0,2,0,1,0,1,998,65,190,0,3,2,2,5,2,1,14,6,0,7,99,36,9,7,2020,5,16,2,30,1,1,4,1,1,4
240188,1,1,51,2,1,11,3,1,9,0,1,0,2,0,1,0,65,150,0,0,3,4,1,2,1,5,53,0,13,0,54,8,7,2020,4,22,2,12,1,1,1,2,1,4
240189,1,1,48,1,1,11,20,20,0,0,1,0,1,0,1,998,69,160,0,3,3,3,5,2,1,15,98,0,80,97,82,13,6,2020,7,22,2,44,1,1,1,2,1,4
240190,1,1,30,2,1,11,3,20,0,0,1,0,1,0,1,998,63,110,0,0,1,2,1,2,1,11,15,0,7,0,0,2,7,2020,5,19,2,12,2,2,1,1,1,0
240191,1,1,65,1,1,11,99,20,0,0,1,0,1,0,1,998,71,165,0,0,1,3,1,2,1,1,9,1,60,97,6,2,7,2020,5,14,2,8,3,2,4,1,1,0
240192,1,1,88,1,1,11,3,8,0,0,1,0,1,0,1,998,66,151,0,0,2,2,6,2,2,10,11,0,7,0,87,13,4,2020,2,12,2,24,3,3,4,1,2,4
240193,1,1,26,1,1,11,99,20,9,0,3,1,0,0,1,998,66,120,0,0,1,2,1,2,2,1,80,0,3,99,6,4,6,2020,5,20,2,8,1,1,1,3,2,0
240194,1,1,33,1,1,11,99,99,9,0,2,0,2,0,1,998,999,999,99,3,1,2,5,2,1,6,54,1,13,99,36,31,5,2020,1,22,2,12,1,1,1,3,1,4
240195,1,1,63,1,1,11,3,1,9,0,1,0,1,0,1,998,67,150,0,0,1,2,5,2,1,1,13,1,7,99,0,20,6,2020,7,23,2,42,1,1,4,2,1,4
240196,1,1,28,2,1,11,3,20,9,0,1,1,1,0,1,998,64,116,0,0,5,5,1,2,1,1,81,0,13,0,0,29,6,2020,2,21,2,8,1,1,1,2,1,0
240198,1,1,31,1,1,11,3,20,0,0,1,0,1,0,1,998,72,180,0,0,3,4,1,2,1,1,83,0,7,0,10,7,7,2020,3,3,2,9,2,3,1,3,10,0
240199,1,1,28,1,1,11,3,20,0,0,1,0,3,0,1,998,71,165,0,0,3,2,6,2,1,1,80,1,60,0,0,9,7,2020,5,16,2,8,1,1,1,1,1,0
240201,1,1,30,2,1,11,3,20,0,0,1,0,1,0,1,998,68,210,0,0,3,4,1,2,1,1,80,0,13,7,0,12,7,2020,1,16,2,8,1,1,1,1,10,0
240202,1,1,20,1,1,11,99,8,9,0,1,0,2,0,1,90,69,155,0,2,3,2,6,2,1,14,6,0,13,0,58,16,7,2020,5,13,2,42,1,1,4,1,1,4
240203,1,1,36,1,1,11,20,20,8,0,1,0,1,0,1,998,71,190,0,3,6,2,6,2,1,14,6,1,82,99,0,16,7,2020,5,0,2,1,3,4,1,3,1,4
240204,1,1,22,1,1,11,20,20,8,0,1,0,2,0,1,998,66,130,0,4,6,1,1,2,1,14,6,0,60,99,6,17,7,2020,6,9,2,24,5,1,4,1,1,4
240207,1,1,35,1,1,11,20,1,9,0,1,0,1,0,1,998,72,170,0,0,1,3,6,2,1,1,13,1,7,99,0,17,7,2020,6,20,2,30,1,1,4,5,1,4
240209,1,1,35,1,1,11,3,20,0,0,1,0,1,0,1,998,75,193,0,4,2,3,1,2,2,1,6,0,13,0,87,10,7,2020,6,5,2,14,5,1,2,4,2,2
240211,1,1,31,1,1,11,20,20,9,0,1,0,1,0,1,998,70,150,1,3,3,3,1,2,1,1,60,0,80,0,35,25,7,2020,7,23,2,12,3,3,1,3,1,4
240213,1,1,60,1,1,11,20,8,0,0,1,0,1,0,1,998,999,999,99,0,3,3,6,2,1,1,17,0,13,99,0,28,7,2020,3,9,2,12,2,3,1,1,1,3
240217,1,1,21,1,1,11,3,8,9,0,1,0,1,0,1,998,70,185,0,4,3,3,1,2,1,1,6,1,13,93,6,20,7,2020,2,1,2,33,1,1,1,2,1,4
240220,1,1,47,1,1,11,20,20,0,0,1,0,2,0,1,998,72,230,0,0,1,2,1,2,1,3,9,0,81,0,0,27,6,2020,7,19,2,1,1,1,1,1,1,4