ST_CASE,VEH_NO,PER_NO,AGE,SEX,PER_TYP,SEAT_POS,REST_USE,AIR_BAG,DRUGS,LOCATION,NUMOCCS,HIT_RUN,OWNER,V_CONFIG,HAZ_INV,TRAV_SP,DR_HGT,DR_WGT,PREV_SPD,SPEEDREL,VTRAFWAY,VNUM_LAN,VPROFILE,VPAVETYP,VSURCOND,P_CRASH1,P_CRASH2,DR_DRINK,VPICBODYCLASS,DRDISTRACT,DRIVERRF,DAY,MONTH,YEAR,DAY_WEEK,HOUR,RUR_URB,HARM_EV,RELJCT2,TYP_INT,REL_ROAD,LGT_COND,WEATHER,INJ_SEV
240221,1,1,21,1,1,11,3,8,8,0,3,0,1,0,1,998,63,92,0,0,1,2,5,2,1,14,11,1,3,99,36,14,7,2020,3,3,2,42,1,1,4,3,98,3
240222,1,1,37,1,1,11,20,20,0,0,1,0,0,0,1,998,76,160,0,0,1,2,5,2,1,1,10,0,7,0,0,3,7,2020,6,0,2,12,1,1,1,2,1,3
240223,1,1,42,1,1,11,3,8,9,0,4,0,1,0,1,998,72,270,0,3,1,2,6,2,1,14,6,0,13,99,36,6,7,2020,2,21,2,12,1,1,1,2,10,4
240225,1,1,54,1,1,11,20,20,0,0,2,0,2,0,1,998,73,275,0,0,2,2,1,2,2,1,13,0,2,99,0,31,7,2020,6,13,2,42,1,1,4,1,2,4
240226,1,1,32,1,1,11,20,20,1,0,1,0,5,0,1,998,73,195,0,3,2,2,1,2,1,1,64,0,80,99,74,1,8,2020,7,14,2,12,1,1,1,1,1,4
240227,2,1,34,1,1,11,3,20,0,0,1,0,3,6,1,998,72,210,0,0,3,4,1,2,1,1,50,0,66,0,0,28,7,2020,3,22,2,12,1,1,1,2,1,0
240228,1,1,60,1,1,11,3,20,0,0,1,0,1,4,1,998,72,160,0,0,2,5,1,2,1,11,15,0,60,0,48,26,6,2020,6,16,2,12,2,3,1,1,1,0
240229,1,1,23,1,1,11,20,8,9,0,1,0,2,0,1,998,75,150,0,0,3,3,1,2,1,15,53,0,7,99,36,18,7,2020,7,11,2,12,1,1,1,1,1,4
240231,1,1,40,2,1,11,3,1,1,0,1,0,2,0,1,998,63,115,0,0,1,2,1,2,1,14,10,0,13,0,28,30,6,2020,3,10,2,12,1,1,1,1,1,4
240232,1,1,71,1,1,11,3,20,0,0,2,0,0,0,1,998,68,160,0,0,3,2,6,2,1,98,1,0,60,0,80,3,8,2020,2,15,2,35,1,1,4,1,10,4
240233,1,1,46,1,1,11,3,20,0,0,1,0,2,0,1,998,999,999,0,0,3,2,1,2,1,1,80,0,13,99,0,2,8,2020,1,0,2,8,1,1,1,2,10,0
240234,1,1,27,1,1,11,99,1,1,0,1,0,1,0,1,998,63,200,0,3,2,2,1,2,1,14,12,1,13,99,0,22,7,2020,4,5,2,30,1,1,4,3,1,4
240236,1,1,94,1,1,11,3,1,8,0,2,0,1,0,1,998,70,185,0,0,1,2,1,2,1,11,15,0,13,99,38,5,8,2020,4,15,2,12,2,3,1,1,1,4
240237,1,1,82,2,1,11,3,20,0,0,2,0,1,0,1,998,63,200,0,0,3,2,1,2,1,3,83,0,7,0,10,2,8,2020,1,11,2,9,3,2,1,1,1,0
240238,1,1,34,1,1,11,99,99,9,0,1,0,2,0,1,998,70,165,1,0,3,3,1,2,1,1,12,0,60,99,39,8,8,2020,7,17,2,33,3,4,3,1,1,4
240239,1,1,25,1,1,11,20,1,8,0,1,0,2,0,1,998,72,160,0,0,1,2,1,2,1,1,11,1,13,99,0,10,8,2020,2,22,2,53,1,1,4,2,1,4
240240,1,1,21,1,1,11,3,20,0,0,1,0,1,0,1,998,69,115,0,0,1,2,1,2,1,1,80,0,3,0,0,1,8,2020,7,22,2,8,8,1,1,2,1,0
240241,1,1,39,2,1,11,3,1,1,0,1,0,1,0,1,998,69,268,0,0,3,4,1,2,1,1,13,0,13,97,0,13,8,2020,5,15,2,14,1,1,2,1,10,3
240242,1,1,48,2,1,11,3,20,0,0,2,0,2,0,1,998,65,228,0,0,3,2,1,2,1,1,80,0,13,0,0,1,8,2020,7,23,2,8,1,1,1,2,1,0
240243,1,1,38,1,1,11,3,8,9,0,2,0,2,0,1,70,67,155,0,3,3,2,6,2,1,1,6,0,13,0,85,11,8,2020,3,16,2,42,1,1,4,1,1,4
240244,1,1,998,8,1,11,99,1,9,0,1,1,9,0,1,998,999,999,99,0,3,2,1,2,1,99,80,0,13,99,6,9,8,2020,1,23,2,8,1,1,1,3,1,0
240246,1,1,998,8,1,11,99,20,9,0,99,1,9,99,1,998,999,999,99,9,3,4,1,2,1,15,80,0,999,99,999,13,8,2020,5,4,2,8,1,1,1,2,1,0
240247,1,1,26,1,1,11,20,9,8,0,3,0,1,0,1,998,69,175,0,0,3,2,5,2,2,1,9,1,13,99,87,15,8,2020,7,4,2,42,1,1,4,3,2,4
240248,1,1,53,1,1,11,20,1,0,0,1,0,2,0,1,998,72,180,1,0,1,2,1,2,1,11,15,0,13,0,38,17,8,2020,2,20,2,12,3,3,1,2,1,4
240250,1,1,36,1,1,11,3,1,9,0,1,0,1,0,1,998,70,200,0,0,4,3,1,2,2,1,51,0,13,0,87,15,8,2020,7,4,2,12,1,1,1,2,2,0
240251,1,1,73,1,1,11,3,1,0,0,2,0,1,0,1,998,73,210,0,0,1,2,1,2,1,11,15,0,60,0,38,12,8,2020,4,6,2,12,2,3,1,4,1,4
240252,1,1,52,1,1,11,3,20,0,0,2,0,1,0,1,998,67,170,0,0,3,4,1,2,2,1,80,0,13,99,0,14,8,2020,6,20,2,8,1,1,1,3,2,0
240253,1,1,78,1,1,11,3,20,0,0,1,0,1,0,1,998,70,200,0,0,1,2,5,2,1,1,83,0,5,0,38,1,8,2020,7,14,2,9,1,1,1,1,10,0
240255,1,1,31,2,1,11,20,1,0,0,1,0,1,0,1,998,69,200,0,0,3,2,1,2,2,1,91,1,13,0,87,4,8,2020,3,9,2,16,1,1,1,1,6,4
240257,1,1,43,1,1,11,3,8,8,0,1,0,2,0,1,998,71,170,0,0,2,2,5,2,1,14,50,0,13,99,0,20,8,2020,5,10,2,12,3,3,1,1,1,4
240259,1,1,35,2,1,11,3,2,0,0,1,0,1,0,1,998,65,125,0,0,1,2,1,2,1,11,15,0,7,0,38,27,8,2020,5,21,2,12,2,2,1,3,1,0
240260,1,1,23,1,1,11,20,1,8,0,1,0,1,0,1,998,67,125,0,0,2,2,1,2,1,99,50,0,60,0,0,27,8,2020,5,8,2,12,2,2,1,1,1,4
240262,1,1,51,1,1,11,20,1,9,0,1,0,3,0,1,998,72,999,0,0,1,2,1,2,98,3,51,1,13,0,0,21,8,2020,6,21,2,12,1,1,1,3,1,4
240263,1,1,20,1,1,11,20,20,0,0,1,0,1,0,1,998,68,150,0,4,3,3,1,2,1,14,6,0,80,0,58,22,8,2020,7,21,2,24,1,1,4,2,1,4
240264,1,1,46,2,1,11,3,2,0,0,1,0,2,0,1,998,65,135,0,0,1,2,6,2,1,11,15,0,7,0,39,23,8,2020,1,21,2,12,2,3,1,3,1,0
240265,1,1,21,2,1,11,3,20,0,0,1,0,2,0,1,998,66,110,0,0,5,2,1,2,1,1,80,0,7,0,0,21,8,2020,6,23,2,8,1,1,1,2,1,0
240266,1,1,47,1,1,11,3,20,0,0,3,0,2,0,1,998,62,238,0,0,3,3,1,2,1,15,80,0,7,0,0,19,8,2020,4,23,2,8,1,1,1,2,1,0
240267,1,1,33,1,1,11,20,20,9,0,1,0,1,0,1,998,70,150,0,0,1,2,1,2,1,3,11,1,80,99,0,30,8,2020,1,20,2,14,1,1,7,3,1,4
240268,1,1,20,1,1,11,3,3,0,0,1,0,1,0,1,998,75,185,0,0,3,2,1,2,1,1,11,0,60,99,28,29,8,2020,7,6,2,12,1,1,2,4,1,2
240270,1,1,57,1,1,11,3,20,0,0,1,0,1,0,1,998,69,200,0,0,3,4,1,2,1,1,80,0,13,0,10,28,8,2020,6,6,2,8,1,1,1,3,1,0
240271,1,1,46,1,1,11,20,8,8,0,1,0,2,0,1,998,72,205,0,0,1,2,5,2,1,1,10,1,13,99,28,30,8,2020,1,22,2,12,1,1,1,6,1,4
240272,1,1,39,1,1,11,99,8,9,0,1,0,0,0,1,998,74,999,0,0,1,3,6,2,2,1,11,1,2,99,87,22,8,2020,7,2,2,33,3,2,4,3,2,4
240273,1,1,64,2,1,11,3,20,0,0,1,1,1,0,1,998,60,175,0,0,1,2,1,2,2,1,80,0,7,0,87,29,8,2020,7,0,2,8,1,1,1,2,2,0
240274,1,1,998,8,1,11,99,20,9,0,1,1,9,99,1,998,999,999,99,0,1,2,1,2,1,99,80,0,999,99,0,10,3,2020,3,23,2,8,1,1,1,2,1,0
240275,1,1,29,1,1,11,20,8,0,0,1,0,0,0,1,998,72,225,2,3,1,2,1,2,1,1,51,1,13,99,0,8,6,2020,2,21,2,14,1,1,1,3,1,4
240276,1,1,998,9,1,11,99,20,9,0,1,1,9,99,1,998,999,999,99,0,1,2,1,2,2,99,80,0,999,99,87,31,3,2020,3,22,2,8,1,1,2,3,2,0
240278,1,1,43,1,1,11,20,20,8,0,1,0,1,0,1,998,69,210,1,4,1,2,1,2,1,14,87,1,94,99,83,6,9,2020,1,0,2,42,1,1,4,2,1,4
240280,1,1,55,1,1,11,20,20,0,0,1,0,1,0,1,998,71,160,0,3,1,2,3,2,1,1,62,1,80,99,0,8,7,2020,4,19,2,12,2,2,1,1,1,4
240281,1,1,28,2,1,11,3,1,0,0,1,0,1,0,1,998,70,135,0,0,3,4,1,2,1,1,66,1,13,99,6,28,7,2020,3,19,2,12,2,2,1,3,10,0
240282,1,1,47,2,1,11,3,8,9,0,1,0,1,0,1,998,62,145,0,0,1,2,1,2,1,1,10,0,7,99,28,30,7,2020,5,20,2,12,1,1,1,3,10,3
240283,1,1,34,1,1,11,3,99,1,0,1,0,9,0,1,998,72,198,0,0,2,2,1,2,1,1,10,1,13,99,28,2,8,2020,1,19,2,12,1,1,1,1,1,4
240284,1,1,66,1,1,11,3,8,0,0,2,0,2,0,1,998,999,999,99,0,3,2,3,2,1,3,17,0,7,99,74,7,8,2020,6,9,2,12,2,2,1,1,1,4
240285,1,1,19,1,1,11,20,2,9,0,1,0,0,0,1,998,72,181,0,3,1,5,1,2,1,3,51,0,7,99,26,15,8,2020,7,18,2,12,1,1,1,1,1,4
240286,1,1,70,1,1,11,3,20,8,0,1,0,1,0,1,998,71,185,0,0,3,3,1,2,2,1,80,1,13,99,0,6,7,2020,2,23,2,8,1,1,1,3,2,0
240287,1,1,30,1,1,11,3,20,0,0,1,0,1,0,1,998,70,205,0,0,1,2,1,2,2,1,80,0,7,0,87,22,8,2020,7,5,2,8,1,1,1,2,2,0
240288,1,1,30,2,1,11,3,2,0,0,2,0,1,0,1,998,63,170,0,0,1,2,1,2,1,1,17,0,7,13,39,10,8,2020,2,13,2,12,2,2,1,1,1,2
240289,1,1,35,1,1,11,3,1,0,0,1,0,1,0,1,998,74,999,0,4,2,2,6,2,2,14,10,0,13,0,87,1,9,2020,3,11,2,12,3,3,1,1,10,0
240290,1,1,31,1,1,11,20,8,0,0,5,0,2,0,1,998,72,190,0,0,3,3,1,2,1,11,66,0,8,0,0,29,3,2020,1,21,2,12,2,2,99,3,1,0
240291,1,1,24,1,1,11,3,20,0,0,1,0,0,0,1,998,72,248,0,0,2,2,6,2,1,1,83,0,13,0,0,12,6,2020,6,2,2,15,2,2,1,3,1,0
240292,1,1,48,2,1,11,3,1,8,0,1,0,2,0,1,998,68,199,0,0,3,3,1,2,1,1,67,1,13,99,39,26,8,2020,4,22,2,12,2,3,1,3,1,1
240293,1,1,29,1,1,11,20,20,0,0,1,0,0,0,1,998,64,150,0,0,3,3,1,2,1,1,50,0,13,99,6,8,9,2020,3,5,2,12,1,1,1,2,1,4
240294,1,1,35,1,1,11,99,20,9,0,1,1,3,1,1,998,71,198,0,0,1,2,1,2,1,1,80,0,11,0,10,28,2,2020,6,1,2,8,1,1,1,3,1,0
240295,1,1,998,8,1,11,99,99,9,0,1,1,9,99,1,998,999,999,99,0,4,4,1,2,1,99,80,0,999,99,0,12,5,2020,3,17,2,8,1,1,1,1,1,0
240296,1,1,28,1,1,11,99,8,9,0,1,0,1,0,1,998,70,175,0,3,3,3,1,2,1,3,51,1,13,99,26,6,9,2020,1,23,2,12,1,1,1,2,1,4
240297,1,1,25,2,1,11,3,8,9,0,2,0,2,0,1,998,64,130,0,0,3,2,1,2,1,3,62,1,3,99,0,9,9,2020,4,18,2,12,2,2,1,1,1,4
240299,1,1,36,1,1,11,20,20,9,0,1,0,9,0,1,998,999,999,99,0,3,3,1,2,1,1,62,0,84,99,39,7,9,2020,2,19,2,12,2,2,1,3,1,4
240300,1,1,34,1,1,11,3,20,0,0,1,0,1,0,1,998,73,165,0,0,3,2,1,2,2,1,80,0,13,0,10,3,9,2020,5,22,2,8,1,1,1,3,1,0
240301,1,1,41,1,1,11,20,1,0,0,1,0,1,0,1,998,60,240,0,0,3,4,1,2,1,1,50,0,9,99,6,12,9,2020,7,2,2,12,3,2,1,3,1,4
240302,1,1,31,1,1,11,3,20,8,0,3,0,1,0,1,998,70,152,0,0,3,4,1,2,2,6,13,1,13,97,87,9,9,2020,4,21,2,8,1,1,2,2,2,0
240303,1,1,49,2,1,11,3,8,9,0,1,0,1,0,1,998,63,136,0,0,3,2,1,2,1,12,21,0,13,99,48,16,9,2020,4,7,2,12,1,1,1,1,1,4
240304,1,1,35,1,1,11,20,20,0,0,1,0,0,0,1,998,67,160,0,0,6,2,3,2,1,14,10,1,80,0,6,7,9,2020,2,23,2,24,5,1,4,2,1,4
240306,1,1,26,1,1,11,20,20,8,0,1,0,1,0,1,998,73,180,0,4,3,2,1,2,1,3,6,1,80,99,6,27,8,2020,5,0,2,31,1,1,3,2,1,4
240307,1,1,26,1,1,11,20,1,9,0,2,0,2,0,1,998,65,125,0,3,1,2,1,2,1,1,66,0,13,99,74,16,7,2020,5,16,2,12,2,2,1,1,1,2
240308,1,1,26,1,1,11,20,2,0,0,2,0,2,0,1,998,69,175,0,0,3,3,1,2,2,99,9,1,13,99,87,6,6,2020,7,2,2,33,1,1,4,3,1,4
240309,1,1,19,1,1,11,3,20,0,0,3,0,3,0,1,998,73,195,0,0,3,2,5,2,2,1,80,0,9,0,87,31,8,2020,2,22,2,8,1,1,1,2,2,0
240310,1,1,35,1,1,11,20,20,0,0,1,0,1,0,1,998,65,180,0,0,3,3,1,2,1,1,80,0,98,0,0,25,8,2020,3,21,2,8,1,1,1,3,1,3
240311,1,1,85,1,1,11,20,1,0,0,1,0,1,0,1,998,75,195,0,0,2,2,2,2,1,1,54,0,13,97,50,1,8,2020,7,14,2,12,1,1,1,1,1,4
240312,1,1,25,1,1,11,3,1,0,0,1,0,2,0,1,998,69,170,0,0,1,3,6,2,1,2,67,0,7,15,39,17,9,2020,5,11,2,12,2,2,1,1,10,2
240314,1,1,24,1,1,11,20,20,8,0,1,0,1,0,1,998,71,160,0,3,5,3,1,2,1,1,66,0,80,99,41,23,9,2020,4,15,2,12,2,2,1,1,1,4
240315,1,1,41,1,1,11,20,20,1,0,1,0,1,0,1,998,71,275,0,3,1,2,1,2,1,1,6,1,94,99,36,15,9,2020,3,19,2,33,3,2,4,2,1,4
240316,1,1,27,1,1,11,20,8,9,0,1,0,1,0,1,998,76,200,0,0,1,2,1,2,1,14,10,1,3,0,28,16,9,2020,4,14,2,12,1,1,1,1,1,4
240317,1,1,24,1,1,11,3,20,0,0,1,0,1,0,1,998,72,155,0,0,2,2,3,2,1,1,87,0,13,0,0,24,9,2020,5,6,2,11,1,1,1,3,1,0
240318,1,1,33,1,1,11,3,99,0,0,1,0,1,0,1,998,71,198,0,0,3,4,1,2,1,1,50,0,13,0,10,20,9,2020,1,0,2,12,1,1,1,2,1,0
240319,1,1,69,1,1,11,20,20,0,0,1,0,1,0,1,998,69,185,0,0,1,2,2,2,1,14,10,0,81,99,28,2,5,2020,7,16,2,12,1,1,1,1,1,4
240320,1,1,29,1,1,11,99,8,9,0,2,1,0,0,1,998,72,275,0,0,1,2,1,2,1,6,54,0,7,99,74,22,9,2020,3,13,2,12,1,1,1,1,1,1
240321,1,1,34,1,1,11,3,20,0,0,1,0,1,0,1,998,66,235,0,0,2,3,1,2,1,1,80,0,13,96,0,5,9,2020,7,22,2,8,1,1,1,3,1,0
240322,1,1,35,1,1,11,20,20,1,0,1,1,2,0,1,998,66,125,0,0,1,2,1,2,1,1,83,1,13,0,74,31,8,2020,2,21,2,9,1,1,1,2,1,0
240324,1,1,24,1,1,11,20,20,0,0,2,0,1,0,1,998,72,175,0,3,1,2,1,2,1,6,65,0,81,0,74,11,8,2020,3,17,2,12,2,3,1,1,1,3
240327,1,1,17,1,1,11,3,8,0,0,1,0,3,0,1,998,70,170,0,0,3,2,1,2,1,1,62,0,7,99,38,22,9,2020,3,21,2,12,2,2,1,3,1,4
240328,1,1,26,1,1,11,20,1,9,0,1,0,2,0,1,998,74,185,1,4,3,3,1,2,2,1,6,1,3,0,87,26,9,2020,7,2,2,33,3,2,3,3,2,4
240329,1,1,84,2,1,11,20,8,0,0,3,0,1,0,1,998,64,160,0,0,1,2,6,2,1,14,13,0,13,99,0,23,7,2020,5,15,2,14,1,1,5,1,1,4
240330,1,1,60,1,1,11,3,1,0,0,1,0,1,0,1,998,72,250,0,0,1,4,1,2,1,1,10,0,7,0,28,20,8,2020,5,18,2,12,1,1,1,1,1,2
240331,1,1,26,1,1,11,3,20,0,0,2,0,1,0,1,998,74,180,0,0,1,2,1,2,1,1,67,0,7,0,0,26,8,2020,4,17,2,12,2,3,1,1,1,0
240332,1,1,23,2,1,11,99,8,9,0,1,0,2,0,1,998,999,999,99,0,2,2,1,2,1,1,50,0,13,12,51,9,9,2020,4,16,2,12,8,1,1,1,10,4
240334,1,1,27,1,1,11,3,20,0,0,1,0,1,0,1,998,72,179,0,0,1,2,1,2,1,1,80,0,7,0,0,28,9,2020,2,21,2,8,3,2,1,3,1,0
240335,1,1,61,1,1,11,3,8,0,0,2,0,2,0,1,998,66,170,0,0,3,2,1,2,1,3,17,0,13,0,38,12,9,2020,7,22,2,12,7,1,1,2,1,3
240336,1,1,24,1,1,11,3,20,0,0,1,0,1,0,1,998,71,195,0,0,1,2,6,2,1,2,80,0,13,0,0,30,9,2020,4,19,2,8,3,2,1,2,1,2
240337,1,1,57,1,1,11,3,8,0,0,2,0,3,0,1,998,74,255,0,0,3,3,1,2,1,1,50,0,2,0,6,1,10,2020,5,5,2,12,3,2,1,3,1,0
240338,1,1,998,8,1,11,99,20,9,0,99,1,9,99,1,998,999,999,99,0,3,4,1,2,2,1,12,0,999,96,6,27,9,2020,1,21,2,8,1,1,2,3,1,0
240339,1,1,37,1,1,11,3,20,0,0,1,0,1,0,1,998,69,185,1,0,3,4,1,2,1,1,80,0,13,0,0,3,10,2020,7,1,2,8,1,1,1,3,1,0
240340,1,1,59,1,1,11,20,20,8,0,1,0,1,0,1,998,66,999,0,3,4,2,6,2,1,14,12,1,94,99,0,4,10,2020,1,2,2,31,1,1,4,3,1,4
240341,1,1,46,1,1,11,3,8,0,0,2,0,3,6,1,998,999,999,99,4,3,3,1,2,2,1,50,0,66,97,87,5,10,2020,2,6,2,12,1,1,1,4,2,1
240342,1,1,21,2,1,11,3,8,9,0,3,0,1,0,1,998,63,158,0,0,8,2,1,2,1,3,17,0,13,99,39,5,10,2020,2,11,2,12,2,3,1,1,1,4
240343,1,1,35,1,1,11,20,20,0,0,1,0,2,0,1,998,73,160,0,4,3,4,1,2,1,1,6,1,80,99,0,4,10,2020,1,0,2,12,1,1,1,2,1,4
240344,1,1,57,1,1,11,3,20,0,0,4,0,1,0,1,998,72,210,0,0,5,2,3,2,1,1,13,0,7,99,6,4,10,2020,1,17,2,8,3,3,2,1,1,0
240345,1,1,73,1,1,11,20,20,0,0,1,0,1,0,1,998,69,190,0,0,3,2,1,2,1,1,13,0,7,99,13,4,10,2020,1,19,2,42,1,1,4,3,1,4
240346,1,1,57,2,1,11,3,8,0,0,1,0,1,0,1,998,65,285,0,0,1,3,1,2,1,11,15,0,13,0,38,3,10,2020,7,14,2,12,2,3,1,1,1,2
240348,1,1,20,1,1,11,20,20,8,0,2,0,2,0,1,998,69,210,0,0,1,2,1,2,1,99,11,1,7,99,999,10,10,2020,7,23,2,40,1,1,4,2,1,4
240349,1,1,50,1,1,11,20,1,8,0,1,0,1,0,1,998,70,999,0,0,3,4,1,2,1,3,13,0,3,0,0,9,10,2020,6,11,2,34,1,1,4,1,1,4
240350,1,1,28,1,1,11,20,1,0,0,1,0,1,0,1,998,74,270,0,0,1,2,6,2,2,14,12,1,13,0,87,12,10,2020,2,17,2,35,1,1,4,1,2,4
240353,1,1,42,1,1,11,3,8,0,0,1,0,3,0,1,998,76,280,0,0,1,2,1,2,1,1,54,0,60,0,0,7,10,2020,4,16,2,12,1,1,1,1,1,0
240354,1,1,27,1,1,11,20,1,8,0,3,0,2,0,1,998,62,140,0,0,2,2,1,2,1,1,10,1,7,0,999,4,3,2020,4,22,2,12,2,2,1,3,1,4
240355,1,1,57,1,1,11,3,20,0,0,1,0,1,0,1,998,73,210,0,0,2,3,1,2,2,1,80,0,7,0,0,28,5,2020,5,10,2,8,3,2,1,1,10,0
240356,1,1,39,1,1,11,20,8,8,0,1,0,1,0,1,998,72,180,0,3,3,3,1,2,1,1,6,1,60,99,36,5,10,2020,2,23,2,24,5,1,3,2,10,4
240357,1,1,998,8,1,11,99,20,9,0,99,1,9,99,1,999,999,999,99,0,1,2,6,2,1,99,80,0,999,99,999,20,9,2020,1,0,2,8,1,1,1,3,1,0
240358,1,1,57,1,1,11,3,8,8,0,1,0,0,0,1,998,69,170,0,4,3,4,1,2,2,1,9,1,7,99,87,1,10,2020,5,22,2,12,1,1,1,3,2,4
240359,1,1,32,1,1,11,20,20,0,0,1,0,1,0,1,998,67,160,0,4,3,3,1,2,1,3,6,0,80,0,36,28,9,2020,2,22,2,12,1,1,1,3,1,4
240362,1,1,23,2,1,11,3,8,0,0,1,0,1,0,1,998,62,190,1,3,3,2,1,2,1,1,66,0,13,99,39,20,7,2020,2,4,2,12,2,2,1,3,1,4
240364,1,1,33,1,1,11,20,8,9,0,1,0,0,0,1,998,70,140,0,0,3,2,4,2,1,3,12,0,3,99,6,30,9,2020,4,22,2,33,3,3,3,3,1,4
240365,1,1,54,1,1,11,99,99,9,0,1,0,1,0,1,998,70,250,0,0,1,2,1,2,2,1,9,0,7,99,6,26,9,2020,7,7,2,30,1,1,4,1,10,4
240367,1,1,83,1,1,11,3,8,0,0,1,0,1,0,1,998,63,170,0,0,1,2,1,2,1,11,15,0,13,0,38,8,10,2020,5,10,2,12,2,2,1,1,98,4
240368,1,1,26,1,1,11,99,20,9,0,2,0,2,0,1,998,71,160,2,0,5,5,1,2,1,99,83,0,5,99,0,9,10,2020,6,21,2,9,1,1,1,2,1,0
240369,1,1,57,1,1,11,3,8,0,0,1,0,1,0,1,998,72,190,0,0,1,2,1,2,1,1,66,0,13,6,39,14,10,2020,4,19,2,12,2,2,1,2,1,4
240370,1,1,998,8,1,11,99,20,9,0,99,1,9,99,1,998,999,999,99,0,3,2,1,2,1,1,80,0,999,99,0,4,10,2020,1,21,2,8,3,2,1,3,1,0
240371,1,1,20,1,1,11,20,20,9,0,1,0,0,0,1,998,72,190,0,3,1,2,1,2,1,3,60,0,80,99,6,2,10,2020,6,15,2,12,2,3,1,1,1,4
240372,1,1,34,1,1,11,20,20,9,0,1,0,1,0,1,998,68,200,1,4,3,4,5,2,1,14,6,0,80,0,0,6,10,2020,3,23,2,33,3,2,4,3,1,4
240373,1,1,998,8,1,11,99,20,9,0,1,1,9,99,1,998,999,999,99,0,3,3,6,2,1,99,80,0,999,99,999,7,2,2020,6,17,2,8,3,3,1,1,1,0
240374,1,1,31,1,1,11,20,20,9,0,1,0,1,0,1,998,72,200,0,4,1,2,1,2,1,1,9,0,80,99,36,17,10,2020,7,14,2,1,1,1,4,1,1,4
240376,1,1,23,1,1,11,99,20,0,0,2,0,2,0,1,998,75,160,0,0,3,4,3,2,1,1,83,0,13,99,0,19,10,2020,2,7,2,9,2,2,1,1,1,0
240377,1,1,24,1,1,11,20,20,8,0,2,0,9,0,1,998,70,170,0,0,1,2,1,2,1,1,54,1,6,99,51,10,10,2020,7,20,2,12,1,1,1,2,1,3
240378,1,1,36,1,1,11,20,20,9,0,1,0,0,0,1,998,73,215,0,0,1,2,5,2,1,14,10,0,80,99,74,21,10,2020,4,21,2,14,1,1,7,3,1,4
240380,1,1,998,8,1,11,99,99,8,0,99,1,9,99,1,998,999,999,99,0,1,2,1,2,1,1,80,0,999,99,6,24,10,2020,7,22,2,8,1,1,1,2,10,0
240381,1,1,37,2,1,11,3,20,0,0,1,0,1,0,1,998,64,160,0,0,3,2,3,2,2,1,80,0,7,0,0,31,3,2020,3,22,2,8,3,2,1,3,2,0
240382,1,1,62,1,1,11,3,20,0,0,1,0,1,0,1,998,60,171,0,0,5,5,1,2,1,1,80,0,60,0,0,24,10,2020,7,20,2,8,1,1,1,2,1,0
240385,1,1,18,1,1,11,99,9,9,0,1,0,1,0,1,998,66,116,0,3,1,2,1,2,1,98,6,0,60,99,41,20,10,2020,3,22,2,35,1,1,4,2,5,4
240386,1,1,61,1,1,11,20,8,0,0,1,0,2,0,1,998,70,180,0,0,3,4,1,2,1,11,15,0,13,0,38,22,10,2020,5,14,2,12,2,3,1,1,98,4
240387,1,1,40,1,1,11,20,20,9,0,1,0,2,0,1,998,999,999,99,0,1,2,6,2,1,1,51,0,7,99,26,9,10,2020,6,18,2,12,1,1,1,3,1,4
240388,1,1,22,2,1,11,3,1,0,0,2,0,1,0,1,998,69,135,0,0,3,2,1,2,1,4,17,0,5,99,0,23,10,2020,6,20,2,12,2,2,1,3,1,1
240389,1,1,61,2,1,11,3,20,0,0,1,0,2,0,1,998,64,130,0,0,3,2,5,2,1,3,83,0,7,0,10,13,7,2020,2,4,2,9,1,1,1,2,1,0
240391,1,1,43,2,1,11,3,20,0,0,1,0,1,0,1,998,63,120,0,3,3,5,1,2,1,1,80,0,13,0,39,30,10,2020,6,14,2,8,3,2,1,1,1,0
240392,1,1,59,1,1,11,3,20,0,0,2,0,1,0,1,998,67,999,0,0,1,2,1,2,2,1,80,0,7,0,0,30,10,2020,6,21,2,8,1,1,1,2,2,0
240394,1,1,36,1,1,11,97,1,0,0,2,0,0,0,1,998,74,255,0,0,1,2,8,2,1,1,54,0,7,99,0,1,11,2020,1,1,2,12,1,1,1,3,1,3
240397,1,1,66,1,1,11,20,20,1,0,1,0,1,0,1,998,74,195,0,0,6,1,1,2,1,14,13,1,82,99,0,11,9,2020,6,22,2,24,5,1,4,2,1,4
240398,1,1,29,2,1,11,20,2,9,0,2,0,1,0,1,998,60,140,0,4,3,3,6,2,2,1,9,1,13,99,28,26,9,2020,7,0,2,33,1,1,3,3,2,4
240399,1,1,25,1,1,11,3,20,0,0,1,0,2,0,1,998,71,162,0,0,1,2,1,2,2,1,9,0,60,99,58,5,10,2020,2,6,2,12,1,1,1,2,10,4
240400,1,1,28,1,1,11,20,20,9,0,1,0,2,1,1,998,70,160,0,0,1,2,1,2,1,14,12,1,111,0,28,13,10,2020,3,15,2,42,1,1,4,1,1,4
240401,1,1,28,2,1,11,20,3,8,0,1,0,1,0,1,998,999,999,99,0,1,2,6,2,1,1,13,0,13,0,0,15,10,2020,5,23,2,42,1,1,4,2,10,4