ST_CASE,VEH_NO,PER_NO,AGE,SEX,PER_TYP,SEAT_POS,REST_USE,AIR_BAG,DRUGS,LOCATION,NUMOCCS,HIT_RUN,OWNER,V_CONFIG,HAZ_INV,TRAV_SP,DR_HGT,DR_WGT,PREV_SPD,SPEEDREL,VTRAFWAY,VNUM_LAN,VPROFILE,VPAVETYP,VSURCOND,P_CRASH1,P_CRASH2,DR_DRINK,VPICBODYCLASS,DRDISTRACT,DRIVERRF,DAY,MONTH,YEAR,DAY_WEEK,HOUR,RUR_URB,HARM_EV,RELJCT2,TYP_INT,REL_ROAD,LGT_COND,WEATHER,INJ_SEV
240402,1,1,35,1,1,11,20,20,0,0,1,0,1,0,1,998,68,145,0,3,3,3,1,2,1,1,99,0,80,0,41,17,10,2020,7,17,2,18,1,1,98,5,1,4
240403,1,1,51,1,1,11,3,20,8,0,1,1,1,0,1,998,69,195,0,0,8,8,1,2,2,3,66,1,13,0,39,31,8,2020,2,20,2,12,2,2,1,3,2,0
240404,1,1,55,1,1,11,3,1,9,0,2,0,0,0,1,998,67,162,0,0,1,2,1,2,1,1,13,0,7,0,6,10,5,2020,1,17,2,30,1,1,4,1,1,4
240405,1,1,33,1,1,11,20,20,9,0,1,0,2,0,1,998,73,150,1,3,1,2,3,2,1,1,54,1,80,0,51,24,8,2020,2,20,2,12,1,1,1,2,1,4
240406,1,1,60,1,1,11,3,20,0,0,1,0,1,0,1,998,74,215,0,0,3,3,1,2,1,1,80,0,7,0,0,22,8,2020,7,21,2,8,1,1,1,2,1,0
240407,1,1,22,1,1,11,3,20,0,0,1,1,3,0,1,998,67,145,0,0,3,3,1,2,1,15,10,0,95,0,6,16,6,2020,3,10,2,12,1,1,1,1,1,0
240408,1,1,27,1,1,11,3,2,0,0,1,0,2,0,1,998,64,120,0,0,5,5,5,2,2,1,9,0,3,0,87,21,10,2020,4,9,2,33,1,1,4,1,5,0
240409,1,1,36,1,1,11,20,8,9,0,1,0,2,0,1,998,999,999,0,0,3,2,1,2,1,6,50,1,13,0,36,19,10,2020,2,12,2,14,19,1,2,1,1,4
240410,1,1,46,2,1,11,3,20,0,0,2,0,1,0,1,998,69,200,0,0,2,4,1,2,1,11,15,0,7,0,38,17,10,2020,7,15,2,12,4,1,1,1,1,0
240411,1,1,70,1,1,11,3,20,8,0,1,0,1,0,1,998,74,254,0,0,1,2,1,2,1,1,80,0,7,0,0,18,10,2020,1,19,2,8,1,1,1,3,1,0
240412,1,1,41,1,1,11,3,20,0,0,1,0,1,0,1,998,73,240,0,0,2,4,3,2,2,1,80,0,60,99,0,29,10,2020,5,18,2,8,2,2,1,3,2,0
240413,1,1,56,1,1,11,3,20,0,0,1,0,1,0,1,998,72,190,0,0,2,3,1,2,1,1,80,0,60,0,999,2,11,2020,2,5,2,8,3,2,1,3,6,0
240414,1,1,89,1,1,11,20,8,0,0,1,0,1,0,1,998,72,200,0,0,1,2,1,2,2,14,13,0,13,0,0,25,10,2020,1,16,2,30,1,1,4,5,2,4
240415,1,1,19,1,1,11,20,1,0,0,3,0,5,0,1,998,65,170,0,4,3,3,1,2,2,1,62,0,13,12,6,10,6,2020,4,23,2,12,2,2,1,3,2,4
240416,1,1,20,1,1,11,3,8,0,0,1,0,2,0,1,998,66,120,0,0,1,2,3,2,1,1,11,0,60,99,28,8,11,2020,1,4,2,12,1,1,1,3,1,3
240417,1,1,25,2,1,11,99,8,8,0,1,0,1,0,1,998,61,115,0,0,3,2,1,2,1,1,54,1,13,0,51,7,11,2020,7,1,2,12,1,1,1,3,1,3
240418,1,1,29,1,1,11,3,2,8,0,2,0,1,0,1,998,68,180,0,3,1,2,5,2,1,1,13,1,13,99,6,24,8,2020,2,2,2,59,1,1,4,3,1,4
240419,1,1,48,1,1,11,3,20,0,0,3,0,3,1,1,998,74,267,0,0,1,2,1,2,1,2,98,0,11,0,0,25,8,2020,3,7,2,5,1,1,4,1,1,0
240420,1,1,20,1,1,11,20,20,0,0,1,0,1,0,1,998,73,175,0,0,1,2,1,2,1,1,10,0,80,99,28,15,11,2020,1,15,2,12,1,1,1,1,10,4
240421,1,1,55,1,1,11,20,20,9,0,1,0,1,0,1,998,999,999,99,0,1,2,1,2,1,14,13,0,80,99,0,10,11,2020,3,21,2,53,1,1,4,3,1,4
240423,1,1,49,1,1,11,99,20,9,0,1,0,1,0,1,998,66,205,0,0,2,2,1,2,2,3,56,1,7,99,87,29,10,2020,5,20,2,12,4,1,1,3,2,4
240424,1,1,61,1,1,11,20,1,1,0,1,0,1,0,1,998,64,221,0,0,3,2,1,2,1,1,17,1,7,99,51,29,10,2020,5,0,2,12,2,2,1,3,1,4
240425,1,1,32,1,1,11,3,99,8,0,2,0,1,0,1,998,66,140,0,3,3,3,1,2,1,1,6,1,3,0,36,10,8,2020,2,1,2,12,1,1,1,3,1,3
240426,1,1,42,1,1,11,3,20,0,0,1,0,0,0,1,998,73,195,0,0,3,2,1,2,1,1,84,0,7,0,16,27,10,2020,3,16,2,9,1,1,1,1,1,0
240428,1,1,52,1,1,11,20,20,9,0,1,0,1,0,1,998,64,210,0,3,2,2,3,2,1,1,66,0,80,0,0,16,5,2020,7,18,2,12,2,2,1,1,1,4
240429,1,1,55,1,1,11,99,20,8,0,1,0,1,6,1,998,66,200,0,0,6,1,6,2,2,14,8,0,66,0,0,11,11,2020,4,16,2,25,5,1,4,3,2,4
240430,1,1,19,1,1,11,3,1,0,0,1,0,0,0,1,998,73,185,0,4,3,2,1,2,2,1,6,0,13,97,87,13,10,2020,3,8,2,42,1,1,3,1,2,4
240432,1,1,92,1,1,11,3,8,9,0,1,0,1,0,1,998,67,175,0,0,1,2,1,2,1,1,13,0,5,99,999,8,10,2020,5,10,2,33,1,1,4,1,1,4
240433,1,1,36,1,1,11,3,8,0,0,1,0,1,0,1,998,68,155,0,0,3,2,1,2,1,11,15,0,13,99,38,16,11,2020,2,20,2,12,2,3,1,2,1,3
240436,1,1,35,2,1,11,3,20,9,0,1,0,1,0,1,998,64,140,0,0,1,2,1,2,1,14,13,0,13,99,999,13,11,2020,6,12,2,42,1,1,4,1,1,4
240437,1,1,25,1,1,11,3,20,0,0,1,0,2,0,1,998,67,180,0,0,1,2,5,2,1,1,83,0,7,0,0,20,11,2020,6,21,2,9,1,1,1,2,1,0
240438,1,1,65,2,1,11,3,20,0,0,1,0,1,0,1,998,67,158,0,0,2,3,1,2,1,1,80,0,7,99,0,21,11,2020,7,17,2,8,1,1,1,3,1,0
240440,1,1,61,1,1,11,3,20,0,0,4,0,3,21,1,998,69,213,0,0,2,2,3,2,1,11,15,0,71,0,38,16,9,2020,4,12,2,12,2,3,1,1,1,0
240442,1,1,24,2,1,11,3,8,0,0,3,0,2,0,1,998,64,150,0,0,1,2,1,2,1,6,54,0,13,99,51,23,11,2020,2,19,2,12,1,1,1,2,1,3
240443,1,1,70,2,1,11,3,8,0,0,1,0,1,0,1,998,66,165,0,0,2,4,5,2,1,11,15,0,13,99,38,25,11,2020,4,16,2,12,2,2,1,1,1,4
240444,1,1,998,8,1,11,99,20,9,0,99,1,9,99,1,998,999,999,99,0,3,3,1,2,1,99,80,0,999,99,0,21,2,2020,6,20,2,8,1,1,1,3,1,0
240445,1,1,18,1,1,11,3,8,9,0,1,0,1,0,1,998,61,140,0,0,3,2,1,2,1,1,12,0,13,99,28,22,11,2020,1,0,2,25,1,1,3,3,1,4
240446,1,1,41,1,1,11,3,20,0,0,1,0,3,1,1,998,67,170,0,0,2,3,1,2,1,1,67,0,11,0,39,10,11,2020,3,5,2,12,2,2,1,3,1,3
240447,1,1,31,1,1,11,99,8,9,0,4,0,2,0,1,998,999,999,99,0,2,3,1,2,1,14,12,0,3,12,28,16,11,2020,2,5,2,33,1,1,3,2,1,1
240448,1,1,34,2,1,11,99,20,9,0,1,0,1,0,1,998,999,999,99,3,2,1,1,2,1,14,6,0,7,12,39,14,11,2020,7,16,2,33,3,2,4,3,1,4
240449,1,1,36,1,1,11,99,20,0,0,1,0,4,0,1,998,69,170,0,0,2,3,1,2,1,1,80,0,60,99,0,23,11,2020,2,20,2,8,3,2,1,2,1,0
240450,1,1,55,1,1,11,3,20,0,0,1,0,3,6,1,998,66,175,0,0,3,4,1,2,1,1,81,0,66,0,0,24,11,2020,3,21,2,8,18,1,1,3,1,0
240451,1,1,53,1,1,11,3,20,0,0,1,0,1,0,1,998,75,280,1,0,3,3,1,2,1,2,80,0,7,0,10,27,11,2020,6,6,2,8,1,1,1,6,1,0
240452,1,1,28,1,1,11,20,20,0,0,2,0,1,0,1,998,70,200,0,0,1,2,6,2,1,1,99,0,69,0,36,29,11,2020,1,15,2,1,1,1,1,1,1,2
240453,1,1,35,1,1,11,3,8,0,0,1,0,2,0,1,998,999,999,99,0,2,2,5,2,1,14,10,0,7,99,36,16,11,2020,2,18,2,59,1,1,4,3,1,4
240454,1,1,23,1,1,11,3,8,8,0,1,0,1,0,1,998,70,130,0,0,1,2,6,2,1,14,13,1,13,99,0,22,11,2020,1,1,2,42,1,1,4,3,1,4
240455,1,1,32,2,1,11,20,20,0,0,2,0,1,0,1,999,69,205,0,4,3,3,1,2,2,14,50,0,7,99,84,27,9,2020,1,8,2,12,1,1,1,1,2,4
240457,1,1,32,1,1,11,20,20,9,0,1,0,0,0,1,998,74,192,0,0,3,2,1,2,1,2,11,1,80,99,74,8,8,2020,7,22,2,14,1,1,4,3,1,4
240458,1,1,51,2,1,11,3,20,0,0,1,0,1,0,1,998,69,222,0,0,3,3,1,2,1,1,80,0,13,99,999,20,11,2020,6,5,2,8,3,2,1,3,1,0
240459,1,1,20,1,1,11,20,1,0,0,2,0,2,0,1,998,74,186,0,9,2,2,1,2,1,1,9,0,13,96,999,11,10,2020,1,3,2,33,1,1,4,2,1,4
240460,1,1,36,2,1,11,3,1,8,0,1,0,1,0,1,998,74,180,0,0,2,3,1,2,1,1,80,0,8,0,0,10,2,2020,2,5,2,8,1,1,1,3,1,0
240461,1,1,45,1,1,11,3,20,0,0,1,0,3,0,1,998,74,175,0,0,3,2,1,2,1,1,80,0,9,0,0,24,11,2020,3,17,2,8,1,1,1,3,1,0
240462,1,1,52,1,1,11,3,8,0,0,1,0,1,0,1,998,72,145,0,0,3,4,1,2,1,1,9,0,13,0,6,8,12,2020,3,10,2,39,1,1,3,1,1,1
240463,1,1,27,1,1,11,3,20,0,0,1,0,1,2,1,998,70,200,0,3,3,2,2,2,1,1,50,0,11,99,6,14,2,2020,6,10,2,12,1,1,1,1,1,0
240464,1,1,998,8,1,11,99,98,9,0,99,1,9,99,1,998,999,999,99,0,1,4,5,2,1,1,80,0,999,99,999,1,11,2020,1,1,2,8,3,2,1,3,1,0
240465,1,1,28,2,1,11,20,8,9,0,1,0,1,0,1,998,65,120,0,0,3,2,1,2,1,1,54,1,13,99,51,7,11,2020,7,20,2,12,1,1,1,3,98,4
240466,1,1,49,1,1,11,3,20,0,0,1,0,3,1,1,998,77,190,0,0,3,3,1,2,2,1,80,0,11,0,87,14,12,2020,2,6,2,8,1,1,1,3,2,0
240467,1,1,43,1,1,11,99,8,0,0,1,0,1,0,1,998,68,150,0,0,2,5,1,2,1,1,10,0,7,99,28,7,12,2020,2,13,2,12,3,2,1,1,1,3
240468,1,1,50,1,1,11,3,1,0,0,1,0,2,0,1,998,71,170,0,4,2,3,1,2,1,1,9,0,13,93,51,18,12,2020,6,6,2,59,3,2,3,2,1,3
240469,1,1,20,1,1,11,99,8,9,0,1,0,2,0,1,998,68,160,0,4,1,2,1,2,1,14,6,0,3,99,6,19,12,2020,7,2,2,42,1,1,4,3,1,4
240470,1,1,21,2,1,11,3,20,0,0,2,0,3,0,1,998,66,190,0,0,3,2,5,2,1,11,15,0,13,0,48,23,5,2020,7,12,2,12,2,2,1,1,1,1
240471,1,1,56,1,1,11,20,20,9,0,1,0,1,0,1,998,71,230,0,0,1,2,5,2,1,14,9,1,13,0,0,13,12,2020,1,19,2,12,1,1,1,2,1,4
240472,1,1,51,1,1,11,3,8,0,0,1,0,1,0,1,998,68,210,0,0,2,2,1,2,1,3,10,1,3,0,0,6,10,2020,3,22,2,42,1,1,4,2,1,4
240473,1,1,39,1,1,11,99,8,1,0,1,0,1,0,1,998,72,180,0,3,3,2,1,2,1,1,51,1,13,99,36,20,12,2020,1,0,2,12,1,1,1,6,10,1
240475,1,1,29,1,1,11,3,8,9,0,1,0,1,0,1,998,70,217,1,0,3,3,5,2,1,1,50,0,7,99,6,15,12,2020,3,13,2,12,2,2,1,1,1,4
240476,1,1,69,1,1,11,3,2,0,0,1,0,1,0,1,998,72,190,0,0,2,4,1,2,1,11,15,0,7,0,0,25,4,2020,7,21,2,12,2,2,1,3,10,2
240477,1,1,65,2,1,11,3,20,0,0,2,0,1,0,1,998,64,999,0,0,3,3,1,2,1,11,15,0,5,0,39,18,9,2020,6,14,2,12,2,2,1,1,1,0
240478,1,1,45,1,1,11,3,20,0,0,1,0,1,0,1,998,64,210,0,3,3,3,6,2,2,2,80,0,2,0,0,22,12,2020,3,3,2,8,3,2,1,3,1,0
240480,1,1,45,1,1,11,20,20,0,0,1,1,1,0,1,998,70,185,0,0,1,2,1,2,1,1,84,0,60,99,41,1,12,2020,3,17,2,15,3,2,1,3,1,0
240481,1,1,44,1,1,11,20,8,9,0,2,0,1,0,1,998,69,215,3,3,4,2,6,2,1,14,13,0,7,99,58,18,12,2020,6,21,2,24,1,1,4,3,1,4
240482,1,1,34,1,1,11,3,8,1,0,1,1,2,0,1,998,69,200,0,0,1,2,1,2,1,1,51,1,13,99,6,23,12,2020,4,16,2,12,1,1,1,2,1,2
240483,1,1,54,1,1,11,20,20,0,0,1,0,0,0,1,998,68,165,0,4,3,2,6,2,1,1,9,0,12,96,6,4,6,2020,5,13,2,30,8,1,4,1,1,4
240484,1,1,22,1,1,11,3,8,9,0,2,0,2,0,1,998,67,160,0,3,3,3,1,2,1,1,62,0,7,99,39,25,5,2020,2,1,2,12,2,2,1,3,1,2
240485,1,1,63,1,1,11,3,20,0,0,2,0,1,0,1,998,72,195,0,0,3,2,1,2,1,1,80,0,15,0,0,30,10,2020,6,19,2,8,3,3,1,2,1,0
240486,1,1,64,1,1,11,20,20,8,0,1,0,1,0,1,998,66,125,0,0,1,2,1,2,1,1,11,1,94,99,6,30,8,2020,1,20,2,14,1,1,7,3,1,4
240487,1,1,38,2,1,11,3,20,0,0,2,0,2,0,1,998,68,180,0,0,0,0,0,0,0,3,17,0,7,0,0,19,4,2020,1,15,2,12,8,1,1,1,1,0
240488,1,1,37,1,1,11,3,20,0,0,1,0,1,0,1,998,70,147,0,0,5,5,1,2,1,1,80,0,13,0,0,27,11,2020,6,17,2,8,1,1,1,3,1,0
240489,1,1,47,1,1,11,3,20,0,0,2,0,2,0,1,998,68,260,0,0,2,2,6,2,1,1,83,0,15,99,0,27,11,2020,6,22,2,15,2,3,1,3,1,0
240493,1,1,17,2,1,11,3,20,8,0,2,0,2,0,1,998,62,135,0,0,4,3,1,2,2,1,80,0,13,99,87,24,12,2020,5,17,2,8,3,3,1,3,2,2
240494,1,1,31,1,1,11,3,1,1,0,2,0,2,0,1,998,72,170,0,0,1,2,1,2,1,1,11,0,60,99,41,27,12,2020,1,7,2,42,1,1,4,4,1,0
240495,1,1,24,1,1,11,3,20,0,0,1,0,1,0,1,998,999,999,0,0,2,3,1,2,1,14,80,0,13,0,10,5,12,2020,7,18,2,8,1,1,1,2,1,0
240496,1,1,41,1,1,11,20,1,1,0,2,0,2,0,1,998,71,195,0,0,1,2,6,2,1,1,50,0,13,99,0,29,12,2020,3,15,2,12,3,2,1,1,1,4
240497,1,1,20,1,1,11,3,20,0,0,1,1,2,0,1,998,70,130,0,0,3,2,1,2,1,1,80,0,13,99,0,30,12,2020,4,18,2,8,1,1,1,3,1,0
240498,1,1,20,1,1,11,3,8,0,0,1,0,2,0,1,998,70,180,0,3,1,2,1,2,2,3,59,0,7,0,36,18,12,2020,6,9,2,33,1,1,4,1,2,0
240499,1,1,56,1,1,11,3,20,0,0,1,0,1,0,1,999,72,999,0,0,1,4,6,2,1,1,80,0,15,0,0,26,12,2020,7,17,2,8,1,1,1,2,1,0
240500,1,1,53,1,1,11,3,20,0,0,1,0,1,0,1,998,67,162,0,0,3,2,1,2,2,1,80,0,60,0,0,28,8,2020,6,21,2,8,1,1,1,3,2,0
240501,1,1,47,1,1,11,99,8,0,0,2,0,1,0,1,998,67,150,0,0,3,2,6,2,1,1,19,0,13,99,0,14,6,2020,1,21,2,33,1,1,4,3,98,1
240502,1,1,67,1,1,11,3,1,0,0,1,0,1,0,1,998,69,210,0,3,1,4,1,2,1,14,13,0,1,99,0,18,11,2020,4,13,2,33,1,1,4,1,1,4
240503,1,1,49,1,1,11,3,1,0,0,1,0,1,0,1,998,65,160,0,0,2,2,1,2,1,1,64,0,13,99,0,25,9,2020,6,3,2,12,1,1,1,2,1,3
240504,1,1,24,2,1,11,20,8,8,0,4,0,3,0,1,998,66,226,0,3,3,3,1,2,1,1,6,1,13,99,28,20,9,2020,1,0,2,33,3,3,3,2,1,4
240505,1,1,37,1,1,11,20,20,8,0,2,0,1,0,1,998,67,125,1,0,3,2,1,2,1,6,51,1,103,0,36,14,9,2020,2,0,2,12,2,2,1,3,1,2
240506,1,1,31,1,1,11,3,8,9,0,2,0,2,0,1,998,67,180,0,0,2,3,1,2,1,1,66,0,13,99,60,18,10,2020,1,1,2,12,2,3,1,3,98,3
240507,1,1,21,1,1,11,3,20,9,0,1,1,1,0,1,998,71,190,0,0,5,4,1,2,1,10,16,0,3,99,48,16,6,2020,3,20,2,12,2,3,1,5,10,0
240508,1,1,24,1,1,11,20,20,0,0,2,0,2,0,1,998,64,140,0,0,2,4,5,2,1,1,62,1,12,0,0,21,9,2020,2,17,2,12,4,1,1,1,1,4
240509,1,1,30,1,1,11,99,20,0,0,1,0,1,0,1,998,71,190,0,0,2,2,1,2,1,1,80,0,13,0,0,20,6,2020,7,0,2,8,1,1,1,3,1,0
240510,1,1,30,1,1,11,3,20,0,0,1,0,1,0,1,998,71,175,0,0,2,3,1,2,1,1,80,0,3,0,0,16,2,2020,1,22,2,8,1,1,1,2,1,0
240511,1,1,25,1,1,11,3,8,9,0,1,0,1,0,1,998,999,999,99,0,2,3,1,2,1,1,80,0,13,96,0,20,4,2020,2,21,2,8,1,1,1,2,1,0
240513,1,1,72,1,1,11,99,1,9,0,1,0,2,0,1,998,69,195,0,0,2,2,1,2,2,11,15,1,13,93,48,24,12,2020,5,19,2,12,2,3,1,2,2,4
240514,1,1,73,2,1,11,3,8,0,0,1,0,1,0,1,998,66,155,0,0,1,2,1,2,1,12,21,0,1,5,48,12,12,2020,7,17,2,12,1,1,1,2,1,4
240515,1,1,52,1,1,11,20,8,9,0,1,0,1,0,1,998,71,999,0,0,1,2,1,2,1,1,11,0,7,99,6,24,12,2020,5,3,2,34,1,1,4,2,1,4
240516,1,1,998,8,1,11,99,1,9,0,2,0,0,0,1,998,999,999,99,4,1,2,6,2,2,1,10,0,3,99,999,5,2,2020,4,10,2,12,1,1,1,1,10,1
240517,1,1,33,1,1,11,99,99,0,0,1,0,1,0,1,998,69,165,0,3,3,2,1,2,1,1,51,1,13,99,6,24,10,2020,7,1,2,12,1,1,1,3,1,4
240518,1,1,28,2,1,11,3,20,0,0,2,0,0,0,1,998,68,150,0,0,3,2,1,2,1,1,80,0,13,0,0,20,8,2020,5,21,2,8,1,1,1,3,1,0
240519,1,1,56,1,1,11,3,8,9,0,1,0,1,0,1,998,73,240,0,0,3,2,5,2,1,99,13,1,13,99,999,11,8,2020,3,0,2,33,1,1,4,2,1,4
240520,1,1,22,1,1,11,20,8,1,0,1,0,2,0,1,998,999,999,0,3,3,2,1,2,2,14,6,0,13,99,52,3,5,2020,1,11,2,33,1,1,3,1,2,4
240521,1,1,35,1,1,11,3,20,0,0,1,0,2,0,1,998,72,150,0,0,1,4,1,2,1,1,80,0,13,0,0,12,8,2020,4,2,2,8,3,2,1,3,1,0
240522,1,1,20,1,1,11,3,1,8,0,1,0,2,0,1,998,999,999,0,0,3,2,1,2,1,1,13,1,2,99,0,18,10,2020,1,3,2,8,1,1,2,2,1,1
240523,1,1,57,1,1,11,3,8,0,0,3,0,2,0,1,998,74,178,0,0,2,2,1,2,1,15,12,0,13,99,28,20,7,2020,2,12,2,42,1,1,3,1,1,3
240524,1,1,55,1,1,11,3,8,0,0,1,0,1,0,1,69,73,280,0,0,3,2,1,2,1,1,54,0,60,0,0,22,11,2020,1,4,2,12,1,1,1,2,1,0
240525,1,1,32,1,1,11,99,8,0,0,2,0,2,0,1,998,75,208,0,0,3,2,1,2,1,1,9,0,13,99,74,21,8,2020,6,4,2,33,1,1,4,3,1,4
240526,1,1,21,1,1,11,3,1,8,0,2,0,0,0,1,998,67,136,0,3,2,2,1,2,1,1,6,0,13,0,0,15,7,2020,4,23,2,33,3,3,4,3,1,1
240527,1,1,50,1,1,11,3,1,0,0,1,0,2,0,1,998,64,175,0,3,3,3,6,2,1,1,50,0,7,0,39,6,12,2020,1,7,2,12,3,2,1,1,1,3
240528,1,1,18,1,1,11,20,1,0,0,3,0,1,0,1,998,73,147,0,5,3,1,1,1,1,14,6,0,13,99,6,30,8,2020,1,0,2,33,3,3,3,3,1,4
240529,1,1,27,2,1,11,3,20,0,0,1,0,2,0,1,998,67,132,0,0,4,2,1,2,1,1,80,0,13,99,0,23,12,2020,4,9,2,8,1,1,1,1,1,0
240530,1,1,28,1,1,11,99,20,0,0,1,0,1,0,1,998,72,175,1,3,1,2,1,2,1,1,17,1,60,99,39,8,12,2020,3,20,2,12,2,2,1,3,1,4
240531,1,1,30,1,1,11,3,8,0,0,3,0,0,0,1,998,65,135,0,0,2,2,5,2,1,1,90,0,13,0,74,20,8,2020,5,7,2,74,3,4,1,1,1,3
240532,1,1,998,8,1,11,3,1,9,0,99,1,9,0,1,998,999,999,99,3,3,2,1,2,1,3,80,0,3,99,36,4,9,2020,6,22,2,8,3,2,1,3,1,0
240533,1,1,998,8,1,11,99,99,9,0,99,1,9,99,1,998,999,999,99,3,2,2,1,2,1,1,80,0,999,99,999,6,8,2020,5,21,2,8,3,2,1,3,1,0
240534,1,1,998,8,1,11,99,99,9,0,99,1,9,99,1,998,999,999,99,0,2,2,1,2,1,1,80,0,999,99,39,22,10,2020,5,20,2,8,3,2,1,5,1,0
240535,1,1,35,2,1,11,20,8,8,0,2,0,1,0,1,998,64,180,0,3,3,2,1,2,1,3,6,1,7,0,0,20,5,2020,4,22,2,42,3,2,4,3,1,4
240536,1,1,21,1,1,11,1,8,8,0,1,0,2,0,1,998,71,225,0,3,4,2,1,2,1,14,6,1,13,99,0,19,10,2020,2,11,2,42,1,1,4,9,1,4
240537,1,1,27,2,1,11,20,8,0,0,2,0,1,0,1,998,66,140,0,3,1,2,6,2,1,1,11,0,13,3,21,23,9,2020,4,20,2,14,1,1,7,3,1,3
240538,1,1,24,1,1,11,20,1,0,0,4,0,2,0,1,998,67,140,0,3,1,4,6,2,98,2,67,0,13,99,0,1,12,2020,3,22,2,12,2,3,1,3,98,0
240539,1,1,39,2,1,11,3,8,0,0,1,0,1,0,1,998,68,215,0,3,3,2,1,2,1,3,11,1,7,99,28,4,11,2020,4,23,2,12,1,1,1,3,1,4
240540,1,1,28,2,1,11,99,1,8,0,1,0,2,0,1,998,66,120,0,0,2,3,1,2,1,1,10,1,13,99,28,24,8,2020,2,14,2,31,3,2,12,1,1,4
240541,1,1,58,1,1,11,3,20,0,0,1,0,1,0,1,998,73,275,0,0,2,2,1,2,1,15,83,0,7,0,27,19,12,2020,7,19,2,9,3,2,1,3,1,0
240543,1,1,23,1,1,11,20,20,0,0,1,0,1,0,1,998,70,230,0,0,3,3,1,2,1,1,12,0,80,99,28,31,5,2020,1,20,2,25,1,1,3,3,1,4
240544,1,1,70,1,1,11,20,20,0,0,1,0,1,0,1,998,72,240,0,0,3,2,1,2,1,3,80,0,2,0,0,5,6,2020,6,11,2,8,3,2,1,1,1,0
240545,1,1,81,2,1,11,3,1,0,0,1,0,2,0,1,998,67,118,0,0,1,2,1,2,1,1,87,0,5,0,83,15,12,2020,3,14,2,42,1,1,4,1,1,4
240546,1,1,72,1,1,11,99,20,9,0,1,1,1,0,1,998,69,200,0,0,2,2,1,2,1,4,80,0,60,99,0,11,8,2020,3,10,2,8,3,3,1,1,1,0
240547,1,1,998,8,1,11,98,98,8,0,99,1,9,99,1,998,999,999,99,9,3,2,8,2,1,99,80,0,999,96,999,23,6,2020,3,21,2,8,1,1,1,2,1,9
240548,1,1,16,1,1,11,99,1,9,0,2,0,5,0,1,998,999,999,99,2,2,2,1,2,1,1,54,0,1,99,51,4,7,2020,7,2,2,12,1,1,1,2,1,9
240549,1,1,998,8,1,11,99,20,9,0,99,1,9,99,1,998,999,999,99,0,1,2,1,2,1,1,80,0,999,99,0,28,11,2020,7,6,2,8,3,3,1,3,10,0
240550,1,1,47,1,1,11,3,20,0,0,3,0,1,0,1,998,63,140,0,0,1,2,5,2,1,1,83,0,2,0,0,21,11,2020,7,12,2,9,1,1,1,1,10,0
240551,1,1,62,1,1,11,20,20,0,0,1,0,1,0,1,998,71,195,0,0,2,2,1,2,1,1,51,0,94,0,0,7,11,2020,7,12,2,12,1,1,1,1,98,3
240552,1,1,48,2,1,11,3,8,9,0,2,0,2,0,1,998,63,160,0,0,1,2,1,2,2,1,17,0,13,99,39,4,2,2020,3,18,2,12,2,2,1,2,2,4
240553,1,1,998,8,1,11,99,99,9,0,99,1,9,0,1,998,999,999,99,0,3,3,1,2,1,1,80,0,999,99,6,17,11,2020,3,20,2,8,1,1,1,2,10,0
240555,1,1,34,1,1,11,20,20,8,0,1,0,1,0,1,998,71,200,0,3,1,3,5,2,1,14,6,1,13,15,0,4,11,2020,4,1,2,33,1,1,4,3,1,4
240556,1,1,20,1,1,11,20,20,0,0,1,0,1,0,1,998,74,180,0,0,1,2,5,2,1,14,99,0,80,99,28,31,10,2020,7,14,2,1,1,1,1,1,10,4
240557,1,1,28,1,1,11,3,20,0,0,1,0,3,1,1,998,67,170,1,0,5,4,1,2,1,1,17,0,63,99,39,3,11,2020,3,7,2,12,2,2,1,1,1,0
240558,1,1,50,1,1,11,20,8,9,0,1,0,0,0,1,998,75,285,0,0,3,2,6,2,1,1,52,0,13,99,26,27,3,2020,6,7,2,12,8,1,1,1,1,4
250001,1,1,50,1,1,11,99,8,0,0,2,0,2,0,1,999,68,999,0,0,1,2,8,2,1,11,15,0,7,99,38,2,1,2020,5,20,2,12,2,3,1,3,1,0
250002,1,1,23,1,1,11,99,1,9,0,2,0,1,0,1,999,71,999,0,0,2,2,8,2,2,1,13,1,1,99,0,13,1,2020,2,22,2,17,1,1,5,3,10,4
250003,1,1,20,1,1,11,3,8,8,0,2,0,2,0,1,998,67,999,1,2,2,2,8,2,2,14,12,0,13,96,85,13,1,2020,2,16,2,12,1,1,1,2,3,4
250004,1,1,42,1,1,11,3,20,0,0,1,0,1,0,1,998,71,999,1,0,1,2,8,2,1,2,18,0,60,93,0,6,1,2020,2,9,2,12,1,1,1,1,10,2
250005,1,1,21,1,1,11,3,99,9,0,1,0,2,0,1,998,68,142,1,4,3,2,8,2,1,1,12,1,13,0,0,17,1,2020,6,1,2,30,3,11,3,3,1,4
250007,1,1,67,1,1,11,20,20,0,0,1,0,1,0,1,998,69,999,0,0,1,3,8,2,1,1,80,0,95,99,0,15,1,2020,4,20,2,8,1,1,1,2,1,0