ST_CASE,VEH_NO,PER_NO,AGE,SEX,PER_TYP,SEAT_POS,REST_USE,AIR_BAG,DRUGS,LOCATION,NUMOCCS,HIT_RUN,OWNER,V_CONFIG,HAZ_INV,TRAV_SP,DR_HGT,DR_WGT,PREV_SPD,SPEEDREL,VTRAFWAY,VNUM_LAN,VPROFILE,VPAVETYP,VSURCOND,P_CRASH1,P_CRASH2,DR_DRINK,VPICBODYCLASS,DRDISTRACT,DRIVERRF,DAY,MONTH,YEAR,DAY_WEEK,HOUR,RUR_URB,HARM_EV,RELJCT2,TYP_INT,REL_ROAD,LGT_COND,WEATHER,INJ_SEV
250008,1,1,23,1,1,11,20,8,9,0,2,0,2,0,1,998,70,146,0,0,1,4,8,2,2,6,6,1,13,99,39,19,1,2020,1,1,2,42,1,1,1,3,1,4
250009,1,1,34,1,1,11,20,8,1,0,1,0,1,0,1,998,73,189,1,0,3,4,8,2,2,1,13,1,3,96,6,12,1,2020,1,2,2,24,5,1,4,2,10,4
250010,1,1,30,1,1,11,20,20,8,0,1,0,1,0,1,998,72,239,2,0,3,2,8,2,1,1,13,0,60,96,0,23,1,2020,5,5,2,31,1,1,2,2,1,4
250011,1,1,38,1,1,11,3,8,8,0,1,0,1,0,1,998,70,999,0,0,3,3,8,2,1,1,13,0,13,96,0,29,1,2020,4,14,2,1,1,1,5,1,1,4
250012,1,1,40,1,1,11,3,1,8,0,2,0,2,0,1,998,63,107,0,0,1,2,8,2,1,14,11,1,5,99,0,23,1,2020,5,13,2,12,3,4,1,1,1,4
250013,1,1,20,2,1,11,20,8,0,0,1,0,1,0,1,998,67,148,2,0,3,2,8,2,1,1,9,1,8,96,0,5,2,2020,4,15,2,24,1,1,4,1,1,4
250014,1,1,72,1,1,11,20,1,8,0,1,0,1,0,1,998,66,265,0,0,3,4,8,2,1,11,13,0,60,99,999,7,1,2020,3,16,2,30,3,3,4,5,1,4
250015,1,1,23,1,1,11,20,99,8,0,2,0,2,0,1,65,69,162,0,3,1,2,8,2,1,14,12,1,13,99,999,15,2,2020,7,3,2,30,1,1,4,2,1,4
250016,1,1,73,1,1,11,98,1,0,0,1,0,1,0,1,998,72,295,0,0,3,4,8,2,1,1,59,0,13,96,0,25,2,2020,3,18,2,12,1,1,1,5,1,4
250017,1,1,19,1,1,11,20,8,8,0,1,0,1,0,1,998,70,122,1,3,3,2,8,2,2,1,12,0,7,96,0,10,2,2020,2,22,2,1,1,1,3,2,2,4
250018,1,1,49,1,1,11,3,20,0,0,1,0,2,0,1,998,74,999,0,0,2,2,8,2,1,1,80,0,5,0,0,7,1,2020,3,20,2,8,3,2,1,3,1,0
250019,1,1,23,1,1,11,20,8,0,0,1,0,2,0,1,998,70,193,2,4,1,2,8,7,1,1,13,1,7,99,0,8,2,2020,7,2,2,42,1,1,4,3,1,4
250020,1,1,34,1,1,11,20,8,8,0,1,0,1,0,1,998,63,133,2,0,3,3,1,2,1,1,13,1,7,96,0,2,2,2020,1,4,2,24,1,1,5,6,10,4
250022,1,1,71,1,1,11,99,20,0,0,1,0,2,0,1,998,68,999,0,0,2,2,8,2,1,1,82,0,13,99,999,8,2,2020,7,12,2,8,1,1,1,1,1,0
250024,1,1,41,1,1,11,20,8,9,0,1,0,1,0,1,998,69,999,0,0,1,2,8,2,1,1,11,1,7,99,0,4,2,2020,3,17,2,12,1,1,1,3,1,3
250025,1,1,41,1,1,11,20,1,8,0,1,0,2,0,1,998,72,212,0,0,1,2,8,7,1,1,12,0,7,99,36,3,2,2020,2,21,2,42,1,1,5,1,1,4
250026,1,1,61,2,1,11,3,8,9,0,1,0,1,0,1,998,63,222,0,0,1,2,8,2,1,1,10,0,13,99,0,14,2,2020,6,16,2,12,1,1,1,1,1,4
250027,1,1,30,1,1,11,20,1,8,0,1,0,1,0,1,998,71,999,1,5,1,2,8,2,1,1,19,0,60,99,36,27,2,2020,5,14,2,12,1,1,1,1,1,2
250028,1,1,41,1,1,11,20,8,8,0,1,0,1,0,1,998,71,252,0,3,2,2,8,2,1,1,19,1,13,99,0,16,2,2020,1,0,2,39,3,2,5,3,1,4
250029,1,1,89,2,1,11,3,20,0,0,1,0,1,0,1,998,61,999,0,0,1,2,8,2,1,99,15,0,13,99,0,24,2,2020,2,16,2,12,8,1,1,1,1,0
250030,1,1,75,1,1,11,99,1,8,0,1,0,1,0,1,998,71,999,0,0,1,2,8,2,1,98,10,0,7,92,50,17,1,2020,6,99,2,12,1,1,1,1,1,4
250031,1,1,30,2,1,11,3,1,0,0,2,0,1,0,1,998,63,172,0,0,1,2,8,2,1,1,62,0,7,0,0,12,1,2020,1,22,2,12,1,1,1,1,1,4
250032,1,1,93,2,1,11,3,20,0,0,1,0,1,0,1,998,66,135,0,0,1,2,8,2,1,1,66,0,60,0,0,25,1,2020,7,10,2,12,2,3,1,1,1,4
250033,1,1,74,1,1,11,20,20,0,0,2,0,1,0,1,998,69,226,0,0,1,2,8,2,1,1,61,0,7,0,0,4,2,2020,3,18,2,12,1,1,1,1,10,4
250034,1,1,62,1,1,11,98,98,8,0,1,0,3,0,1,998,71,999,0,0,0,0,0,0,0,1,62,0,60,99,0,22,1,2020,4,4,2,12,1,1,1,8,98,9
250035,1,1,82,1,1,11,20,8,0,0,1,0,2,0,1,998,70,158,0,0,3,3,8,2,1,1,8,0,13,0,0,25,2,2020,3,13,2,14,1,1,2,1,98,4
250037,1,1,24,2,1,11,20,8,1,0,1,0,2,0,1,998,62,165,0,0,1,2,8,2,1,14,9,1,13,96,0,31,1,2020,6,2,2,42,1,1,5,3,1,4
250039,1,1,52,1,1,11,3,8,8,0,1,0,1,0,1,998,68,207,0,9,3,3,8,2,1,1,12,0,3,96,0,4,3,2020,4,1,2,31,1,1,3,2,1,4
250040,1,1,32,1,1,11,20,20,0,0,1,0,1,0,1,998,68,165,0,0,6,2,8,2,1,14,13,1,98,96,0,4,3,2020,4,14,2,25,5,1,4,1,1,4
250041,1,1,39,1,1,11,99,20,0,0,1,0,3,1,1,998,71,999,0,0,1,2,8,2,1,1,78,0,11,0,0,4,3,2020,4,14,2,12,1,1,1,1,1,2
250042,1,1,53,2,1,11,20,1,9,0,1,0,2,0,1,998,67,152,0,0,1,2,8,2,1,1,13,0,9,99,0,5,3,2020,5,7,2,30,1,1,4,1,1,4
250043,1,1,16,1,1,11,3,8,8,0,1,0,2,0,1,998,73,999,0,0,1,2,8,2,1,1,10,0,13,96,38,6,3,2020,6,15,2,12,1,1,1,1,1,2
250044,1,1,30,1,1,11,98,98,8,0,1,0,4,0,1,998,77,136,0,3,3,3,8,2,10,1,12,1,13,96,0,7,3,2020,7,2,2,1,1,1,3,2,3,4
250045,1,1,37,1,1,11,3,8,8,0,1,0,2,0,1,998,64,139,0,0,3,2,8,2,2,1,10,0,13,96,0,13,3,2020,6,4,2,24,1,1,3,3,2,4
250046,1,1,46,1,1,11,20,2,8,0,1,0,1,0,1,998,70,264,2,3,1,2,8,2,1,1,13,1,5,99,0,14,3,2020,7,19,2,24,1,1,5,3,1,4
250047,1,1,23,1,1,11,20,8,8,0,1,0,1,0,1,998,72,191,1,5,3,3,8,2,2,1,13,0,13,96,36,20,3,2020,6,10,2,24,1,1,4,1,2,4
250048,1,1,47,1,1,11,20,20,9,0,1,0,1,0,1,998,70,999,0,0,8,2,8,7,1,14,13,1,85,99,0,20,3,2020,6,16,2,42,1,1,5,1,1,4
250049,1,1,40,2,1,11,3,20,8,0,1,0,1,0,1,998,70,999,2,0,1,4,8,2,2,1,80,0,7,99,0,19,3,2020,5,6,2,8,3,2,1,3,2,0
250050,1,1,73,1,1,11,99,20,0,0,1,1,1,0,1,998,70,170,0,3,1,2,8,8,1,1,80,1,60,99,36,13,3,2020,6,15,2,8,1,1,1,1,1,0
250052,1,1,22,2,1,11,99,8,0,0,1,0,1,0,1,45,62,999,0,0,1,2,8,2,1,1,62,0,7,0,0,12,3,2020,5,5,2,12,1,1,1,3,1,2
250053,1,1,25,1,1,11,3,1,9,0,1,0,2,0,1,998,67,156,0,3,2,2,8,2,2,1,12,1,13,96,36,29,3,2020,1,2,2,30,1,1,4,3,2,4
250054,1,1,45,1,1,11,20,98,8,0,1,0,1,0,1,998,72,273,0,0,3,4,8,2,2,1,13,1,13,0,0,29,3,2020,1,6,2,24,1,1,4,1,2,4
250055,1,1,43,2,1,11,99,20,0,0,1,0,1,0,1,998,64,999,0,0,1,2,8,8,1,98,83,0,7,92,6,26,3,2020,5,14,2,9,1,1,1,1,1,0
250056,1,1,36,1,1,11,3,2,0,0,1,0,4,0,1,998,65,999,0,0,2,2,8,2,1,11,80,0,7,99,0,16,3,2020,2,14,2,8,3,2,1,1,1,0
250057,1,1,19,1,1,11,99,99,8,0,3,0,2,0,1,998,67,143,1,0,1,1,8,4,1,14,12,0,3,0,0,27,3,2020,6,18,2,42,1,1,4,5,1,4
250058,1,1,55,2,1,11,99,99,8,0,1,0,2,0,1,998,63,999,0,0,1,2,8,2,1,4,53,0,7,0,0,3,3,2020,3,12,2,12,3,99,1,1,1,1
250059,1,1,37,1,1,11,3,8,8,0,1,0,1,0,1,998,75,297,1,0,1,2,8,2,1,1,10,0,7,0,0,12,3,2020,5,16,2,12,1,1,1,1,1,4
250060,1,1,68,1,1,11,20,2,0,0,1,0,3,0,1,998,71,195,0,5,3,3,8,2,1,1,13,0,13,0,0,1,3,2020,1,1,2,24,1,1,4,2,1,4
250061,1,1,34,2,1,11,3,8,0,0,1,0,1,0,1,998,71,150,0,0,3,3,8,2,1,1,53,0,7,0,0,1,3,2020,1,20,2,12,1,1,1,2,1,2
250062,1,1,65,1,1,11,3,8,8,0,1,0,1,0,1,998,68,999,0,0,1,4,8,2,1,1,10,0,7,99,50,8,3,2020,1,14,2,12,1,1,1,1,1,3
250063,1,1,31,1,1,11,20,20,0,0,1,0,1,0,1,100,69,251,0,3,1,2,8,2,1,1,12,0,80,0,50,28,3,2020,7,13,2,33,1,1,4,1,10,4
250064,1,1,48,1,1,11,3,20,0,0,1,0,1,0,1,35,75,999,0,0,3,2,8,2,1,1,80,0,60,98,0,1,3,2020,1,8,2,8,1,1,1,1,1,0
250065,1,1,41,1,1,11,99,20,8,0,1,0,2,0,1,998,999,999,0,0,1,2,8,2,1,11,15,0,13,99,38,26,3,2020,5,16,2,12,4,1,1,1,1,0
250066,1,1,57,1,1,11,3,20,8,0,1,0,1,0,1,998,71,999,0,0,1,2,8,2,2,1,62,0,13,0,0,3,4,2020,6,13,2,12,1,1,1,1,2,2
250067,1,1,71,1,1,11,3,20,0,0,1,0,1,0,1,998,62,999,0,0,1,4,8,2,1,1,80,0,13,0,0,8,4,2020,4,21,2,8,1,1,1,3,1,0
250068,1,1,15,1,1,11,20,1,8,0,1,0,2,0,1,998,999,999,99,0,3,2,8,2,1,1,13,0,13,96,0,10,4,2020,6,22,2,24,1,1,4,2,1,4
250069,1,1,25,1,1,11,20,8,0,0,1,0,1,0,1,998,69,185,1,3,1,2,8,2,1,1,12,1,60,99,0,16,4,2020,5,0,2,35,1,1,4,2,1,4
250071,1,1,29,1,1,11,99,20,9,0,1,0,1,0,1,998,71,165,1,0,1,2,8,2,1,1,13,1,5,99,0,19,4,2020,1,23,2,42,1,1,5,2,1,4
250072,1,1,32,1,1,11,20,8,8,0,1,0,1,0,1,998,69,206,2,4,3,3,8,2,1,1,13,1,13,96,0,5,4,2020,1,20,2,35,1,1,5,2,1,4
250073,1,1,21,1,1,11,3,8,0,0,2,0,1,0,1,998,75,999,2,4,3,4,8,2,2,1,6,0,5,96,87,13,4,2020,2,18,2,39,1,1,4,1,2,0
250074,1,1,59,1,1,11,20,8,8,0,1,0,2,0,1,998,70,161,0,3,2,3,8,2,1,1,12,0,13,0,0,18,4,2020,7,19,2,42,1,1,3,2,1,4
250075,1,1,27,1,1,11,20,1,1,0,1,0,2,0,1,998,70,199,0,0,2,2,8,7,1,1,10,0,13,98,0,29,4,2020,4,6,2,12,1,1,1,4,1,4
250076,1,1,45,2,1,11,3,20,8,0,1,0,1,99,1,998,64,999,0,0,2,3,8,2,1,1,53,0,999,0,0,7,4,2020,3,9,2,12,1,1,1,1,1,0
250078,1,1,56,1,1,11,3,20,8,0,1,0,3,6,1,998,71,999,0,0,1,2,8,2,1,1,83,0,66,0,0,22,4,2020,4,9,2,9,2,2,1,1,1,0
250079,1,1,17,1,1,11,20,8,8,0,3,0,2,0,1,998,999,215,0,3,3,2,8,2,1,14,13,0,60,99,0,22,4,2020,4,19,2,39,3,2,5,1,1,4
250081,1,1,37,1,1,11,3,8,0,0,1,0,1,0,1,998,70,200,0,0,1,2,8,9,2,1,60,0,13,0,0,26,4,2020,1,13,2,12,1,1,1,1,2,4
250082,1,1,27,2,1,11,3,8,8,0,2,0,1,0,1,998,68,159,0,0,3,3,8,2,1,1,54,0,7,96,50,18,4,2020,7,20,2,12,1,1,1,2,1,4
250083,1,1,25,2,1,11,20,8,8,0,1,0,2,0,1,998,64,220,0,0,2,3,8,2,1,1,12,0,7,96,0,5,4,2020,1,22,2,34,1,1,3,2,1,4
250084,1,1,34,1,1,11,3,8,0,0,1,0,1,0,1,998,68,999,0,0,1,2,8,2,1,14,62,0,7,0,0,14,4,2020,3,16,2,12,1,1,1,1,1,2
250085,1,1,998,8,9,98,98,20,8,0,1,1,9,0,1,999,998,997,998,8,1,4,8,2,2,0,99,0,13,16,0,3,4,2020,6,22,2,8,1,1,1,3,2,9
250086,1,1,998,9,1,11,99,20,8,0,1,1,9,99,1,998,999,999,99,0,1,2,8,2,98,1,80,0,999,96,0,18,4,2020,7,17,2,8,3,2,1,5,10,0
250087,1,1,18,1,1,11,99,1,9,0,1,0,1,0,1,998,76,158,0,3,1,4,8,2,1,1,13,0,5,99,0,9,4,2020,5,17,2,33,1,1,4,1,1,4
250088,1,1,36,2,1,11,99,99,8,0,1,0,1,0,1,998,67,999,0,0,8,2,8,7,98,1,19,0,1,96,0,12,4,2020,1,5,2,1,1,1,5,9,99,4
250089,1,1,80,1,1,11,99,1,8,0,1,0,2,0,1,998,67,999,0,9,1,3,8,2,1,1,13,0,13,99,0,12,4,2020,1,6,2,30,1,1,5,1,1,4
250091,1,1,45,1,1,11,20,20,9,0,1,0,1,0,1,998,73,219,0,0,1,2,8,2,1,14,13,0,81,99,0,2,5,2020,7,15,2,35,1,1,4,1,1,4
250092,1,1,26,1,1,11,20,20,8,0,1,0,1,0,1,998,66,158,1,0,1,2,8,2,1,14,11,0,80,96,0,2,5,2020,7,15,2,24,1,1,4,1,1,4
250093,1,1,27,1,1,11,99,8,0,0,1,0,1,0,1,998,66,999,0,0,2,2,8,2,1,1,66,0,3,99,0,15,5,2020,6,16,2,12,8,1,1,1,1,0
250094,1,1,34,1,1,11,20,20,0,0,1,0,1,0,1,998,69,198,1,0,3,3,3,2,1,1,8,0,95,0,0,2,5,2020,7,11,2,1,1,1,1,1,1,4
250096,1,1,20,1,1,11,99,20,0,0,3,0,1,0,1,998,68,999,0,0,1,2,8,2,1,11,83,0,13,99,38,5,5,2020,3,18,2,9,2,2,1,1,1,0
250097,1,1,74,2,1,11,99,1,9,0,4,0,2,0,1,998,60,209,0,5,1,2,8,2,1,1,12,0,13,99,999,19,5,2020,3,12,2,33,1,1,4,1,1,4
250098,1,1,29,1,1,11,20,1,8,0,1,0,1,0,1,998,68,201,0,0,1,2,8,2,1,1,13,1,8,99,0,29,5,2020,6,22,2,17,1,1,4,3,1,4
250099,1,1,51,1,1,11,20,1,1,0,1,0,1,0,1,998,68,149,0,0,1,2,8,2,1,1,10,0,60,99,0,12,5,2020,3,23,2,30,1,1,4,6,1,4
250100,1,1,31,1,1,11,20,99,8,0,1,0,1,0,1,998,68,177,0,0,2,2,8,2,1,1,12,1,3,99,36,25,5,2020,2,21,2,30,1,1,4,3,1,4
250101,1,1,26,1,1,11,99,8,9,0,1,0,4,0,1,70,69,999,1,3,1,2,8,2,1,1,9,0,3,99,6,21,5,2020,5,18,2,33,1,1,4,1,1,0
250102,1,1,64,1,1,11,99,99,8,0,1,0,1,0,1,998,65,142,0,0,3,2,8,2,1,1,62,0,60,96,0,27,3,2020,6,15,2,12,2,2,1,1,1,4
250103,1,1,66,1,1,11,3,8,8,0,1,0,1,0,1,998,69,200,0,0,6,3,8,2,1,14,10,0,7,0,0,13,5,2020,4,9,2,1,5,1,1,1,1,4
250104,1,1,53,1,1,11,3,20,0,0,2,0,1,0,1,998,73,999,0,0,1,2,8,2,1,1,80,0,60,0,0,17,5,2020,1,15,2,8,1,1,1,1,1,0
250105,1,1,35,1,1,11,3,20,0,0,2,0,3,99,1,998,65,999,0,0,3,2,8,2,1,10,16,0,999,0,0,13,5,2020,4,16,2,12,8,1,1,1,1,0
250106,1,1,20,1,1,11,20,8,8,0,4,0,1,0,1,998,61,119,2,3,2,2,8,2,1,14,13,1,13,99,36,7,5,2020,5,4,2,42,1,1,5,3,1,4
250107,1,1,31,1,1,11,3,20,0,0,2,0,1,0,1,998,73,999,2,5,1,2,8,2,1,1,13,0,13,99,999,10,5,2020,1,20,2,33,1,1,4,5,1,1
250108,1,1,48,1,1,11,3,1,0,0,1,0,2,0,1,998,66,999,0,0,1,2,8,2,1,1,62,0,60,0,0,2,6,2020,3,19,2,12,1,1,1,5,10,1
250109,1,1,31,2,1,11,3,8,1,0,1,0,1,0,1,998,63,170,2,5,3,3,8,2,1,1,13,1,7,96,36,6,6,2020,7,6,2,12,5,1,1,1,1,4
250110,1,1,59,1,1,11,20,20,0,0,3,0,2,0,1,998,66,999,0,3,1,2,8,7,1,14,13,0,13,99,0,7,6,2020,1,15,2,39,1,1,4,1,1,3
250111,1,1,53,1,1,11,3,20,0,0,3,0,2,0,1,998,70,999,1,0,1,2,8,2,1,11,15,0,13,99,999,12,6,2020,6,19,2,12,2,3,1,1,1,0
250112,1,1,83,2,1,11,3,1,0,0,1,0,1,0,1,998,63,285,0,0,1,2,8,7,1,1,13,0,7,99,0,14,6,2020,1,18,2,30,1,1,4,1,1,4
250113,1,1,87,1,1,11,3,1,9,0,1,0,1,0,1,998,75,200,0,0,1,2,8,2,1,11,15,0,13,99,38,10,6,2020,4,7,2,12,2,3,1,1,1,4
250114,1,1,61,1,1,11,99,1,0,0,1,0,1,0,1,998,71,200,0,0,1,2,8,2,1,1,13,0,7,99,999,5,6,2020,6,19,2,19,1,1,4,5,1,4
250115,1,1,28,1,1,11,20,99,9,0,1,0,2,0,1,998,64,999,0,0,1,2,8,2,2,99,12,1,7,99,999,30,6,2020,3,14,2,30,1,1,4,1,2,4
250116,1,1,26,2,1,11,20,8,0,0,2,0,2,0,1,998,65,150,1,0,1,2,8,2,1,1,14,1,7,99,36,20,6,2020,7,3,2,42,3,3,4,3,1,4
250117,1,1,26,1,1,11,99,20,0,0,1,0,1,0,1,25,75,999,2,0,2,2,8,2,1,1,83,0,3,99,0,9,6,2020,3,7,2,9,2,2,1,1,1,0
250118,1,1,31,1,1,11,20,98,9,0,1,0,0,99,1,998,999,135,99,0,2,2,8,2,1,1,13,1,999,99,0,9,6,2020,3,16,2,33,1,1,4,1,1,4
250119,1,1,18,1,1,11,3,20,8,0,2,0,2,0,1,998,70,999,0,0,1,2,8,2,1,11,15,0,13,93,38,12,6,2020,6,23,2,12,2,4,1,2,10,0
250121,1,1,23,1,1,11,20,20,8,0,1,0,1,0,1,998,70,150,1,3,2,3,8,2,1,1,51,0,80,96,6,23,6,2020,3,23,2,12,1,1,1,2,1,4
250122,1,1,25,2,1,11,3,20,0,0,1,0,2,0,1,998,65,999,1,0,3,4,8,2,1,1,80,0,7,0,0,24,6,2020,4,20,2,8,1,1,1,5,1,0
250123,1,1,61,1,1,11,20,1,0,0,1,0,1,0,1,998,74,240,0,0,0,0,0,0,0,11,15,0,13,93,38,22,6,2020,2,11,2,12,8,1,1,1,1,4
250124,1,1,55,2,1,11,3,20,8,0,1,0,1,0,1,998,68,999,0,0,2,4,8,2,1,1,80,0,7,96,0,10,6,2020,4,7,2,8,1,1,1,1,1,0
250125,1,1,73,1,1,11,3,20,8,0,1,0,1,0,1,998,73,999,0,0,2,2,8,2,98,1,80,0,7,96,0,26,6,2020,6,12,2,8,1,1,1,1,1,2
250126,1,1,50,1,1,11,98,20,0,0,2,0,2,0,1,998,69,150,0,0,3,2,8,2,1,14,61,0,7,0,0,26,6,2020,6,19,2,12,5,1,6,5,1,4
250127,1,1,33,1,1,11,3,98,0,0,4,0,1,0,1,998,67,240,0,0,3,3,8,2,2,1,13,0,9,0,85,29,6,2020,2,5,2,24,1,1,4,4,10,4
250129,1,1,26,2,1,11,3,8,0,0,3,0,1,0,1,998,60,999,2,0,3,2,8,2,1,1,53,0,13,0,0,20,6,2020,7,0,2,12,1,1,1,3,10,2
250130,1,1,36,2,1,11,99,20,9,0,1,0,1,0,1,998,64,290,0,0,1,4,8,2,2,1,10,0,7,99,28,27,6,2020,7,18,2,12,2,3,1,1,10,4
250132,2,1,77,1,1,11,3,20,0,0,2,0,3,0,1,998,73,180,0,3,3,2,8,2,1,1,10,0,60,96,0,22,5,2020,6,16,2,14,1,1,3,1,1,2
250134,1,1,48,1,1,11,20,20,8,0,1,0,1,0,1,998,67,170,3,0,3,3,8,2,1,14,51,0,83,96,0,26,6,2020,6,11,2,12,5,1,1,1,1,4
250137,1,1,19,1,1,11,20,1,9,0,1,0,2,0,1,998,69,180,2,3,1,2,8,7,1,99,19,1,5,99,36,13,6,2020,7,5,2,30,1,1,4,1,1,4
250138,1,1,20,1,1,11,20,20,8,0,1,0,0,0,1,998,68,150,0,0,1,2,8,2,1,1,14,1,86,99,39,22,6,2020,2,16,2,19,3,3,4,1,1,4
250139,1,1,23,2,1,11,3,20,8,0,2,0,1,0,1,998,66,999,0,0,1,2,8,2,2,1,66,0,7,99,0,28,6,2020,1,21,2,12,2,2,1,3,2,0
250140,1,1,19,1,1,11,99,8,9,0,1,0,2,0,1,998,999,999,0,3,1,2,8,2,1,1,10,0,13,99,28,3,7,2020,6,4,2,12,1,1,1,3,1,3
250141,1,1,56,1,1,11,20,20,8,0,1,0,1,0,1,998,71,224,1,3,1,2,8,2,1,1,14,1,94,99,58,12,7,2020,1,14,2,24,3,4,4,1,1,4
250142,1,1,42,1,1,11,20,20,1,0,2,0,1,0,1,998,66,999,0,3,1,2,8,2,1,1,6,1,81,0,36,18,7,2020,7,17,2,24,1,1,4,1,1,2
250143,1,1,69,1,1,11,3,20,9,0,1,0,1,0,1,30,68,171,0,0,1,2,8,2,1,1,13,0,7,99,0,23,7,2020,5,11,2,42,1,1,5,1,1,4
250144,1,1,35,1,1,11,98,98,8,0,1,0,1,0,1,998,69,264,0,0,3,3,8,2,2,13,53,1,13,96,0,11,7,2020,7,4,2,12,1,1,1,4,2,4
250145,1,1,70,1,1,11,20,8,0,0,1,0,1,0,1,998,73,224,0,0,1,2,8,2,1,14,12,0,13,99,0,13,7,2020,2,18,2,39,1,1,5,1,10,4
250146,1,1,41,1,1,11,99,99,8,0,1,0,2,0,1,100,73,156,0,3,1,2,8,2,1,1,12,1,7,99,36,23,7,2020,5,23,2,42,1,1,5,3,1,4
250147,1,1,49,1,1,11,3,20,8,0,1,0,1,0,1,998,72,999,0,0,1,2,8,2,1,1,66,0,60,0,0,29,7,2020,4,4,2,12,8,1,1,2,1,0
250148,1,1,24,1,1,11,3,20,0,0,1,0,2,0,1,998,70,999,3,0,3,4,8,2,1,1,80,0,7,96,0,7,7,2020,3,22,2,8,1,1,1,2,1,0
250149,1,1,44,1,1,11,20,20,8,0,1,0,1,0,1,998,75,313,0,0,1,2,8,2,1,99,19,0,80,0,0,4,7,2020,7,13,2,14,1,1,4,1,1,4
250150,1,1,998,2,1,11,99,8,0,0,1,0,1,0,1,998,67,199,0,0,1,2,8,2,1,1,66,0,7,0,0,27,7,2020,2,17,2,12,2,3,1,1,1,4
250151,1,1,58,2,1,11,99,2,0,0,1,0,1,0,1,998,61,999,0,0,1,4,8,2,1,11,15,0,8,0,38,29,7,2020,4,11,2,12,8,1,1,1,1,0
250152,1,1,25,1,1,11,20,1,9,0,2,0,2,0,1,998,68,226,1,3,1,2,8,2,1,1,10,0,7,99,0,11,7,2020,7,6,2,18,1,1,1,4,10,4
250153,1,1,32,1,1,11,99,8,8,0,1,0,1,0,1,998,67,178,0,0,1,2,8,1,1,1,13,1,13,99,0,19,7,2020,1,3,2,42,1,1,4,3,1,4
250154,1,1,21,2,1,11,20,1,9,0,2,0,2,0,1,998,67,999,0,0,1,2,8,7,1,1,10,0,13,98,6,24,7,2020,6,11,2,12,1,1,1,1,1,3
250155,1,1,80,2,1,11,20,8,8,0,2,0,1,0,1,998,65,999,0,0,1,2,8,2,1,4,17,0,8,99,38,4,7,2020,7,99,2,12,2,4,1,1,1,1
250156,1,1,33,1,1,11,98,8,1,0,1,0,1,0,1,998,73,999,0,3,3,2,8,2,1,1,51,0,13,96,36,19,7,2020,1,9,2,12,1,1,1,1,1,3
250157,1,1,83,2,1,11,3,20,9,0,1,0,1,0,1,998,65,999,0,0,1,2,8,2,1,11,15,0,15,0,38,7,7,2020,3,13,2,12,2,3,1,1,1,2
250158,1,1,21,1,1,11,2,8,8,0,1,0,2,0,1,998,69,166,0,0,2,2,8,2,1,1,53,0,13,96,0,6,7,2020,2,15,2,12,1,1,1,1,1,4
250159,1,1,43,1,1,11,3,20,0,0,1,0,1,0,1,998,69,999,0,0,1,2,8,2,1,11,15,0,7,0,0,25,7,2020,7,17,2,12,2,2,1,1,1,0
250160,1,1,36,2,1,11,3,20,0,0,4,0,1,0,1,998,61,999,0,0,3,2,8,2,1,1,80,0,15,0,0,10,7,2020,6,20,2,8,1,1,1,2,10,0
250161,1,1,60,2,1,11,3,20,0,0,1,0,1,0,1,998,60,999,0,0,2,2,8,2,1,1,19,0,13,0,0,16,7,2020,5,21,2,8,1,1,1,2,1,0
250162,1,1,29,1,1,11,20,20,8,0,2,0,1,0,1,998,73,236,2,0,3,2,8,2,1,1,13,1,80,96,6,14,5,2020,5,21,2,42,3,3,5,3,1,4
250163,1,1,39,1,1,11,20,20,8,0,2,0,1,0,1,998,63,169,1,0,1,4,8,2,1,1,78,0,80,99,0,18,7,2020,7,18,2,12,2,3,1,1,1,4
250164,1,1,31,1,1,11,20,20,8,0,1,0,1,0,1,998,73,258,1,0,1,2,8,2,1,1,8,1,81,96,0,26,7,2020,1,1,2,33,1,1,4,3,1,4
250165,1,1,18,2,1,11,3,20,0,0,1,0,2,0,1,998,61,999,0,0,2,4,8,2,1,11,15,0,13,0,0,23,7,2020,5,20,2,12,8,1,1,3,10,0
250166,1,1,78,1,1,11,98,20,8,0,1,1,1,0,1,998,70,999,0,0,8,4,8,2,98,1,83,1,7,96,60,18,7,2020,7,20,2,15,3,98,1,8,98,0
250167,1,1,33,1,1,11,20,20,9,0,1,0,1,0,1,998,999,999,0,0,1,2,8,2,1,1,99,0,80,99,0,11,4,2020,7,11,2,12,3,98,1,1,98,4
250168,1,1,26,1,1,11,98,20,8,0,1,1,2,0,1,998,75,999,1,0,8,2,8,2,98,1,80,1,13,96,38,11,7,2020,7,0,2,8,2,98,1,6,98,0
250169,1,1,33,2,1,11,3,8,0,0,2,0,1,0,1,46,62,999,0,3,2,2,1,2,1,1,54,0,13,96,51,1,8,2020,7,15,2,12,1,1,1,1,1,1
250170,1,1,27,1,1,11,20,20,8,0,1,0,2,0,1,998,74,218,0,0,3,2,8,2,1,1,10,0,85,0,36,2,8,2020,1,0,2,12,1,1,1,3,1,4
250171,1,1,54,1,1,11,20,1,0,0,1,0,1,0,1,998,69,220,0,0,2,3,8,2,1,1,12,1,65,0,0,8,8,2020,7,15,2,52,1,1,4,1,1,4