ST_CASE,VEH_NO,PER_NO,AGE,SEX,PER_TYP,SEAT_POS,REST_USE,AIR_BAG,DRUGS,LOCATION,NUMOCCS,HIT_RUN,OWNER,V_CONFIG,HAZ_INV,TRAV_SP,DR_HGT,DR_WGT,PREV_SPD,SPEEDREL,VTRAFWAY,VNUM_LAN,VPROFILE,VPAVETYP,VSURCOND,P_CRASH1,P_CRASH2,DR_DRINK,VPICBODYCLASS,DRDISTRACT,DRIVERRF,DAY,MONTH,YEAR,DAY_WEEK,HOUR,RUR_URB,HARM_EV,RELJCT2,TYP_INT,REL_ROAD,LGT_COND,WEATHER,INJ_SEV
250172,1,1,40,1,1,11,98,1,0,0,1,0,1,0,1,998,74,999,0,0,3,3,8,2,1,1,80,0,13,0,0,9,8,2020,1,15,2,8,1,1,1,1,98,0
250173,1,1,55,1,1,11,3,99,8,0,1,1,2,0,1,998,72,999,0,0,2,2,1,2,1,1,80,0,7,99,38,11,8,2020,3,20,2,8,1,1,1,3,1,0
250174,1,1,91,2,1,11,3,20,8,0,1,0,1,0,1,998,66,999,0,0,4,2,8,2,1,11,80,0,13,99,0,13,8,2020,5,10,2,8,3,2,1,1,1,0
250175,1,1,60,1,1,11,98,20,0,0,1,0,3,0,1,998,69,208,0,0,2,3,8,2,1,1,12,0,60,96,0,6,8,2020,5,6,2,42,1,1,3,1,1,4
250176,1,1,20,1,1,11,20,8,8,0,1,0,1,0,1,998,68,999,0,0,2,3,8,2,1,1,12,0,13,96,28,8,8,2020,7,3,2,1,1,1,3,3,1,4
250177,1,1,75,1,1,11,3,20,0,0,2,0,1,0,1,998,73,999,0,0,1,4,8,2,1,1,80,0,7,92,0,15,8,2020,7,11,2,8,3,3,1,1,1,0
250178,1,1,57,1,1,11,20,20,8,0,2,0,1,0,1,998,73,255,3,5,3,3,8,2,1,1,51,0,13,96,36,11,7,2020,7,14,2,12,1,1,1,1,10,4
250179,1,1,32,1,1,11,99,20,0,0,1,0,1,0,1,998,70,999,0,3,1,2,8,2,1,1,80,0,13,99,36,3,8,2020,2,7,2,8,1,1,1,1,1,0
250180,1,1,19,1,1,11,3,20,8,0,1,0,1,0,1,998,73,999,0,0,1,2,8,2,1,1,80,0,7,93,6,2,8,2020,1,9,2,8,1,1,1,1,1,0
250182,1,1,66,2,1,11,20,20,8,0,2,0,1,0,1,998,67,271,0,0,3,2,8,2,1,1,78,0,7,99,0,23,8,2020,1,3,2,12,1,1,1,6,5,4
250183,1,1,31,1,1,11,20,20,9,0,1,0,0,99,1,998,72,999,2,3,1,2,8,2,1,14,15,1,998,99,0,11,8,2020,3,0,2,33,1,1,4,3,1,4
250184,1,1,35,1,1,11,3,1,0,0,3,0,1,0,1,998,69,999,0,0,3,2,8,2,1,1,50,0,7,98,0,6,8,2020,5,14,2,12,1,1,1,1,1,1
250185,1,1,45,1,1,11,98,98,8,0,1,1,2,0,1,998,72,999,0,0,3,3,8,2,2,1,80,0,8,96,0,29,6,2020,2,23,2,8,3,2,1,3,10,9
250186,1,1,74,2,1,11,99,1,0,0,2,0,2,0,1,998,66,156,0,0,3,2,8,2,1,1,13,0,13,0,0,18,8,2020,3,10,2,33,3,3,4,1,1,4
250188,1,1,47,1,1,11,99,20,0,0,1,0,2,0,1,30,72,999,0,0,2,4,8,2,1,1,80,0,7,99,0,17,8,2020,2,23,2,8,1,1,1,3,1,0
250189,1,1,55,2,1,11,20,8,9,0,1,0,1,0,1,998,62,244,0,0,2,2,8,7,2,1,13,0,3,99,0,27,8,2020,5,13,2,42,1,1,5,1,2,4
250190,1,1,19,2,1,11,3,20,0,0,3,0,2,0,1,35,62,999,0,0,2,2,8,2,1,1,80,0,7,0,0,29,6,2020,2,15,2,15,3,3,1,1,1,0
250191,1,1,28,1,1,11,98,20,0,0,1,0,3,0,1,998,72,999,0,0,2,4,8,1,1,1,80,0,7,0,0,25,8,2020,3,23,2,8,1,1,1,3,10,1
250193,1,1,91,1,1,11,20,2,0,0,1,0,1,0,1,998,75,147,0,0,3,3,8,2,1,1,13,0,13,0,0,21,8,2020,6,7,2,14,1,1,2,1,1,4
250194,1,1,53,1,1,11,20,20,0,0,1,0,2,99,1,998,65,165,0,0,3,2,8,2,1,16,51,0,999,0,38,28,8,2020,6,15,2,12,5,1,1,1,1,4
250195,1,1,53,1,1,11,20,98,9,0,1,0,3,0,1,998,67,999,0,0,1,2,8,2,1,1,78,0,126,99,999,4,8,2020,3,21,2,12,2,2,1,3,10,3
250196,1,1,39,2,1,11,98,98,8,0,1,0,1,0,1,998,66,172,2,0,3,4,8,2,1,1,13,1,13,96,0,22,8,2020,7,19,2,52,1,1,4,1,1,4
250197,1,1,31,2,1,11,99,1,9,0,1,0,1,0,1,998,63,999,0,0,1,2,8,2,1,1,13,1,2,99,27,26,9,2020,7,16,2,42,1,1,5,1,1,4
250198,1,1,91,1,1,11,99,1,8,0,1,0,5,0,1,998,70,999,0,0,1,2,8,2,1,11,55,0,5,96,0,21,9,2020,2,13,2,12,8,1,1,1,1,4
250199,1,1,23,1,1,11,20,20,8,0,1,0,0,99,1,998,999,190,99,0,3,2,8,2,1,1,53,0,999,96,0,27,9,2020,1,1,2,12,1,1,1,2,1,4
250200,1,1,54,1,1,11,20,20,0,0,1,0,1,0,1,998,65,999,0,3,3,2,8,2,1,14,12,0,94,96,0,9,9,2020,4,16,2,33,1,1,3,1,10,4
250201,1,1,82,2,1,11,3,8,8,0,1,0,1,0,1,998,67,245,0,0,1,2,8,2,1,1,13,0,7,0,0,11,9,2020,6,9,2,42,1,1,5,1,10,4
250202,1,1,64,1,1,11,3,8,8,0,1,0,1,0,1,998,67,145,0,0,2,4,8,2,1,12,51,0,13,96,38,21,9,2020,2,19,2,12,1,1,1,3,1,4
250203,1,1,23,1,1,11,20,1,1,0,1,0,9,0,1,998,66,121,0,5,3,3,8,2,2,1,13,0,13,96,28,8,7,2020,4,5,2,1,1,1,4,4,10,4
250204,1,1,32,1,1,11,3,1,9,0,1,0,1,0,1,998,67,157,0,5,1,2,8,2,1,1,13,1,3,99,36,25,7,2020,7,23,2,42,1,1,5,3,1,4
250205,1,1,25,1,1,11,3,1,0,0,1,0,1,0,1,998,70,999,2,0,2,2,8,2,1,1,62,0,13,99,0,25,6,2020,5,23,2,12,1,1,1,3,1,2
250206,1,1,63,1,1,11,20,20,8,0,1,0,1,0,1,0,69,212,0,0,1,2,8,2,1,5,78,0,81,0,0,1,9,2020,3,15,2,12,2,3,1,1,10,4
250207,1,1,31,1,1,11,99,20,9,0,1,1,3,99,1,35,72,999,0,0,1,2,8,7,1,1,80,0,63,99,36,30,8,2020,1,13,2,8,1,1,2,1,10,0
250208,1,1,999,9,9,99,99,99,9,0,1,1,9,99,1,998,998,997,998,8,1,2,8,2,1,0,99,0,999,16,0,15,8,2020,7,23,2,8,1,1,1,3,1,9
250209,1,1,34,2,1,11,3,8,0,0,3,0,2,0,1,998,999,999,0,0,1,2,8,2,1,1,60,0,7,0,0,25,8,2020,3,14,2,12,1,1,1,1,1,1
250210,1,1,28,1,1,11,99,20,8,0,3,0,4,0,1,998,70,999,0,0,1,2,8,2,1,11,15,0,13,9,58,10,8,2020,2,21,2,12,2,2,1,6,1,0
250211,1,1,19,2,1,11,20,8,8,0,2,0,0,0,1,998,63,182,0,0,3,3,8,2,1,1,8,0,13,3,27,1,9,2020,3,4,2,25,1,1,3,2,1,4
250212,1,1,78,1,1,11,2,20,0,0,1,0,1,99,1,998,67,999,0,0,1,2,8,2,1,11,83,0,999,0,0,12,9,2020,7,10,2,9,2,2,1,1,1,0
250213,1,1,29,1,1,11,3,1,8,0,1,0,1,99,1,998,69,999,1,5,3,2,8,2,1,1,50,0,999,93,36,13,9,2020,1,2,2,12,1,1,1,2,1,2
250214,1,1,28,1,1,11,98,1,8,0,1,0,2,0,1,998,69,999,0,3,3,2,8,2,1,1,51,0,95,93,36,23,9,2020,4,10,2,12,1,1,1,1,1,0
250215,1,1,51,1,1,11,20,1,9,0,1,0,1,0,1,998,67,215,0,5,2,2,8,2,1,14,19,1,13,99,36,17,9,2020,5,17,2,33,3,3,3,1,1,4
250216,1,1,55,1,1,11,3,20,0,0,1,0,3,6,1,998,74,270,1,0,2,2,8,2,1,1,80,0,66,0,0,29,9,2020,3,10,2,8,2,7,1,1,1,2
250217,1,1,81,1,1,11,3,8,8,0,2,0,1,0,1,998,62,999,0,3,2,2,8,2,1,1,13,0,13,0,35,17,9,2020,5,8,2,12,2,3,1,1,1,3
250218,1,1,72,2,1,11,99,20,0,0,1,0,1,0,1,998,62,999,0,0,1,2,8,2,1,1,81,0,7,99,0,1,9,2020,3,12,2,8,1,1,1,1,1,0
250219,1,1,27,2,1,11,20,1,8,0,3,0,1,0,1,998,55,142,0,3,1,2,8,2,1,1,19,1,7,96,28,28,9,2020,2,22,2,14,1,1,2,2,1,4
250220,1,1,34,2,1,11,99,1,0,0,1,0,0,0,1,998,66,999,0,0,1,2,8,2,1,1,62,0,7,99,0,6,6,2020,7,0,2,12,1,1,1,3,1,1
250221,1,1,86,1,1,11,3,1,0,0,1,0,1,0,1,998,66,120,0,0,1,2,8,2,1,1,17,0,13,0,39,19,6,2020,6,21,2,12,2,2,1,3,1,4
250222,1,1,22,1,1,11,20,8,8,0,2,0,3,0,1,120,66,130,1,3,6,1,8,2,1,14,12,1,7,96,36,3,10,2020,7,2,2,42,5,1,5,3,1,4
250223,1,1,41,1,1,11,3,1,9,0,1,0,1,0,1,998,999,999,0,0,1,1,8,2,1,1,62,0,5,99,27,4,10,2020,1,18,2,12,1,1,1,5,10,4
250226,1,1,28,1,1,11,3,20,0,0,3,0,1,0,1,998,72,999,0,0,1,2,8,2,1,11,15,0,7,0,38,6,9,2020,1,22,2,12,2,2,1,3,1,0
250227,1,1,66,2,1,11,3,8,0,0,1,0,2,0,1,998,63,999,0,0,1,2,8,2,2,1,17,0,7,96,38,2,9,2020,4,12,2,12,2,2,1,1,2,4
250228,1,1,30,1,1,11,20,20,9,0,1,0,1,0,1,90,65,249,0,3,1,2,8,2,1,99,13,0,85,99,37,22,8,2020,7,99,2,31,1,1,5,3,1,4
250229,1,1,54,1,1,11,3,8,8,0,1,0,1,0,1,998,70,171,0,4,2,3,1,2,2,1,13,0,13,0,0,2,9,2020,4,17,2,42,1,1,5,5,2,4
250230,1,1,999,9,9,99,99,98,8,0,1,1,9,99,1,998,998,997,998,8,1,2,8,2,1,0,99,0,999,16,0,1,9,2020,3,0,2,8,1,1,1,2,1,9
250231,1,1,21,1,1,11,3,20,0,0,2,0,1,0,1,998,70,999,3,0,1,2,8,2,1,1,53,0,13,0,0,6,9,2020,1,16,2,12,2,2,1,1,1,0
250232,1,1,71,1,1,11,3,99,8,0,1,0,3,0,1,998,70,236,1,0,1,2,8,2,1,1,10,1,2,99,0,29,9,2020,3,14,2,30,1,1,12,1,1,4
250233,1,1,25,1,1,11,20,1,0,0,1,0,2,0,1,998,69,204,2,3,3,3,8,2,1,1,12,0,13,96,28,22,8,2020,7,3,2,35,1,1,3,2,10,4
250234,1,1,78,1,1,11,20,1,8,0,1,0,3,0,1,998,72,999,0,0,1,2,8,2,1,1,13,0,13,99,0,10,10,2020,7,23,2,30,1,1,4,3,1,4
250235,1,1,31,1,1,11,3,8,0,0,2,0,2,0,1,998,71,999,0,0,3,3,8,2,1,1,87,0,5,0,58,12,10,2020,2,20,2,42,1,1,5,2,10,4
250237,1,1,36,1,1,11,3,8,0,0,1,0,1,0,1,998,71,999,0,0,1,2,8,2,1,1,78,0,7,0,0,9,10,2020,6,12,2,12,1,1,1,1,1,0
250239,1,1,47,1,1,11,3,20,0,0,1,0,3,5,1,998,83,999,0,0,1,2,8,2,1,10,64,0,66,0,0,21,10,2020,4,16,2,9,3,2,1,1,1,0
250240,1,1,18,1,1,11,20,20,8,0,2,0,1,0,1,998,70,208,0,3,1,2,8,2,1,14,10,0,13,96,51,23,10,2020,6,1,2,12,1,1,1,3,1,4
250241,1,1,24,1,1,11,20,8,0,0,1,0,1,0,1,998,72,999,0,3,3,4,8,2,2,1,13,0,13,0,0,14,10,2020,4,6,2,34,1,1,4,4,1,4
250242,1,1,60,2,1,11,20,1,0,0,1,0,1,0,1,998,67,999,0,0,1,2,8,2,1,1,10,0,7,99,999,30,10,2020,6,15,2,12,1,1,1,1,10,3
250244,1,1,25,1,1,11,20,20,0,0,1,0,1,0,1,998,72,999,0,0,3,2,8,2,1,1,98,0,80,96,0,4,10,2020,1,17,2,12,1,1,1,1,1,4
250245,1,1,34,1,1,11,20,20,0,0,1,0,1,0,1,998,69,249,0,0,1,2,8,2,1,14,12,1,94,99,0,8,10,2020,5,20,2,24,1,1,4,2,1,4
250246,1,1,29,1,1,11,3,8,0,0,1,0,1,0,1,998,71,189,0,0,1,2,8,2,1,1,12,1,13,96,28,14,10,2020,4,22,2,38,1,1,5,2,1,4
250247,1,1,48,2,1,11,3,1,0,0,1,0,2,0,1,998,63,170,1,0,1,2,8,2,1,1,10,0,7,99,28,27,10,2020,3,20,2,12,1,1,1,3,10,4
250248,1,1,58,1,1,11,20,20,0,0,1,0,1,99,1,998,74,999,0,0,0,0,0,0,0,11,55,0,998,0,38,15,10,2020,5,17,2,12,8,1,1,1,1,4
250250,1,1,69,1,1,11,3,8,0,0,1,0,1,0,1,998,999,999,0,0,3,3,8,2,1,1,98,0,7,0,0,6,10,2020,3,16,2,54,1,1,1,1,1,4
250251,1,1,70,1,1,11,3,20,9,0,1,0,3,6,1,998,68,999,0,9,2,2,8,2,1,11,99,0,66,96,999,31,7,2020,6,0,2,12,5,1,1,3,10,0
250252,1,1,25,1,1,11,20,8,8,0,1,0,1,0,1,998,999,999,2,0,3,2,1,2,1,1,8,1,13,96,28,14,8,2020,6,22,2,24,1,1,3,2,1,4
250254,1,1,44,1,1,11,20,20,9,0,1,0,2,0,1,998,999,999,1,0,1,2,8,2,1,10,80,0,7,96,74,28,8,2020,6,4,2,15,4,1,1,2,1,0
250255,1,1,31,2,1,11,20,8,1,0,1,0,1,0,1,998,63,999,2,5,6,2,8,2,1,14,10,1,3,96,28,24,9,2020,5,23,2,25,5,1,4,3,1,4
250256,1,1,65,2,1,11,20,1,8,0,2,0,2,0,1,998,999,177,0,9,1,8,8,2,1,1,99,0,7,96,999,8,10,2020,5,13,2,43,1,1,1,1,1,4
250257,1,1,48,1,1,11,99,20,0,0,2,0,1,0,1,998,70,999,0,0,1,2,8,2,1,11,54,0,60,93,38,11,10,2020,1,12,2,12,2,3,1,1,1,0
250258,1,1,80,1,1,11,20,1,0,0,1,0,1,0,1,998,999,176,0,5,1,2,8,2,1,1,99,0,7,0,28,19,10,2020,2,11,2,14,1,1,5,1,1,4
250259,1,1,45,1,1,11,3,20,0,0,1,0,2,0,1,998,72,999,1,9,2,4,8,2,1,1,80,0,7,96,999,29,10,2020,5,6,2,8,1,1,1,2,10,0
250260,1,1,38,1,1,11,20,8,1,0,1,0,2,0,1,998,72,151,1,0,3,4,8,2,1,1,13,1,13,0,36,15,11,2020,1,20,2,33,1,1,4,3,1,4
250261,1,1,41,2,1,11,3,20,8,0,3,0,2,0,1,998,999,999,99,0,4,2,8,2,2,1,80,0,2,96,0,15,11,2020,1,20,2,8,1,1,1,3,2,0
250263,1,1,30,1,1,11,98,1,8,0,1,0,2,0,1,998,73,999,1,3,1,2,8,2,1,1,17,0,13,0,36,17,11,2020,3,15,2,12,2,2,1,1,1,3
250264,1,1,62,1,1,11,3,20,0,0,1,0,3,2,1,998,70,999,0,0,2,2,8,2,1,10,83,0,11,5,6,17,11,2020,3,14,2,9,2,5,1,1,1,0
250265,1,1,28,1,1,11,3,20,8,0,1,0,1,0,1,998,71,999,0,0,1,2,8,2,1,1,80,0,7,96,0,20,11,2020,6,19,2,8,1,1,6,3,1,0
250266,1,1,31,1,1,11,20,20,8,0,1,0,1,0,1,998,71,478,0,0,3,4,8,2,1,15,51,0,7,96,0,21,11,2020,7,9,2,12,1,1,1,1,1,4
250267,1,1,35,1,1,11,20,20,8,0,1,0,2,0,1,998,70,171,0,0,6,1,8,2,1,14,16,1,80,96,0,22,11,2020,1,0,2,20,20,1,1,3,1,4
250268,1,1,51,1,1,11,20,1,8,0,1,0,2,0,1,998,69,167,0,0,3,2,8,2,1,1,11,1,13,99,0,23,11,2020,2,14,2,14,1,1,4,1,1,4
250269,1,1,20,1,1,11,20,8,9,0,2,0,2,0,1,998,72,999,0,3,2,2,8,2,1,99,11,0,3,99,36,23,11,2020,2,21,2,12,2,3,1,3,1,3
250270,1,1,44,1,1,11,20,8,0,0,1,0,1,0,1,998,76,224,0,0,3,3,8,2,1,1,12,0,8,96,0,25,11,2020,4,18,2,42,1,1,3,2,10,4
250271,1,1,28,1,1,11,99,99,9,0,1,0,1,0,1,998,68,91,0,3,1,8,8,8,1,1,13,1,13,99,0,24,11,2020,3,22,2,42,1,1,5,2,1,4
250272,1,1,23,2,1,11,20,8,0,0,1,0,1,0,1,998,65,999,0,0,3,3,8,2,2,1,13,0,13,0,0,26,11,2020,5,15,2,35,1,1,5,1,2,4
250273,1,1,61,1,1,11,3,1,0,0,2,0,2,0,1,998,66,999,1,0,1,2,8,2,2,1,12,0,13,99,28,26,11,2020,5,13,2,30,1,1,4,1,2,2
250274,1,1,21,1,1,11,3,20,0,0,1,0,2,0,1,998,73,160,1,0,2,3,8,2,1,1,80,0,60,0,0,14,11,2020,7,17,2,8,1,1,1,2,1,0
250275,1,1,27,1,1,11,99,1,9,0,1,0,1,0,1,998,70,207,0,0,1,2,8,2,2,14,12,1,13,0,28,13,11,2020,6,21,2,24,1,1,5,2,2,4
250276,1,1,17,1,1,11,20,1,0,0,1,0,2,0,1,998,74,999,0,3,3,4,8,2,1,1,11,0,7,6,28,21,11,2020,7,8,2,12,1,1,1,1,10,1
250277,1,1,55,2,1,11,20,20,8,0,2,0,2,0,1,998,70,999,0,0,2,2,8,2,1,1,55,0,82,96,0,7,11,2020,7,15,2,12,2,3,1,1,1,1
250278,1,1,55,1,1,11,3,20,0,0,1,0,1,0,1,998,68,999,0,0,1,2,8,2,1,11,15,0,13,0,47,7,11,2020,7,14,2,12,1,1,1,1,1,0
250279,1,1,19,1,1,11,20,20,9,0,1,0,0,0,1,998,999,142,0,5,8,8,8,2,1,1,99,0,85,96,36,10,11,2020,3,22,2,43,1,1,1,3,1,4
250280,1,1,68,1,1,11,99,1,8,0,1,0,1,1,1,998,73,999,0,0,2,2,8,2,2,1,13,1,60,99,0,30,11,2020,2,12,2,30,1,1,4,1,2,4
250281,1,1,19,1,1,11,20,1,9,0,1,0,2,0,1,998,69,115,0,0,3,2,8,2,1,98,99,0,5,96,0,1,11,2020,1,7,2,33,1,1,3,1,1,4
250282,1,1,63,1,1,11,3,20,0,0,1,0,1,0,1,998,68,999,0,0,1,2,8,2,1,14,80,0,7,0,0,25,11,2020,4,17,2,8,3,4,1,1,1,0
250284,1,1,46,1,1,11,99,1,8,0,1,0,1,0,1,998,72,311,3,0,1,2,8,7,1,1,11,0,7,99,0,27,11,2020,6,21,2,53,3,4,4,2,1,4
250285,1,1,91,1,1,11,3,1,0,0,1,0,2,0,1,998,70,999,0,0,2,2,8,2,1,1,62,0,7,0,0,31,10,2020,7,11,2,12,8,1,1,1,1,4
250286,1,1,94,1,1,11,99,20,8,0,1,0,1,0,1,998,73,999,0,0,2,2,8,2,1,1,11,0,13,96,28,24,7,2020,6,18,2,9,1,1,2,5,10,9
250287,1,1,67,1,1,11,3,8,8,0,1,0,1,0,1,998,67,165,0,0,3,3,8,2,1,1,13,1,7,96,0,3,12,2020,5,14,2,1,1,1,5,1,1,4
250288,1,1,57,2,1,11,99,8,9,0,1,0,1,0,1,998,65,136,0,3,1,2,8,2,1,1,17,1,13,99,36,13,12,2020,1,21,2,12,2,2,1,3,1,4
250289,1,1,35,2,1,11,20,8,8,0,1,0,2,0,1,998,72,176,0,0,3,3,8,2,1,1,11,1,13,96,0,12,12,2020,7,5,2,12,1,1,1,3,1,4
250291,1,1,25,1,1,11,99,8,9,0,1,0,1,0,1,998,72,136,1,0,1,2,8,7,3,14,12,1,13,99,0,16,12,2020,4,21,2,24,1,1,4,3,4,4
250292,1,1,25,1,1,11,98,98,8,0,1,0,1,0,1,70,70,999,0,3,1,2,8,8,1,1,10,0,7,96,36,19,12,2020,7,20,2,12,1,1,1,3,1,2
250293,1,1,58,1,1,11,20,20,0,0,1,0,1,0,1,998,73,150,0,0,3,3,8,2,1,1,9,0,82,96,0,8,11,2020,1,9,2,6,1,1,1,1,1,4
250294,1,1,37,1,1,11,3,1,1,0,1,0,1,0,1,998,72,999,2,3,1,2,8,7,1,1,12,1,7,99,36,4,11,2020,4,16,2,39,8,1,5,5,1,2
250296,2,1,47,1,1,11,98,1,0,0,1,0,2,0,1,0,76,999,0,0,3,3,8,2,1,5,98,0,13,0,0,6,12,2020,1,21,2,12,1,1,1,2,10,0
250297,1,1,33,1,1,11,99,99,8,0,1,1,2,0,1,998,72,999,0,3,1,2,8,2,1,1,80,0,13,99,38,17,11,2020,3,18,2,8,1,1,1,5,1,9
250298,1,1,35,1,1,11,20,8,8,0,1,0,2,0,1,998,72,176,0,0,3,3,8,8,1,1,11,1,13,96,0,15,12,2020,3,5,2,12,1,1,1,3,1,4
250299,1,1,32,2,1,11,3,1,0,0,1,0,2,0,1,998,71,999,0,0,3,3,8,2,1,1,80,0,7,96,0,31,12,2020,5,23,2,8,1,1,1,1,1,2
250300,1,1,20,2,1,11,3,8,0,0,1,0,1,0,1,998,75,205,0,5,3,3,8,2,1,1,13,0,13,96,36,23,12,2020,4,15,2,1,1,1,5,1,1,4
250301,1,1,86,1,1,11,98,8,0,0,2,0,0,0,1,998,70,999,0,0,2,2,8,2,1,1,10,0,7,99,28,22,12,2020,3,17,2,12,1,1,1,6,1,4
250302,1,1,44,2,1,11,99,20,8,0,1,0,1,0,1,998,63,999,0,0,1,2,8,2,1,11,15,0,7,93,0,13,12,2020,1,13,2,12,2,3,1,1,1,0
250303,1,1,47,1,1,11,3,20,1,0,1,0,2,0,1,998,63,151,0,0,1,2,8,2,2,1,12,0,7,92,6,5,12,2020,7,13,2,19,1,1,5,1,4,4
250305,1,1,36,2,1,11,3,8,8,0,1,0,1,0,1,998,65,135,0,0,3,2,8,2,1,98,54,0,13,96,51,6,11,2020,6,3,2,12,1,1,1,2,1,4
250306,1,1,33,1,1,11,99,20,9,0,1,0,1,0,1,998,70,999,0,0,2,2,8,2,1,1,80,0,13,99,38,3,12,2020,5,18,2,8,3,3,1,3,1,0
250307,1,1,66,1,1,11,3,20,0,0,1,0,2,0,1,998,64,152,0,0,1,2,8,2,1,1,11,0,13,0,0,9,11,2020,2,5,2,14,1,1,7,4,1,4
250308,1,1,29,2,1,11,3,1,0,0,3,0,1,0,1,998,64,147,1,0,1,2,8,7,1,11,15,0,7,0,38,18,10,2020,1,13,2,12,2,3,1,1,1,0
250309,1,1,54,1,1,11,3,20,8,0,1,0,3,6,1,998,68,180,1,0,3,2,8,2,1,4,83,0,66,96,0,18,8,2020,3,9,2,9,1,1,1,1,1,0
250310,1,1,30,1,1,11,20,20,8,0,1,0,1,0,1,998,71,252,0,3,1,4,8,2,1,1,71,1,80,99,0,31,8,2020,2,23,2,12,8,1,1,3,1,4
250311,1,1,35,1,1,11,20,20,9,0,1,0,2,0,1,998,69,162,3,3,1,2,8,2,1,1,12,0,7,92,36,23,9,2020,4,4,2,33,3,98,5,3,1,4
250312,1,1,76,1,1,11,3,20,0,0,1,0,1,0,1,5,71,999,0,0,1,2,8,7,1,10,80,0,7,99,0,4,11,2020,4,13,2,8,3,3,1,1,1,0
250313,1,1,67,2,1,11,3,8,0,0,1,0,1,0,1,998,65,173,0,0,3,2,8,2,2,11,54,1,7,0,0,24,12,2020,5,20,2,12,1,1,1,3,2,4
250314,1,1,63,1,1,11,98,98,8,0,1,0,1,0,1,998,72,999,0,0,8,2,8,2,1,11,80,0,60,0,36,3,11,2020,3,12,2,8,3,98,1,1,1,9
250315,1,1,91,1,1,11,3,20,8,0,2,0,1,0,1,998,68,999,0,0,1,1,8,2,2,1,83,0,13,0,0,9,12,2020,4,16,2,9,1,1,1,3,4,0
250316,1,1,24,1,1,11,20,8,8,0,1,0,1,0,1,998,72,196,3,0,3,4,8,2,1,1,98,1,7,96,50,10,10,2020,7,5,2,12,1,1,1,2,1,4
250317,1,1,33,1,1,11,99,8,8,0,1,0,1,0,1,998,65,999,1,0,1,2,8,8,1,1,55,0,13,0,0,6,6,2020,7,7,2,12,5,1,1,1,1,1
250318,3,1,63,1,1,11,99,8,1,0,1,0,1,0,1,998,69,176,0,3,1,2,8,2,1,1,12,0,8,99,0,1,6,2020,2,10,2,14,1,1,5,1,10,4
250319,1,1,66,2,1,11,3,8,8,0,2,0,1,0,1,0,66,175,0,0,1,2,8,2,2,5,98,0,7,0,0,26,10,2020,2,13,2,24,2,3,1,1,10,2
250320,1,1,66,1,1,11,99,20,0,0,1,0,1,0,1,998,68,999,0,0,3,2,8,2,1,1,80,0,13,99,999,3,12,2020,5,18,2,8,1,1,1,6,1,9
250321,1,1,38,1,1,11,3,20,0,0,2,0,3,0,1,998,72,999,0,0,1,2,8,2,3,1,80,0,60,99,0,5,12,2020,7,18,2,8,3,3,1,3,4,0
250322,1,1,34,1,1,11,20,8,9,0,1,0,1,0,1,998,67,143,1,0,2,1,8,2,2,1,19,1,13,99,0,12,11,2020,5,21,2,33,3,98,4,3,2,4
250323,1,1,31,1,1,11,20,20,8,0,2,0,2,0,1,75,74,999,1,3,8,2,8,2,98,1,51,0,13,96,36,2,7,2020,5,15,2,12,2,98,1,8,98,4
250325,1,1,40,2,1,11,3,20,8,0,1,0,1,0,1,998,64,999,0,0,1,2,8,2,1,13,80,0,7,93,6,20,11,2020,6,8,2,8,8,1,1,1,1,0
250326,1,1,52,1,1,11,3,20,8,0,2,0,2,0,1,998,999,999,99,0,1,2,8,2,2,1,80,0,2,0,0,21,12,2020,2,19,2,8,1,1,1,2,10,0
250327,1,1,69,1,1,11,98,98,8,0,1,0,1,0,1,998,69,999,0,0,8,2,8,2,2,1,80,1,60,96,0,2,11,2020,2,18,2,8,3,98,1,3,1,0
250328,1,1,18,2,1,11,20,1,8,0,1,0,2,0,1,998,62,161,0,5,2,2,8,2,2,1,9,0,13,96,0,5,12,2020,7,6,2,19,3,2,4,4,2,4
250329,1,1,38,1,1,11,99,8,9,0,1,0,1,0,1,998,66,198,1,3,2,2,8,2,1,1,12,0,13,96,36,30,12,2020,4,0,2,35,1,1,4,3,1,4
250332,1,1,25,2,1,11,98,98,1,0,3,0,1,0,1,100,64,999,0,3,8,4,8,2,98,1,13,1,13,96,0,19,9,2020,7,0,2,24,1,1,4,8,98,3
250333,1,1,55,1,1,11,98,98,8,0,4,0,1,0,1,998,63,999,1,0,8,2,8,2,98,1,19,0,13,96,0,22,11,2020,1,2,2,14,3,98,4,8,98,3
250334,1,1,29,1,1,11,20,20,9,0,1,0,2,0,1,998,68,999,2,0,1,2,8,2,1,1,19,0,95,99,999,16,5,2020,7,18,2,33,3,3,4,1,1,4
250335,1,1,24,2,1,11,98,1,8,0,1,0,1,0,1,998,63,169,0,0,8,2,8,2,98,1,11,0,13,96,0,27,12,2020,1,18,2,12,1,1,1,2,98,4
250336,1,1,70,2,1,11,99,9,9,0,1,0,1,0,1,998,63,120,0,0,1,2,8,2,1,1,11,0,7,99,999,20,4,2020,2,18,2,14,1,1,4,1,1,4