ST_CASE,VEH_NO,PER_NO,AGE,SEX,PER_TYP,SEAT_POS,REST_USE,AIR_BAG,DRUGS,LOCATION,NUMOCCS,HIT_RUN,OWNER,V_CONFIG,HAZ_INV,TRAV_SP,DR_HGT,DR_WGT,PREV_SPD,SPEEDREL,VTRAFWAY,VNUM_LAN,VPROFILE,VPAVETYP,VSURCOND,P_CRASH1,P_CRASH2,DR_DRINK,VPICBODYCLASS,DRDISTRACT,DRIVERRF,DAY,MONTH,YEAR,DAY_WEEK,HOUR,RUR_URB,HARM_EV,RELJCT2,TYP_INT,REL_ROAD,LGT_COND,WEATHER,INJ_SEV
260002,1,1,18,1,1,11,99,98,0,0,2,0,2,0,1,998,75,196,1,2,2,2,8,8,1,1,66,0,13,99,36,1,1,2020,4,21,2,12,2,2,1,3,1,1
260003,1,1,30,1,1,11,20,1,0,0,4,0,2,0,1,998,68,185,0,5,1,2,8,8,1,1,14,1,7,99,39,4,1,2020,7,4,2,38,3,3,4,3,1,3
260004,1,1,55,2,1,11,3,20,0,0,1,0,1,0,1,998,59,180,0,0,1,4,1,2,1,2,80,0,13,0,0,3,1,2020,6,7,2,8,1,1,1,3,10,0
260005,1,1,21,1,1,11,99,1,0,0,3,0,2,0,1,998,67,138,1,5,1,4,8,8,1,1,17,1,13,0,36,3,1,2020,6,21,2,12,2,2,1,3,10,3
260007,1,1,25,1,1,11,3,20,0,0,1,0,1,0,1,998,71,150,0,0,1,5,1,2,1,2,80,0,7,99,0,5,1,2020,1,20,2,8,8,1,1,3,10,0
260008,1,1,29,2,1,11,3,20,0,0,1,0,1,0,1,998,65,155,1,0,1,2,8,8,2,1,83,0,13,0,0,5,1,2020,1,22,2,9,2,2,1,3,1,0
260009,1,1,63,1,1,11,3,1,1,0,1,0,1,0,1,998,64,125,1,0,6,1,2,1,1,1,9,1,13,99,6,5,1,2020,1,2,2,42,5,1,8,3,10,4
260010,1,1,81,1,1,11,3,98,0,0,2,0,1,0,1,998,69,290,1,0,0,0,0,0,0,11,15,0,7,99,38,7,1,2020,3,10,2,12,8,1,1,1,10,2
260012,1,1,39,2,1,11,3,20,0,0,3,0,1,0,1,998,68,280,0,0,2,3,1,1,1,1,80,0,7,0,0,5,1,2020,1,1,2,8,1,1,1,3,1,0
260014,1,1,31,1,1,11,20,1,0,0,1,0,1,0,1,998,78,250,1,0,1,3,1,2,1,11,15,0,5,99,38,2,1,2020,5,18,2,12,2,2,1,2,1,4
260015,1,1,35,2,1,11,3,98,0,0,1,0,2,0,1,998,66,135,0,5,2,4,8,8,1,1,6,0,13,99,27,9,1,2020,5,14,2,12,18,1,1,1,10,4
260016,1,1,18,2,1,11,3,1,0,0,1,0,2,0,1,43,66,120,0,0,1,2,1,2,1,1,50,0,7,99,6,13,1,2020,2,12,2,12,3,3,1,1,1,0
260018,1,1,46,2,1,11,3,20,0,0,1,0,1,0,1,998,70,350,0,0,1,3,8,8,1,1,80,0,7,0,0,14,1,2020,3,18,2,8,1,1,1,2,1,0
260019,1,1,28,1,1,11,99,99,1,0,1,1,2,0,1,998,70,185,0,5,1,4,8,8,1,1,70,0,7,99,36,14,1,2020,3,4,2,12,8,1,1,4,1,0
260020,1,1,22,1,1,11,99,20,0,0,2,0,2,0,1,998,66,185,2,0,5,5,8,8,1,1,83,0,5,0,0,15,1,2020,4,18,2,9,2,3,1,2,10,0
260021,1,1,58,2,1,11,3,20,0,0,1,0,1,0,1,40,62,130,0,0,1,2,8,8,1,1,80,0,7,0,0,13,1,2020,2,22,2,8,1,1,1,2,1,0
260027,1,1,49,1,1,11,3,20,0,0,1,0,1,0,1,998,71,150,0,0,1,4,1,2,1,1,80,0,7,0,0,17,1,2020,6,16,2,8,3,2,1,1,10,0
260031,1,1,23,1,1,11,20,1,1,0,2,0,2,0,1,998,74,210,4,0,1,3,1,2,2,1,10,0,3,99,0,23,1,2020,5,19,2,12,1,1,1,3,1,4
260033,1,1,33,1,1,11,3,98,1,0,1,0,1,0,1,998,72,145,1,0,1,2,1,2,1,14,10,0,7,99,28,27,1,2020,2,4,2,12,1,1,1,3,10,4
260035,1,1,999,9,1,11,99,99,9,0,99,1,9,99,1,998,999,999,99,0,2,6,1,1,1,1,80,0,999,99,999,28,1,2020,3,20,2,8,3,2,1,3,1,9
260036,1,1,36,1,1,11,20,98,0,0,1,0,1,0,1,998,71,195,1,5,6,1,8,2,4,14,6,0,7,99,87,19,1,2020,1,2,2,1,5,1,4,2,1,4
260037,1,1,26,2,1,11,99,98,0,0,1,0,1,0,1,998,64,160,1,0,1,5,8,8,2,1,17,0,7,99,39,25,1,2020,7,21,2,12,2,2,1,3,2,0
260039,1,1,33,1,1,11,99,1,1,0,1,0,2,0,1,998,69,206,0,5,1,4,8,8,1,1,51,1,60,99,6,29,1,2020,4,4,2,12,1,1,1,3,10,3
260045,1,1,28,2,1,11,99,1,0,0,2,0,1,0,1,998,65,173,0,0,1,5,1,1,1,1,9,0,7,99,0,14,1,2020,3,16,2,12,1,1,1,1,10,3
260046,1,1,33,2,1,11,3,20,0,0,2,0,1,0,1,998,56,130,2,5,1,4,1,2,10,1,9,0,7,99,0,19,1,2020,1,14,2,12,1,1,1,1,10,4
260051,1,1,20,2,1,11,20,98,0,0,2,0,4,0,1,998,64,140,1,5,3,3,8,8,3,15,10,1,13,0,6,7,2,2020,6,22,2,12,1,1,1,3,4,4
260052,1,1,34,2,1,11,3,1,0,0,1,0,1,0,1,998,62,140,1,0,3,3,1,2,2,17,54,0,13,99,51,26,1,2020,1,4,2,12,1,1,1,2,10,4
260056,1,1,42,1,1,11,3,20,0,0,1,0,1,0,1,998,66,160,0,0,5,5,1,2,1,1,80,0,3,0,0,11,2,2020,3,19,2,8,1,1,1,3,1,0
260057,1,1,24,1,1,11,99,1,0,0,1,0,2,0,1,998,72,144,1,9,3,3,1,2,3,1,6,1,13,99,999,9,2,2020,1,16,2,24,19,1,8,1,4,4
260059,1,1,22,2,1,11,3,98,0,0,1,0,1,0,1,998,64,125,0,5,2,2,1,1,1,1,12,1,13,99,6,15,2,2020,7,3,2,1,1,1,4,2,1,4
260060,1,1,36,1,1,11,20,1,1,0,2,0,2,0,1,998,68,135,0,0,1,2,2,2,1,1,10,0,13,0,28,2,2,2020,1,12,2,12,1,1,1,1,1,2
260062,1,1,31,2,1,11,99,20,0,0,1,0,2,0,1,0,67,144,0,0,2,5,1,2,1,5,53,0,7,99,54,11,2,2020,3,0,2,12,1,1,1,3,10,1
260064,1,1,44,1,1,11,20,20,1,0,4,0,2,0,1,998,66,999,0,5,5,3,1,2,1,1,5,1,7,99,36,17,2,2020,2,3,2,30,1,1,4,3,1,4
260066,1,1,27,2,1,11,3,98,0,0,2,0,2,0,1,998,68,360,2,0,5,5,1,2,1,15,10,0,13,99,34,19,2,2020,4,8,2,12,1,1,1,1,10,4
260067,1,1,62,1,1,11,3,20,0,0,2,0,2,0,1,998,64,140,1,0,5,5,1,2,1,1,80,0,7,0,0,12,2,2020,4,20,2,8,1,1,1,2,10,0
260068,1,1,35,1,1,11,3,1,0,0,1,0,2,0,1,998,68,180,0,0,1,2,8,2,1,1,13,1,7,99,36,23,2,2020,1,0,2,30,1,1,4,2,1,4
260069,1,1,71,2,1,11,3,1,0,0,1,0,1,0,1,998,60,155,0,9,2,2,1,2,2,11,15,0,1,0,38,14,2,2020,6,14,2,12,2,2,1,1,4,4
260070,1,1,38,2,1,11,3,98,0,0,1,0,2,0,1,998,65,155,0,5,3,3,1,1,1,1,17,0,7,0,39,18,2,2020,3,20,2,12,2,2,1,3,10,1
260074,1,1,999,9,1,11,99,99,9,0,99,1,9,0,1,998,999,999,99,9,1,4,8,8,1,1,80,0,7,99,999,23,2,2020,1,2,2,8,2,3,1,3,1,9
260075,1,1,59,2,1,11,3,1,0,0,1,0,2,0,1,998,63,140,0,0,1,2,1,2,1,1,10,0,13,99,0,20,2,2020,5,14,2,12,1,1,1,1,1,4
260076,1,1,86,2,1,11,3,1,0,0,1,0,1,0,1,998,62,160,0,0,1,3,1,2,1,11,15,0,13,0,38,21,2,2020,6,15,2,12,8,1,1,1,1,2
260078,1,1,52,2,1,11,99,20,0,0,1,1,1,0,1,998,65,135,0,5,1,2,8,8,4,1,80,0,7,99,0,13,2,2020,5,22,2,8,1,1,1,2,1,0
260079,1,1,23,1,1,11,20,98,1,0,2,0,1,0,1,998,69,190,1,0,1,4,8,8,1,1,51,0,7,99,36,15,2,2020,7,8,2,12,1,1,1,1,10,4
260080,1,1,76,2,1,11,3,98,0,0,1,0,1,0,1,998,65,177,0,0,1,2,1,2,2,1,9,0,7,0,0,27,2,2020,5,12,2,12,1,1,1,1,10,3
260081,1,1,22,2,1,11,3,20,0,0,3,0,1,0,1,998,66,220,0,0,1,3,8,8,1,1,80,0,7,0,0,19,2,2020,4,19,2,8,1,1,1,2,1,0
260083,1,1,28,2,1,11,3,98,0,0,1,0,1,0,1,998,66,200,1,0,2,5,1,1,1,1,83,0,13,99,0,23,2,2020,1,16,2,15,1,1,1,1,1,0
260084,1,1,77,1,1,11,3,98,0,0,1,0,1,0,1,998,73,175,0,0,1,5,8,8,2,1,50,0,7,0,0,6,2,2020,5,14,2,12,3,3,1,1,4,4
260090,1,1,25,1,1,11,3,20,0,0,1,0,1,0,1,998,66,180,1,0,1,5,8,2,1,1,80,0,13,0,0,29,2,2020,7,22,2,8,1,1,1,3,1,0
260092,1,1,49,1,1,11,20,1,0,0,2,0,1,0,1,998,70,270,0,0,1,2,2,2,1,1,50,1,13,99,0,11,1,2020,7,21,2,14,1,1,2,2,1,4
260094,1,1,22,1,1,11,99,99,0,0,1,0,2,0,1,998,71,160,0,3,1,3,8,8,2,1,6,0,3,99,41,1,2,2020,7,20,2,30,3,2,4,2,1,4
260095,1,1,40,2,1,11,3,1,1,0,1,0,2,0,1,998,67,135,0,0,3,2,2,1,1,1,12,1,7,99,0,4,3,2020,4,10,2,21,1,1,3,1,10,4
260098,1,1,28,1,1,11,3,20,0,0,1,0,1,0,1,998,75,175,1,0,2,2,8,2,1,1,80,0,13,0,0,7,3,2020,7,18,2,8,3,2,1,3,1,2
260100,1,1,22,1,1,11,3,20,0,0,1,0,2,0,1,998,70,140,0,0,3,4,1,2,1,1,80,0,13,99,0,2,3,2020,2,0,2,8,3,2,1,2,1,0
260102,1,1,48,1,1,11,20,1,1,0,1,0,2,0,1,998,69,160,1,0,1,4,1,2,1,1,54,1,7,99,51,3,3,2020,3,19,2,12,1,1,1,3,1,3
260103,1,1,17,2,1,11,3,20,0,0,1,1,2,0,1,998,68,150,0,0,1,3,1,2,1,1,80,0,7,0,0,16,3,2020,2,3,2,8,3,3,1,2,1,0
260104,1,1,56,1,1,11,20,1,0,0,2,0,1,0,1,998,71,170,0,0,1,3,1,1,1,1,62,0,95,99,0,2,3,2020,2,18,2,12,2,2,1,3,1,4
260105,1,1,48,2,1,11,3,20,0,0,1,0,1,0,1,998,60,140,0,0,5,5,2,1,1,1,83,0,13,0,0,21,3,2020,7,14,2,9,3,3,1,1,1,0
260106,1,1,29,2,1,11,3,98,0,0,5,0,1,0,1,998,61,128,0,0,1,2,8,8,1,1,17,0,13,99,39,7,3,2020,7,12,2,12,2,2,1,1,1,3
260108,1,1,76,1,1,11,20,98,0,0,1,0,1,0,1,998,72,280,0,5,2,6,1,1,2,1,12,0,13,99,0,18,3,2020,4,20,2,33,3,2,3,3,2,4
260109,1,1,46,1,1,11,3,20,0,0,1,0,3,21,1,998,66,170,0,5,1,2,8,8,1,1,80,0,16,0,0,7,3,2020,7,20,2,8,1,1,1,7,1,0
260110,1,1,31,1,1,11,99,20,0,0,4,0,1,0,1,998,65,150,0,0,2,4,8,8,1,1,17,0,7,99,38,20,3,2020,6,23,2,12,2,2,1,3,1,2
260112,1,1,34,1,1,11,99,20,0,0,1,1,1,0,1,998,68,170,0,0,1,9,8,8,1,1,17,0,7,99,39,29,3,2020,1,16,2,12,2,2,1,1,1,0
260113,1,1,56,1,1,11,20,20,0,0,1,0,1,0,1,998,74,215,0,9,6,1,1,1,1,1,12,1,13,99,999,27,3,2020,6,17,2,35,5,1,8,1,1,4
260115,1,1,47,1,1,11,3,20,0,0,1,0,1,0,1,998,71,150,0,0,1,5,1,2,2,1,80,0,13,0,0,29,3,2020,1,3,2,8,3,2,1,3,2,0
260116,1,1,62,1,1,11,20,1,1,0,1,0,1,0,1,998,74,250,0,5,6,1,1,2,1,1,6,1,7,99,0,18,3,2020,4,3,2,25,5,1,3,3,1,4
260117,1,1,999,9,1,11,99,99,9,0,99,1,9,0,1,998,999,999,99,9,1,2,8,8,1,1,80,0,7,99,0,17,3,2020,3,1,2,8,1,1,1,3,1,9
260119,1,1,55,1,1,11,3,20,0,0,1,0,1,0,1,998,74,275,0,0,1,4,1,2,2,10,16,0,60,0,38,20,3,2020,6,9,2,8,4,1,1,1,10,0
260120,1,1,33,2,1,11,3,20,0,0,1,0,1,0,1,45,65,150,0,0,2,4,8,8,1,1,80,0,15,0,0,8,3,2020,1,7,2,8,1,1,1,3,1,0
260122,1,1,36,2,1,11,20,20,0,0,1,0,2,0,1,998,66,165,0,0,5,3,8,8,1,1,13,0,13,99,0,12,3,2020,5,4,2,14,1,1,4,3,1,4
260123,1,1,30,1,1,11,99,99,0,0,1,0,2,0,1,998,69,220,3,0,2,4,8,8,2,15,11,0,7,99,36,28,3,2020,7,3,2,12,1,1,1,3,2,4
260125,1,1,59,1,1,11,3,20,0,0,1,0,1,0,1,998,66,180,0,0,1,7,8,8,2,1,80,0,60,0,39,23,3,2020,2,6,2,8,3,2,1,3,4,0
260128,1,1,38,2,1,11,3,1,0,0,2,0,1,0,1,998,69,270,0,0,1,2,8,8,2,1,50,0,7,99,36,15,1,2020,4,21,2,12,1,1,1,3,10,0
260129,1,1,63,1,1,11,20,1,0,0,2,0,1,0,1,998,74,250,1,2,3,3,8,8,2,14,51,1,3,99,36,28,3,2020,7,16,2,12,18,1,1,1,10,0
260131,1,1,26,1,1,11,99,20,0,0,1,0,2,0,1,998,68,157,0,0,1,4,8,8,2,1,80,0,13,99,37,18,1,2020,7,16,2,8,18,1,1,1,10,3
260132,1,1,38,1,1,11,3,1,0,0,1,0,1,0,1,998,68,195,0,0,1,5,1,2,1,1,62,0,60,0,0,31,3,2020,3,14,2,12,1,1,1,1,1,3
260133,1,1,38,2,1,11,99,99,0,0,2,0,1,0,1,998,63,150,0,0,1,2,1,2,1,1,13,1,13,12,36,13,3,2020,6,0,2,42,1,1,4,2,1,1
260134,1,1,23,2,1,11,99,99,0,0,3,0,4,0,1,998,65,125,0,9,1,2,8,8,2,1,13,0,13,99,999,31,3,2020,3,21,2,42,1,1,4,2,2,4
260135,1,1,999,9,1,11,99,99,9,0,99,1,9,99,1,998,999,999,99,9,3,3,8,8,2,1,80,0,999,99,999,8,2,2020,7,19,2,8,3,2,1,2,1,9
260137,1,1,999,9,1,11,99,99,9,0,99,1,9,99,1,998,999,999,99,9,5,7,8,8,1,1,80,0,999,99,999,3,3,2020,3,19,2,8,2,3,1,1,1,9
260138,1,1,73,1,1,11,3,98,0,0,1,0,1,0,1,998,76,300,0,0,1,2,8,8,3,1,12,0,60,99,0,1,3,2020,1,12,2,42,1,1,4,1,1,4
260139,1,1,61,2,1,11,3,1,0,0,2,0,1,0,1,998,67,125,0,0,3,2,1,2,1,1,13,0,7,0,0,16,3,2020,2,18,2,42,1,1,5,5,1,4
260140,1,1,29,1,1,11,99,98,0,0,3,0,2,0,1,998,69,230,0,0,4,1,8,8,3,1,17,0,13,99,39,29,2,2020,7,2,2,12,2,2,1,3,1,0
260141,1,1,23,1,1,11,3,98,0,0,1,0,1,0,1,998,70,165,4,0,1,2,8,8,1,1,13,1,13,99,999,23,3,2020,2,16,2,34,1,1,4,1,10,4
260142,1,1,72,1,1,11,3,20,0,0,1,0,1,0,1,998,68,155,0,0,1,2,8,1,2,1,12,0,3,0,0,19,3,2020,5,22,2,33,1,1,4,3,1,4
260143,1,1,47,1,1,11,3,20,0,0,1,0,1,0,1,998,72,207,1,0,1,2,1,2,1,1,17,0,13,99,39,5,4,2020,1,18,2,12,2,2,1,1,1,4
260147,1,1,57,1,1,11,3,20,0,0,1,0,3,6,1,998,67,205,0,0,2,4,1,1,1,10,16,0,66,0,0,9,4,2020,5,16,2,9,3,2,1,1,10,0
260148,1,1,30,1,1,11,99,99,0,0,1,0,2,0,1,998,74,206,0,9,1,4,8,8,1,1,9,0,13,99,0,3,4,2020,6,1,2,30,3,2,4,2,1,4
260150,1,1,26,2,1,11,99,99,0,0,2,1,1,0,1,998,59,162,0,0,1,2,8,8,1,6,8,0,7,99,36,14,4,2020,3,15,2,42,1,1,5,1,1,0
260152,1,1,28,1,2,13,99,20,8,0,1,0,6,0,1,0,998,997,998,8,5,3,8,8,2,0,53,0,5,16,54,18,4,2020,7,3,2,12,3,3,1,3,1,1
260154,1,1,24,1,1,11,20,1,0,0,2,0,2,0,1,998,73,205,0,0,2,2,8,8,1,1,17,0,13,99,39,13,4,2020,2,18,2,12,2,2,1,1,1,0
260155,1,1,34,1,1,11,3,98,0,0,1,0,1,0,1,998,72,270,0,5,3,2,8,8,1,1,17,0,13,99,39,19,4,2020,1,17,2,12,2,2,1,1,1,0
260156,1,1,32,1,1,11,99,99,0,0,1,0,2,0,1,998,70,165,1,5,1,2,8,8,1,1,6,0,13,99,36,19,4,2020,1,23,2,42,1,1,4,3,1,4
260158,1,1,37,1,1,11,99,20,0,0,1,0,2,0,1,998,64,175,0,0,3,4,1,1,1,1,13,0,13,0,6,20,4,2020,2,1,2,14,1,1,2,2,1,4
260161,1,1,21,1,1,11,3,3,0,0,3,0,1,0,1,998,73,168,0,0,1,2,8,8,1,1,17,0,7,0,0,25,4,2020,7,20,2,12,2,2,1,1,1,1
260162,1,1,999,9,1,11,99,99,9,0,99,1,9,0,1,998,999,999,99,0,1,2,8,8,2,1,80,0,3,99,999,1,2,2020,7,21,2,8,1,1,1,3,1,9
260163,1,1,32,1,1,11,3,98,0,0,1,0,2,0,1,998,999,999,99,0,3,4,8,8,1,1,80,0,13,0,0,5,3,2020,5,4,2,8,18,1,1,2,1,1
260164,1,1,30,1,1,11,99,99,0,0,1,1,2,0,1,998,67,160,3,0,1,8,8,8,1,1,17,0,13,99,39,21,4,2020,3,20,2,12,2,2,1,1,1,0
260165,1,1,63,1,1,11,99,99,0,0,1,0,2,0,1,998,73,260,0,0,1,4,8,8,1,1,11,0,60,99,28,21,2,2020,6,10,2,14,1,1,7,1,1,4
260166,1,1,22,1,1,11,99,1,0,0,1,1,5,0,1,998,73,170,1,5,1,2,8,8,1,1,17,0,13,99,39,26,4,2020,1,11,2,12,2,2,1,1,1,0
260167,1,1,20,1,1,11,99,20,0,0,6,0,2,0,1,998,68,145,0,0,2,2,8,8,1,1,9,0,7,99,36,29,4,2020,4,23,2,42,1,1,4,3,1,3
260168,1,1,28,1,1,11,3,20,0,0,1,0,4,0,1,998,999,999,99,0,1,4,8,8,2,1,80,0,7,0,0,30,4,2020,5,22,2,8,3,2,1,2,2,0
260169,1,1,28,1,1,11,20,20,0,0,1,0,2,0,1,998,69,180,0,9,1,2,1,2,1,1,9,1,60,99,999,17,4,2020,6,22,2,1,1,1,4,2,10,4
260170,1,1,58,1,1,11,99,20,1,0,1,1,1,0,1,998,70,180,0,0,5,5,1,1,1,1,80,1,13,99,0,9,1,2020,5,18,2,8,1,1,1,3,10,0
260171,1,1,24,1,1,11,99,99,1,0,2,0,2,0,1,998,68,180,0,0,1,4,8,8,1,1,50,0,2,99,36,2,5,2020,7,4,2,12,1,1,1,3,1,3
260172,1,1,76,1,1,11,20,20,0,0,1,0,0,0,1,998,74,200,0,0,1,2,1,2,1,1,9,0,105,12,0,2,5,2020,7,17,2,1,1,1,1,1,1,4
260173,1,1,32,1,1,11,3,98,0,0,1,0,1,0,1,998,74,220,0,0,5,5,1,2,2,1,10,0,60,99,6,18,3,2020,4,20,2,12,1,1,1,3,2,1
260174,1,1,22,1,1,11,3,1,0,0,1,0,1,0,1,998,73,178,1,0,3,2,2,1,2,1,50,0,60,10,6,23,3,2020,2,7,2,12,1,1,1,1,4,0
260175,1,1,38,1,1,11,20,98,1,0,1,0,2,0,1,998,70,215,0,5,1,2,2,2,1,1,13,1,13,0,37,14,4,2020,3,2,2,42,1,1,4,3,1,4
260176,1,1,999,9,1,11,99,99,9,0,99,1,9,0,1,998,999,999,99,0,1,2,8,8,2,1,80,0,7,99,0,27,4,2020,2,21,2,8,1,1,1,2,10,9
260179,1,1,8,1,1,11,20,20,0,0,1,0,9,0,1,998,999,999,0,0,1,2,8,8,1,1,17,0,104,99,38,1,5,2020,6,17,2,12,2,2,1,1,1,4
260180,1,1,17,1,1,11,20,1,1,0,4,0,2,0,1,998,69,170,0,5,2,3,1,2,1,99,6,1,15,99,58,2,5,2020,7,23,2,1,1,1,2,2,1,4
260182,1,1,26,2,1,11,20,20,0,0,1,0,1,0,1,998,66,240,0,5,1,2,8,8,1,99,13,1,7,99,0,1,5,2020,6,22,2,59,1,1,4,3,1,4
260184,1,1,39,1,1,11,20,20,0,0,1,0,2,0,1,998,67,190,0,5,1,5,8,8,1,1,62,0,80,0,0,7,5,2020,5,17,2,12,2,3,1,1,10,4
260186,1,1,76,1,1,11,3,20,0,0,2,0,1,0,1,998,72,195,0,0,0,0,0,0,0,11,15,0,9,0,38,11,5,2020,2,12,2,12,8,1,1,1,1,4
260188,1,1,57,1,1,11,3,20,0,0,1,0,3,2,1,998,75,270,0,0,1,3,1,2,1,2,15,0,11,0,0,11,5,2020,2,11,2,12,3,3,1,1,10,0
260194,1,1,73,1,1,11,3,98,0,0,1,0,1,0,1,998,71,165,1,0,1,2,2,2,2,14,10,0,13,99,28,24,1,2020,6,10,2,12,1,1,1,1,2,4
260196,1,1,78,2,1,11,99,98,0,0,1,0,1,0,1,998,66,272,0,0,1,2,1,2,1,1,13,0,9,99,58,18,4,2020,7,13,2,24,1,1,4,1,1,4
260198,1,1,999,9,1,11,99,99,9,0,99,1,9,0,1,60,999,999,99,5,1,3,8,8,2,1,83,0,7,99,0,10,5,2020,1,21,2,15,3,2,1,3,2,9
260200,1,1,43,1,1,11,3,20,0,0,2,0,3,6,1,998,999,999,1,0,1,4,1,1,1,1,62,0,66,0,0,16,5,2020,7,22,2,24,1,1,4,3,10,0
260201,1,1,53,1,1,11,20,20,1,0,1,0,1,0,1,998,68,160,0,5,6,1,2,1,1,14,13,1,80,0,0,11,5,2020,2,20,2,1,5,1,1,3,1,4
260203,1,1,998,1,1,11,99,99,9,0,3,1,9,0,1,998,999,999,99,0,1,2,8,8,2,1,17,0,7,99,39,14,5,2020,5,15,2,12,2,2,1,1,2,9
260205,1,1,58,2,1,11,3,20,0,0,1,0,1,0,1,998,62,140,0,0,2,4,8,8,1,1,80,0,1,0,0,15,5,2020,6,8,2,8,1,1,1,1,10,0
260207,1,1,49,1,1,11,20,20,0,0,1,0,1,0,1,998,71,170,0,5,1,5,1,2,1,1,51,0,80,0,0,20,5,2020,4,16,2,12,3,2,1,1,1,4
260208,1,1,82,1,1,11,3,7,0,0,2,0,1,0,1,998,68,200,0,0,1,2,8,2,1,1,66,0,7,0,0,11,5,2020,2,14,2,12,2,2,1,1,99,4
260209,1,1,25,1,1,11,3,20,0,0,2,0,2,0,1,998,75,250,1,0,1,4,1,1,1,4,17,0,60,99,38,25,4,2020,7,8,2,12,2,2,1,1,1,0
260213,1,1,24,1,1,11,99,1,0,0,1,0,2,0,1,998,72,205,1,0,1,2,8,8,1,1,6,0,7,99,6,17,5,2020,1,4,2,30,1,1,4,2,1,4
260215,2,1,70,1,1,11,3,8,0,0,1,0,1,0,1,78,69,180,1,0,3,4,1,1,1,1,50,0,13,12,0,11,2,2020,3,5,2,12,1,1,1,3,10,1
260216,1,1,25,1,1,11,1,1,1,0,1,0,2,0,1,998,68,188,1,5,1,6,1,1,2,1,62,1,7,0,0,2,3,2020,2,6,2,12,2,98,1,3,1,2
260217,1,1,32,1,1,11,99,20,1,0,2,0,2,0,1,998,68,150,2,9,1,4,2,2,1,1,13,1,7,99,999,10,5,2020,1,2,2,38,1,1,5,3,1,4
260218,1,1,45,1,1,11,20,20,0,0,1,0,0,0,1,998,70,150,0,5,3,3,1,2,1,1,9,0,3,99,0,13,5,2020,4,1,2,35,19,1,8,2,1,4
260219,1,1,58,1,1,11,3,20,0,0,1,0,3,21,1,998,72,196,0,0,1,4,2,2,1,3,80,0,16,0,0,1,4,2020,4,18,2,8,1,1,1,1,1,0
260221,1,1,47,1,1,11,3,98,0,0,1,0,1,0,1,998,68,215,0,9,5,5,1,2,2,1,10,0,7,99,999,15,5,2020,6,7,2,12,1,1,1,4,2,4
260225,1,1,19,1,1,11,20,98,1,0,1,0,1,0,1,998,65,150,0,5,1,5,1,2,1,1,17,1,13,99,39,20,5,2020,4,19,2,12,2,2,1,1,1,3
260226,1,1,43,1,1,11,3,7,0,0,1,0,1,0,1,998,70,393,0,0,1,2,1,1,1,11,15,0,9,99,39,22,5,2020,6,17,2,12,2,2,1,1,1,4
260229,1,1,29,1,1,11,20,20,1,0,1,0,1,0,1,998,66,138,0,0,1,2,1,2,1,13,80,0,7,0,0,9,5,2020,7,22,2,8,8,1,1,3,1,0
260230,1,1,66,2,1,11,20,2,0,0,3,0,2,0,1,998,63,170,0,0,1,2,8,8,1,1,9,1,7,99,36,13,5,2020,4,20,2,30,1,1,4,5,1,3
260232,1,1,52,1,1,11,3,1,0,0,1,0,1,0,1,998,72,275,0,0,1,2,8,2,1,1,10,1,7,99,28,26,5,2020,3,12,2,12,1,1,1,1,1,4
260234,1,1,57,1,1,11,99,20,0,0,1,0,1,0,1,998,74,205,0,0,2,2,1,2,1,1,10,1,2,99,28,19,5,2020,3,14,2,12,1,1,1,1,10,3
260235,1,1,23,2,1,11,99,98,0,0,6,0,4,0,1,998,63,160,0,5,1,2,8,8,1,1,17,0,13,99,39,21,5,2020,5,20,2,12,2,2,1,1,1,3
260236,1,1,29,1,1,11,3,20,0,0,1,0,9,6,1,8,999,999,99,0,3,3,1,1,1,1,53,0,66,0,0,26,5,2020,3,14,2,12,1,1,1,1,1,0
260237,1,1,22,1,1,11,99,20,0,0,1,0,1,0,1,998,70,160,0,5,3,2,8,8,1,14,6,1,13,99,0,9,5,2020,7,21,2,12,5,1,1,2,10,4
260238,1,1,38,1,1,11,99,1,1,0,1,0,2,0,1,998,71,165,2,5,4,4,1,1,1,1,13,1,13,99,0,23,5,2020,7,14,2,8,3,2,4,1,1,3
260239,1,1,29,1,1,11,20,98,1,0,1,0,2,0,1,998,72,185,1,5,2,3,8,8,1,1,50,0,7,92,0,28,5,2020,5,20,2,12,3,2,1,1,10,3
260241,1,1,24,1,1,11,20,20,0,0,1,0,2,0,1,998,66,999,0,5,3,2,8,1,1,14,6,0,98,99,0,31,5,2020,1,18,2,25,1,1,3,1,1,4
260242,1,1,998,8,1,11,99,99,9,0,99,1,9,99,1,998,999,999,99,0,1,2,8,8,1,1,66,0,998,99,6,15,5,2020,6,22,2,12,2,2,1,3,1,9
260244,1,1,998,8,1,11,99,99,9,0,99,1,9,99,1,998,999,999,99,0,3,4,8,8,1,1,80,0,998,99,999,30,5,2020,7,22,2,8,1,1,1,2,1,9
260246,1,1,68,1,1,11,20,20,0,0,1,0,1,0,1,998,68,170,0,0,1,3,8,8,1,1,53,0,82,0,0,25,5,2020,2,18,2,12,3,2,1,1,1,4
260247,1,1,30,1,1,11,20,98,0,0,2,1,3,0,1,998,67,185,0,5,1,4,1,2,1,1,62,0,60,99,0,3,6,2020,4,17,2,12,2,2,1,1,10,1