ST_CASE,VEH_NO,PER_NO,AGE,SEX,PER_TYP,SEAT_POS,REST_USE,AIR_BAG,DRUGS,LOCATION,NUMOCCS,HIT_RUN,OWNER,V_CONFIG,HAZ_INV,TRAV_SP,DR_HGT,DR_WGT,PREV_SPD,SPEEDREL,VTRAFWAY,VNUM_LAN,VPROFILE,VPAVETYP,VSURCOND,P_CRASH1,P_CRASH2,DR_DRINK,VPICBODYCLASS,DRDISTRACT,DRIVERRF,DAY,MONTH,YEAR,DAY_WEEK,HOUR,RUR_URB,HARM_EV,RELJCT2,TYP_INT,REL_ROAD,LGT_COND,WEATHER,INJ_SEV
260249,1,1,999,9,1,11,99,99,9,0,99,1,9,99,1,998,999,999,99,9,2,4,8,8,1,1,80,0,999,99,0,19,5,2020,3,22,2,8,1,1,1,3,1,5
260251,1,1,30,1,1,11,99,99,0,0,1,0,2,0,1,998,72,173,1,0,1,4,8,8,1,1,6,0,13,99,36,7,6,2020,1,0,2,30,1,1,4,1,1,4
260252,1,1,29,1,1,11,3,20,0,0,2,0,2,0,1,998,73,160,0,0,1,6,8,8,1,1,80,0,13,0,0,28,5,2020,5,22,2,8,1,1,1,3,1,0
260254,1,1,45,1,1,11,20,20,0,0,1,0,1,0,1,998,73,300,0,0,1,2,1,1,1,14,13,1,81,99,0,14,6,2020,1,21,2,31,1,1,4,1,1,4
260256,1,1,65,2,1,11,3,1,0,0,2,0,1,0,1,998,66,260,0,0,1,3,8,8,1,1,83,0,7,0,0,13,6,2020,7,21,2,15,1,1,1,3,1,0
260259,1,1,25,2,1,11,20,1,0,0,1,0,1,0,1,998,66,180,0,0,1,4,1,2,2,11,15,0,7,0,38,1,6,2020,2,19,2,12,2,3,1,1,2,0
260262,1,1,27,1,1,11,99,98,0,0,1,0,1,0,1,998,72,220,0,5,1,4,2,1,1,1,6,0,13,99,36,6,6,2020,7,22,2,30,1,1,4,3,1,4
260263,1,1,59,2,1,11,3,20,0,0,1,0,1,0,1,998,70,300,0,0,1,5,1,1,1,11,15,0,7,0,0,5,6,2020,6,11,2,12,2,2,1,1,1,0
260265,1,1,16,2,1,11,3,20,0,0,3,0,2,0,1,998,66,210,0,0,1,2,8,8,1,1,80,0,7,0,0,2,6,2020,3,21,2,8,1,1,2,2,10,0
260266,1,1,49,1,1,11,20,20,0,0,1,0,1,0,1,998,69,210,1,0,4,2,8,8,1,1,66,0,80,99,0,7,6,2020,1,23,2,12,2,2,1,3,1,4
260268,1,1,27,1,1,11,20,1,0,0,1,0,0,0,1,998,68,135,0,9,1,2,1,2,1,1,13,1,60,99,999,14,6,2020,1,2,2,59,1,1,4,3,1,4
260270,1,1,27,1,1,11,20,98,0,0,1,0,3,0,1,998,70,240,0,0,1,2,1,1,1,1,9,0,5,99,28,15,6,2020,2,11,2,42,1,1,4,1,1,4
260271,1,1,41,1,1,11,3,98,1,0,2,0,2,0,1,998,69,167,0,5,3,5,1,2,1,1,17,1,7,99,39,6,6,2020,7,21,2,12,2,2,1,3,1,2
260272,1,1,76,1,1,11,3,20,0,0,1,0,1,0,1,998,68,308,0,0,1,5,1,2,1,10,16,0,60,0,28,4,6,2020,5,12,2,12,8,1,1,1,1,0
260277,1,1,999,9,1,11,99,99,9,0,99,1,9,99,1,998,999,999,99,9,4,2,8,8,1,14,80,0,999,99,999,1,6,2020,2,23,2,8,2,6,1,2,1,9
260280,1,1,31,2,1,11,3,20,0,0,2,0,2,0,1,998,65,144,2,0,1,2,1,2,1,11,15,0,8,0,38,30,5,2020,7,17,2,12,2,3,1,1,1,0
260282,1,1,37,1,1,11,20,20,0,0,1,0,1,0,1,998,73,170,1,5,1,2,1,2,1,1,9,0,81,99,0,6,6,2020,7,19,2,33,3,2,4,1,1,4
260283,1,1,25,1,1,11,20,20,0,0,1,0,2,0,1,998,73,149,1,4,1,5,2,2,1,1,12,1,80,99,36,13,6,2020,7,6,2,33,1,1,4,4,1,4
260284,1,1,62,1,1,11,3,20,0,0,1,0,1,0,1,998,71,224,0,0,1,2,8,8,1,1,83,0,60,0,0,21,6,2020,1,8,2,9,3,3,1,1,10,0
260285,1,1,30,1,1,11,99,98,1,0,2,0,2,0,1,105,69,190,1,4,2,2,8,2,1,1,6,1,13,0,58,24,5,2020,1,21,2,1,1,1,3,5,1,3
260286,1,1,55,1,1,11,3,20,0,0,1,0,3,0,1,998,71,250,1,0,1,2,1,2,1,1,80,0,60,0,0,17,6,2020,4,4,2,8,1,1,1,2,5,0
260287,1,1,23,1,1,11,20,20,0,0,1,0,2,0,1,998,69,320,0,0,3,2,1,1,1,1,9,0,98,12,0,15,6,2020,2,17,2,25,1,1,3,1,1,4
260288,1,1,47,1,1,11,20,20,0,0,1,0,9,0,1,998,77,260,0,0,1,2,1,2,1,10,16,0,125,99,0,18,6,2020,5,13,2,12,8,1,1,1,1,2
260289,1,1,47,2,1,11,99,8,1,0,1,0,1,0,1,88,63,218,1,5,2,5,1,1,1,1,17,1,2,99,39,4,6,2020,5,8,2,12,2,2,1,1,1,2
260290,1,1,54,2,1,11,99,98,0,0,1,0,1,0,1,998,62,260,0,0,1,4,1,2,1,1,10,0,7,99,28,22,2,2020,7,14,2,12,3,2,1,1,1,3
260293,1,1,69,1,1,11,3,98,0,0,1,0,1,0,1,998,70,200,0,0,1,4,1,2,1,1,13,0,7,99,999,2,5,2020,7,18,2,42,1,1,4,1,1,4
260294,1,1,23,1,1,11,99,20,0,0,5,1,2,0,1,998,71,160,2,0,1,2,8,8,1,6,13,1,13,98,36,13,6,2020,7,2,2,30,1,1,4,2,1,0
260295,1,1,34,2,1,11,20,99,0,0,1,0,2,0,1,998,67,200,0,0,3,2,8,1,1,1,9,0,7,99,6,20,6,2020,7,3,2,35,1,1,4,3,1,4
260298,1,1,35,1,1,11,3,98,0,0,1,0,1,0,1,998,72,260,0,0,1,4,1,1,1,1,13,0,7,99,999,3,6,2020,4,18,2,32,1,1,4,1,1,4
260300,1,1,42,1,1,11,99,20,0,0,2,0,2,0,1,998,71,180,0,0,1,4,8,8,1,11,15,0,7,99,38,21,6,2020,1,1,2,12,8,1,1,3,1,0
260302,1,1,23,1,1,11,20,20,0,0,1,0,2,0,1,998,73,225,0,0,2,2,1,2,1,1,54,0,12,99,51,24,6,2020,4,22,2,12,1,1,1,2,1,4
260303,1,1,35,1,1,11,3,20,1,0,1,0,1,0,1,998,71,255,0,0,1,2,8,8,1,1,80,1,7,0,999,17,6,2020,4,8,2,8,1,1,1,1,1,0
260304,1,1,22,1,1,11,99,99,0,0,99,1,1,0,1,998,67,185,0,5,1,3,1,2,1,1,80,0,13,99,0,13,6,2020,7,4,2,8,1,1,1,3,1,0
260306,1,1,21,2,1,11,3,20,0,0,1,0,2,0,1,998,64,125,1,0,3,4,1,1,1,15,10,0,7,0,27,21,6,2020,1,13,2,12,1,1,1,1,1,2
260312,1,1,41,2,1,11,3,20,0,0,99,1,1,0,1,998,65,260,0,0,1,2,1,1,1,1,80,0,60,0,0,29,6,2020,2,10,2,8,1,1,1,3,1,0
260317,1,1,18,1,1,11,99,99,1,0,1,0,2,0,1,998,75,185,1,0,1,2,1,2,1,1,12,1,7,99,999,20,6,2020,7,22,2,34,1,1,4,2,1,4
260318,1,1,36,1,1,11,3,1,0,0,4,0,1,0,1,998,71,300,1,0,1,2,8,8,1,1,17,0,7,0,38,27,6,2020,7,14,2,12,2,3,1,1,1,0
260320,1,1,28,1,1,11,20,98,1,0,1,0,2,0,1,998,71,190,2,0,3,2,1,1,1,15,11,1,13,99,38,26,6,2020,6,4,2,12,18,1,1,2,1,4
260322,1,1,48,1,1,11,3,98,0,0,1,0,1,0,1,998,73,210,0,0,1,2,1,1,1,1,14,0,60,99,39,26,6,2020,6,10,2,35,3,3,4,1,1,4
260323,1,1,90,2,1,11,3,98,0,0,1,0,9,0,1,998,62,155,0,0,1,2,1,2,1,1,17,0,7,99,38,18,6,2020,5,16,2,12,2,2,1,1,1,4
260324,1,1,73,1,1,11,3,99,0,0,2,0,1,0,1,998,69,170,0,0,3,2,8,1,1,16,53,0,3,0,999,28,6,2020,1,0,2,12,1,1,1,2,1,4
260325,1,1,30,1,1,11,99,98,0,0,1,0,1,0,1,998,69,160,0,0,1,2,8,8,1,1,51,1,13,99,36,1,7,2020,4,3,2,12,1,1,1,3,1,0
260326,1,1,39,1,1,11,3,1,1,0,1,0,1,0,1,998,74,265,0,0,1,5,1,2,1,1,17,0,60,99,38,3,7,2020,6,17,2,12,2,2,1,1,1,0
260327,1,1,54,1,1,11,99,20,0,0,99,1,1,0,1,998,73,260,2,9,2,2,1,2,99,1,80,0,60,5,999,26,6,2020,6,22,2,8,1,1,1,2,99,0
260331,1,1,24,2,1,11,99,1,0,0,2,0,1,0,1,998,64,157,0,0,2,3,8,8,1,1,66,1,7,99,36,4,7,2020,7,1,2,12,2,2,1,3,1,0
260332,1,1,25,1,1,11,99,99,0,0,1,0,2,0,1,998,68,135,0,5,1,3,8,8,1,1,9,0,13,99,0,24,6,2020,4,5,2,30,1,1,4,4,1,4
260333,1,1,46,1,1,11,99,1,0,0,1,0,1,0,1,998,72,200,0,0,1,2,8,2,1,11,15,0,2,99,39,29,6,2020,2,15,2,12,2,3,1,1,1,4
260334,1,1,66,1,1,11,3,1,0,0,1,0,1,0,1,998,69,180,0,0,1,2,8,8,1,10,16,0,7,99,39,30,6,2020,3,10,2,12,2,3,1,1,1,4
260335,1,1,19,1,1,11,99,99,0,0,99,1,2,0,1,998,74,290,99,0,1,5,1,2,1,1,17,0,5,99,36,11,7,2020,7,0,2,12,2,2,1,3,1,0
260337,1,1,46,2,1,11,20,20,1,0,1,0,2,0,1,998,63,108,0,0,1,2,8,8,1,14,13,1,13,99,6,28,6,2020,1,0,2,59,1,1,4,2,1,4
260338,1,1,49,1,1,11,20,20,1,0,1,0,2,0,1,998,71,300,0,5,6,2,8,8,1,1,12,1,81,0,0,12,7,2020,1,5,2,39,5,1,4,4,1,4
260340,1,1,39,2,1,11,99,1,0,0,1,0,1,0,1,998,65,180,0,5,3,4,8,1,1,1,13,0,7,99,0,14,7,2020,3,18,2,42,1,1,4,1,1,4
260341,1,1,22,1,1,11,20,8,0,0,1,0,1,0,1,998,69,136,0,0,6,2,2,2,1,1,9,0,13,99,36,27,6,2020,7,16,2,25,5,1,4,1,1,4
260342,1,1,25,1,1,11,20,20,1,0,1,0,2,0,1,70,76,170,2,5,1,2,1,2,1,1,66,0,98,99,0,24,6,2020,4,10,2,1,2,3,1,1,1,4
260344,1,1,34,1,1,11,99,98,0,0,1,0,2,0,1,998,71,156,0,0,1,2,8,8,1,1,66,1,13,99,0,15,7,2020,4,18,2,12,2,2,1,1,1,0
260345,1,1,28,1,1,11,3,20,0,0,1,0,2,0,1,998,68,150,1,3,3,3,8,1,1,14,6,0,13,99,6,16,6,2020,3,22,2,1,19,1,8,2,1,4
260346,1,1,35,1,1,11,99,1,0,0,5,0,3,0,1,998,71,160,0,0,1,2,8,8,1,1,17,1,7,99,39,19,7,2020,1,3,2,12,2,2,1,3,1,2
260347,1,1,40,1,1,11,99,20,0,0,1,0,1,0,1,998,71,200,0,0,1,2,8,8,1,1,17,0,7,99,39,6,7,2020,2,16,2,12,2,2,1,1,1,4
260349,1,1,22,1,1,11,20,20,0,0,1,0,9,0,1,998,68,123,0,0,1,2,8,8,1,1,87,0,94,99,0,20,6,2020,7,21,2,11,1,1,1,2,1,4
260352,1,1,29,1,1,11,3,20,0,0,1,0,1,0,1,998,69,159,0,0,1,2,8,8,2,1,80,0,7,0,999,2,1,2020,5,6,2,8,1,1,1,2,10,0
260354,1,1,22,1,1,11,99,98,0,0,1,0,1,0,1,998,70,180,1,5,2,3,8,1,1,1,9,1,13,99,0,1,7,2020,4,2,2,1,1,1,1,3,1,4
260355,1,1,35,1,1,11,3,20,0,0,1,0,1,0,1,998,74,190,4,9,2,2,8,8,1,14,80,0,7,0,999,29,5,2020,6,22,2,8,1,1,1,2,1,2
260356,1,1,25,1,1,11,20,20,0,0,1,0,9,0,1,998,999,999,1,0,1,4,8,8,1,1,62,0,98,99,6,20,5,2020,4,21,2,12,2,2,1,3,1,4
260357,1,1,53,1,1,11,99,98,0,0,1,0,2,0,1,998,70,240,0,0,1,6,8,8,1,1,17,1,13,99,37,25,5,2020,2,22,2,12,2,2,1,3,1,4
260361,1,1,28,1,1,11,3,3,0,0,1,0,1,0,1,998,66,138,0,0,1,4,8,8,1,12,21,0,13,0,48,2,7,2020,5,0,2,12,2,2,1,3,1,1
260362,1,1,24,1,1,11,20,98,0,0,1,0,1,0,1,998,73,220,0,0,3,3,8,8,1,1,13,0,7,99,6,5,7,2020,1,4,2,25,1,1,4,3,10,4
260363,1,1,25,1,1,11,20,20,0,0,1,0,2,0,1,998,73,167,3,4,6,1,8,8,1,14,6,0,80,99,0,4,7,2020,7,20,2,25,5,1,8,1,1,4
260364,1,1,26,2,1,11,3,98,0,0,2,0,1,0,1,998,64,115,2,5,1,2,1,2,2,6,6,1,7,0,0,10,7,2020,6,18,2,1,1,1,4,5,2,4
260367,1,1,36,2,1,11,99,99,0,0,3,1,1,0,1,998,67,125,0,5,4,4,8,8,1,1,80,0,13,99,0,14,4,2020,3,20,2,8,1,1,1,2,1,9
260369,1,1,28,1,1,11,20,20,0,0,1,0,1,0,1,998,72,135,0,0,3,4,8,2,1,1,53,0,82,0,0,14,7,2020,3,1,2,12,1,1,1,2,1,4
260370,1,1,29,2,1,11,99,3,0,0,4,0,2,0,1,998,67,160,0,0,1,2,8,8,1,11,15,0,7,99,38,14,7,2020,3,20,2,12,2,3,1,1,1,0
260373,1,1,24,1,1,11,3,99,0,0,2,0,9,99,1,998,68,175,1,9,1,2,8,8,1,1,9,0,999,99,999,9,6,2020,3,4,2,30,1,1,4,3,1,4
260376,1,1,54,1,1,11,20,20,0,0,1,0,2,0,1,998,70,180,0,0,2,4,8,1,1,1,12,1,94,99,0,15,6,2020,2,1,2,33,1,1,4,3,1,4
260378,1,1,34,2,1,11,99,99,0,0,99,1,1,0,1,998,64,122,0,0,1,3,8,8,1,6,80,0,3,99,28,1,6,2020,2,20,2,8,1,1,1,5,1,0
260379,1,1,30,1,1,11,20,8,0,0,2,0,4,0,1,998,65,140,0,4,1,2,1,2,1,10,6,0,7,99,37,5,7,2020,1,22,2,42,3,4,4,3,1,4
260380,1,1,999,9,1,11,99,99,9,0,99,1,9,0,1,998,999,999,99,0,1,2,8,8,1,1,17,0,13,99,38,5,7,2020,1,2,2,12,2,2,1,3,99,9
260383,1,1,26,2,1,11,20,20,0,0,4,0,4,0,1,998,68,150,2,5,3,3,2,1,1,1,9,0,13,6,0,1,7,2020,4,3,2,25,1,1,3,3,1,4
260386,1,1,18,1,1,11,3,1,0,0,3,0,2,0,1,998,72,180,0,0,1,5,2,1,1,1,17,0,60,99,39,11,7,2020,7,17,2,12,2,2,1,1,1,0
260387,1,1,75,2,1,11,3,1,8,0,1,0,1,0,1,998,60,170,0,0,1,2,1,1,1,1,17,0,2,99,39,16,7,2020,5,16,2,12,2,2,1,1,1,4
260389,1,1,48,1,1,11,3,20,0,0,1,0,1,0,1,998,72,190,0,0,1,2,1,2,1,11,80,0,60,99,38,3,6,2020,4,12,2,8,3,3,1,1,1,0
260390,1,1,46,2,1,11,3,20,0,0,1,0,1,0,1,998,64,286,0,0,3,2,1,2,1,1,80,0,7,0,0,19,6,2020,6,3,2,8,18,1,1,2,1,0
260391,1,1,25,1,1,11,3,98,0,0,1,0,3,6,1,63,999,999,1,5,3,4,8,1,1,1,50,0,66,99,0,19,6,2020,6,9,2,12,1,1,1,1,1,3
260393,1,1,29,1,1,11,20,20,0,0,1,0,1,0,1,998,71,213,0,5,5,5,8,8,1,1,6,1,80,99,0,20,6,2020,7,0,2,30,1,1,4,3,1,4
260394,1,1,22,2,1,11,99,99,0,0,2,1,1,0,1,998,65,115,0,9,1,2,1,2,1,1,83,0,7,99,999,18,7,2020,7,12,2,9,2,2,1,1,1,9
260397,1,1,30,2,1,11,20,20,1,0,2,0,2,0,1,998,65,140,0,0,1,2,8,2,1,1,10,0,95,99,28,27,6,2020,7,10,2,12,1,1,1,1,1,4
260401,1,1,29,1,1,11,3,20,0,0,1,0,1,0,1,998,69,180,2,0,1,5,1,2,1,1,73,0,7,0,0,22,7,2020,4,19,2,12,8,1,1,1,1,0
260403,1,1,61,2,1,11,3,98,0,0,1,0,9,0,1,998,67,159,0,0,3,2,1,1,1,1,52,0,7,99,0,20,7,2020,2,15,2,12,18,1,1,1,1,1
260404,1,1,59,1,1,11,3,20,0,0,1,0,1,0,1,998,73,230,0,0,4,4,1,1,1,1,66,0,60,0,0,24,7,2020,6,20,2,12,2,2,1,1,1,1
260405,1,1,24,1,1,11,99,98,0,0,2,0,2,0,1,60,77,190,0,0,1,2,8,8,1,1,12,0,9,99,36,23,5,2020,7,0,2,30,1,1,4,3,1,4
260407,1,1,27,2,1,11,3,98,0,0,3,0,3,0,1,998,67,135,0,4,3,3,8,8,2,1,5,0,60,12,36,22,5,2020,6,8,2,25,1,1,3,1,10,1
260408,1,1,64,1,1,11,99,20,0,0,1,1,1,0,1,998,71,200,0,0,1,2,8,8,1,1,80,0,2,99,999,13,5,2020,4,19,2,8,1,1,1,1,1,0
260409,1,1,72,1,1,11,3,98,0,0,2,0,1,0,1,998,70,180,0,0,1,5,1,1,1,1,17,0,1,0,39,8,5,2020,6,17,2,12,2,2,1,1,1,0
260411,1,1,53,1,1,11,3,98,0,0,2,0,3,0,1,998,72,170,1,5,3,3,1,1,1,1,51,1,5,0,0,23,7,2020,5,19,2,12,1,1,1,1,1,0
260412,1,1,26,2,1,11,3,20,0,0,2,0,1,0,1,998,64,165,0,0,1,2,8,8,1,1,80,1,13,99,999,19,6,2020,6,1,2,8,1,1,1,3,1,0
260414,1,1,30,1,1,11,3,1,1,0,1,0,1,0,1,998,73,235,0,9,1,2,2,2,1,1,12,0,3,99,999,24,7,2020,6,16,2,42,1,1,5,1,1,4
260416,1,1,36,1,1,11,3,20,0,0,3,0,9,0,1,998,70,150,0,0,1,2,8,8,1,1,17,1,7,0,38,23,6,2020,3,19,2,12,2,2,1,1,1,0
260418,1,1,33,1,1,11,99,99,0,0,1,0,2,0,1,998,74,200,1,0,1,3,8,8,2,1,9,0,9,99,6,27,6,2020,7,1,2,30,1,1,4,3,2,4
260421,1,1,24,1,1,11,99,99,0,0,4,0,2,0,1,998,68,210,0,5,5,4,8,8,1,1,3,0,13,99,0,27,6,2020,7,21,2,38,1,1,4,5,1,4
260422,1,1,35,2,1,11,99,1,0,0,1,0,2,0,1,998,67,210,0,5,1,2,8,8,1,1,10,1,7,99,0,15,6,2020,2,0,2,12,3,3,1,3,1,4
260423,1,1,25,2,1,11,3,20,0,0,1,0,2,0,1,0,64,184,0,0,3,4,8,1,1,5,53,0,13,99,999,6,7,2020,2,18,2,12,1,1,1,1,1,4
260424,1,1,24,1,1,11,3,20,0,0,2,0,1,0,1,998,72,215,0,0,1,2,2,2,1,14,83,0,7,0,0,17,7,2020,6,14,2,9,8,1,1,1,1,0
260425,1,1,60,2,1,11,3,20,0,0,2,0,1,0,1,998,62,245,0,0,1,2,1,1,1,11,15,0,7,0,0,17,7,2020,6,15,2,1,2,2,1,1,1,0
260428,1,1,26,1,1,11,3,1,0,0,1,0,1,0,1,998,74,260,2,0,3,3,1,1,1,1,51,1,13,0,91,19,7,2020,1,1,2,12,1,1,1,2,1,1
260432,1,1,999,9,1,11,99,99,9,0,99,1,9,99,1,998,999,999,99,9,1,2,8,8,1,1,83,0,999,99,999,7,5,2020,5,11,2,9,1,1,1,1,1,9
260435,1,1,24,1,1,11,99,98,0,0,2,0,1,0,1,998,999,999,99,5,4,3,1,2,1,1,17,0,2,99,39,24,7,2020,6,15,2,12,2,2,1,1,1,3
260438,1,1,51,1,1,11,20,1,0,0,3,0,3,0,1,998,68,200,1,0,1,2,1,2,1,1,51,0,7,0,6,23,7,2020,5,13,2,12,1,1,1,1,1,3
260439,1,1,27,1,1,11,3,20,0,0,1,0,1,0,1,998,76,220,1,0,1,2,1,2,1,11,15,1,60,12,38,11,7,2020,7,16,2,12,8,1,1,1,1,0
260441,1,1,56,1,1,11,3,20,0,0,1,0,3,21,1,998,70,175,0,0,3,5,8,8,1,13,20,0,16,99,31,22,7,2020,4,11,2,8,1,1,1,1,1,0
260442,1,1,40,1,1,11,20,20,0,0,1,0,2,0,1,998,69,195,0,0,1,2,8,8,1,1,17,0,82,99,38,22,7,2020,4,23,2,12,2,2,1,3,1,4
260443,1,1,24,1,1,11,3,20,0,0,2,0,9,0,1,998,67,140,1,0,1,4,1,2,2,1,80,0,13,0,0,26,7,2020,1,22,2,8,1,1,1,2,10,0
260444,1,1,35,2,1,11,3,1,1,0,1,0,1,0,1,998,64,187,0,5,3,3,8,2,1,1,51,1,3,99,36,26,7,2020,1,3,2,12,1,1,1,3,1,0
260447,1,1,40,1,1,11,3,1,1,0,1,0,1,0,1,998,72,185,0,0,1,5,1,2,1,1,52,0,60,99,36,28,7,2020,3,10,2,12,1,1,1,1,1,0
260448,1,1,73,1,1,11,3,98,0,0,1,0,1,0,1,998,76,195,0,0,1,2,1,2,1,1,10,0,60,99,28,29,7,2020,4,14,2,12,1,1,1,1,1,4
260450,1,1,24,1,1,11,20,20,0,0,1,0,2,0,1,998,75,240,1,5,1,4,8,8,1,1,66,0,80,99,0,25,7,2020,7,15,2,12,2,3,1,1,10,4
260451,1,1,20,2,1,11,3,20,0,0,2,0,1,0,1,998,61,160,0,5,1,2,8,8,1,1,6,1,7,0,36,4,7,2020,7,3,2,1,1,1,4,3,1,1
260452,1,1,37,1,1,11,20,20,1,0,1,0,2,0,1,998,69,170,0,0,1,2,1,2,1,1,12,1,94,99,39,11,7,2020,7,22,2,33,3,3,4,3,1,4
260453,1,1,38,1,1,11,20,20,0,0,4,0,1,0,1,64,68,170,0,5,3,3,1,2,1,14,8,1,7,0,0,26,7,2020,1,1,2,25,1,1,4,3,1,2
260454,1,1,20,1,1,11,20,98,0,0,2,0,3,0,1,998,72,165,0,5,3,4,8,1,1,1,13,0,3,99,0,17,7,2020,6,23,2,39,1,1,4,2,1,4
260456,1,1,22,2,1,11,99,20,0,0,1,0,1,0,1,998,63,104,0,0,1,2,8,8,1,1,83,0,13,0,999,28,7,2020,3,18,2,9,3,2,1,1,1,0
260458,1,1,19,2,1,11,99,98,8,0,4,0,4,0,1,998,59,104,2,5,1,7,8,8,1,1,17,0,13,99,39,31,7,2020,6,14,2,12,2,2,1,1,10,1
260460,1,1,27,2,1,11,99,1,0,0,2,1,3,0,1,998,63,165,0,5,3,4,8,8,2,1,50,1,7,99,0,10,7,2020,6,23,2,1,1,1,1,3,2,1
260461,1,1,60,1,1,11,20,20,0,0,1,0,1,0,1,998,72,255,0,0,1,2,8,8,1,1,9,0,81,99,999,21,7,2020,3,18,2,1,1,1,4,1,1,4
260463,1,1,45,2,1,11,3,20,1,0,3,0,1,0,1,998,64,146,0,0,1,2,1,2,1,11,15,0,7,0,38,28,7,2020,3,14,2,12,2,2,1,1,1,0
260466,3,1,36,1,1,11,99,20,0,0,1,0,1,0,1,998,63,120,0,0,3,2,8,8,2,1,5,0,13,0,0,10,7,2020,6,21,2,14,1,1,2,2,2,0
260467,1,1,35,2,1,11,3,20,0,0,3,0,2,0,1,998,65,145,0,0,1,3,8,8,1,11,80,0,7,0,0,20,7,2020,2,12,2,8,8,1,1,1,1,0
260469,1,1,19,2,1,11,3,99,0,0,3,0,2,0,1,998,66,148,3,5,1,2,8,8,1,1,12,1,7,99,0,28,7,2020,3,2,2,42,1,1,4,6,1,0
260470,1,1,48,2,1,11,3,1,0,0,2,0,1,0,1,998,65,225,2,0,2,2,8,8,1,11,15,0,7,0,38,25,7,2020,7,11,2,12,2,3,1,1,1,0
260472,1,1,18,1,1,11,20,98,0,0,1,0,2,0,1,998,77,200,0,0,1,5,8,8,2,1,17,0,3,99,39,1,8,2020,7,16,2,12,2,2,1,1,2,2
260474,1,1,48,1,1,11,3,20,0,0,1,0,3,0,1,998,72,220,0,0,1,2,8,8,1,1,66,0,60,99,0,4,8,2020,3,8,2,12,2,2,1,1,1,1
260475,1,1,24,2,1,11,3,20,0,0,3,0,1,0,1,998,67,150,2,0,1,2,8,8,1,1,80,0,13,0,0,4,7,2020,7,14,2,8,1,1,1,1,1,0
260476,1,1,63,1,1,11,20,20,1,0,1,0,1,0,1,998,74,228,0,3,1,3,8,2,1,1,17,0,60,99,39,16,7,2020,5,16,2,12,2,2,1,1,1,2
260482,1,1,29,2,1,11,99,20,0,0,1,0,1,0,1,998,63,165,2,0,1,5,8,8,1,1,52,1,7,99,36,18,7,2020,7,0,2,12,3,2,1,3,1,1
260484,1,1,42,1,1,11,99,20,0,0,1,1,3,0,1,998,71,160,1,0,1,2,8,8,1,1,80,0,60,99,38,7,8,2020,6,19,2,8,3,2,1,5,1,0
260485,1,1,48,1,1,11,99,98,0,0,1,0,1,0,1,998,72,180,0,0,1,7,8,8,1,1,62,1,7,99,0,10,8,2020,2,4,2,12,3,2,1,3,1,2
260489,1,1,79,1,1,11,20,20,0,0,1,0,1,0,1,998,73,200,0,5,1,2,2,2,1,1,6,0,12,0,0,10,8,2020,2,12,2,1,1,1,4,1,1,4
260490,1,1,49,2,1,11,3,98,1,0,1,0,1,0,1,998,66,110,1,0,2,4,1,1,1,1,52,0,13,99,0,18,8,2020,3,15,2,12,2,2,1,1,1,0
260492,1,1,40,1,1,11,20,20,0,0,1,0,1,0,1,998,71,190,0,0,1,2,1,2,1,1,62,0,82,99,0,3,8,2020,2,21,2,12,2,3,1,2,10,4
260495,1,1,23,2,1,11,99,98,1,0,1,0,2,0,1,998,64,135,0,5,1,4,1,1,1,1,12,1,7,99,36,4,8,2020,3,20,2,31,1,1,4,3,1,4
260496,1,1,999,9,1,11,99,99,9,0,99,1,9,99,1,998,999,999,99,9,1,2,8,8,1,1,80,0,999,99,999,4,8,2020,3,23,2,8,1,1,1,3,1,9
260497,1,1,32,1,1,11,3,20,0,0,1,0,1,0,1,998,72,145,0,9,1,5,8,8,1,1,80,0,13,9,999,9,8,2020,1,0,2,8,1,1,1,2,1,1
260498,1,1,35,1,1,11,3,20,0,0,4,0,1,0,1,998,72,190,0,0,3,4,1,2,1,2,53,0,7,0,0,14,8,2020,6,12,2,12,18,1,1,1,10,2
260501,1,1,26,1,1,11,3,20,1,0,1,0,1,0,1,998,76,200,0,0,1,4,8,8,1,1,83,1,60,0,0,13,8,2020,5,22,2,15,1,1,1,2,1,0
260502,1,1,60,1,1,11,99,1,0,0,1,0,2,0,1,998,66,170,0,0,1,4,8,8,1,1,12,0,60,99,0,11,8,2020,3,13,2,31,1,1,4,1,1,4
260503,1,1,27,1,1,11,3,20,0,0,2,0,1,0,1,998,68,160,0,0,1,7,8,8,1,1,83,1,7,99,0,20,8,2020,5,23,2,9,2,2,1,3,1,0
260504,1,1,73,1,1,11,20,1,0,0,1,0,2,0,1,998,69,175,0,0,1,5,1,2,1,1,51,0,5,99,0,16,6,2020,3,4,2,12,8,1,1,3,1,4
260505,1,1,49,1,1,11,20,20,0,0,2,0,9,0,1,998,66,168,0,4,1,2,8,8,1,14,10,0,80,99,28,8,7,2020,4,20,2,12,1,1,1,1,1,4
260507,1,1,999,9,1,11,99,99,9,0,99,1,9,99,1,998,999,999,99,9,1,5,8,8,1,99,59,0,999,99,999,9,7,2020,5,1,2,12,1,1,1,9,1,9
260510,1,1,68,1,1,11,3,20,0,0,2,0,9,0,1,998,68,235,0,0,1,2,8,8,1,4,66,0,7,0,0,18,7,2020,7,13,2,12,2,2,1,1,1,0