ST_CASE,VEH_NO,PER_NO,AGE,SEX,PER_TYP,SEAT_POS,REST_USE,AIR_BAG,DRUGS,LOCATION,NUMOCCS,HIT_RUN,OWNER,V_CONFIG,HAZ_INV,TRAV_SP,DR_HGT,DR_WGT,PREV_SPD,SPEEDREL,VTRAFWAY,VNUM_LAN,VPROFILE,VPAVETYP,VSURCOND,P_CRASH1,P_CRASH2,DR_DRINK,VPICBODYCLASS,DRDISTRACT,DRIVERRF,DAY,MONTH,YEAR,DAY_WEEK,HOUR,RUR_URB,HARM_EV,RELJCT2,TYP_INT,REL_ROAD,LGT_COND,WEATHER,INJ_SEV
260511,1,1,19,2,1,11,3,20,0,0,1,0,2,0,1,998,61,120,0,0,1,7,2,2,1,1,80,1,13,99,0,14,6,2020,1,1,2,8,3,2,1,2,1,0
260512,1,1,999,9,1,11,99,99,9,0,99,1,9,99,1,998,999,999,99,9,2,4,8,8,1,1,83,0,999,99,999,5,7,2020,1,0,2,15,3,2,1,3,1,9
260514,1,1,31,1,1,11,20,20,0,0,1,0,1,0,1,998,73,270,0,0,1,2,8,8,1,1,17,0,82,99,39,9,8,2020,1,12,2,12,2,2,1,1,1,4
260515,1,1,55,1,1,11,3,1,0,0,1,0,1,0,1,998,71,223,0,0,1,2,1,2,1,1,17,0,2,12,39,13,8,2020,5,8,2,12,2,2,1,1,10,3
260516,1,1,61,1,1,11,20,20,0,0,1,0,1,0,1,998,67,172,0,0,1,3,8,8,1,1,80,0,7,0,0,19,8,2020,4,14,2,8,1,1,1,1,1,0
260517,1,1,33,2,1,11,99,20,0,0,1,0,2,0,1,998,62,245,0,0,1,2,8,8,1,6,83,0,7,99,35,1,7,2020,4,9,2,9,1,1,1,1,1,0
260518,1,1,61,1,1,11,3,20,0,0,1,0,3,21,1,998,74,210,0,0,1,2,8,8,1,1,80,0,16,0,0,22,8,2020,7,6,2,8,3,2,1,3,1,0
260523,1,1,25,2,1,11,3,98,0,0,2,0,2,0,1,998,64,140,0,0,3,3,1,1,1,1,52,0,2,10,0,10,8,2020,2,9,2,12,1,1,1,1,1,4
260524,1,1,69,1,1,11,3,20,0,0,2,0,2,0,1,998,76,220,0,0,1,2,8,8,1,1,9,0,13,99,0,11,6,2020,5,19,2,42,1,1,4,1,1,4
260526,1,1,30,1,1,11,20,20,0,0,2,0,2,0,1,998,76,226,0,0,5,5,8,8,1,1,8,0,13,3,0,15,6,2020,2,23,2,59,1,1,4,3,1,0
260527,1,1,28,1,1,11,3,20,0,0,1,0,1,0,1,998,70,165,0,0,1,2,1,2,1,1,83,0,13,12,0,12,8,2020,4,19,2,9,1,1,1,1,1,0
260528,1,1,66,1,1,11,3,98,0,0,1,0,1,0,1,998,70,245,0,0,5,5,1,2,1,1,66,0,60,99,39,3,7,2020,6,14,2,12,2,2,1,1,1,2
260530,1,1,29,1,1,11,3,20,0,0,2,0,2,0,1,998,70,180,0,5,1,5,8,8,1,1,71,0,9,99,0,22,7,2020,4,2,2,12,8,1,1,3,1,4
260531,1,1,18,2,1,11,3,98,0,0,1,0,2,0,1,998,63,105,0,0,2,4,1,1,1,11,15,0,13,99,38,20,7,2020,2,7,2,12,7,1,1,1,1,4
260533,1,1,20,1,1,11,3,98,0,0,1,0,2,0,1,998,73,150,0,0,3,3,8,2,1,1,54,1,13,0,51,1,8,2020,7,0,2,12,1,1,1,2,1,3
260534,1,1,23,1,1,11,20,20,0,0,1,0,2,0,1,998,68,140,0,5,1,2,8,8,1,1,12,0,80,99,0,18,7,2020,7,6,2,33,1,1,4,1,1,4
260536,1,1,999,9,1,11,99,99,9,0,99,1,9,99,1,998,999,999,99,0,2,4,1,2,1,1,80,0,999,99,999,8,8,2020,7,1,2,8,1,1,1,3,1,9
260539,1,1,23,2,1,11,20,20,0,0,5,0,1,0,1,998,67,109,2,5,3,4,1,2,1,1,9,0,7,99,0,14,8,2020,6,22,2,1,1,1,3,3,1,4
260544,1,1,53,1,1,11,3,20,0,0,1,0,2,0,1,998,69,175,1,0,1,5,1,2,1,11,15,0,7,0,38,13,8,2020,5,8,2,9,2,2,1,1,1,1
260546,1,1,51,2,1,11,3,98,0,0,1,0,1,0,1,91,63,244,0,5,1,5,1,2,1,1,17,0,7,99,39,23,8,2020,1,9,2,12,2,2,1,1,10,4
260550,1,1,34,1,1,11,3,1,0,0,1,0,1,0,1,998,64,165,0,0,1,2,1,2,1,1,83,0,13,0,0,15,8,2020,7,12,2,9,1,1,1,1,1,0
260551,1,1,54,2,1,11,3,98,1,0,1,0,1,0,1,998,64,150,0,0,4,4,1,1,1,1,50,1,7,99,0,19,8,2020,4,18,2,12,1,1,1,1,1,1
260553,1,1,27,1,1,11,3,20,0,0,1,0,2,0,1,998,65,148,1,0,3,2,1,1,2,1,80,0,7,0,0,26,8,2020,4,7,2,8,1,1,1,1,2,0
260554,1,1,25,1,1,11,20,20,0,0,1,0,2,0,1,998,67,250,0,0,1,2,8,8,1,1,17,0,6,99,39,18,8,2020,3,21,2,12,2,2,1,3,1,4
260555,1,1,45,2,1,11,3,1,0,0,1,0,1,0,1,998,67,302,0,5,3,3,8,1,1,1,51,0,7,0,0,26,8,2020,4,23,2,12,18,1,1,3,1,0
260556,1,1,77,1,1,11,20,20,0,0,1,0,1,0,1,998,74,195,0,0,1,5,1,1,1,1,13,0,81,99,0,21,8,2020,6,12,2,12,8,1,1,1,1,4
260557,1,1,31,1,1,11,3,20,0,0,3,0,1,0,1,998,63,190,0,0,3,2,8,8,1,15,10,0,60,0,35,24,8,2020,2,7,2,12,1,1,1,1,1,2
260558,1,1,18,1,1,11,99,1,0,0,3,0,1,0,1,998,67,168,0,0,1,2,8,8,1,1,17,0,13,99,39,25,8,2020,3,23,2,12,2,2,1,2,1,1
260562,1,1,89,2,1,11,3,98,0,0,1,0,1,0,1,998,62,118,0,0,6,1,8,8,1,11,16,0,5,99,38,19,8,2020,4,10,2,12,2,3,1,1,1,4
260564,1,1,34,2,1,11,3,20,0,0,3,0,1,0,1,998,66,132,0,0,1,5,1,2,1,1,83,0,13,0,0,25,8,2020,3,21,2,9,1,1,1,3,1,0
260565,1,1,27,1,1,11,20,20,0,0,1,0,2,0,1,998,76,215,2,0,5,3,8,8,1,1,10,0,12,99,28,27,8,2020,5,7,2,12,3,2,1,1,1,4
260566,1,1,28,1,1,11,20,98,0,0,1,0,2,0,1,998,67,140,2,5,3,3,8,8,1,1,12,0,7,99,999,22,8,2020,7,14,2,1,1,1,3,1,1,4
260567,1,1,27,1,1,11,20,98,0,0,1,0,4,0,1,998,69,120,1,0,1,5,2,2,1,1,50,0,13,99,28,31,8,2020,2,7,2,12,1,1,1,1,1,4
260568,1,1,39,1,1,11,99,20,0,0,1,0,2,0,1,998,999,999,0,5,1,4,8,8,1,1,51,1,7,99,0,29,8,2020,7,21,2,12,1,1,1,3,1,1
260569,1,1,44,1,1,11,20,20,1,0,1,0,2,0,1,998,67,185,0,9,3,2,8,8,1,1,12,1,82,99,999,30,8,2020,1,16,2,18,1,1,3,1,1,4
260570,1,1,20,1,1,11,20,20,0,0,1,0,2,0,1,998,74,170,0,5,5,3,8,8,1,1,51,1,80,0,0,23,8,2020,1,2,2,12,1,1,1,2,1,4
260572,1,1,28,1,1,11,99,20,0,0,1,1,2,0,1,998,75,240,1,0,5,5,1,2,1,1,83,0,7,99,999,29,4,2020,4,21,2,9,1,1,1,3,1,0
260574,1,1,80,1,1,11,3,1,0,0,1,0,1,0,1,998,71,999,0,0,1,2,8,8,1,11,15,0,3,0,38,11,7,2020,7,10,2,12,2,3,1,1,1,4
260577,1,1,23,1,1,11,20,1,0,0,1,0,2,0,1,998,71,210,0,0,1,5,1,1,1,1,9,0,7,99,999,29,8,2020,7,3,2,42,1,1,4,3,1,4
260580,1,1,91,2,1,11,3,1,0,0,2,0,1,0,1,998,60,125,0,0,1,4,1,2,1,11,15,0,13,0,38,31,8,2020,2,13,2,12,2,2,1,1,10,2
260581,1,1,48,1,1,11,20,20,0,0,1,0,2,0,1,998,73,213,1,0,2,2,8,8,1,1,17,0,12,99,39,23,8,2020,1,19,2,12,2,2,1,1,1,4
260583,1,1,52,1,1,11,99,20,0,0,1,0,3,6,1,998,72,999,0,0,3,3,1,1,1,1,52,0,66,99,0,29,8,2020,7,12,2,12,1,1,1,1,1,0
260587,1,1,84,1,1,11,20,1,0,0,1,0,1,0,1,998,67,240,1,0,1,5,1,2,1,1,17,0,2,0,39,27,8,2020,5,15,2,12,2,2,1,1,1,4
260589,1,1,41,1,1,11,3,99,0,0,2,0,2,0,1,998,68,220,1,0,1,2,8,8,1,1,98,0,2,0,0,31,8,2020,2,18,2,16,1,1,1,1,1,4
260590,1,1,22,1,1,11,20,20,0,0,1,0,2,0,1,998,72,170,0,0,1,2,8,8,1,1,9,0,3,0,36,2,9,2020,4,17,2,19,1,1,5,1,1,4
260591,1,1,20,1,1,11,20,20,0,0,1,0,1,0,1,998,71,135,2,5,3,5,6,1,1,1,6,0,80,99,0,3,9,2020,5,21,2,25,1,1,3,2,1,4
260592,1,1,22,2,1,11,20,8,0,0,1,0,1,0,1,998,65,195,0,0,3,3,8,1,1,1,54,1,13,99,51,5,9,2020,7,2,2,12,1,1,1,3,1,3
260593,1,1,22,1,1,11,20,20,0,0,1,0,2,0,1,998,72,150,2,0,1,2,1,1,1,1,9,0,98,99,36,7,9,2020,2,0,2,33,1,1,4,3,10,4
260594,1,1,26,1,1,11,20,99,0,0,2,0,3,0,1,998,71,999,0,5,2,4,1,1,1,1,17,0,7,0,39,14,2,2020,6,20,2,12,2,2,1,3,1,1
260595,1,1,30,2,1,11,3,98,0,0,2,0,1,0,1,998,66,136,0,0,5,7,8,8,1,1,9,0,13,99,6,8,8,2020,7,4,2,14,1,1,4,3,1,1
260596,1,1,37,1,1,11,20,20,0,0,1,0,1,0,1,998,67,200,1,5,5,5,1,1,1,1,62,0,80,99,0,8,6,2020,2,22,2,12,2,3,1,2,1,4
260597,1,1,46,2,1,11,3,20,0,0,2,0,2,0,1,998,68,208,0,5,1,4,2,2,1,1,80,1,7,0,0,20,8,2020,5,21,2,8,1,1,1,2,1,0
260599,1,1,16,2,1,11,3,20,0,0,1,0,2,0,1,998,999,999,99,5,1,2,8,8,1,1,9,0,13,99,0,16,8,2020,1,15,2,14,1,1,7,1,1,0
260601,1,1,40,1,1,11,99,1,0,0,1,0,2,0,1,998,73,280,0,0,1,2,8,8,1,1,13,0,7,99,6,20,8,2020,5,1,2,14,1,1,4,3,1,4
260602,1,1,999,9,1,11,99,99,9,0,99,1,9,99,1,998,999,999,99,9,1,4,8,8,1,1,80,0,999,99,999,23,8,2020,1,22,2,8,1,1,1,2,1,9
260604,1,1,999,9,1,11,99,99,9,0,99,1,9,99,1,998,999,999,99,0,1,2,8,8,1,1,83,0,999,99,999,22,8,2020,7,3,2,9,2,2,1,3,1,9
260605,1,1,46,1,1,11,3,20,1,0,1,0,1,0,1,998,75,210,0,0,2,5,8,8,1,1,80,1,7,0,999,27,8,2020,5,21,2,8,3,2,1,2,1,0
260607,1,1,39,1,1,11,20,20,1,0,1,0,1,0,1,998,75,194,0,5,1,2,8,2,1,1,12,1,7,99,0,4,9,2020,6,1,2,53,1,1,4,2,1,4
260609,1,1,29,1,1,11,3,1,0,0,4,0,3,0,1,998,68,164,0,5,3,4,8,8,1,1,66,0,3,0,39,4,9,2020,6,13,2,12,2,2,1,1,1,3
260610,1,1,56,2,1,11,20,20,0,0,1,0,1,0,1,998,69,240,0,0,1,2,8,8,1,3,17,1,13,99,39,5,9,2020,7,20,2,12,2,2,1,5,10,0
260611,1,1,19,1,1,11,3,99,0,0,1,1,2,0,1,998,68,160,1,0,2,2,8,8,1,1,83,0,7,99,0,3,9,2020,5,23,2,15,1,1,1,2,1,0
260613,1,1,34,2,1,11,3,20,0,0,1,0,1,0,1,998,68,200,2,0,4,4,8,8,1,1,53,0,7,0,0,5,9,2020,7,13,2,1,3,2,1,1,1,0
260616,1,1,20,1,1,11,99,1,1,0,1,0,2,0,1,998,71,170,0,0,1,2,1,1,1,1,17,1,13,99,39,10,9,2020,5,2,2,12,2,2,1,2,1,0
260617,1,1,43,1,1,11,20,20,0,0,1,0,2,0,1,998,71,240,0,0,3,3,1,2,1,1,9,0,94,99,999,3,9,2020,5,17,2,1,1,1,1,1,1,4
260618,1,1,26,1,1,11,99,20,0,0,1,0,3,1,1,998,67,260,1,0,2,2,1,2,2,14,9,0,11,99,0,8,9,2020,3,10,2,31,1,1,4,1,2,4
260619,1,1,42,1,1,11,3,1,0,0,1,0,9,0,1,998,73,220,0,0,2,6,8,8,1,1,17,1,60,99,39,7,9,2020,2,21,2,12,2,2,1,3,1,1
260620,1,1,26,1,1,11,3,20,0,0,1,0,2,0,1,45,71,160,0,0,1,5,8,2,1,15,80,0,60,0,0,10,9,2020,5,4,2,8,1,1,1,3,10,0
260622,1,1,61,1,1,11,20,20,0,0,1,0,2,0,1,998,68,165,0,0,1,2,8,2,1,14,9,1,94,99,999,6,9,2020,1,18,2,33,1,1,4,1,10,4
260623,1,1,22,1,1,11,3,20,0,0,1,0,1,0,1,998,73,190,4,0,1,5,8,8,1,1,80,1,13,0,0,12,9,2020,7,2,2,8,3,2,1,3,1,0
260624,1,1,29,1,1,11,20,20,0,0,1,0,2,0,1,998,72,142,0,0,2,3,1,2,1,1,9,1,69,0,36,12,9,2020,7,18,2,33,1,1,4,1,1,4
260626,1,1,27,1,1,11,3,1,0,0,1,0,1,0,1,998,71,220,0,0,2,3,1,2,1,1,80,0,60,0,0,10,9,2020,5,21,2,8,18,1,1,3,1,0
260629,1,1,29,1,1,11,99,1,0,0,1,0,9,0,1,998,73,150,4,5,1,2,8,8,1,1,66,1,13,99,39,18,9,2020,6,4,2,12,2,3,1,3,1,1
260630,1,1,32,1,1,11,20,20,0,0,1,0,2,0,1,998,70,170,0,0,2,4,1,1,1,1,54,0,6,99,51,8,9,2020,3,21,2,12,1,1,1,2,1,4
260632,1,1,55,2,1,11,99,20,1,0,1,0,2,0,1,998,64,172,0,0,1,2,1,4,11,1,9,1,60,99,999,7,9,2020,2,16,2,42,1,1,4,1,1,4
260633,1,1,67,2,1,11,3,1,0,0,2,0,2,0,1,998,59,140,1,0,1,5,1,2,2,1,17,0,7,0,0,18,9,2020,6,19,2,12,2,2,1,1,1,3
260636,1,1,66,1,1,11,3,20,0,0,1,0,2,0,1,998,72,235,0,0,1,6,1,2,1,1,80,0,13,0,0,19,9,2020,7,20,2,8,1,1,1,2,1,0
260637,1,1,33,1,1,11,3,99,0,0,1,0,1,0,1,998,71,240,4,0,6,2,2,1,1,1,12,0,7,0,0,13,9,2020,1,23,2,30,5,1,4,3,1,4
260638,1,1,35,1,1,11,20,20,0,0,1,0,1,0,1,998,70,205,0,0,3,4,8,8,1,1,9,0,7,96,0,17,9,2020,5,14,2,14,1,1,7,1,1,4
260640,1,1,24,1,1,11,20,1,0,0,1,0,1,0,1,998,71,135,0,5,6,2,2,1,1,1,9,0,13,0,0,6,9,2020,1,16,2,25,5,1,4,1,1,4
260641,1,1,27,1,1,11,99,99,0,0,1,0,2,0,1,998,74,250,0,5,1,3,8,8,1,1,6,0,7,99,999,19,9,2020,7,1,2,19,1,1,5,3,1,4
260644,1,1,27,1,1,11,99,98,1,0,2,0,1,0,1,998,70,175,0,5,1,2,1,5,11,1,6,1,60,99,0,29,9,2020,3,22,2,43,1,1,4,2,1,4
260646,1,1,51,1,1,11,3,98,0,0,3,0,3,0,1,998,66,185,0,0,1,5,1,1,1,1,12,0,13,99,999,25,9,2020,6,0,2,33,1,1,4,3,10,2
260650,1,1,38,1,1,11,3,20,0,0,2,0,1,0,1,998,67,140,0,0,3,3,2,2,1,1,52,0,60,0,0,28,9,2020,2,11,2,14,1,1,4,1,10,0
260651,1,1,51,1,1,11,99,20,0,0,1,1,3,1,1,998,71,192,0,0,3,3,8,8,1,1,13,0,11,99,28,21,9,2020,2,14,2,8,1,1,2,1,1,0
260652,1,1,27,1,1,11,20,20,0,0,1,0,2,0,1,998,71,210,0,0,1,2,8,8,1,1,50,0,80,99,36,27,9,2020,1,23,2,12,3,2,1,3,1,4
260654,1,1,19,1,1,11,3,20,0,0,1,0,1,0,1,998,69,130,3,9,1,2,1,1,1,1,83,0,7,99,999,17,9,2020,5,21,2,9,1,1,1,2,10,0
260655,1,1,19,1,1,11,3,98,1,0,1,0,1,0,1,998,64,180,0,5,1,2,1,2,1,6,6,1,13,6,36,21,9,2020,2,12,2,52,1,1,4,1,1,2
260656,1,1,56,1,1,11,3,20,0,0,1,0,1,0,1,998,66,165,0,0,1,5,1,2,2,1,80,0,2,0,0,30,9,2020,4,6,2,8,1,1,1,3,10,0
260657,1,1,64,2,1,11,3,20,0,0,2,0,2,0,1,998,66,130,0,0,3,4,8,8,1,1,9,0,9,0,0,20,9,2020,1,10,2,14,1,1,3,1,1,4
260658,1,1,88,1,1,11,3,98,0,0,2,0,1,0,1,998,67,140,0,0,0,0,0,0,0,11,15,0,7,0,48,6,9,2020,1,23,2,12,8,1,1,2,2,4
260659,1,1,40,2,1,11,3,98,0,0,1,0,9,0,1,998,63,135,1,9,2,4,1,1,1,1,10,0,7,99,999,9,9,2020,4,2,2,59,1,1,3,3,99,4
260660,1,1,37,1,1,11,20,20,0,0,1,0,2,0,1,998,72,200,0,0,6,1,8,8,1,17,9,1,94,99,999,18,9,2020,6,18,2,1,5,1,4,1,1,4
260663,1,1,23,2,1,11,20,1,0,0,1,0,2,0,1,998,59,100,0,5,3,4,8,2,1,1,6,0,13,99,0,10,9,2020,5,2,2,25,1,1,3,2,10,4
260666,1,1,25,2,1,11,3,98,0,0,1,0,1,0,1,998,67,160,2,0,1,5,8,2,1,11,15,0,7,99,38,25,9,2020,6,15,2,12,2,2,1,1,1,1
260667,1,1,55,1,1,11,3,98,0,0,1,0,1,0,1,998,69,245,0,9,1,2,1,2,1,1,13,0,7,99,74,24,9,2020,5,7,2,42,1,1,4,4,5,4
260669,1,1,57,2,1,11,3,20,0,0,1,0,1,0,1,998,62,135,0,0,1,5,8,1,2,1,80,0,13,99,0,28,9,2020,2,19,2,8,2,2,1,3,2,0
260670,1,1,31,2,1,11,3,1,0,0,1,0,1,0,1,998,65,160,1,0,5,3,2,2,1,1,10,1,7,99,28,26,7,2020,1,2,2,12,1,1,1,2,1,2
260671,1,1,87,1,1,11,3,98,0,0,1,0,1,0,1,998,63,150,0,0,0,0,0,0,0,11,15,0,13,99,38,3,9,2020,5,11,2,12,8,1,1,1,1,4
260673,1,1,24,2,1,11,99,20,0,0,1,0,2,0,1,998,67,167,0,0,1,2,8,8,1,1,9,0,103,99,36,28,9,2020,2,3,2,42,1,1,4,2,1,4
260676,1,1,56,1,1,11,20,20,0,0,1,0,2,0,1,998,69,230,0,5,3,3,8,2,1,15,9,0,7,12,999,25,9,2020,6,4,2,1,1,1,4,2,10,4
260677,1,1,17,1,1,11,99,98,0,0,6,0,2,0,1,998,69,150,0,0,2,4,8,8,1,1,13,0,7,99,36,18,9,2020,6,21,2,42,1,1,4,2,1,3
260678,1,1,46,1,1,11,99,99,0,0,1,1,1,0,1,998,70,210,0,0,1,2,8,8,1,1,83,0,13,99,999,22,9,2020,3,7,2,9,1,1,2,2,1,0
260680,1,1,71,2,1,11,3,20,0,0,1,0,3,0,1,998,65,135,0,0,1,6,8,8,1,1,80,0,7,0,0,22,9,2020,3,3,2,8,3,2,1,2,1,0
260682,1,1,39,2,1,11,99,1,0,0,1,0,9,0,1,998,62,230,0,0,1,5,1,1,1,11,15,0,7,99,38,21,9,2020,2,8,2,12,2,3,1,1,1,4
260683,1,1,21,2,1,11,20,98,0,0,2,0,2,0,1,998,68,220,0,0,1,2,8,8,1,1,10,1,5,99,6,13,7,2020,2,0,2,14,1,1,4,3,1,1
260684,1,1,38,1,1,11,99,20,0,0,1,0,2,0,1,998,69,180,0,5,6,1,8,1,1,1,6,1,13,99,0,2,8,2020,1,3,2,25,5,1,4,3,10,4
260685,1,1,49,1,1,11,3,20,0,0,1,0,1,0,1,998,73,240,0,0,3,3,8,8,1,1,98,0,2,0,0,17,8,2020,2,14,2,7,1,1,1,1,1,1
260687,1,1,38,1,1,11,3,98,0,0,1,0,1,0,1,998,71,240,3,0,3,4,1,1,1,1,59,0,60,99,0,18,9,2020,6,17,2,12,1,1,1,1,1,0
260688,1,1,44,1,1,11,99,99,0,0,2,1,2,0,1,998,68,150,0,5,2,3,8,8,1,1,83,0,60,99,37,28,6,2020,1,2,2,9,1,1,1,3,1,5
260691,1,1,54,2,1,11,20,98,0,0,3,0,1,0,1,998,61,140,0,9,1,2,1,2,1,1,13,1,7,99,999,1,10,2020,5,21,2,53,1,1,4,3,10,4
260692,1,1,26,1,1,11,99,2,0,0,1,0,1,0,1,998,70,175,0,0,1,2,8,8,2,1,17,0,7,99,39,1,10,2020,5,16,2,12,2,2,1,1,2,4
260693,1,1,30,1,1,11,99,1,0,0,1,0,2,0,1,998,68,135,0,0,1,4,8,8,2,1,50,0,7,99,36,4,10,2020,1,3,2,12,1,1,1,3,2,4
260695,1,1,999,9,1,11,99,98,8,0,99,1,9,99,1,998,999,999,99,9,5,7,8,8,1,1,80,0,999,99,999,1,10,2020,5,21,2,8,1,1,1,3,1,9
260696,1,1,60,1,1,11,3,20,1,0,2,0,1,4,1,998,70,210,3,0,1,6,8,8,1,10,16,0,11,99,999,25,7,2020,7,9,2,12,2,2,1,1,1,0
260697,1,1,66,1,1,11,3,20,0,0,1,0,1,0,1,998,73,224,0,0,1,2,8,8,1,1,83,0,13,0,0,11,8,2020,3,8,2,9,2,2,1,1,1,0
260698,1,1,999,9,1,11,99,99,9,0,99,1,9,0,1,998,999,999,99,0,5,5,1,1,2,1,80,0,15,99,999,4,10,2020,1,5,2,8,1,1,1,3,2,9
260699,1,1,18,1,1,11,3,20,0,0,3,0,2,0,1,998,74,200,0,5,1,2,1,2,2,1,60,0,15,99,0,4,10,2020,1,19,2,12,1,1,1,5,10,0
260701,1,1,92,1,1,11,99,3,0,0,1,0,1,0,1,998,70,180,0,0,2,3,1,2,2,1,17,0,7,99,38,1,10,2020,5,14,2,12,2,2,1,1,2,4
260702,1,1,21,1,1,11,99,98,0,0,1,0,1,0,1,998,70,150,1,5,3,4,8,8,1,1,13,0,13,99,36,2,10,2020,6,5,2,30,1,1,4,3,1,4
260703,1,1,33,2,1,11,99,20,0,0,5,0,2,0,1,998,65,185,0,0,1,5,8,8,1,1,17,1,7,99,39,5,10,2020,2,18,2,12,2,2,1,1,1,1
260704,1,1,47,1,1,11,20,20,0,0,1,0,2,0,1,998,75,280,0,0,1,2,8,8,1,1,13,0,7,99,999,4,10,2020,1,21,2,14,1,1,7,3,1,4
260706,1,1,26,1,1,11,3,1,1,0,1,0,1,0,1,998,69,200,0,0,3,4,8,8,1,1,13,0,60,0,999,6,10,2020,3,14,2,40,1,1,4,1,1,0
260708,1,1,37,2,1,11,3,20,0,0,1,0,1,0,1,998,65,208,1,0,1,2,1,2,1,11,15,0,2,0,38,9,10,2020,6,18,2,12,2,3,1,1,1,0
260709,1,1,37,2,1,11,3,20,0,0,1,0,1,0,1,998,68,145,0,0,1,4,8,8,1,1,80,0,13,99,0,7,10,2020,4,23,2,8,1,1,1,2,1,0
260710,1,1,29,1,1,11,3,20,0,0,2,0,2,0,1,998,72,178,0,0,1,2,8,8,1,11,15,1,13,0,38,10,10,2020,7,22,2,12,2,2,1,1,1,0
260713,1,1,37,1,1,11,3,98,0,0,3,0,1,0,1,998,74,230,0,0,1,2,1,2,2,1,62,0,60,0,28,3,10,2020,7,21,2,12,1,1,1,1,10,1
260714,1,1,19,1,1,11,99,98,0,0,4,0,2,0,1,998,69,206,0,5,1,2,8,8,2,1,9,0,13,99,0,12,10,2020,2,22,2,30,1,1,4,3,2,2
260715,1,1,26,1,1,11,3,20,0,0,1,0,3,6,1,57,68,195,1,0,2,2,8,8,1,1,50,0,66,0,0,8,10,2020,5,11,2,12,1,1,1,1,1,0
260717,1,1,21,1,1,11,3,20,0,0,1,0,2,0,1,998,73,175,0,0,1,2,8,8,1,11,80,1,60,99,38,5,10,2020,2,15,2,8,3,3,1,1,1,0
260718,1,1,67,1,1,11,20,1,0,0,1,0,2,0,1,998,75,203,0,0,3,4,8,8,1,1,13,0,13,99,6,12,10,2020,2,9,2,21,1,1,4,1,1,4
260720,1,1,19,1,1,11,20,20,0,0,1,0,2,0,1,998,72,170,0,0,1,2,8,1,1,1,51,0,6,99,0,13,10,2020,3,15,2,12,3,2,1,1,1,4
260721,1,1,28,1,1,11,3,98,1,0,1,0,1,0,1,998,71,145,0,5,1,6,1,1,1,1,50,1,13,99,0,14,10,2020,4,16,2,12,3,2,1,1,10,3
260722,1,1,28,1,1,11,99,99,0,0,1,0,1,0,1,998,75,167,0,5,1,7,8,8,1,1,17,0,7,0,36,7,10,2020,4,11,2,12,2,2,1,1,1,0
260723,1,1,28,1,1,11,20,98,1,0,1,0,3,0,1,998,72,160,0,5,1,2,1,1,1,1,6,1,13,99,0,16,10,2020,6,3,2,42,1,1,4,2,1,4
260724,1,1,49,1,1,11,3,1,0,0,1,0,1,0,1,998,74,265,0,0,1,2,1,2,2,1,13,1,7,99,999,17,10,2020,7,3,2,59,1,1,4,2,2,4
260729,1,1,63,1,1,11,3,20,0,0,1,0,1,0,1,998,69,175,0,0,1,5,8,8,2,1,80,0,13,0,0,21,10,2020,4,5,2,8,1,1,1,2,2,0
260733,1,1,21,2,1,11,3,98,0,0,4,0,3,0,1,998,64,125,0,5,1,3,8,8,3,14,6,1,7,0,28,23,10,2020,6,17,2,12,1,1,1,1,4,0
260736,1,1,88,1,1,11,20,98,0,0,1,0,1,0,1,998,67,180,0,0,3,2,1,2,1,1,54,0,2,99,51,16,10,2020,6,7,2,12,1,1,1,4,1,4
260738,1,1,48,1,1,11,20,20,0,0,1,0,2,0,1,998,73,217,0,0,1,2,8,8,1,1,13,0,80,0,6,12,10,2020,2,15,2,42,1,1,4,1,10,4
260739,1,1,75,2,1,11,99,98,0,0,3,0,1,0,1,998,61,160,0,0,1,5,1,1,1,11,15,0,13,99,39,16,10,2020,6,15,2,12,2,2,1,1,1,1
260742,1,1,50,2,1,11,3,20,0,0,2,0,3,0,1,998,63,113,0,9,5,5,8,8,1,1,80,0,95,0,999,8,10,2020,5,19,2,8,1,1,1,2,1,0
260743,1,1,44,1,1,11,99,20,0,0,1,0,1,0,1,998,69,250,0,0,2,2,8,8,1,11,15,0,7,0,0,8,10,2020,5,21,2,12,2,3,1,3,1,0
260745,1,1,22,1,1,11,3,98,0,0,1,0,3,0,1,45,67,140,0,0,1,5,8,8,1,1,10,0,7,99,28,5,10,2020,2,12,2,12,1,1,1,1,1,4
260748,1,1,41,1,1,11,3,20,0,0,3,0,1,0,1,998,69,186,0,0,1,5,1,2,2,1,80,0,2,0,0,27,10,2020,3,19,2,8,3,2,1,3,10,0
260749,1,1,82,1,1,11,3,98,0,0,1,0,1,0,1,998,73,230,0,0,3,3,8,8,2,15,13,0,7,99,6,26,10,2020,2,7,2,20,19,1,8,2,10,4
260750,2,1,23,2,1,11,3,1,1,0,3,0,1,0,1,998,66,127,0,0,1,2,1,2,1,1,50,1,13,5,36,30,10,2020,6,2,2,12,1,1,1,2,10,0
260751,1,1,26,1,1,11,20,20,0,0,1,0,1,0,1,998,65,135,0,5,1,6,8,8,1,15,62,0,94,99,0,21,10,2020,4,17,2,12,2,3,1,1,1,4