ST_CASE,VEH_NO,PER_NO,AGE,SEX,PER_TYP,SEAT_POS,REST_USE,AIR_BAG,DRUGS,LOCATION,NUMOCCS,HIT_RUN,OWNER,V_CONFIG,HAZ_INV,TRAV_SP,DR_HGT,DR_WGT,PREV_SPD,SPEEDREL,VTRAFWAY,VNUM_LAN,VPROFILE,VPAVETYP,VSURCOND,P_CRASH1,P_CRASH2,DR_DRINK,VPICBODYCLASS,DRDISTRACT,DRIVERRF,DAY,MONTH,YEAR,DAY_WEEK,HOUR,RUR_URB,HARM_EV,RELJCT2,TYP_INT,REL_ROAD,LGT_COND,WEATHER,INJ_SEV
260752,1,1,87,2,1,11,3,1,0,0,1,0,1,0,1,998,65,170,0,0,8,8,1,2,98,11,15,0,7,0,38,28,10,2020,4,11,2,12,2,98,1,1,1,4
260753,1,1,39,1,1,11,3,1,0,0,1,0,1,0,1,998,71,140,0,0,1,2,1,2,1,1,10,1,7,0,28,17,10,2020,7,20,2,12,1,1,1,3,1,0
260754,1,1,27,1,1,11,20,8,0,0,1,0,2,0,1,130,67,155,2,5,3,3,1,2,1,1,9,1,7,0,0,18,10,2020,1,3,2,12,1,1,1,2,1,3
260755,1,1,72,1,1,11,3,1,0,0,1,0,1,0,1,998,72,217,0,0,1,2,8,8,2,14,9,0,2,99,28,27,10,2020,3,13,2,12,1,1,1,1,2,4
260759,1,1,49,2,1,11,3,20,0,0,1,0,1,0,1,998,63,160,0,0,1,3,1,2,1,11,80,0,7,0,38,27,10,2020,3,16,2,8,3,3,1,1,1,0
260761,1,1,29,2,1,11,3,20,0,0,1,0,1,0,1,998,70,270,2,0,3,3,1,1,1,1,80,0,7,0,0,25,10,2020,1,7,2,8,3,3,1,2,1,0
260764,1,1,34,2,1,11,99,20,0,0,1,0,1,0,1,998,60,115,0,0,5,5,8,8,1,1,80,0,60,0,0,3,10,2020,7,9,2,8,1,1,1,1,1,0
260765,1,1,20,2,1,11,3,20,0,0,1,0,2,0,1,998,63,120,1,0,1,2,1,2,2,1,80,0,13,0,0,2,10,2020,6,7,2,8,1,1,1,2,2,0
260766,1,1,31,1,1,11,20,1,0,0,1,0,2,0,1,998,69,215,0,5,3,3,8,8,1,1,9,0,13,0,0,23,8,2020,1,23,2,31,1,1,4,6,1,4
260768,1,1,999,9,1,11,99,99,9,0,99,1,9,99,1,998,999,999,99,9,1,2,8,8,1,99,80,0,999,99,999,11,9,2020,6,22,2,8,3,3,1,3,10,9
260769,1,1,50,2,1,11,3,20,0,0,1,0,1,0,1,0,67,135,0,0,3,3,8,8,1,5,53,0,13,99,0,24,10,2020,7,15,2,12,1,1,1,1,1,4
260771,1,1,26,2,1,11,99,98,0,0,4,0,3,0,1,998,60,170,0,0,1,5,8,8,1,1,17,0,7,0,38,7,10,2020,4,0,2,12,2,2,1,3,1,2
260773,1,1,999,9,1,11,99,99,9,0,99,1,9,0,1,998,999,999,99,0,5,5,8,8,1,15,51,0,13,99,36,31,10,2020,7,22,2,12,1,1,1,3,1,9
260774,1,1,27,2,1,11,99,99,0,0,1,1,3,0,1,998,66,135,3,5,1,5,8,8,1,1,80,1,13,99,0,1,11,2020,1,3,2,8,2,3,1,3,1,0
260776,1,1,21,1,1,11,3,20,0,0,4,0,1,0,1,998,66,148,0,0,2,2,1,2,1,1,80,0,13,0,0,12,10,2020,2,0,2,8,1,1,1,2,1,0
260778,1,1,75,1,1,11,3,98,0,0,1,0,1,0,1,998,74,245,0,5,1,2,1,2,1,1,17,0,7,99,39,7,11,2020,7,14,2,12,3,2,1,1,1,4
260779,1,1,29,2,1,11,99,98,1,0,1,0,1,0,1,998,61,125,0,5,3,3,8,8,1,1,12,1,7,0,36,7,11,2020,7,1,2,14,1,1,5,2,1,0
260783,1,1,69,1,1,11,3,20,0,0,2,0,1,0,1,998,71,205,0,0,1,2,1,1,1,1,14,0,13,99,39,10,11,2020,3,18,2,3,3,3,6,3,1,4
260784,1,1,30,1,1,11,99,1,8,0,1,0,2,0,1,998,74,185,0,0,1,2,8,8,1,1,66,0,13,99,36,9,11,2020,2,23,2,12,2,2,1,2,1,1
260785,1,1,63,1,1,11,99,99,0,0,2,0,2,0,1,998,73,285,0,9,1,2,1,1,1,1,17,1,7,99,999,4,11,2020,4,0,2,12,2,2,1,3,1,4
260786,1,1,25,1,1,11,3,1,0,0,1,0,2,0,1,998,66,160,1,0,1,2,8,8,1,1,54,0,13,0,6,10,11,2020,3,0,2,12,8,1,1,3,1,0
260787,1,1,37,1,1,11,99,1,1,0,1,1,1,0,1,998,62,136,0,0,5,5,1,2,1,1,80,1,13,99,6,6,11,2020,6,12,2,8,1,1,1,1,1,2
260788,1,1,23,1,1,11,99,1,0,0,1,0,2,0,1,998,63,140,0,5,3,4,8,8,1,1,65,0,13,99,36,2,11,2020,2,8,2,12,2,3,1,1,10,4
260792,1,1,35,2,1,11,3,20,0,0,1,0,1,0,1,998,67,165,1,0,5,5,1,2,1,1,80,0,13,0,38,16,11,2020,2,18,2,8,2,2,1,2,1,1
260793,1,1,22,1,1,11,3,99,0,0,1,0,1,0,1,998,73,190,0,0,3,3,8,8,2,1,13,0,13,99,0,13,11,2020,6,4,2,59,1,1,4,2,2,4
260794,1,1,30,1,1,11,3,98,1,0,1,0,1,0,1,998,71,170,0,0,1,2,1,2,1,1,9,1,5,99,6,18,11,2020,4,0,2,30,1,1,4,2,1,4
260795,1,1,60,1,1,11,99,99,0,0,1,1,1,0,1,998,70,210,1,0,1,2,8,8,3,1,59,0,7,99,999,16,11,2020,2,22,2,12,1,1,1,3,4,9
260797,1,1,85,1,1,11,3,20,0,0,1,0,1,0,1,998,64,135,0,0,1,2,1,2,1,1,83,0,1,0,0,21,11,2020,7,15,2,9,2,3,1,1,1,3
260798,1,1,30,1,1,11,3,98,0,0,2,0,2,0,1,998,70,150,1,0,3,3,8,8,1,1,11,0,15,0,0,18,11,2020,4,18,2,12,1,1,1,2,1,0
260801,1,1,39,2,1,11,3,1,1,0,2,0,3,0,1,998,61,170,1,9,1,2,1,2,1,1,9,1,13,3,999,1,11,2020,1,0,2,42,3,3,4,3,98,2
260802,1,1,30,2,1,11,99,1,1,0,1,0,2,0,1,998,61,130,0,0,1,5,1,2,1,1,10,1,13,99,36,5,11,2020,5,17,2,12,1,1,1,2,1,4
260804,1,1,64,1,1,11,3,98,0,0,1,0,1,0,1,998,74,215,0,0,2,1,8,8,1,11,15,0,13,99,38,29,11,2020,1,18,2,12,2,3,1,2,10,4
260805,1,1,21,2,1,11,20,98,0,0,9,0,2,0,1,998,65,125,0,0,1,2,8,8,3,1,6,0,7,99,6,30,11,2020,2,22,2,19,1,1,5,3,4,0
260806,1,1,75,1,1,11,99,99,0,0,1,0,1,0,1,998,66,185,0,9,1,3,1,2,1,1,9,0,7,99,999,7,11,2020,7,11,2,30,3,2,4,1,1,4
260807,1,1,37,1,1,11,20,3,1,0,3,0,3,0,1,998,75,155,0,5,1,2,8,8,2,1,6,1,7,99,0,25,11,2020,4,23,2,14,1,1,4,3,5,2
260809,1,1,17,1,1,11,3,20,0,0,1,0,2,0,1,998,67,135,0,0,1,5,1,2,1,1,17,0,60,0,39,4,11,2020,4,13,2,12,2,2,1,1,1,0
260811,1,1,35,2,1,11,3,99,0,0,2,1,1,0,1,998,62,110,5,0,1,3,8,8,1,1,80,0,13,99,0,20,11,2020,6,21,2,8,1,1,1,2,1,0
260812,1,1,42,1,1,11,99,20,0,0,1,0,2,0,1,998,66,150,0,5,2,5,8,8,2,1,54,0,13,99,51,25,11,2020,4,18,2,12,1,1,1,3,2,1
260813,1,1,24,1,1,11,3,20,0,0,1,0,1,0,1,998,67,235,0,0,1,2,1,2,1,1,80,0,60,0,0,7,11,2020,7,11,2,8,1,1,1,1,1,0
260816,1,1,21,1,1,11,8,99,0,0,1,0,2,0,1,998,72,150,1,9,1,2,8,8,1,1,9,0,7,99,36,8,11,2020,1,0,2,42,1,1,4,2,1,4
260821,1,1,19,2,1,11,3,20,0,0,1,0,1,0,1,998,59,145,0,0,1,2,2,2,1,1,80,0,13,99,0,7,8,2020,6,22,2,8,3,2,1,2,1,0
260822,1,1,27,1,1,11,3,98,0,0,2,0,1,0,1,998,72,195,0,0,1,2,1,2,1,14,62,0,13,0,999,3,10,2020,7,19,2,12,2,3,1,5,1,0
260823,1,1,26,1,1,11,3,1,0,0,3,0,1,0,1,998,68,160,1,0,2,2,1,1,1,1,50,0,13,99,38,11,10,2020,1,17,2,12,1,1,1,1,1,3
260828,1,1,18,1,1,11,3,98,0,0,2,0,2,0,1,998,72,290,0,5,1,2,8,8,1,1,12,1,3,0,28,7,11,2020,7,23,2,42,1,1,4,2,1,4
260829,1,1,52,1,1,11,3,20,0,0,1,0,9,0,1,998,77,215,0,0,3,5,1,1,2,1,80,0,7,0,0,15,11,2020,1,0,2,8,1,1,1,3,2,0
260830,1,1,26,2,1,11,20,20,0,0,2,0,2,0,1,998,64,140,1,0,1,2,1,2,1,6,13,0,13,99,28,18,11,2020,4,11,2,12,1,1,2,1,1,4
260832,1,1,45,1,1,11,20,98,0,0,1,0,2,0,1,998,67,160,0,0,1,2,1,2,1,1,14,0,13,99,39,29,11,2020,1,6,2,30,3,3,4,2,1,4
260833,1,1,47,1,1,11,3,20,0,0,1,0,1,1,1,998,77,300,0,0,3,2,8,8,1,1,80,0,60,0,0,28,11,2020,7,12,2,8,3,2,1,1,1,0
260834,1,1,32,1,1,11,99,20,0,0,1,1,9,0,1,998,999,999,0,0,1,2,8,2,1,11,15,1,13,99,38,16,11,2020,2,21,2,12,8,1,1,2,10,0
260837,1,1,25,1,1,11,99,1,1,0,1,1,1,0,1,998,71,153,0,0,1,4,8,8,1,1,9,1,13,99,6,18,11,2020,4,21,2,12,1,1,1,3,1,2
260841,1,1,94,1,1,11,3,1,0,0,1,0,1,0,1,998,69,130,0,0,1,2,1,1,1,1,13,0,7,99,0,7,9,2020,2,11,2,30,1,1,4,1,10,4
260842,1,1,33,1,1,11,3,1,0,0,2,0,1,0,1,998,72,260,0,0,3,3,8,2,1,1,80,0,5,0,0,26,11,2020,5,19,2,8,1,1,1,2,1,0
260845,1,1,17,2,1,11,3,1,1,0,3,0,2,0,1,998,63,128,1,0,1,2,1,2,1,1,6,1,7,99,36,29,9,2020,3,21,2,30,1,1,4,2,10,0
260846,1,1,47,1,1,11,3,98,0,0,1,0,1,0,1,998,69,135,1,0,1,2,8,8,1,11,15,0,15,0,38,25,11,2020,4,20,2,12,2,3,1,3,1,4
260848,1,1,49,1,1,11,99,98,0,0,1,0,1,0,1,998,69,230,0,0,1,2,8,8,2,1,66,0,13,99,0,4,10,2020,1,1,2,12,2,2,1,2,2,4
260849,1,1,32,1,1,11,20,98,0,0,1,0,1,0,1,998,67,200,0,0,4,3,8,8,1,1,12,1,60,99,36,12,10,2020,2,3,2,33,1,1,4,3,1,4
260851,1,1,21,1,1,11,3,1,0,0,2,0,2,0,1,998,70,140,0,9,5,5,1,2,2,1,9,0,13,99,999,25,11,2020,4,20,2,12,1,1,1,2,2,4
260852,1,1,34,1,1,11,99,98,0,0,1,1,2,0,1,998,67,185,0,5,5,5,8,8,1,1,62,1,7,99,0,3,11,2020,3,8,2,12,2,3,1,1,1,1
260856,1,1,82,1,1,11,99,20,0,0,1,1,1,0,1,998,67,180,0,0,5,3,8,8,1,1,80,1,13,99,0,23,9,2020,4,20,2,8,1,1,1,3,1,0
260858,1,1,58,1,1,11,20,20,0,0,1,0,9,0,1,998,72,235,0,0,1,4,8,8,1,99,99,0,6,99,999,31,7,2020,6,21,2,12,1,1,1,3,1,4
260859,1,1,19,1,1,11,99,1,0,0,1,0,2,0,1,998,66,160,0,0,2,4,8,8,2,1,9,0,7,99,28,30,11,2020,2,3,2,30,1,1,4,3,2,4
260860,1,1,36,1,1,11,3,20,0,0,1,0,1,0,1,998,70,215,1,0,5,5,8,8,1,1,80,1,7,0,0,16,11,2020,2,20,2,8,1,1,1,3,1,0
260861,1,1,72,1,1,11,99,98,0,0,1,0,1,0,1,998,77,230,0,0,5,7,8,8,2,1,13,0,7,99,999,1,12,2020,3,12,2,30,1,1,4,1,10,4
260862,1,1,61,1,1,11,3,20,0,0,1,0,2,0,1,998,71,218,0,0,1,2,1,2,1,14,80,0,13,0,0,1,12,2020,3,17,2,8,1,1,1,2,1,0
260863,1,1,72,2,1,11,3,20,0,0,1,0,1,0,1,998,65,195,0,0,5,5,1,2,1,1,80,0,2,0,0,5,12,2020,7,23,2,8,1,1,1,3,1,0
260865,1,1,22,1,1,11,3,20,0,0,1,1,2,0,1,998,73,200,1,0,5,5,8,8,1,1,82,1,13,0,36,4,12,2020,6,23,2,33,1,1,4,2,10,1
260867,1,1,46,1,1,11,3,20,0,0,1,0,1,0,1,998,73,240,0,0,5,5,1,1,1,1,83,0,60,0,0,9,12,2020,4,18,2,9,1,1,1,2,1,0
260868,1,1,20,1,1,11,20,1,0,0,1,0,2,0,1,998,73,180,0,0,1,2,1,1,1,17,10,0,9,99,28,3,12,2020,5,13,2,12,8,1,1,1,1,3
260869,1,1,66,1,1,11,3,20,0,0,1,0,1,0,1,998,70,168,2,0,1,5,1,2,1,1,80,0,13,99,0,6,12,2020,1,18,2,8,1,1,1,2,1,0
260870,1,1,21,2,1,11,99,1,0,0,2,0,1,0,1,998,63,121,1,5,6,1,8,8,1,1,12,0,13,99,0,10,12,2020,5,2,2,58,5,1,5,3,1,4
260871,1,1,41,2,1,11,3,20,0,0,2,0,1,0,1,998,64,136,1,0,1,2,8,8,2,1,83,0,7,0,0,11,12,2020,6,19,2,9,3,2,1,3,2,0
260873,1,1,24,1,1,11,20,98,0,0,1,0,2,0,1,998,71,145,1,5,2,4,8,8,1,1,17,0,13,99,39,5,12,2020,7,0,2,12,2,2,1,3,1,4
260874,1,1,31,1,1,11,20,98,0,0,1,1,2,0,1,998,66,145,1,9,5,3,1,1,1,1,80,0,13,99,999,7,12,2020,2,17,2,8,1,1,1,3,1,0
260875,1,1,43,2,1,11,3,20,0,0,1,0,2,0,1,998,66,370,0,0,1,5,8,8,1,1,80,0,7,0,0,11,12,2020,6,19,2,8,1,1,1,2,1,0
260879,1,1,60,2,1,11,3,98,0,0,2,0,1,0,1,998,62,210,0,0,1,2,8,8,1,1,17,0,7,99,39,11,12,2020,6,10,2,12,2,2,1,1,1,1
260882,1,1,39,1,1,11,20,98,0,0,2,0,2,0,1,998,72,208,0,5,3,3,8,2,1,1,51,1,1,99,36,14,12,2020,2,1,2,12,1,1,1,2,1,4
260883,1,1,88,2,1,11,3,1,0,0,1,0,1,0,1,998,61,130,0,4,5,5,1,1,3,1,6,0,13,0,28,16,12,2020,4,16,2,12,1,1,1,2,4,4
260884,1,1,39,2,1,11,3,98,0,0,1,0,1,0,1,998,67,133,0,0,1,2,8,2,1,1,14,0,13,99,39,13,12,2020,1,3,2,33,3,3,4,2,1,4
260887,1,1,60,1,1,11,3,1,0,0,2,0,1,0,1,998,70,223,0,5,1,5,8,8,1,1,17,1,13,99,39,21,12,2020,2,15,2,12,2,7,1,1,1,4
260888,1,1,45,1,1,11,3,98,0,0,1,0,3,0,1,82,74,220,0,0,3,2,8,8,1,1,13,0,60,0,6,2,12,2020,4,5,2,21,1,1,4,3,1,4
260889,1,1,57,2,1,11,99,98,0,0,3,0,1,0,1,998,63,142,0,0,1,2,8,8,4,1,10,0,13,99,87,17,12,2020,5,19,2,12,1,1,1,2,4,4
260891,1,1,18,2,1,11,3,1,0,0,3,0,2,0,1,998,64,117,0,0,1,2,8,8,2,1,12,0,60,0,6,20,12,2020,1,0,2,42,1,1,4,2,2,3
260893,1,1,31,1,1,11,99,20,0,0,1,0,1,0,1,998,66,230,0,0,5,5,1,2,1,1,83,0,95,0,0,21,12,2020,2,7,2,9,3,2,1,1,1,0
260894,1,1,43,2,1,11,20,20,0,0,4,0,2,0,1,998,68,150,1,4,3,2,2,2,4,1,6,0,60,99,0,24,12,2020,5,13,2,59,19,1,8,1,4,4
260895,1,1,65,2,1,11,3,20,0,0,1,0,3,6,1,998,71,230,1,0,1,7,8,8,2,1,83,0,66,0,0,21,12,2020,2,19,2,9,2,2,1,3,2,0
260897,1,1,82,1,1,11,3,1,0,0,2,0,1,0,1,998,75,196,0,0,1,4,2,2,1,1,13,0,9,99,0,23,12,2020,4,15,2,43,1,1,4,1,10,4
260898,1,1,27,1,1,11,20,98,0,0,1,0,2,0,1,998,68,173,2,0,1,3,2,2,1,14,13,0,13,99,28,23,12,2020,4,23,2,12,1,1,1,2,1,4
260900,1,1,25,2,1,11,99,1,0,0,2,0,2,0,1,0,61,90,0,0,3,4,8,8,1,5,98,0,13,99,999,23,12,2020,4,2,2,12,1,1,1,2,1,3
260901,1,1,999,9,1,11,99,99,9,0,99,1,9,0,1,998,999,999,99,9,1,4,8,8,1,1,80,0,7,99,999,24,12,2020,5,0,2,8,3,2,1,3,10,9
260902,1,1,58,1,1,11,3,1,0,0,2,0,2,0,1,998,69,150,0,0,1,2,2,2,10,14,6,0,7,0,0,30,12,2020,4,8,2,12,1,1,1,1,2,1
260903,1,1,27,1,1,11,99,1,0,0,1,0,2,0,1,998,69,145,3,0,1,2,8,8,2,1,9,0,13,99,999,24,12,2020,5,3,2,30,1,1,4,3,2,4
260904,1,1,28,2,1,11,3,99,0,0,1,0,1,0,1,998,62,250,1,9,1,2,1,2,1,1,83,0,7,99,999,4,12,2020,6,7,2,9,1,1,1,1,1,0
260905,1,1,37,1,1,11,20,1,0,0,2,1,2,0,1,998,69,160,0,0,1,4,8,8,1,6,61,0,13,0,36,31,12,2020,5,22,2,12,2,3,1,3,1,0
260910,1,1,72,2,1,11,3,1,0,0,1,0,1,0,1,998,66,300,0,0,5,5,8,1,1,11,15,0,7,0,0,31,12,2020,5,13,2,12,2,3,1,1,10,4
260911,1,1,49,1,1,11,99,99,0,0,1,0,9,0,1,998,67,160,0,5,1,2,8,8,1,1,13,0,7,99,0,24,12,2020,5,15,2,33,1,1,4,1,1,4
260912,1,1,40,1,1,11,99,99,1,0,1,0,2,0,1,998,74,170,1,0,1,2,8,8,1,1,9,1,7,99,36,22,12,2020,3,18,2,33,1,1,4,2,10,4
260913,1,1,36,1,1,11,99,99,0,0,1,0,2,0,1,998,71,185,0,5,1,5,1,1,2,1,17,0,13,99,0,22,12,2020,3,5,2,12,2,2,1,3,10,4
260914,1,1,34,1,1,11,3,98,0,0,1,0,2,0,1,998,69,165,0,5,2,4,1,1,1,1,62,1,7,99,36,23,12,2020,4,10,2,12,2,2,1,1,1,2
260915,1,1,60,2,1,11,3,1,0,0,1,0,1,0,1,998,62,165,0,0,1,2,1,2,1,1,17,0,2,99,38,29,12,2020,3,15,2,12,2,2,1,1,10,4
260917,1,1,47,1,1,11,99,98,0,0,1,0,1,0,1,998,72,160,0,5,3,3,2,1,1,1,50,1,13,99,0,5,12,2020,7,22,2,12,1,1,1,3,1,2
260918,1,1,50,1,1,11,3,20,0,0,4,0,1,0,1,998,70,220,0,0,2,2,8,2,1,1,80,0,60,0,0,20,12,2020,1,18,2,8,3,2,1,3,1,0
260919,1,1,65,1,1,11,3,98,0,0,1,0,9,0,1,998,71,178,0,0,1,2,8,8,2,1,14,0,7,99,0,10,1,2020,6,6,2,42,3,3,4,2,10,4
260921,1,1,69,1,1,11,20,20,0,0,1,0,2,0,1,998,74,325,0,0,1,2,8,8,1,1,13,0,7,99,0,17,2,2020,2,8,2,33,1,1,4,1,10,4
260922,1,1,46,1,1,11,20,20,0,0,1,0,9,0,1,998,71,220,0,0,6,2,8,8,1,14,9,0,81,99,999,18,4,2020,7,21,2,1,5,1,1,3,1,4
260923,1,1,33,2,1,11,3,20,0,0,2,0,1,0,1,998,62,150,0,0,1,2,8,8,1,11,15,0,7,0,38,1,5,2020,6,23,2,8,3,2,1,2,1,0
260924,1,1,88,1,1,11,3,98,0,0,1,0,9,0,1,998,73,210,0,0,3,4,8,8,1,1,12,0,7,99,0,4,5,2020,2,14,2,25,1,1,3,1,1,4
260925,1,1,18,2,1,11,3,98,0,0,1,0,1,0,1,998,64,130,0,0,1,2,8,8,1,11,15,0,13,99,38,3,2,2020,2,10,2,12,2,3,1,1,1,4
260926,1,1,67,2,1,11,99,20,0,0,1,0,1,0,1,998,62,184,0,0,1,5,8,8,1,1,17,0,7,99,39,3,3,2020,3,11,2,12,2,2,1,1,10,4
260927,1,1,29,2,1,11,99,20,0,0,3,0,1,0,1,998,65,200,1,0,5,5,8,8,2,1,80,0,13,99,0,30,4,2020,5,22,2,8,1,1,1,3,2,0
260929,1,1,51,1,1,11,20,20,0,0,1,0,1,0,1,998,72,250,0,5,3,6,2,1,1,1,9,0,81,99,0,30,5,2020,7,21,2,33,1,1,3,1,1,4
260930,1,1,24,1,1,11,99,1,0,0,1,0,2,0,1,998,72,140,0,5,3,3,8,8,1,1,12,0,7,99,58,1,6,2020,2,2,2,25,1,1,3,3,10,4
260931,1,1,61,1,1,11,3,20,0,0,2,0,1,0,1,998,72,220,0,0,1,5,8,8,1,1,80,0,60,0,0,24,6,2020,4,7,2,8,1,1,1,1,1,0
260932,1,1,47,1,1,11,20,20,0,0,1,0,2,0,1,998,74,220,0,4,1,2,8,8,1,1,6,1,80,99,0,24,7,2020,6,1,2,31,1,1,4,3,1,4
260933,1,1,27,1,1,11,99,1,0,0,2,0,1,0,1,998,71,170,0,4,3,3,8,8,1,1,6,0,3,99,6,11,7,2020,7,23,2,25,1,1,4,3,1,3
260934,1,1,70,2,1,11,3,98,0,0,3,0,1,0,1,998,62,220,0,0,5,5,8,8,1,11,15,0,13,0,48,15,5,2020,6,23,2,12,8,1,1,6,1,4
260936,1,1,34,1,1,11,20,20,0,0,1,0,2,0,1,998,67,170,0,5,1,2,8,8,1,1,11,0,80,99,36,29,8,2020,7,18,2,14,1,1,7,1,1,4
260937,1,1,21,2,1,11,99,20,0,0,1,0,2,0,1,998,61,108,1,0,4,8,8,8,1,11,66,0,7,99,0,21,8,2020,6,15,2,12,2,3,1,1,1,0
260938,1,1,58,1,1,11,20,20,0,0,1,0,0,0,1,998,67,248,0,0,1,2,8,8,1,1,9,0,69,99,0,31,5,2020,1,19,2,5,1,1,1,1,1,4
260940,1,1,30,2,1,11,3,20,0,0,1,0,1,0,1,20,64,120,0,0,1,2,8,8,1,11,80,0,7,99,38,14,9,2020,2,18,2,8,3,3,1,1,1,0
260941,1,1,53,1,1,11,3,20,0,0,1,0,2,0,1,998,74,225,0,0,1,2,8,8,1,1,87,1,60,0,6,18,6,2020,5,21,2,1,1,1,4,2,1,4
260942,1,1,71,1,1,11,3,98,0,0,1,0,1,0,1,998,70,200,0,0,1,5,8,8,2,10,16,1,13,0,36,16,9,2020,4,23,2,12,3,2,1,2,2,4
260943,1,1,44,2,1,11,3,20,0,0,1,0,1,0,1,998,67,180,0,0,5,3,8,8,1,11,15,0,7,99,38,22,6,2020,2,19,2,12,8,1,1,1,1,0
260944,1,1,51,1,1,11,3,1,0,0,1,0,2,0,1,998,69,210,0,0,1,2,8,8,1,1,12,0,60,99,0,11,7,2020,7,9,2,42,1,1,4,1,1,4
260945,1,1,75,1,1,11,3,20,0,0,1,0,1,0,1,998,72,250,0,0,1,4,8,8,1,1,51,0,60,99,0,1,7,2020,4,13,2,12,1,1,1,1,1,4
260947,1,1,82,1,1,11,3,98,0,0,1,0,2,0,1,998,67,175,0,5,5,5,8,8,1,1,6,0,13,99,0,15,7,2020,4,3,2,30,1,1,4,3,1,4
260948,1,1,999,9,1,11,99,99,9,0,99,1,9,99,1,998,999,999,99,9,1,2,1,2,1,1,80,0,999,99,999,14,10,2020,4,1,2,8,1,1,1,2,1,9
260950,1,1,999,9,1,11,99,99,9,0,99,1,9,99,1,998,999,999,99,9,1,5,8,8,2,1,80,0,999,99,999,1,10,2020,5,22,2,8,3,2,1,2,2,9
260951,1,1,89,2,1,11,3,1,0,0,1,0,1,0,1,998,60,168,0,0,5,4,8,8,1,1,17,0,7,99,0,11,10,2020,1,10,2,12,2,3,1,1,1,4
260952,1,1,75,1,1,11,99,98,0,0,1,0,1,0,1,998,70,195,0,0,1,2,8,8,1,1,9,0,7,99,0,30,8,2020,1,20,2,42,1,1,4,2,1,4
260953,1,1,34,2,1,11,99,20,1,0,1,0,2,0,1,998,67,190,1,0,2,2,8,8,1,1,13,1,7,5,0,2,9,2020,4,16,2,8,1,1,4,1,1,0
260954,1,1,42,2,1,11,3,20,0,0,1,0,1,0,1,998,999,999,1,0,1,5,8,8,2,1,62,0,7,99,0,23,10,2020,6,11,2,12,3,2,1,1,2,3
260957,1,1,999,9,1,11,99,99,9,0,99,1,9,0,1,998,999,999,99,9,1,2,8,8,2,1,10,0,7,99,28,25,11,2020,4,16,2,12,2,2,1,5,2,5
260958,1,1,40,1,1,11,20,1,0,0,1,0,2,0,1,998,73,160,1,0,1,5,1,2,1,1,10,1,7,99,28,20,11,2020,6,1,2,12,1,1,1,2,10,3
260959,1,1,59,1,1,11,3,20,0,0,2,0,2,0,1,998,74,230,0,5,1,3,8,8,2,11,6,1,13,0,0,26,11,2020,5,0,2,30,3,3,4,3,2,0
260960,1,1,69,1,1,11,3,98,0,0,2,0,1,0,1,998,69,190,0,0,1,2,8,8,1,2,53,0,7,0,0,30,11,2020,2,16,2,12,8,1,1,1,1,1
260961,1,1,33,1,1,11,20,20,0,0,1,0,2,0,1,998,73,195,2,5,1,2,8,8,1,1,10,0,80,99,0,16,9,2020,4,13,2,12,1,1,1,1,1,4
260963,1,1,43,1,1,11,3,20,0,0,1,0,3,0,1,998,70,198,0,0,4,3,8,8,1,1,80,0,7,0,0,10,11,2020,3,18,2,8,1,1,1,2,1,0
260966,1,1,53,2,1,11,3,98,1,0,1,0,1,0,1,998,65,160,0,0,1,2,8,8,1,1,51,0,2,99,0,22,10,2020,5,13,2,45,1,1,1,1,10,3
260967,1,1,85,1,1,11,3,98,0,0,1,0,1,0,1,998,72,245,0,0,0,0,0,0,0,11,15,0,2,0,38,3,10,2020,7,10,2,12,8,1,1,1,1,4
260968,1,1,18,1,1,11,3,1,0,0,1,0,1,0,1,998,73,290,0,0,1,4,8,8,1,1,80,0,7,0,0,13,11,2020,6,18,2,8,1,1,1,3,1,0
260971,1,1,72,1,1,11,20,98,0,0,2,0,1,0,1,998,70,230,0,5,4,2,8,8,1,1,11,0,7,99,0,23,11,2020,2,18,2,14,1,1,7,3,1,4
260973,1,1,999,9,1,11,99,98,9,0,99,1,9,99,1,998,999,999,99,0,1,2,8,8,1,1,80,0,999,99,0,20,11,2020,6,21,2,8,3,2,1,3,1,9
260974,1,1,46,1,1,11,3,1,0,0,1,0,1,0,1,35,69,230,0,0,3,3,8,8,1,1,80,0,60,99,0,27,11,2020,6,20,2,8,3,98,1,3,1,0
260975,1,1,70,1,1,11,20,1,0,0,1,0,1,0,1,998,75,260,0,0,1,5,1,2,1,1,54,0,60,99,28,29,11,2020,1,16,2,12,2,3,1,1,1,4
260976,1,1,27,1,1,11,20,20,0,0,1,0,2,0,1,998,70,170,2,5,1,5,8,8,1,1,17,0,80,0,39,13,11,2020,6,13,2,12,2,2,1,1,10,4
260978,1,1,68,1,1,11,3,20,0,0,1,0,1,0,1,27,72,190,0,0,1,2,8,8,1,1,80,1,13,0,0,7,12,2020,2,18,2,8,3,3,1,2,1,0
260979,1,1,76,1,1,11,20,1,0,0,1,0,1,0,1,998,67,185,0,0,1,2,8,8,2,1,13,0,13,99,0,17,12,2020,5,19,2,30,1,1,4,3,10,4