ST_CASE,VEH_NO,PER_NO,AGE,SEX,PER_TYP,SEAT_POS,REST_USE,AIR_BAG,DRUGS,LOCATION,NUMOCCS,HIT_RUN,OWNER,V_CONFIG,HAZ_INV,TRAV_SP,DR_HGT,DR_WGT,PREV_SPD,SPEEDREL,VTRAFWAY,VNUM_LAN,VPROFILE,VPAVETYP,VSURCOND,P_CRASH1,P_CRASH2,DR_DRINK,VPICBODYCLASS,DRDISTRACT,DRIVERRF,DAY,MONTH,YEAR,DAY_WEEK,HOUR,RUR_URB,HARM_EV,RELJCT2,TYP_INT,REL_ROAD,LGT_COND,WEATHER,INJ_SEV
260981,1,1,92,1,1,11,3,2,0,0,1,0,1,0,1,998,71,165,0,0,1,3,8,8,1,1,17,0,13,99,39,19,10,2020,2,14,2,12,2,2,1,1,10,4
260985,1,1,36,1,1,11,20,98,1,0,1,0,3,0,1,998,71,260,0,0,1,2,1,2,1,1,10,0,60,0,28,16,12,2020,4,19,2,12,1,1,1,2,1,3
260986,1,1,27,2,1,11,3,98,0,0,2,0,1,0,1,998,64,110,0,0,1,2,1,2,1,1,83,0,13,0,0,29,12,2020,3,17,2,9,1,1,1,2,1,0
260987,1,1,58,1,1,11,3,1,0,0,1,0,1,0,1,998,70,309,0,0,3,3,1,1,2,1,80,1,7,99,91,22,11,2020,1,19,2,8,1,1,1,3,10,0
260989,1,1,43,1,1,11,20,98,1,0,1,0,2,0,1,998,70,190,0,0,1,2,8,8,2,1,13,1,7,99,36,22,11,2020,1,13,2,42,1,1,4,1,4,4
260992,1,1,21,1,1,11,20,98,0,0,1,0,2,0,1,998,68,150,0,5,1,2,8,8,1,1,6,0,13,0,36,19,6,2020,6,19,2,42,1,1,4,1,1,4
260995,1,1,35,1,1,11,3,20,0,0,1,1,1,0,1,998,72,260,0,0,1,2,8,8,1,1,13,1,3,99,999,4,7,2020,7,23,2,8,1,1,4,9,1,0
260996,1,1,24,1,1,11,20,20,0,0,1,0,2,0,1,998,72,200,0,9,1,4,1,2,1,6,60,0,12,99,35,29,6,2020,2,15,2,12,3,2,1,1,1,4
260997,1,1,29,1,1,11,20,20,0,0,1,0,1,0,1,998,999,999,0,0,3,4,1,1,1,1,80,0,98,0,0,5,8,2020,4,22,2,8,2,2,1,2,1,3
261002,1,1,64,1,1,11,3,20,0,0,99,1,1,0,1,998,999,999,99,0,1,2,8,8,1,1,12,0,7,98,6,11,7,2020,7,15,2,39,1,1,4,1,1,0
261005,1,1,37,1,1,11,99,99,0,0,99,1,9,0,1,998,74,230,0,2,1,5,8,8,1,1,80,0,13,99,0,13,9,2020,1,15,2,8,1,1,1,1,1,0
261007,1,1,50,2,1,11,99,99,1,0,2,0,2,0,1,998,74,210,0,0,1,2,8,8,1,1,3,0,7,99,39,12,11,2020,5,15,2,31,3,3,5,1,10,4
261008,1,1,27,1,1,11,99,99,0,0,1,0,1,0,1,998,72,180,0,5,1,2,8,8,1,1,13,1,13,99,0,27,7,2020,2,23,2,30,1,1,4,2,1,4
261009,1,1,999,9,1,11,99,99,9,0,99,1,9,0,1,998,999,999,99,0,1,4,8,8,1,1,80,0,15,99,999,11,12,2020,6,17,2,8,1,1,1,3,1,9
261010,1,1,999,9,1,11,99,99,9,0,99,1,9,99,1,998,999,999,99,9,1,5,8,8,1,1,80,0,999,99,0,7,8,2020,6,17,2,8,1,1,1,1,1,9
261011,1,1,33,2,1,11,3,20,1,0,1,0,2,0,1,998,69,215,0,0,5,6,8,8,1,11,15,1,7,0,0,10,9,2020,5,2,2,12,8,1,1,3,10,0
261012,1,1,34,2,1,11,99,98,1,0,2,0,2,0,1,998,64,170,0,0,1,2,8,8,1,1,12,1,7,92,6,2,12,2020,4,14,2,42,1,1,4,1,1,1
261013,1,1,999,9,1,11,99,99,8,0,99,1,9,0,1,998,999,999,99,0,1,4,1,1,1,14,80,0,999,99,999,15,12,2020,3,19,2,8,3,4,1,3,1,9
261015,1,1,43,1,1,11,3,20,0,0,1,0,1,0,1,998,72,210,0,0,2,2,8,8,1,1,13,0,13,0,0,2,9,2020,4,16,2,8,1,1,4,1,1,0
261016,1,1,999,9,1,11,99,99,9,0,99,1,9,0,1,998,999,999,99,9,1,4,8,8,1,1,80,0,8,99,0,11,2,2020,3,18,2,8,1,1,1,5,1,9
270003,1,1,54,2,1,11,3,20,0,0,1,0,1,0,1,998,62,155,4,0,3,3,1,2,1,15,80,0,7,96,0,8,2,2020,7,20,2,8,3,2,1,3,1,0
270006,1,1,63,1,1,11,99,20,0,0,1,0,1,0,1,998,70,212,0,0,1,2,1,2,2,11,80,0,60,99,0,10,1,2020,6,6,2,8,3,2,1,2,1,0
270008,1,1,22,1,1,11,99,3,1,0,1,0,1,0,1,0,71,135,5,0,3,2,1,1,1,5,53,1,13,99,999,15,1,2020,4,22,2,12,1,1,1,2,1,4
270009,1,1,54,1,1,11,20,20,0,0,1,0,1,0,1,998,66,155,0,0,1,2,1,2,4,11,15,1,60,99,39,18,1,2020,7,10,2,12,2,2,1,1,1,4
270013,1,1,45,2,1,11,3,1,0,0,1,0,1,0,1,5,64,185,0,0,1,3,1,2,2,11,15,0,13,99,38,20,1,2020,2,13,2,12,2,3,1,1,10,4
270019,1,1,87,2,1,11,3,2,0,0,1,0,1,0,1,0,64,174,0,0,2,2,1,2,2,5,91,0,13,0,999,1,2,2020,7,13,2,10,6,1,1,1,1,4
270021,1,1,27,1,1,11,99,20,0,0,1,0,1,0,1,998,70,200,0,9,2,3,1,2,1,1,80,0,13,99,0,5,2,2020,4,3,2,8,3,2,1,3,1,0
270022,1,1,56,2,1,11,3,20,0,0,1,0,1,0,1,998,68,179,0,0,2,2,1,2,2,1,80,0,5,99,0,5,2,2020,4,6,2,8,3,2,1,2,1,0
270028,1,1,46,1,1,11,3,20,0,0,1,0,3,6,1,998,71,182,0,0,3,4,1,1,1,1,60,0,66,0,0,17,2,2020,2,13,2,12,1,1,1,1,10,0
270033,1,1,46,1,1,11,3,20,0,0,1,0,2,0,1,998,69,340,1,0,1,2,1,2,1,11,83,0,7,99,999,14,3,2020,7,20,2,9,2,3,1,2,1,0
270038,1,1,60,2,1,11,3,20,0,0,1,0,1,0,1,998,65,259,0,9,1,2,1,1,2,1,80,0,7,0,0,3,3,2020,3,5,2,8,3,2,1,2,1,0
270039,1,1,33,1,1,11,3,8,0,0,1,0,2,0,1,998,73,300,0,9,1,2,6,2,98,14,10,0,7,99,28,24,2,2020,2,5,2,12,1,1,1,3,1,4
270040,1,1,33,1,1,11,99,20,0,0,1,1,3,21,1,998,69,210,0,9,1,2,8,2,1,11,80,0,73,99,6,16,3,2020,2,6,2,8,3,2,1,3,10,0
270041,1,1,43,1,1,11,99,1,0,0,1,0,1,0,1,50,71,173,0,3,1,2,5,2,1,1,9,0,5,99,58,17,3,2020,3,20,2,1,1,1,4,2,10,4
270042,1,1,39,1,1,11,3,20,0,0,1,0,1,0,1,998,62,110,1,0,3,2,1,2,1,1,53,0,60,0,0,28,2,2020,6,5,2,12,1,1,1,3,1,0
270044,1,1,53,1,1,11,20,1,1,0,1,0,1,0,1,55,68,190,0,9,3,3,1,2,2,14,51,0,13,99,36,18,3,2020,4,1,2,12,18,1,1,3,2,4
270045,1,1,45,1,1,11,3,8,0,0,1,0,2,0,1,90,74,190,0,3,3,3,1,2,1,1,17,1,7,99,39,20,3,2020,6,5,2,12,2,3,1,3,1,4
270046,1,1,61,1,1,11,3,20,0,0,1,0,3,6,1,998,999,999,99,0,3,3,5,2,1,1,52,0,64,99,999,1,3,2020,1,18,2,12,1,1,1,2,1,0
270048,1,1,76,1,1,11,3,99,0,0,1,0,1,0,1,998,67,249,0,0,1,2,1,2,1,1,62,0,2,0,0,4,3,2020,4,5,2,12,1,1,1,2,1,4
270049,1,1,28,1,1,11,3,20,1,0,1,0,1,0,1,998,71,200,0,9,1,2,1,2,1,1,83,1,13,99,36,20,3,2020,6,18,2,9,2,3,1,1,1,0
270052,1,1,62,1,1,11,3,20,0,0,1,0,3,6,1,0,70,190,0,0,2,4,1,1,1,5,53,0,66,0,0,24,3,2020,3,10,2,12,2,2,1,1,5,0
270054,1,1,57,1,1,11,99,1,0,0,1,0,1,0,1,55,74,300,0,9,1,2,1,2,1,1,12,1,7,99,0,27,3,2020,6,21,2,42,1,1,5,6,10,4
270055,1,1,38,2,1,11,99,1,0,0,1,0,1,0,1,100,67,150,0,2,3,2,1,2,2,1,13,1,7,99,36,28,3,2020,7,21,2,40,1,1,5,3,2,4
270061,1,1,40,1,1,11,20,20,0,0,1,0,1,0,1,998,82,215,0,0,1,2,1,2,1,1,62,0,82,0,0,31,3,2020,3,15,2,12,2,3,1,1,10,4
270062,1,1,89,1,1,11,3,20,0,0,1,0,1,0,1,30,69,178,0,0,1,2,1,2,1,1,80,0,13,0,0,2,4,2020,5,21,2,8,1,1,1,2,10,0
270068,1,1,43,1,1,11,20,20,0,0,1,0,1,0,1,80,69,150,0,3,1,2,1,2,1,14,13,1,125,99,58,20,4,2020,2,7,2,38,1,1,4,9,99,4
270073,1,1,33,1,1,11,20,8,1,0,2,0,3,0,1,48,74,150,1,3,1,2,1,2,1,1,17,0,60,0,39,19,4,2020,1,14,2,12,2,2,1,1,1,3
270077,1,1,61,1,1,11,20,20,0,0,1,0,2,0,1,998,71,190,1,9,6,1,5,2,99,99,12,1,98,99,999,27,4,2020,2,19,2,1,5,1,4,1,1,4
270078,1,1,18,1,1,11,99,8,0,0,5,0,5,0,1,998,70,170,0,3,1,2,1,2,1,1,17,0,8,0,39,27,4,2020,2,17,2,12,2,2,1,1,1,2
270080,1,1,46,1,1,11,99,20,0,0,99,1,1,0,1,998,73,170,1,9,1,2,1,1,1,1,80,1,60,99,0,28,4,2020,3,16,2,8,1,1,1,1,10,0
270083,1,1,56,1,1,11,20,20,0,0,1,0,2,0,1,998,71,220,0,9,1,2,5,2,1,1,10,0,7,99,28,15,3,2020,1,18,2,12,1,1,1,1,10,4
270084,1,1,49,2,1,11,20,20,0,0,1,0,1,0,1,998,63,129,0,9,1,2,1,2,11,14,5,1,94,99,999,18,4,2020,7,16,2,33,3,2,4,1,1,4
270087,1,1,22,1,1,11,99,8,1,0,4,0,2,0,1,70,72,165,1,0,3,3,1,1,1,1,54,1,13,0,0,13,5,2020,4,1,2,12,1,1,1,3,1,4
270090,1,1,52,2,1,11,20,1,0,0,1,0,1,0,1,100,62,185,0,3,3,2,1,2,1,15,11,1,13,99,36,15,5,2020,6,23,2,12,1,1,1,2,1,1
270091,1,1,18,2,1,11,99,20,1,0,2,0,2,0,1,998,61,130,0,9,1,4,1,2,1,1,80,0,7,99,73,7,2,2020,6,20,2,8,1,1,1,2,1,0
270095,1,1,22,1,1,11,3,3,0,0,1,0,3,0,1,45,999,999,99,3,1,2,6,2,1,1,14,1,7,99,39,22,5,2020,6,20,2,19,3,3,5,1,10,4
270098,1,1,22,1,1,11,1,20,0,0,1,0,1,0,1,70,65,145,0,3,3,3,1,2,1,14,13,0,13,99,0,24,5,2020,1,18,2,1,1,1,5,1,1,4
270104,1,1,28,1,1,11,99,2,1,0,3,0,2,0,1,60,999,999,99,9,3,3,1,2,1,1,13,1,13,99,36,29,5,2020,6,8,2,24,1,1,4,1,10,0
270109,1,1,80,2,1,11,3,8,0,0,1,0,1,0,1,10,67,165,0,0,3,4,1,2,1,1,17,0,60,99,39,26,5,2020,3,11,2,12,2,2,1,1,1,4
270110,1,1,52,1,1,11,20,20,0,0,1,0,1,0,1,45,71,160,0,3,1,2,1,2,1,14,13,1,81,99,0,5,6,2020,6,21,2,24,1,1,4,1,1,4
270111,1,1,21,2,1,11,3,20,0,0,1,0,2,0,1,998,63,150,0,0,3,3,1,2,1,1,80,0,7,15,0,5,6,2020,6,22,2,8,1,1,1,3,1,0
270115,1,1,22,1,1,11,99,8,1,0,3,0,2,0,1,998,68,165,1,2,1,4,1,2,1,1,17,1,13,99,39,8,6,2020,2,5,2,12,2,2,1,4,1,2
270118,1,1,39,1,1,11,3,1,0,0,1,0,1,1,1,998,69,170,0,9,1,4,1,2,1,14,64,1,60,99,999,16,6,2020,3,19,2,12,2,2,1,1,1,1
270121,1,1,25,2,1,11,3,8,0,0,4,0,1,0,1,60,60,110,4,0,3,3,5,1,1,14,54,1,7,99,0,20,6,2020,7,22,2,12,18,1,1,3,1,4
270125,1,1,30,1,1,11,20,20,0,0,1,0,1,0,1,998,68,154,2,3,1,2,1,2,1,1,83,1,80,0,0,23,6,2020,3,16,2,9,1,1,1,1,1,4
270129,1,1,31,1,1,11,20,20,0,0,1,0,2,0,1,998,72,180,0,9,1,2,1,2,1,14,12,1,81,99,28,27,6,2020,7,0,2,59,1,1,4,2,1,4
270132,1,1,26,1,1,11,20,8,1,0,1,0,2,0,1,100,64,130,0,3,3,5,6,1,2,1,13,1,7,99,36,29,6,2020,2,23,2,30,19,1,4,3,10,4
270142,1,1,18,1,1,11,99,99,0,0,1,0,2,0,1,100,73,200,0,3,1,2,1,2,1,14,12,1,3,0,0,5,7,2020,1,22,2,42,1,1,5,2,1,4
270144,1,1,58,1,1,11,20,20,0,0,1,0,1,0,1,70,73,370,0,3,2,3,5,2,1,14,13,1,7,99,51,9,7,2020,5,2,2,59,1,1,4,3,1,4
270145,1,1,26,1,1,11,20,1,1,0,1,0,2,0,1,998,71,197,0,2,3,4,1,2,1,1,17,0,7,0,39,8,7,2020,4,11,2,12,2,2,1,1,1,2
270146,1,1,31,1,1,11,20,20,0,0,1,0,2,0,1,35,69,145,1,0,1,2,1,2,1,1,13,0,98,0,58,9,7,2020,5,14,2,42,1,1,4,1,1,4
270149,1,1,49,1,1,11,3,20,0,0,1,0,1,0,1,60,69,220,0,9,3,4,1,2,1,1,80,0,13,0,0,24,6,2020,4,21,2,8,18,1,1,3,1,0
270150,1,1,19,2,1,11,99,8,0,0,4,0,2,0,1,998,61,120,1,2,1,2,1,2,1,1,11,1,7,3,0,13,7,2020,2,20,2,14,1,1,7,5,10,1
270155,1,1,70,1,1,11,20,20,0,0,1,0,1,0,1,55,75,240,0,0,2,4,1,2,1,15,12,0,7,0,58,16,7,2020,5,8,2,1,3,2,4,1,1,4
270157,1,1,20,1,1,11,3,8,0,0,1,0,1,0,1,998,71,155,0,3,1,2,1,2,1,1,10,0,13,6,28,16,7,2020,5,18,2,12,1,1,1,1,1,4
270158,1,1,48,1,1,11,3,3,0,0,1,0,2,0,1,998,999,999,99,0,8,4,1,2,1,11,60,0,7,0,0,16,7,2020,5,19,2,12,8,1,1,1,1,0
270161,1,1,21,2,1,11,3,20,0,0,1,0,1,0,1,15,69,230,1,0,1,2,1,2,1,4,17,0,13,99,38,17,7,2020,6,14,2,12,2,3,1,1,1,4
270166,1,1,65,1,1,11,3,20,0,0,1,0,3,4,1,998,76,340,0,0,8,2,1,2,1,10,16,0,74,99,39,22,7,2020,4,11,2,12,2,11,1,1,10,0
270169,1,1,59,1,1,11,20,20,0,0,1,0,1,0,1,998,68,140,0,0,1,2,1,2,1,14,62,0,94,0,0,24,7,2020,6,15,2,12,2,3,1,1,1,4
270170,1,1,29,1,1,11,20,1,1,0,2,0,2,0,1,60,70,185,0,9,1,2,3,2,2,14,10,0,13,99,36,22,7,2020,4,3,2,12,1,1,1,2,2,4
270171,1,1,71,1,1,11,3,20,0,0,1,0,1,0,1,998,68,125,0,0,1,3,1,2,1,1,80,0,9,0,10,23,7,2020,5,12,2,8,1,1,1,1,1,0
270172,1,1,28,2,9,99,20,20,8,0,3,0,2,0,1,998,999,999,99,5,6,1,1,1,1,14,12,0,7,96,999,24,7,2020,6,18,2,34,5,1,8,1,1,4
270173,1,1,49,2,1,11,99,20,0,0,1,0,2,0,1,998,67,130,0,9,1,2,1,2,1,1,51,0,8,99,999,24,7,2020,6,23,2,12,1,1,1,3,1,0
270178,1,1,19,1,1,11,3,20,0,0,1,0,2,0,1,30,66,132,0,0,1,2,1,2,1,1,80,0,13,0,10,5,6,2020,6,22,2,8,1,1,1,2,1,0
270185,1,1,17,2,1,11,3,20,9,0,3,0,2,0,1,90,62,106,0,3,1,2,6,8,1,14,13,1,60,99,36,2,8,2020,1,18,2,34,1,1,4,1,1,4
270192,1,1,28,1,1,11,3,20,0,0,1,0,3,2,1,998,71,180,1,9,1,2,1,2,1,1,66,0,11,0,0,7,8,2020,6,7,2,12,2,2,1,1,10,0
270193,1,1,63,1,1,11,99,7,0,0,1,0,2,0,1,998,69,175,0,0,1,2,5,2,1,1,10,1,13,0,28,1,6,2020,2,14,2,12,1,1,1,1,1,4
270194,1,1,60,1,1,11,20,8,1,0,1,0,2,0,1,998,68,175,0,9,1,2,1,2,1,99,10,1,7,99,36,26,6,2020,6,18,2,12,2,3,1,1,1,4
270196,1,1,39,1,1,11,3,20,0,0,1,0,1,6,1,65,67,160,0,0,3,3,1,1,1,1,80,0,66,0,0,7,8,2020,6,21,2,8,18,1,1,2,1,0
270198,1,1,18,1,1,11,3,20,0,0,2,0,1,0,1,998,67,190,0,0,1,4,1,2,1,11,15,0,13,0,38,6,8,2020,5,22,2,12,2,2,1,3,1,0
270204,1,1,36,1,1,11,99,20,1,0,1,0,1,0,1,998,70,240,0,9,3,3,1,2,1,1,50,0,7,99,999,1,5,2020,6,18,2,12,3,2,1,1,1,0
270205,1,1,28,1,1,11,3,2,0,0,4,0,2,0,1,998,75,275,0,9,2,2,1,1,1,1,11,0,13,99,999,1,6,2020,2,14,2,14,1,1,2,1,1,2
270206,1,1,84,1,1,11,3,20,0,0,1,0,1,0,1,10,70,205,0,0,1,2,1,2,1,4,17,0,7,0,38,28,7,2020,3,15,2,12,2,2,1,1,10,4
270208,1,1,29,2,1,11,99,8,0,0,1,0,3,0,1,75,63,150,0,4,3,2,6,1,1,14,6,1,15,99,999,16,8,2020,1,19,2,32,1,1,4,1,10,4
270216,1,1,38,1,1,11,20,20,0,0,1,0,2,0,1,100,74,250,1,2,1,2,1,2,1,1,17,0,80,99,39,26,8,2020,4,2,2,12,2,2,1,3,1,4
270220,1,1,18,1,1,11,99,1,0,0,3,0,2,0,1,998,70,190,0,9,2,2,1,1,2,1,83,0,13,99,73,28,8,2020,6,16,2,9,1,1,1,1,2,0
270221,1,1,38,2,1,11,20,20,0,0,1,0,2,0,1,998,67,120,2,9,3,2,1,2,1,1,80,0,7,99,0,28,8,2020,6,19,2,8,3,2,1,1,1,0
270224,1,1,27,2,1,11,20,1,0,0,1,0,1,0,1,60,63,190,0,3,1,2,1,2,1,1,13,1,7,99,36,30,8,2020,1,3,2,42,1,1,4,3,1,4
270226,1,1,27,1,1,11,20,20,1,0,1,0,2,0,1,998,74,160,1,9,3,3,5,2,1,1,80,0,80,0,0,31,8,2020,2,16,2,8,3,2,1,1,1,3
270228,1,1,37,1,1,11,20,20,9,0,1,0,2,0,1,998,69,183,1,4,6,1,6,8,1,14,10,0,80,99,0,5,9,2020,7,3,2,42,5,1,4,3,1,4
270232,1,1,25,1,1,11,3,1,0,0,1,0,2,0,1,30,76,195,2,9,3,2,6,2,1,1,80,0,60,0,0,9,9,2020,4,6,2,8,3,2,1,3,10,1
270234,1,1,39,2,1,11,3,1,0,0,1,0,2,0,1,75,74,190,0,9,3,3,1,1,1,1,10,0,2,99,0,8,9,2020,3,0,2,35,1,1,4,2,10,4
270235,1,1,54,1,1,11,3,20,0,0,1,0,3,6,1,998,64,170,0,0,3,4,1,2,1,1,61,0,66,0,0,11,9,2020,6,7,2,12,17,1,1,1,1,0
270236,1,1,32,1,1,11,20,8,0,0,3,0,2,0,1,998,71,360,0,3,1,4,1,2,2,1,17,1,7,99,39,12,9,2020,7,3,2,12,2,2,1,3,2,3
270237,1,1,24,1,1,11,3,2,0,0,1,0,1,0,1,10,64,152,0,0,1,2,1,2,2,11,15,0,13,99,38,12,9,2020,7,8,2,12,2,3,1,1,2,4
270239,1,1,20,1,1,11,20,20,0,0,1,0,0,0,1,998,68,125,1,4,0,0,0,0,0,1,98,0,88,99,0,18,8,2020,3,21,2,44,8,1,1,3,1,4
270245,1,1,42,2,1,11,99,20,0,0,2,0,1,0,1,998,65,130,1,9,3,3,5,1,1,14,83,0,7,12,999,15,9,2020,3,20,2,9,3,2,1,3,10,0
270247,1,1,44,1,1,11,20,20,0,0,1,0,1,0,1,25,71,280,0,9,2,2,1,2,1,4,66,0,94,99,0,19,9,2020,7,13,2,12,2,2,1,1,1,4
270248,1,1,999,9,1,11,99,99,8,0,99,1,9,99,1,999,999,999,99,9,1,4,6,2,1,99,80,0,999,99,999,19,9,2020,7,20,2,8,2,3,1,2,1,9
270251,1,1,999,9,1,11,99,99,9,0,99,1,9,99,1,998,999,999,99,9,2,2,1,2,1,14,83,0,999,99,999,23,9,2020,4,5,2,9,1,1,1,2,1,9
270254,1,1,65,1,1,11,20,20,0,0,1,0,3,2,1,998,71,230,0,9,1,2,1,1,1,1,1,0,11,99,0,25,9,2020,6,14,2,12,1,1,1,1,1,0
270255,1,1,21,1,9,99,99,20,8,0,2,0,2,0,1,55,999,999,99,9,1,2,1,2,1,99,12,0,7,99,36,9,9,2020,4,2,2,53,1,1,4,2,1,4
270260,1,1,41,1,1,11,20,20,0,0,1,0,3,0,1,70,74,210,3,3,3,2,1,1,1,1,13,0,94,99,0,24,9,2020,5,17,2,52,19,1,4,1,1,4
270261,1,1,45,1,1,11,20,20,0,0,1,0,1,0,1,50,72,200,0,9,1,2,1,2,2,14,13,1,81,99,999,26,9,2020,7,19,2,34,1,1,4,2,2,4
270262,1,1,49,2,1,11,3,8,0,0,1,0,1,0,1,60,61,263,0,0,2,4,1,2,1,99,13,0,5,0,999,28,9,2020,2,4,2,46,3,2,12,3,1,4
270264,1,1,27,1,1,11,20,20,0,0,1,0,1,0,1,998,73,180,1,9,2,1,1,2,1,14,12,1,80,99,0,13,9,2020,1,20,2,34,1,1,4,3,1,4
270266,1,1,21,1,1,11,99,20,0,0,2,0,2,0,1,30,71,164,1,0,2,2,1,2,1,1,80,0,13,0,0,3,6,2020,4,21,2,8,3,2,1,3,1,0
270272,1,1,28,1,1,11,20,20,0,0,1,0,2,0,1,998,69,176,0,9,6,1,1,8,1,1,12,1,1,99,999,12,8,2020,4,14,2,25,5,1,4,1,1,4
270274,1,1,41,1,1,11,3,1,0,0,1,0,1,0,1,998,73,205,0,0,2,2,6,2,1,1,12,0,13,0,0,3,9,2020,5,17,2,42,1,1,4,1,1,4
270275,1,1,53,1,1,11,20,20,0,0,1,0,1,0,1,998,69,195,0,9,1,4,5,2,2,1,83,0,81,0,0,11,9,2020,6,19,2,9,3,2,1,2,2,2
270276,1,1,63,1,1,11,3,20,0,0,2,0,2,0,1,40,73,195,0,4,2,2,5,2,2,14,12,1,7,99,0,26,9,2020,7,16,2,12,1,1,1,1,2,2
270279,1,1,30,1,1,11,20,1,1,0,1,0,2,0,1,998,70,180,0,3,1,2,5,2,1,1,17,0,2,0,39,2,10,2020,6,18,2,12,2,2,1,1,10,3
270280,1,1,15,1,1,11,20,8,0,0,3,0,5,0,1,80,999,999,0,3,4,1,1,2,1,1,13,1,13,3,50,5,10,2020,2,1,2,1,1,1,4,3,1,4
270283,1,1,78,1,1,11,3,8,0,0,2,0,1,0,1,998,68,145,0,9,8,7,1,2,1,1,50,0,7,99,999,9,10,2020,6,17,2,12,3,2,1,1,1,3
270284,1,1,49,2,1,11,3,20,0,0,2,0,1,0,1,998,65,180,0,0,1,2,1,2,1,1,80,0,7,0,0,9,10,2020,6,20,2,8,1,1,1,2,1,0
270288,1,1,22,2,1,11,99,1,1,0,2,0,3,0,1,998,64,125,1,9,1,2,1,2,1,1,87,0,3,99,999,31,8,2020,2,16,2,42,1,1,4,1,1,0
270290,1,1,18,1,1,11,3,20,0,0,1,0,1,1,1,998,70,185,1,0,1,2,1,2,1,98,10,0,60,0,28,10,10,2020,7,15,2,12,8,1,1,1,1,0
270294,1,1,50,1,1,11,3,20,0,0,1,0,3,6,1,998,65,184,1,0,6,2,1,2,2,11,66,0,66,0,0,16,10,2020,6,8,2,12,2,3,1,1,4,0
270295,1,1,21,1,1,11,3,20,0,0,3,0,2,0,1,70,73,180,2,0,2,2,1,1,1,14,12,0,60,0,58,18,10,2020,1,8,2,1,1,1,3,1,1,2
270297,1,1,35,2,1,11,3,20,0,0,2,0,2,0,1,998,65,150,0,0,1,4,1,2,2,1,83,0,5,0,0,11,9,2020,6,21,2,9,3,2,1,3,2,0
270298,1,1,17,1,1,11,3,20,0,0,2,0,2,0,1,0,71,135,0,0,1,2,1,2,1,5,53,0,5,0,0,22,9,2020,3,17,2,12,3,2,1,1,1,0
270301,1,1,18,1,1,11,3,20,0,0,1,0,2,0,1,30,68,200,0,0,1,2,1,2,1,1,80,0,60,12,0,19,10,2020,2,18,2,8,2,2,1,3,1,0
270302,1,1,66,1,1,11,3,20,0,0,1,0,3,6,1,0,70,235,0,0,3,2,1,2,2,5,98,0,66,0,54,23,10,2020,6,6,2,12,7,1,1,2,4,0
270305,1,1,41,1,1,11,20,1,0,0,1,0,1,0,1,60,70,205,0,3,1,2,1,2,1,14,12,1,60,99,0,27,10,2020,3,0,2,43,1,1,5,3,1,4
270306,1,1,28,1,1,11,20,20,0,0,1,0,1,0,1,80,73,195,0,3,3,2,1,1,1,14,12,0,13,99,0,28,10,2020,4,5,2,1,1,1,3,3,1,4
270307,1,1,20,2,1,11,99,99,0,0,2,0,2,0,1,45,69,135,0,9,1,2,1,2,1,98,98,0,13,99,36,30,10,2020,6,13,2,12,1,1,1,1,1,4
270313,1,1,19,2,1,11,3,20,0,0,2,0,2,0,1,998,65,160,0,9,1,2,3,2,1,1,80,0,13,0,999,3,11,2020,3,16,2,8,2,2,1,5,1,0
270321,1,1,26,2,1,11,99,1,0,0,3,0,1,0,1,65,65,170,3,3,1,2,1,2,1,14,13,1,13,6,6,8,11,2020,1,16,2,42,1,1,4,1,1,1
270325,1,1,52,1,1,11,99,1,9,0,1,0,3,0,1,80,72,255,0,2,1,3,1,2,1,6,12,0,7,99,36,12,11,2020,5,10,2,59,1,1,4,1,10,4
270326,1,1,38,2,1,11,3,20,0,0,1,0,2,0,1,998,999,999,0,0,1,2,1,2,1,10,10,0,7,99,28,29,8,2020,7,8,2,12,3,2,1,1,1,0
270327,1,1,25,1,1,11,3,8,0,0,1,0,2,0,1,70,71,235,1,3,1,4,1,7,1,1,13,0,13,99,0,12,11,2020,5,19,2,40,1,1,4,3,10,4
270329,1,1,49,1,1,11,3,20,0,0,1,0,1,0,1,50,73,195,0,0,2,2,1,2,1,1,80,0,60,0,0,12,11,2020,5,22,2,8,3,3,1,2,1,0
270333,1,1,47,2,1,11,3,20,0,0,1,0,2,0,1,998,64,184,0,0,1,4,1,2,1,11,80,0,7,0,0,4,11,2020,4,9,2,8,3,2,1,1,1,0
270334,1,1,40,2,1,11,20,1,0,0,1,0,1,0,1,55,66,175,0,0,3,2,6,1,2,1,59,0,5,0,0,9,11,2020,2,2,2,12,1,1,1,3,2,4
270335,1,1,52,1,1,11,3,8,0,0,1,0,1,0,1,55,70,180,0,0,2,2,8,1,1,14,13,0,7,0,0,16,11,2020,2,18,2,31,1,1,5,2,1,4
270341,1,1,91,1,1,11,98,98,0,0,1,0,1,0,1,0,65,155,0,0,2,2,1,1,1,5,53,0,13,0,54,23,11,2020,2,17,2,12,1,1,1,6,1,3
270344,1,1,43,1,1,11,99,3,0,0,1,0,1,0,1,40,71,185,0,9,1,2,1,2,1,14,12,0,7,99,999,2,12,2020,4,17,2,1,1,1,4,2,1,4
270345,1,1,31,1,1,11,20,20,0,0,1,0,2,0,1,998,70,175,2,0,3,2,1,2,1,1,13,1,80,99,51,23,11,2020,2,21,2,25,1,1,3,3,1,4