ST_CASE,VEH_NO,PER_NO,AGE,SEX,PER_TYP,SEAT_POS,REST_USE,AIR_BAG,DRUGS,LOCATION,NUMOCCS,HIT_RUN,OWNER,V_CONFIG,HAZ_INV,TRAV_SP,DR_HGT,DR_WGT,PREV_SPD,SPEEDREL,VTRAFWAY,VNUM_LAN,VPROFILE,VPAVETYP,VSURCOND,P_CRASH1,P_CRASH2,DR_DRINK,VPICBODYCLASS,DRDISTRACT,DRIVERRF,DAY,MONTH,YEAR,DAY_WEEK,HOUR,RUR_URB,HARM_EV,RELJCT2,TYP_INT,REL_ROAD,LGT_COND,WEATHER,INJ_SEV
270349,1,1,74,1,1,11,3,20,0,0,1,0,1,0,1,998,71,190,0,0,1,1,1,2,1,10,80,0,60,0,0,8,12,2020,3,16,2,8,3,2,1,5,1,0
270350,1,1,33,1,1,11,20,1,0,0,1,0,1,0,1,50,72,170,2,3,1,2,1,2,1,99,13,0,60,99,999,11,12,2020,6,4,2,42,1,1,4,3,1,4
270351,1,1,30,1,1,11,99,99,0,0,3,1,2,0,1,100,70,185,0,3,1,5,1,2,1,1,11,1,13,99,0,13,12,2020,1,1,2,1,1,1,4,3,1,3
270352,1,1,19,1,1,11,99,8,9,0,2,0,2,0,1,100,62,125,0,3,1,2,5,2,1,14,12,1,13,99,39,13,12,2020,1,1,2,42,1,1,4,2,1,4
270354,1,1,57,1,1,11,3,99,0,0,4,0,1,0,1,55,69,192,0,4,2,3,1,2,4,1,6,0,60,0,87,13,12,2020,1,16,2,1,1,1,3,1,4,0
270355,1,1,25,2,1,11,3,20,0,0,1,0,2,0,1,998,62,150,0,0,3,3,1,2,3,1,50,0,7,0,84,13,12,2020,1,16,2,12,18,1,1,1,4,0
270359,1,1,31,2,1,11,99,20,0,0,3,0,2,0,1,998,64,140,0,0,1,2,1,2,1,11,53,0,7,0,0,17,12,2020,5,16,2,12,3,3,1,5,1,0
270360,1,1,49,2,1,11,3,8,0,0,1,0,2,0,1,40,68,150,0,9,6,1,5,8,1,14,12,0,13,99,0,17,12,2020,5,20,2,1,5,1,4,3,1,4
270362,1,1,64,2,1,11,20,20,0,0,1,0,1,0,1,45,60,160,0,9,1,2,1,2,4,1,13,0,7,99,87,19,12,2020,7,12,2,34,1,1,4,1,8,4
270363,1,1,27,1,1,11,20,8,0,0,1,0,1,0,1,998,71,220,1,9,1,2,3,2,1,1,51,1,7,99,999,19,12,2020,7,20,2,12,3,3,1,3,10,3
270365,1,1,28,1,1,11,3,8,0,0,2,0,2,0,1,45,71,235,0,3,1,2,1,2,1,14,12,1,3,99,58,22,12,2020,3,2,2,53,1,1,4,3,1,2
270369,1,1,44,1,1,11,99,8,1,0,2,0,2,0,1,60,66,160,0,3,1,2,1,2,3,99,12,1,5,99,999,29,12,2020,3,2,2,42,1,1,4,3,1,2
270370,1,1,35,2,1,11,20,20,0,0,2,0,2,0,1,998,60,140,0,3,2,2,1,2,1,14,80,0,2,0,0,29,12,2020,3,6,2,8,1,1,1,2,1,0
270371,1,1,19,2,1,11,3,20,0,0,1,0,1,0,1,50,61,128,0,3,1,2,1,2,1,1,66,0,2,0,0,9,11,2020,2,1,2,12,2,2,1,3,1,0
270374,1,1,16,1,1,11,3,20,0,0,2,0,2,0,1,998,74,160,0,9,1,2,1,2,1,1,80,0,13,0,0,17,11,2020,3,17,2,8,1,1,1,3,1,0
270377,1,1,16,1,1,11,99,8,1,0,3,1,5,0,1,998,999,999,0,3,1,2,1,2,1,1,13,0,13,0,36,7,12,2020,2,17,2,30,1,1,4,3,1,0
280001,1,1,24,1,1,11,99,8,0,0,1,0,2,0,1,998,999,999,99,9,6,2,1,8,1,1,11,0,1,99,0,1,1,2020,4,4,2,1,5,1,4,2,1,4
280003,1,1,47,1,1,11,3,20,0,0,1,0,1,0,1,998,71,170,0,0,1,2,1,8,2,1,80,0,60,0,0,3,1,2020,6,17,2,8,1,1,1,2,2,0
280004,1,1,999,9,1,11,99,99,9,0,99,1,9,99,1,998,999,999,99,9,5,5,1,8,1,1,80,0,999,99,999,4,1,2020,7,0,2,8,1,1,1,3,1,0
280005,1,1,37,1,1,11,99,20,9,0,1,1,1,0,1,998,999,999,99,9,1,2,1,8,1,1,12,0,60,99,0,4,1,2020,7,9,2,8,1,1,2,1,1,0
280007,1,1,51,2,1,11,3,20,0,0,1,0,1,0,1,998,66,200,0,9,1,2,1,8,1,14,82,0,2,99,0,5,1,2020,1,18,2,8,1,1,1,2,99,0
280010,1,1,56,1,1,11,20,9,0,0,2,0,2,0,1,998,72,330,0,0,1,2,6,8,1,14,12,0,13,0,0,6,1,2020,2,15,2,33,1,1,4,1,1,4
280011,1,1,46,1,1,11,3,20,0,0,1,0,1,0,1,998,72,210,0,9,5,3,1,8,1,1,80,0,60,0,0,7,1,2020,3,17,2,8,1,1,1,6,1,0
280013,1,1,54,1,1,11,3,20,0,0,1,0,1,0,1,0,70,200,1,0,5,5,1,8,1,5,62,0,7,0,0,10,1,2020,6,10,2,12,2,2,1,1,10,0
280021,1,1,18,1,1,11,3,9,1,0,1,0,2,0,1,998,70,200,0,9,1,2,1,8,2,1,67,0,60,99,0,17,1,2020,6,7,2,12,2,3,1,1,5,0
280023,1,1,60,1,1,11,3,9,0,0,1,0,1,0,1,998,999,999,0,0,1,4,1,8,1,11,15,0,60,0,38,18,1,2020,7,14,2,12,2,2,1,1,1,0
280025,1,1,50,1,1,11,98,98,8,0,1,0,1,0,1,998,64,155,1,9,1,2,8,8,98,1,19,1,13,96,999,19,1,2020,1,3,2,1,1,1,4,6,98,4
280032,1,1,54,1,1,11,3,20,0,0,1,0,1,0,1,998,69,205,0,0,2,2,1,8,1,1,80,0,7,0,0,26,1,2020,1,2,2,8,1,1,1,2,1,0
280036,1,1,24,1,1,11,20,9,0,0,1,0,2,0,1,100,66,160,1,3,2,2,1,8,1,1,10,1,7,99,36,31,1,2020,6,20,2,42,1,1,4,3,1,4
280042,1,1,25,1,1,11,99,9,0,0,1,0,2,0,1,998,999,999,0,9,1,2,1,8,99,1,12,0,13,99,0,3,2,2020,2,6,2,42,1,1,4,9,99,4
280047,1,1,27,1,1,11,3,20,0,0,1,0,0,0,1,998,74,170,1,9,5,5,1,8,1,1,80,0,60,99,999,5,2,2020,4,18,2,8,1,1,1,2,1,0
280048,1,1,51,1,1,11,20,8,0,0,1,0,2,0,1,998,72,211,0,4,1,2,5,8,2,14,12,1,60,99,0,5,2,2020,4,20,2,42,1,1,4,2,2,4
280050,1,1,999,9,1,11,99,99,9,0,99,1,9,99,1,998,999,999,99,9,1,2,1,8,2,1,80,0,999,99,999,6,2,2020,5,3,2,8,2,2,1,2,2,9
280051,1,1,29,1,1,11,3,20,0,0,1,0,1,1,1,998,66,135,0,0,2,2,5,8,2,1,17,0,11,0,39,6,2,2020,5,17,2,12,2,2,1,1,2,0
280056,1,1,61,1,1,11,3,9,0,0,1,0,1,0,1,998,73,250,0,0,1,2,1,8,6,1,62,0,13,0,0,10,2,2020,2,9,2,12,1,1,1,1,2,3
280057,1,1,28,1,1,11,3,8,0,0,1,0,1,0,1,998,72,245,0,0,2,3,1,8,1,1,66,0,60,0,0,11,2,2020,3,17,2,12,2,3,1,1,1,2
280061,1,1,32,1,1,11,3,8,0,0,1,0,1,0,1,998,72,250,2,9,1,2,1,8,1,1,13,1,3,99,0,14,2,2020,6,1,2,42,1,1,4,2,1,4
280064,1,1,21,1,1,11,20,20,0,0,1,0,2,0,1,998,67,150,1,0,1,2,5,8,1,1,80,0,3,99,0,14,2,2020,6,20,2,8,1,1,1,3,1,0
280067,1,1,42,1,1,11,3,20,0,0,1,0,1,0,1,998,73,185,0,0,1,4,1,8,2,1,80,0,60,0,0,18,2,2020,3,7,2,8,1,1,1,1,10,0
280070,1,1,24,1,1,11,3,20,0,0,1,0,2,0,1,998,61,110,3,0,1,4,5,8,1,1,80,0,13,0,0,19,2,2020,4,21,2,8,3,2,1,2,1,0
280072,1,1,31,1,1,11,20,9,0,0,1,0,2,0,1,998,72,145,0,0,2,2,1,8,1,1,87,0,95,99,0,20,2,2020,5,18,2,11,1,1,1,2,10,4
280074,1,1,53,2,1,11,3,20,0,0,2,0,2,0,1,998,65,185,0,0,3,3,1,8,1,1,80,0,13,0,0,22,2,2020,7,3,2,8,1,1,1,3,1,1
280087,1,1,34,2,1,11,3,20,0,0,1,0,1,0,1,998,63,165,0,9,6,2,6,8,2,16,10,0,13,0,0,5,3,2020,5,4,2,12,20,1,1,3,2,1
280091,1,1,56,2,1,11,1,20,0,0,4,0,2,0,1,998,999,999,0,0,5,5,1,8,1,1,80,1,13,0,0,7,3,2020,7,19,2,8,1,1,1,3,1,2
280092,1,1,41,1,1,11,3,20,0,0,1,0,1,0,1,998,999,999,0,0,3,4,1,8,1,1,80,0,13,0,0,8,3,2020,1,5,2,8,1,1,1,3,1,2
280096,1,1,36,2,1,11,20,9,0,0,1,0,3,0,1,998,63,195,1,9,3,2,1,8,1,1,66,0,13,99,16,11,3,2020,4,21,2,12,2,2,1,3,1,3
280100,1,1,28,2,1,11,20,3,0,0,1,0,1,0,1,998,67,156,1,0,3,2,1,8,1,1,12,0,13,0,0,13,3,2020,6,2,2,34,1,1,3,2,1,4
280101,1,1,60,1,1,11,3,9,0,0,1,0,1,0,1,998,70,185,0,0,1,2,5,8,1,1,91,0,13,99,38,14,3,2020,7,16,2,10,6,1,1,1,1,4
280103,1,1,27,2,1,11,3,20,0,0,1,0,1,0,1,998,68,110,0,9,3,2,6,8,1,1,12,0,60,99,0,18,3,2020,4,0,2,1,1,1,1,2,1,4
280105,1,1,25,1,1,11,20,20,0,0,1,0,1,0,1,998,72,197,1,0,2,2,1,8,1,1,66,0,80,0,0,18,3,2020,4,17,2,12,2,2,1,1,1,4
280106,1,1,67,2,1,11,3,8,0,0,1,0,2,0,1,998,60,125,0,0,1,2,1,8,1,1,62,0,7,0,0,19,3,2020,5,9,2,12,2,3,1,1,1,4
280110,1,1,56,1,1,11,20,9,0,0,2,0,2,0,1,998,999,999,0,3,2,3,1,8,1,1,62,0,13,99,39,22,3,2020,1,12,2,12,2,2,1,1,10,2
280112,1,1,37,2,1,11,20,2,0,0,2,0,1,0,1,998,67,230,0,9,1,2,3,8,1,1,91,0,7,99,999,22,3,2020,1,19,2,10,6,1,1,5,1,4
280126,1,1,27,2,1,11,20,8,0,0,4,0,1,0,1,998,68,350,0,3,1,2,1,8,1,1,13,0,7,12,39,3,4,2020,6,15,2,34,3,4,4,1,1,3
280127,1,1,47,2,1,11,3,20,0,0,1,0,2,0,1,998,62,130,0,9,1,2,1,8,1,1,80,0,13,0,0,3,4,2020,6,23,2,8,1,1,1,2,1,0
280128,1,1,32,1,1,11,3,20,0,0,1,0,2,0,1,998,70,160,0,0,4,2,1,8,1,1,80,0,13,0,0,4,4,2020,7,20,2,8,1,1,1,3,1,0
280129,1,1,38,2,1,11,20,8,0,0,1,0,1,0,1,998,999,999,99,3,1,2,1,8,2,14,13,1,13,12,0,5,4,2020,1,0,2,39,1,1,4,2,2,4
280134,1,1,65,1,1,11,3,9,0,0,1,0,1,0,1,998,68,186,0,0,3,2,1,8,1,1,13,0,60,99,0,6,4,2020,2,22,2,42,1,1,4,2,1,4
280135,1,1,23,1,1,11,3,8,0,0,2,0,1,0,1,998,999,999,0,0,1,4,1,8,1,1,12,0,13,0,0,7,4,2020,3,17,2,19,1,1,4,1,1,2
280136,1,1,29,1,1,11,20,20,0,0,2,0,1,0,1,998,71,180,0,3,3,2,1,8,1,14,13,0,3,0,0,8,4,2020,4,16,2,32,1,1,4,1,1,4
280137,1,1,67,2,1,11,3,8,0,0,1,0,1,0,1,998,67,125,0,0,1,4,5,8,1,14,62,0,7,0,0,8,4,2020,4,22,2,12,1,1,1,2,1,2
280142,1,1,999,9,1,11,99,99,9,0,99,1,9,99,1,998,999,999,99,9,2,4,1,8,1,99,82,0,999,99,999,13,4,2020,2,4,2,8,3,2,1,2,1,9
280145,1,1,17,1,1,11,99,9,0,0,2,0,2,0,1,998,68,170,0,9,2,2,1,8,1,1,13,0,13,99,999,15,4,2020,4,12,2,42,1,1,4,1,1,4
280148,1,1,27,2,1,11,20,8,0,0,2,0,2,0,1,998,72,183,0,0,1,2,1,8,1,14,12,0,13,99,0,19,4,2020,1,2,2,42,1,1,4,3,1,4
280149,1,1,75,1,1,11,3,20,0,0,2,0,1,0,1,998,72,170,2,9,5,5,1,8,1,15,80,0,7,0,0,20,4,2020,2,10,2,8,1,1,1,1,1,0
280151,1,1,10,1,1,11,20,20,0,0,2,0,0,0,1,998,999,999,0,9,1,2,1,8,1,1,17,0,105,99,39,12,4,2020,1,19,2,12,2,2,1,1,1,4
280152,1,1,16,2,1,11,20,9,0,0,3,0,2,0,1,998,999,999,0,9,1,2,6,8,1,1,13,0,13,99,58,20,4,2020,2,14,2,42,1,1,4,1,1,3
280160,1,1,44,1,1,11,20,20,0,0,1,0,1,0,1,998,76,215,0,0,1,2,1,8,1,1,62,0,94,0,0,25,4,2020,7,18,2,12,8,1,1,1,10,4
280162,1,1,34,1,1,11,3,20,0,0,1,0,2,1,1,998,70,165,0,0,1,2,1,8,1,1,17,0,11,0,38,28,4,2020,3,20,2,12,2,2,1,2,1,0
280166,1,1,29,1,1,11,3,20,0,0,1,0,3,6,1,998,73,210,1,0,2,2,1,8,98,11,15,0,66,0,0,30,4,2020,5,17,2,12,2,2,1,1,1,0
280167,1,1,31,1,1,11,3,20,0,0,1,0,1,0,1,998,72,180,1,9,1,2,1,8,1,6,12,0,13,99,34,30,4,2020,5,20,2,42,1,1,4,2,1,4
280169,1,1,42,2,1,11,3,20,0,0,2,0,1,0,1,998,68,226,0,0,3,4,1,8,1,1,80,0,5,0,0,25,4,2020,7,23,2,8,1,1,1,3,1,0
280171,1,1,20,1,1,11,20,9,1,0,3,0,2,0,1,998,999,999,0,0,1,2,1,8,1,1,14,1,7,0,39,3,5,2020,1,2,2,42,3,3,4,2,1,3
280175,1,1,29,1,1,11,3,8,0,0,4,0,1,0,1,998,73,205,0,3,3,4,6,8,1,1,12,1,3,99,36,2,5,2020,7,4,2,25,1,1,3,3,1,3
280178,1,1,27,1,1,11,99,99,9,0,99,1,1,0,1,998,67,153,0,9,1,2,1,8,1,1,83,0,13,99,999,2,5,2020,7,21,2,9,1,1,1,2,1,0
280181,1,1,26,1,1,11,20,20,1,0,1,0,2,0,1,998,999,999,0,0,1,2,1,8,1,1,83,0,13,0,0,2,5,2020,7,22,2,9,1,1,1,2,1,2
280189,1,1,38,1,1,11,20,99,0,0,2,0,2,0,1,998,71,195,0,3,1,2,1,8,1,14,13,0,7,99,36,6,5,2020,4,23,2,30,1,1,4,3,1,4
280199,1,1,48,1,1,11,20,9,0,0,2,0,2,0,1,998,67,140,0,3,1,2,1,8,1,1,13,1,13,0,58,16,5,2020,7,17,2,1,1,1,4,1,1,4
280201,1,1,22,1,1,11,20,20,0,0,1,0,1,0,1,998,73,175,1,3,3,2,1,8,1,1,51,0,80,0,36,18,5,2020,2,17,2,12,1,1,1,1,1,4
280203,1,1,35,1,1,11,3,20,0,0,1,0,1,0,1,998,73,270,0,0,1,2,5,8,1,11,15,0,13,0,0,20,5,2020,4,19,2,12,2,3,1,5,1,1
280204,1,1,25,1,1,11,3,9,0,0,4,0,1,0,1,998,77,370,1,0,1,4,1,8,1,11,15,0,60,0,0,20,5,2020,4,23,2,12,2,2,1,3,1,3
280206,1,1,37,1,1,11,20,8,0,0,1,0,1,0,1,998,999,999,0,0,3,2,1,8,1,1,12,0,13,0,58,22,5,2020,6,2,2,33,1,1,3,3,1,4
280208,1,1,68,1,1,11,3,20,0,0,3,0,1,0,1,998,67,185,0,0,2,4,1,8,1,11,15,0,7,99,999,23,5,2020,7,9,2,12,2,2,1,1,10,3
280210,1,1,36,2,1,11,99,20,0,0,1,0,1,0,1,998,63,125,0,9,1,2,1,8,1,1,82,0,3,99,999,25,5,2020,2,14,2,8,1,1,99,1,1,0
280219,1,1,20,2,1,11,3,20,0,0,2,0,1,0,1,998,63,150,0,0,2,6,1,8,1,1,80,0,7,0,0,31,5,2020,1,1,2,8,1,1,1,2,1,0
280223,1,1,21,1,1,11,99,20,0,0,2,0,1,0,1,998,64,126,0,9,5,4,1,8,1,1,10,0,13,99,39,2,6,2020,3,19,2,12,3,2,1,5,1,2
280226,1,1,27,1,1,11,20,99,1,0,1,0,1,0,1,998,69,195,0,4,1,2,1,8,1,14,13,1,60,99,36,5,6,2020,6,19,2,32,1,1,4,1,1,4
280230,1,1,999,9,1,11,99,99,9,0,99,1,9,99,1,998,999,999,99,9,1,2,1,8,2,99,83,0,999,99,999,7,6,2020,1,19,2,9,1,1,1,5,2,0
280231,1,1,17,1,1,11,3,8,0,0,3,0,2,0,1,998,999,999,0,9,1,2,1,8,1,1,12,0,3,99,0,8,6,2020,2,0,2,42,1,1,4,2,1,4
280233,1,1,999,9,1,11,99,99,9,0,99,1,9,99,1,998,999,999,99,9,1,2,1,8,1,14,83,0,999,99,999,8,6,2020,2,21,2,9,1,1,1,1,1,0
280235,1,1,58,2,1,11,3,8,0,0,1,0,1,0,1,0,65,189,0,0,5,6,1,8,1,5,53,0,13,0,0,10,6,2020,4,4,2,12,2,2,1,3,10,4
280236,1,1,44,1,1,11,3,99,0,0,2,0,1,0,1,998,73,250,0,9,3,2,1,8,1,1,13,1,13,99,0,11,6,2020,5,1,2,42,1,1,4,3,1,4
280238,1,1,47,1,1,11,3,20,0,0,1,0,3,0,1,998,66,200,1,0,2,2,1,8,1,1,80,0,13,0,0,12,6,2020,6,5,2,8,1,1,1,2,1,0
280241,1,1,41,1,1,11,20,99,1,0,1,0,1,0,1,998,999,999,0,3,1,2,1,8,1,14,13,0,3,99,36,13,6,2020,7,13,2,33,1,1,4,1,1,4
280242,1,1,22,1,1,11,99,20,1,0,1,0,2,0,1,998,66,155,0,9,3,2,1,8,1,15,83,1,13,99,999,13,6,2020,7,22,2,9,1,1,1,3,1,2
280246,1,1,80,2,1,11,3,2,0,0,2,0,1,0,1,998,68,120,0,0,0,0,0,0,0,1,19,0,13,99,38,15,6,2020,2,8,2,12,8,1,1,1,1,4
280249,1,1,52,1,1,11,3,9,0,0,1,0,1,0,1,998,73,250,0,0,1,2,1,8,1,1,62,0,60,0,0,16,6,2020,3,16,2,12,1,1,1,1,1,2
280250,1,1,38,1,1,11,20,20,0,0,1,0,1,0,1,998,69,180,0,3,1,2,1,8,1,14,12,0,7,0,36,16,6,2020,3,19,2,34,1,1,4,1,1,4
280253,1,1,19,2,1,11,3,8,0,0,2,0,2,0,1,998,64,145,1,4,1,2,1,8,1,1,12,0,3,5,999,19,6,2020,6,3,2,34,3,3,4,2,1,4
280256,1,1,28,1,1,11,3,20,0,0,3,0,2,0,1,998,68,162,0,0,1,2,1,8,1,1,80,1,13,99,0,19,6,2020,6,21,2,8,1,1,1,2,1,0
280262,1,1,32,1,1,11,3,8,0,0,1,0,2,0,1,998,999,999,0,9,1,2,1,8,1,11,15,0,3,99,999,23,6,2020,3,21,2,12,2,3,1,3,1,1
280263,1,1,18,1,1,11,3,20,0,0,2,0,2,0,1,998,73,282,0,9,1,4,1,8,1,1,80,0,7,99,999,23,6,2020,3,21,2,8,1,1,1,3,1,0
280267,1,1,29,1,1,11,3,20,0,0,2,0,2,1,1,0,73,135,0,0,5,5,1,8,1,5,53,0,95,0,0,24,6,2020,4,18,2,12,2,2,1,1,10,0
280268,1,1,18,1,1,11,3,20,1,0,1,0,2,0,1,998,67,145,0,4,6,2,5,8,2,14,80,0,7,99,36,25,6,2020,5,22,2,8,5,1,1,2,2,0
280280,1,1,22,1,1,11,20,8,0,0,1,0,1,0,1,998,72,240,0,9,1,2,6,8,1,1,12,0,13,99,0,28,5,2020,5,0,2,34,1,1,4,2,1,4
280288,1,1,44,1,1,11,3,20,0,0,1,0,2,0,1,998,75,240,0,9,1,2,6,8,1,1,12,0,7,99,58,2,7,2020,5,6,2,34,1,1,4,4,1,4
280289,1,1,20,1,1,11,3,20,0,0,1,0,2,0,1,998,71,160,0,9,2,2,1,8,1,1,12,0,13,99,0,2,7,2020,5,17,2,34,1,1,3,1,1,4
280290,1,1,15,2,1,11,3,8,0,0,1,0,2,0,1,998,60,157,0,9,2,2,5,8,2,14,12,0,13,99,0,2,7,2020,5,23,2,34,1,1,4,3,1,4
280293,1,1,63,1,1,11,20,8,0,0,1,0,1,0,1,998,999,999,0,3,1,2,1,8,1,1,13,1,60,99,36,3,7,2020,6,19,2,53,1,1,4,1,1,4
280295,1,1,36,1,1,11,99,20,9,0,1,1,1,0,1,998,999,999,0,9,2,2,1,8,1,1,80,0,7,99,999,4,7,2020,7,23,2,8,1,1,1,6,1,0
280299,1,1,42,1,1,11,3,20,0,0,6,0,1,0,1,998,64,154,0,0,4,2,1,8,2,14,65,0,60,0,0,6,7,2020,2,21,2,12,3,6,1,3,10,0
280300,1,1,49,1,1,11,3,20,0,0,1,0,2,0,1,998,73,270,0,0,1,4,1,8,1,1,83,1,13,0,0,7,7,2020,3,21,2,9,1,1,1,2,1,0
280303,1,1,76,2,1,11,3,8,0,0,1,0,1,0,1,998,65,165,0,9,1,2,6,8,1,1,51,0,13,0,26,9,7,2020,5,11,2,12,1,1,1,1,1,2
280307,1,1,26,1,1,11,3,20,0,0,1,0,1,0,1,998,70,285,1,9,2,2,1,8,1,1,80,0,3,0,0,13,7,2020,2,5,2,8,1,1,1,2,1,0
280309,1,1,60,1,1,11,20,20,0,0,1,0,2,0,1,998,71,160,0,0,3,4,6,8,2,1,11,1,3,99,0,15,7,2020,4,18,2,12,1,1,1,5,2,4
280313,1,1,34,1,1,11,20,9,0,0,2,0,2,0,1,998,999,999,0,9,1,5,1,8,1,1,13,0,13,99,0,18,7,2020,7,7,2,30,3,3,4,1,1,4
280314,1,1,33,1,1,11,3,9,0,0,1,0,2,0,1,998,72,236,0,0,1,5,1,8,1,1,67,0,7,0,39,18,7,2020,7,12,2,12,2,2,1,1,1,1
280315,1,1,28,1,1,11,20,8,0,0,1,0,2,0,1,998,999,999,0,3,1,2,3,8,1,1,12,0,8,99,0,18,7,2020,7,17,2,42,1,1,4,1,1,4
280318,1,1,46,1,1,11,99,20,9,0,99,1,1,0,1,998,70,202,2,9,1,5,1,8,1,1,80,0,13,99,999,19,7,2020,1,2,2,8,1,1,1,2,1,0
280323,1,1,46,1,1,11,3,20,0,0,2,0,1,0,1,998,65,200,3,0,1,4,1,8,1,1,83,0,60,0,999,22,7,2020,4,12,2,9,1,1,1,1,10,0
280329,1,1,62,1,1,11,20,9,0,0,2,0,1,4,1,998,67,250,2,9,1,2,1,8,1,14,13,0,60,0,0,21,6,2020,1,14,2,34,1,1,4,1,1,4
280330,1,1,38,1,1,11,3,20,9,0,2,1,2,0,1,998,67,147,3,0,2,2,1,8,1,1,53,0,13,0,0,23,7,2020,5,22,2,12,1,1,1,2,1,0
280332,1,1,35,1,1,11,8,20,0,0,1,0,1,0,1,998,68,175,0,0,5,5,1,8,1,1,68,0,13,0,0,25,7,2020,7,18,2,12,8,1,1,1,1,1
280336,1,1,28,1,1,11,99,8,0,0,1,0,1,0,1,998,77,300,2,0,3,4,1,8,1,1,80,0,13,0,0,28,7,2020,3,21,2,8,1,1,1,2,1,0
280337,1,1,49,1,1,11,20,20,0,0,1,0,1,0,1,998,71,150,0,9,1,2,1,8,1,14,13,1,82,99,999,29,7,2020,4,18,2,34,1,1,4,1,1,4
280338,1,1,23,2,1,11,20,8,0,0,1,0,2,0,1,998,61,110,0,9,2,2,1,8,1,1,13,0,13,99,0,30,7,2020,5,4,2,33,1,1,4,4,1,4
280339,1,1,33,1,1,11,3,20,0,0,1,0,3,6,1,998,65,120,0,0,3,2,1,8,1,1,61,0,66,0,0,30,7,2020,5,16,2,12,1,1,1,1,1,0
280353,1,1,20,2,1,11,20,9,0,0,4,0,1,0,1,998,69,125,0,0,1,2,1,8,1,1,12,0,13,99,0,6,8,2020,5,14,2,42,1,1,4,1,1,0
280355,1,1,39,1,1,11,3,20,0,0,4,0,1,0,1,998,63,175,0,3,1,2,1,8,1,1,13,0,7,99,58,7,8,2020,6,5,2,1,1,1,4,2,1,0
280363,1,1,64,1,1,11,20,20,0,0,1,0,1,0,1,998,66,155,0,0,2,2,1,8,1,1,53,0,94,99,0,9,8,2020,1,9,2,12,1,1,1,1,1,4
280379,1,1,40,2,1,11,3,8,0,0,1,0,1,0,1,998,72,173,0,9,1,2,6,8,1,1,12,1,13,99,0,16,8,2020,1,6,2,33,1,1,4,3,1,4
280384,1,1,80,1,1,11,3,20,0,0,1,0,2,0,1,998,67,190,0,9,1,2,1,8,1,1,62,0,1,0,0,18,8,2020,3,20,2,12,2,3,1,2,1,4
280385,1,1,40,1,1,11,20,9,0,0,1,0,2,0,1,998,70,175,0,9,1,2,1,8,1,1,10,0,60,99,28,18,8,2020,3,22,2,12,1,1,1,3,1,4
280390,1,1,30,1,1,11,3,20,0,0,1,0,1,0,1,998,70,185,1,9,2,2,1,8,1,1,80,0,13,99,0,20,8,2020,5,20,2,8,1,1,1,3,1,0
280394,1,1,31,1,1,11,3,9,0,0,1,0,1,0,1,998,73,260,0,0,2,2,5,8,1,1,80,0,60,0,0,17,4,2020,6,20,2,8,1,1,1,2,1,0
280395,1,1,34,1,1,11,20,20,0,0,1,0,9,0,1,998,73,240,0,4,1,2,5,8,1,14,13,0,80,99,0,30,6,2020,3,16,2,30,1,1,4,1,1,4
280397,1,1,31,2,1,11,3,8,0,0,1,0,1,0,1,998,999,999,0,9,1,2,1,8,1,11,15,0,13,99,0,22,8,2020,7,19,2,12,2,3,1,3,1,0
280399,1,1,57,1,1,11,20,9,0,0,5,0,1,0,1,998,66,110,0,0,2,3,1,8,1,1,62,0,2,0,0,23,8,2020,1,14,2,12,2,3,1,1,1,2
280401,1,1,25,1,1,11,20,99,0,0,2,0,2,0,1,998,72,219,0,4,1,2,1,8,1,1,13,0,13,99,36,23,8,2020,1,16,2,42,1,1,4,1,1,4
280403,1,1,20,1,1,11,3,8,1,0,3,0,2,0,1,998,66,215,1,3,2,2,1,8,1,1,12,0,13,99,36,6,8,2020,5,20,2,32,7,1,3,2,1,2
280404,1,1,40,1,1,11,3,20,0,0,1,0,1,0,1,998,73,290,0,0,3,2,1,8,1,1,80,0,7,0,0,23,8,2020,1,2,2,8,1,1,1,2,1,0
280405,1,1,45,1,1,11,99,8,0,0,2,0,2,0,1,998,71,195,3,9,1,2,1,8,1,1,62,0,13,99,0,23,8,2020,1,18,2,12,1,1,1,1,1,4
280412,1,1,58,2,1,11,99,9,0,0,1,0,2,0,1,998,67,115,1,9,6,1,6,8,1,14,12,0,1,99,0,26,8,2020,4,18,2,25,5,1,4,5,10,4
280413,1,1,60,1,1,11,3,20,0,0,1,0,1,0,1,0,64,228,0,0,5,5,5,8,1,5,53,0,7,0,0,28,8,2020,6,1,2,12,2,2,1,2,1,1
280417,1,1,24,1,1,11,3,20,0,0,2,0,3,1,1,998,68,999,1,0,6,1,6,8,1,1,54,0,11,0,0,29,8,2020,7,1,2,12,5,1,1,3,1,0
280419,1,1,53,2,1,11,3,9,0,0,1,0,1,0,1,998,64,145,0,0,2,2,1,8,1,1,13,0,13,99,0,30,8,2020,1,3,2,42,1,1,4,3,1,4
280424,1,1,36,1,1,11,3,20,0,0,4,0,1,0,1,998,999,999,0,0,3,3,1,8,1,3,53,0,13,99,38,31,8,2020,2,14,2,12,1,1,1,1,1,1
280426,1,1,30,1,1,11,20,20,0,0,2,0,1,0,1,998,71,140,0,9,5,5,1,8,1,1,62,0,80,99,999,2,9,2020,4,18,2,12,2,2,1,1,1,4