ST_CASE,VEH_NO,PER_NO,AGE,SEX,PER_TYP,SEAT_POS,REST_USE,AIR_BAG,DRUGS,LOCATION,NUMOCCS,HIT_RUN,OWNER,V_CONFIG,HAZ_INV,TRAV_SP,DR_HGT,DR_WGT,PREV_SPD,SPEEDREL,VTRAFWAY,VNUM_LAN,VPROFILE,VPAVETYP,VSURCOND,P_CRASH1,P_CRASH2,DR_DRINK,VPICBODYCLASS,DRDISTRACT,DRIVERRF,DAY,MONTH,YEAR,DAY_WEEK,HOUR,RUR_URB,HARM_EV,RELJCT2,TYP_INT,REL_ROAD,LGT_COND,WEATHER,INJ_SEV
280427,1,1,28,1,1,11,3,20,0,0,1,0,1,0,1,998,67,200,1,0,1,5,1,8,1,15,80,0,60,0,0,2,9,2020,4,20,2,8,1,1,1,3,1,0
280430,1,1,64,1,1,11,20,9,0,0,1,0,2,0,1,998,73,200,0,0,1,2,6,8,1,1,12,0,60,99,0,4,9,2020,6,16,2,42,1,1,4,1,1,4
280432,1,1,29,1,1,11,3,20,0,0,1,0,1,0,1,998,999,999,0,0,1,2,1,8,1,17,10,0,13,0,34,7,9,2020,2,16,2,12,3,2,1,1,1,1
280441,1,1,67,1,1,11,3,20,0,0,1,0,1,0,1,998,999,999,0,0,3,2,1,8,1,1,61,0,60,0,0,8,9,2020,3,23,2,12,1,1,1,3,1,4
280444,1,1,29,1,1,11,20,8,0,0,1,0,4,0,1,998,999,999,0,3,1,2,1,8,1,1,10,0,13,99,58,10,9,2020,5,23,2,12,1,1,1,3,1,4
280446,1,1,28,1,1,11,3,9,0,0,1,0,1,0,1,998,75,265,0,9,1,4,5,8,1,1,10,0,60,99,999,11,9,2020,6,7,2,12,1,1,1,1,1,2
280454,1,1,60,1,1,11,3,20,0,0,1,0,4,0,1,998,73,180,0,0,1,2,1,8,1,14,10,0,5,0,0,13,9,2020,1,18,2,12,1,1,1,1,1,4
280455,1,1,23,1,1,11,20,99,0,0,1,0,2,0,1,998,66,150,1,3,2,2,1,8,1,1,51,0,13,99,999,14,9,2020,2,6,2,12,1,1,1,1,10,4
280463,1,1,58,2,1,11,20,20,0,0,1,0,1,0,1,998,999,999,0,9,1,2,6,8,1,14,13,0,7,99,0,18,9,2020,6,6,2,35,1,1,4,2,1,4
280464,1,1,30,1,1,11,3,20,0,0,1,0,1,0,1,998,68,185,0,0,1,2,1,8,2,1,13,1,119,0,0,19,9,2020,7,3,2,8,1,1,4,1,2,0
280466,1,1,27,1,1,11,99,9,0,0,2,0,1,0,1,998,999,999,0,9,1,2,1,8,1,14,13,0,7,99,999,11,6,2020,5,22,2,42,1,1,4,2,1,3
280470,1,1,23,1,1,11,3,20,0,0,2,0,9,0,1,998,999,999,0,9,5,5,1,8,1,1,53,0,13,99,999,19,9,2020,7,21,2,12,1,1,1,6,1,2
280471,1,1,58,1,1,11,20,8,0,0,1,0,1,0,1,998,999,999,99,9,1,2,1,8,1,1,10,0,7,99,28,19,9,2020,7,23,2,12,1,1,1,3,1,4
280478,1,1,58,1,1,11,3,20,0,0,1,0,3,0,1,998,71,125,0,0,1,4,1,8,2,1,80,0,60,0,0,24,9,2020,5,21,2,8,1,1,1,3,1,0
280479,1,1,21,2,1,11,3,20,0,0,1,0,2,0,1,998,66,150,0,0,1,2,6,8,1,1,62,0,3,0,0,25,9,2020,6,7,2,12,1,1,1,1,10,1
280480,1,1,40,1,1,11,20,9,0,0,1,0,2,0,1,998,67,130,0,9,1,2,1,8,1,14,13,0,13,99,0,25,9,2020,6,18,2,35,1,1,4,5,10,4
280484,1,1,30,1,1,11,3,20,0,0,1,0,2,0,1,998,999,999,0,9,2,2,1,8,1,1,51,0,60,99,999,28,9,2020,2,8,2,12,3,2,1,1,10,1
280487,1,1,33,1,1,11,3,20,0,0,1,0,2,0,1,998,71,240,0,0,1,2,3,8,1,1,83,0,7,0,38,29,9,2020,3,22,2,9,1,1,1,3,1,0
280491,1,1,56,1,1,11,3,20,0,0,1,0,1,0,1,998,68,190,0,0,3,2,1,8,1,1,80,0,60,0,0,30,9,2020,4,19,2,8,1,1,1,2,1,0
280493,1,1,34,2,1,11,20,8,0,0,1,0,2,0,1,998,63,145,0,9,2,3,1,8,1,1,13,0,7,99,58,30,9,2020,4,23,2,33,1,1,4,2,1,4
280496,1,1,18,1,1,11,3,9,0,0,1,0,2,0,1,998,68,140,0,9,3,3,1,8,1,1,54,1,7,99,50,3,10,2020,7,1,2,12,1,1,1,3,1,1
280497,1,1,48,1,1,11,20,20,0,0,1,0,1,0,1,998,73,210,0,9,5,3,1,8,1,1,63,0,81,99,0,4,10,2020,1,8,2,12,2,2,1,1,1,4
280502,1,1,21,1,1,11,3,20,0,0,2,0,2,0,1,998,64,135,0,0,5,5,1,8,1,1,80,0,13,0,0,6,10,2020,3,20,2,8,1,1,1,2,1,0
280504,1,1,47,2,1,11,99,99,0,0,2,0,1,0,1,998,61,180,1,9,2,2,1,8,1,14,12,0,7,99,58,7,10,2020,4,18,2,1,1,1,3,1,1,4
280507,1,1,62,1,1,11,3,20,0,0,1,0,3,6,1,998,72,999,0,0,3,4,6,8,1,1,80,0,66,0,0,8,10,2020,5,17,2,8,1,1,1,1,1,0
280509,1,1,49,2,1,11,3,20,0,0,3,0,1,0,1,998,61,118,2,0,3,2,1,8,1,1,1,0,60,0,0,9,10,2020,6,15,2,57,1,1,3,1,10,2
280510,1,1,67,2,1,11,3,9,0,0,2,0,1,0,1,998,999,999,0,0,5,5,1,8,1,1,62,0,13,0,0,10,10,2020,7,13,2,12,1,1,1,1,1,1
280512,1,1,26,1,1,11,20,8,0,0,1,0,1,0,1,998,69,230,0,4,2,4,1,8,2,1,62,0,13,0,39,10,10,2020,7,17,2,12,2,2,1,1,2,3
280513,1,1,59,2,1,11,3,9,0,0,2,0,1,0,1,998,63,110,0,0,2,4,1,8,1,11,15,0,13,0,38,10,10,2020,7,18,2,12,2,2,1,3,1,4
280514,1,1,36,1,1,11,20,20,0,0,2,0,2,0,1,998,999,999,0,0,2,3,1,8,1,1,12,0,94,0,0,10,10,2020,7,20,2,1,1,1,3,3,1,4
280517,1,1,35,1,1,11,20,8,0,0,1,0,3,0,1,998,72,195,0,9,4,2,1,8,1,1,50,0,13,99,999,14,10,2020,4,7,2,12,2,3,1,1,1,4
280518,1,1,39,2,1,11,20,8,0,0,1,0,3,0,1,998,67,238,0,3,1,2,6,8,1,1,13,0,13,99,0,14,10,2020,4,16,2,42,1,1,4,1,1,4
280520,1,1,55,1,1,11,20,20,0,0,1,0,1,0,1,998,71,170,0,9,1,2,1,8,1,1,13,0,82,99,0,16,10,2020,6,22,2,33,1,1,4,3,1,4
280522,1,1,29,1,1,11,20,20,0,0,1,0,2,0,1,998,999,999,0,9,1,3,1,8,1,1,67,0,94,99,0,17,10,2020,7,22,2,12,2,2,1,3,1,4
280523,1,1,23,2,1,11,3,20,0,0,2,0,2,0,1,998,62,110,0,0,1,6,1,8,1,1,80,0,60,0,0,18,10,2020,1,1,2,8,1,1,1,3,1,0
280526,1,1,64,2,1,11,20,9,0,0,1,0,1,0,1,998,66,240,0,0,1,2,1,8,1,1,12,0,60,0,0,20,10,2020,3,10,2,18,3,2,4,1,1,4
280528,1,1,36,1,1,11,3,20,0,0,1,0,2,0,1,998,69,240,0,0,5,5,1,8,1,1,80,0,1,0,0,21,10,2020,4,19,2,8,3,2,1,2,1,0
280538,1,1,999,9,1,11,99,98,9,0,99,1,9,99,1,998,999,999,99,9,3,4,1,8,1,99,80,0,999,99,999,2,10,2020,6,7,2,8,1,1,1,1,1,0
280539,1,1,67,1,1,11,3,8,0,0,1,0,3,0,1,998,70,211,0,9,1,2,1,8,1,1,10,0,13,99,28,5,10,2020,2,14,2,12,1,1,1,1,1,4
280544,1,1,48,1,1,11,3,9,0,0,1,0,2,0,1,998,66,220,0,0,1,2,6,8,1,14,62,0,3,0,0,22,9,2020,3,16,2,12,1,1,1,1,1,4
280545,1,1,18,1,1,11,2,20,0,0,2,0,2,0,1,998,999,999,0,0,1,4,3,8,1,1,50,0,5,99,0,24,6,2020,4,21,2,12,1,1,1,3,1,0
280548,1,1,58,1,1,11,3,20,0,0,1,0,2,6,1,998,68,290,1,0,2,2,1,8,1,1,80,0,66,0,0,16,10,2020,6,2,2,8,1,1,1,2,10,0
280549,1,1,30,1,1,11,3,8,1,0,1,0,3,0,1,998,70,145,0,3,3,2,1,8,1,1,13,0,60,99,36,19,10,2020,2,20,2,24,1,1,4,2,1,1
280554,1,1,20,1,1,11,3,8,0,0,1,0,1,0,1,998,68,212,0,9,1,4,1,8,1,11,15,0,60,99,38,29,10,2020,5,7,2,12,8,1,1,2,1,0
280556,1,1,50,1,1,11,20,20,0,0,1,0,1,0,1,998,68,140,0,0,1,2,1,8,1,1,90,0,80,0,0,30,10,2020,6,0,2,43,1,1,1,2,1,4
280558,1,1,41,1,1,11,3,20,0,0,1,0,1,0,1,998,72,290,1,9,1,2,1,8,1,1,80,0,7,99,0,30,10,2020,6,7,2,8,1,1,1,4,1,1
280561,1,1,37,1,1,11,3,8,0,0,2,0,3,0,1,998,999,999,0,9,3,2,1,8,1,1,13,0,7,0,0,1,11,2020,1,17,2,34,1,1,4,5,1,3
280563,1,1,27,1,1,11,99,99,9,0,99,1,1,0,1,998,71,163,0,9,1,2,1,8,1,1,80,0,60,99,0,1,11,2020,1,19,2,8,1,1,1,3,1,0
280564,1,1,30,1,1,11,20,2,1,0,3,0,2,0,1,998,999,999,0,9,1,2,1,8,1,1,13,1,13,99,999,2,11,2020,2,16,2,32,1,1,4,5,1,3
280565,1,1,53,1,1,11,20,20,0,0,2,0,1,0,1,998,69,255,1,0,2,2,1,8,1,1,1,0,81,0,0,1,11,2020,1,15,2,1,1,1,1,1,1,3
280566,1,1,32,1,1,11,3,9,0,0,1,0,1,0,1,998,999,999,0,0,6,1,1,8,1,1,17,0,60,99,999,2,11,2020,2,20,2,12,2,3,1,3,1,1
280568,1,1,35,2,1,11,3,20,0,0,1,0,2,0,1,998,999,999,0,9,1,2,1,8,1,1,13,0,13,99,0,5,11,2020,5,11,2,8,1,1,4,1,1,0
280571,1,1,22,1,1,11,3,9,0,0,1,0,1,0,1,998,999,999,0,0,1,3,1,8,1,11,15,0,13,0,0,8,11,2020,1,10,2,12,2,2,1,1,1,4
280578,1,1,67,2,1,11,20,8,0,0,1,0,1,0,1,998,65,155,0,0,1,2,1,8,1,1,17,0,7,99,39,17,11,2020,3,14,2,12,2,2,1,1,1,4
280580,1,1,23,1,1,11,20,20,0,0,1,0,1,0,1,998,71,200,1,9,2,3,1,8,1,1,66,0,80,99,999,18,11,2020,4,6,2,12,2,3,1,1,1,4
280587,1,1,28,2,1,11,3,20,0,0,1,0,1,0,1,998,66,206,0,9,2,2,1,8,1,1,80,0,13,99,0,21,11,2020,7,18,2,8,1,1,1,2,1,0
280588,1,1,32,1,1,11,99,20,0,0,1,0,2,0,1,998,72,250,0,9,1,2,1,8,1,1,80,0,60,99,999,3,11,2020,3,18,2,8,1,1,1,2,1,0
280589,1,1,16,2,1,11,3,20,0,0,1,0,2,0,1,998,68,140,0,0,5,3,1,8,1,1,80,0,7,0,0,6,11,2020,6,18,2,8,1,1,1,2,1,0
280590,1,1,24,1,1,11,3,8,1,0,1,0,1,0,1,998,72,215,1,0,2,3,1,8,1,1,12,1,13,0,0,7,11,2020,7,1,2,59,1,1,3,3,1,4
280595,1,1,48,2,1,11,3,20,0,0,1,0,3,0,1,998,62,135,0,9,2,2,1,8,1,1,80,0,13,99,0,21,11,2020,7,18,2,8,1,1,1,2,1,0
280600,1,1,53,2,1,11,3,20,0,0,1,0,1,0,1,998,61,140,0,0,2,2,1,8,1,1,13,0,7,0,0,24,11,2020,3,7,2,42,1,1,4,1,1,4
280601,1,1,50,2,1,11,3,20,0,0,1,0,1,0,1,998,64,200,0,0,1,2,1,8,1,1,80,0,13,0,0,24,11,2020,3,7,2,8,1,1,1,1,1,0
280602,1,1,30,1,1,11,20,20,0,0,1,0,1,0,1,998,75,210,1,0,4,3,1,8,1,1,53,1,82,99,0,24,11,2020,3,19,2,12,1,1,1,3,1,4
280604,1,1,41,1,1,11,3,8,0,0,1,0,1,0,1,998,74,190,0,0,1,4,1,8,1,11,15,0,7,99,999,1,12,2020,3,11,2,12,2,3,1,1,1,2
280606,1,1,34,2,1,11,3,20,0,0,3,0,1,0,1,998,64,140,0,0,3,4,1,8,1,1,80,0,7,0,0,2,12,2020,4,16,2,8,1,1,1,1,1,0
280608,1,1,38,2,1,11,3,20,0,0,2,0,2,0,1,998,62,140,0,4,1,2,1,8,1,1,80,1,13,0,51,25,11,2020,4,22,2,8,1,1,1,3,1,3
280611,1,1,18,1,1,11,20,9,0,0,1,0,2,0,1,998,999,999,99,9,1,2,1,8,1,99,99,0,13,99,999,5,12,2020,7,23,2,12,1,1,1,6,1,3
280612,1,1,62,2,1,11,3,20,0,0,2,0,1,0,1,998,65,200,0,0,2,2,1,8,2,1,80,0,9,0,0,27,11,2020,6,3,2,8,1,1,1,2,5,0
280616,1,1,47,2,1,11,3,8,0,0,2,0,2,0,1,998,70,148,0,0,1,2,1,8,1,11,15,0,13,99,38,7,12,2020,2,8,2,12,7,1,1,1,1,2
280617,1,1,43,1,1,11,3,20,1,0,1,0,1,0,1,998,999,999,0,9,1,2,1,8,1,1,80,1,60,99,0,7,12,2020,2,11,2,8,1,1,1,1,1,3
280624,1,1,37,1,1,11,3,20,0,0,2,0,1,0,1,998,72,350,0,0,2,3,1,8,1,1,80,0,13,0,0,13,12,2020,1,23,2,8,1,1,1,3,10,0
280625,1,1,67,2,1,11,3,20,0,0,2,0,2,0,1,998,63,110,0,0,2,2,1,8,1,1,13,0,7,0,0,14,12,2020,2,10,2,21,1,1,4,1,10,4
280627,1,1,50,1,1,11,3,9,0,0,1,0,1,0,1,998,69,211,0,0,1,2,1,8,1,1,10,0,60,0,51,15,12,2020,3,14,2,12,1,1,1,1,10,4
280628,1,1,20,1,1,11,3,20,0,0,1,0,1,0,1,998,74,130,1,0,3,2,1,8,2,1,83,0,13,0,0,16,12,2020,4,6,2,9,1,1,1,2,2,0
280636,1,1,65,2,1,11,3,8,0,0,2,0,1,0,1,998,67,175,0,0,1,4,1,8,1,1,17,0,13,0,38,30,11,2020,2,15,2,12,2,2,1,1,1,4
280638,1,1,44,1,1,11,99,9,0,0,4,0,2,0,1,998,68,190,0,0,1,4,1,8,1,1,17,0,7,0,0,4,11,2020,4,15,2,12,2,2,1,1,1,2
280640,1,1,999,9,1,11,99,20,9,0,99,1,9,99,1,998,999,999,99,9,5,5,1,8,1,1,80,0,999,99,999,28,10,2020,4,6,2,8,1,1,1,4,1,0
280641,1,1,16,1,1,11,98,20,0,0,2,0,9,0,1,998,999,999,0,4,5,5,1,8,1,1,5,0,7,0,58,26,7,2020,1,0,2,5,1,1,1,3,1,0
280644,1,1,30,1,1,11,3,20,0,0,1,0,3,6,1,998,999,999,0,0,3,2,1,8,2,1,52,0,66,0,26,19,12,2020,7,10,2,12,1,1,1,1,2,0
280647,1,1,47,1,1,11,20,9,0,0,1,0,2,0,1,998,999,999,0,9,1,2,1,8,1,1,10,1,13,99,28,23,12,2020,4,19,2,12,1,1,1,2,1,4
280648,1,1,45,1,1,11,3,20,0,0,1,0,1,0,1,998,69,225,0,0,1,6,1,8,1,1,80,0,7,0,0,24,12,2020,5,23,2,8,1,1,1,3,1,0
280650,1,1,21,1,1,11,99,8,0,0,3,0,2,0,1,998,999,999,0,9,1,2,1,8,1,1,90,0,13,99,39,26,12,2020,7,18,2,10,6,1,1,2,1,4
280656,1,1,38,1,1,11,20,20,0,0,2,0,2,0,1,998,999,999,0,0,1,6,1,8,1,1,66,1,7,99,0,30,12,2020,4,23,2,12,2,2,1,3,1,0
280669,1,1,37,2,1,11,3,20,0,0,2,0,1,0,1,998,999,999,0,9,1,2,1,8,1,1,98,0,13,99,0,1,2,2020,7,18,2,5,1,1,1,3,1,0
280671,1,1,69,2,1,11,98,20,8,0,2,0,1,0,1,998,999,999,99,0,2,3,1,8,98,1,98,0,13,12,0,13,7,2020,2,9,2,5,1,1,1,1,98,0
280674,1,1,45,1,1,11,20,8,0,0,1,0,2,0,1,998,999,999,0,3,1,3,1,2,1,1,12,0,13,0,0,1,8,2020,7,19,2,30,3,2,4,1,1,4
280680,1,1,998,8,1,11,98,98,8,0,99,1,9,99,1,998,999,999,99,0,1,2,8,8,98,99,99,0,998,96,0,13,9,2020,1,4,2,8,1,1,1,8,98,0
280689,1,1,24,1,1,11,3,9,0,0,1,0,9,99,1,998,68,153,2,9,5,5,1,8,1,1,72,0,999,99,0,28,12,2020,2,11,2,12,8,1,1,1,1,4
280690,1,1,34,2,1,11,3,20,0,0,1,0,1,0,1,998,64,294,0,0,1,2,1,8,1,11,15,0,7,99,0,5,11,2020,5,17,2,12,8,1,1,5,1,0
280696,1,1,39,2,1,11,20,20,0,0,1,0,1,0,1,998,63,230,0,0,1,2,1,2,1,1,13,0,7,0,58,29,11,2020,1,3,2,34,1,1,4,2,10,4
290001,1,1,26,2,1,11,20,1,8,0,1,0,1,0,1,998,69,140,99,5,1,4,1,2,1,1,9,1,7,96,999,1,1,2020,4,3,2,14,1,1,7,3,1,4
290002,1,1,32,1,1,11,3,2,8,0,1,0,1,0,1,998,70,135,0,0,1,2,8,8,1,11,66,0,7,96,0,2,1,2020,5,17,2,12,2,3,1,3,1,3
290003,1,1,50,1,1,11,3,8,8,0,1,0,1,0,1,998,68,200,0,3,1,2,1,2,1,1,10,0,60,96,28,2,1,2020,5,17,2,12,1,1,1,3,1,4
290004,1,1,41,1,1,11,20,20,1,0,1,0,1,0,1,998,69,190,0,3,3,2,1,8,1,14,12,0,13,96,58,3,1,2020,6,13,2,1,1,1,4,1,10,4
290006,1,1,40,1,1,11,3,20,0,0,1,0,1,0,1,998,73,240,0,0,3,3,1,2,1,1,80,0,60,96,0,4,1,2020,7,15,2,8,1,1,1,1,1,0
290007,1,1,48,2,1,11,99,20,8,0,99,1,2,0,1,41,67,120,0,4,1,2,6,2,1,1,13,0,13,96,0,5,1,2020,1,3,2,30,1,1,4,3,1,9
290012,1,1,78,1,1,11,3,8,8,0,1,0,1,0,1,998,67,150,0,0,1,4,5,2,1,1,13,0,7,96,0,7,1,2020,3,15,2,14,1,1,4,1,1,4
290015,1,1,63,2,1,11,3,20,8,0,1,0,2,0,1,40,70,185,0,3,1,8,1,1,1,1,80,0,7,17,38,9,1,2020,5,6,2,8,1,1,1,1,1,0
290018,1,1,29,1,1,11,20,1,8,0,1,0,1,0,1,998,66,100,0,4,3,2,5,2,3,1,12,1,7,96,0,11,1,2020,7,21,2,39,1,1,4,2,4,4
290028,1,1,24,1,1,11,20,1,1,0,3,0,2,0,1,70,71,165,0,3,6,1,1,2,2,14,6,1,5,96,0,18,1,2020,7,3,2,42,5,1,4,3,99,4
290030,1,1,35,1,1,11,3,8,8,0,4,0,2,0,1,68,66,180,0,3,2,3,1,2,1,3,80,0,13,96,24,19,1,2020,1,22,2,8,3,2,1,2,1,0
290033,1,1,39,1,1,11,3,20,8,0,1,0,3,6,1,998,68,150,0,0,3,2,1,2,2,1,17,0,66,96,39,20,1,2020,2,19,2,12,2,2,1,3,4,0
290034,1,1,35,2,1,11,3,20,8,0,1,0,1,0,1,998,68,210,0,0,1,2,1,2,1,1,80,0,7,96,0,21,1,2020,3,6,2,8,3,98,1,3,1,0
290035,1,1,65,2,1,11,3,8,8,0,1,0,1,0,1,998,67,150,0,3,1,3,1,1,1,15,50,0,13,96,27,21,1,2020,3,16,2,12,3,3,1,1,1,1
290036,1,1,58,2,1,11,3,20,8,0,1,0,1,0,1,998,63,194,0,0,5,5,5,2,1,1,80,0,13,96,0,21,1,2020,3,21,2,8,1,1,1,2,1,0
290037,1,1,81,1,1,11,3,20,8,0,1,0,3,0,1,998,71,180,0,0,5,3,1,2,2,1,10,0,60,96,0,22,1,2020,4,17,2,12,1,1,1,3,2,4
290039,1,1,54,1,1,11,20,1,8,0,1,0,1,0,1,998,66,180,0,3,5,4,5,2,1,1,12,1,13,96,0,26,1,2020,1,17,2,33,1,1,12,1,1,4
290040,1,1,20,1,1,11,20,1,8,0,2,0,2,0,1,998,71,190,2,3,1,4,1,2,2,1,6,1,3,96,0,28,1,2020,3,1,2,19,1,1,5,3,10,4
290045,1,1,999,9,1,11,99,99,8,0,99,1,9,0,1,998,999,999,99,0,1,4,1,2,1,1,80,0,999,0,0,1,2,2020,7,1,2,8,2,2,1,3,1,9
290046,1,1,36,1,1,11,99,99,8,0,1,0,1,0,1,61,75,223,0,3,6,2,5,2,2,14,54,1,13,0,50,1,2,2020,7,6,2,12,20,1,1,3,10,3
290047,1,1,34,1,1,11,20,20,8,0,1,0,1,0,1,31,70,230,0,0,1,4,1,2,1,14,62,0,94,96,0,1,2,2020,7,12,2,1,8,1,1,1,1,4
290048,1,1,29,1,1,11,20,20,8,0,3,0,2,0,1,66,999,999,0,3,1,2,5,2,1,1,6,1,13,96,58,1,2,2020,7,23,2,42,1,1,4,3,1,3
290052,1,1,59,1,1,11,3,1,8,0,3,0,3,0,1,998,69,190,0,0,5,5,1,8,1,11,15,1,2,96,38,2,2,2020,1,19,2,12,2,3,1,3,1,0
290056,1,1,42,2,1,11,99,1,8,0,1,0,2,0,1,998,64,200,0,0,2,8,1,2,1,1,13,0,7,96,0,4,2,2020,3,18,2,38,1,1,5,3,1,4
290057,1,1,27,1,1,11,99,1,1,0,1,1,5,0,1,45,71,165,0,3,1,2,1,2,2,1,17,0,7,96,39,4,2,2020,3,9,2,12,2,2,1,1,10,2
290059,1,1,26,1,1,11,3,1,8,0,1,0,1,0,1,998,72,200,0,4,3,2,1,2,98,1,52,0,13,96,0,5,2,2020,4,18,2,12,18,1,1,2,4,4
290060,1,1,65,1,1,11,20,20,8,0,1,0,2,0,1,999,70,200,0,0,1,3,1,2,1,1,62,0,60,96,0,6,2,2020,5,12,2,12,2,2,1,1,1,4
290061,1,1,23,1,1,11,20,20,8,0,1,0,2,0,1,75,66,125,0,3,1,2,5,2,1,2,6,0,7,96,37,6,2,2020,5,15,2,38,1,1,5,1,1,4
290065,1,1,50,1,1,11,99,20,8,0,1,0,1,0,1,76,70,176,0,3,2,4,6,2,1,1,51,1,13,96,0,26,1,2020,1,0,2,12,3,2,1,3,10,4
290067,1,1,22,2,1,11,20,99,8,0,1,0,1,0,1,84,64,118,0,3,3,2,1,2,1,14,3,1,7,96,0,8,2,2020,7,1,2,24,1,1,4,2,1,4
290069,1,1,18,1,1,11,20,20,8,0,2,0,2,0,1,85,69,217,0,4,1,4,1,2,1,14,6,0,3,96,0,9,2,2020,1,0,2,42,1,1,4,3,1,4
290070,1,1,39,1,1,11,3,1,8,0,3,0,2,0,1,998,69,160,0,3,5,5,1,2,1,1,62,1,13,96,39,9,2,2020,1,14,2,12,2,2,1,1,10,4
290071,1,1,22,2,1,11,3,20,8,0,1,0,1,0,1,998,64,130,0,0,5,5,1,2,2,1,80,0,3,96,0,9,2,2020,1,19,2,8,1,1,1,2,2,0
290074,1,1,40,2,1,11,3,20,8,0,1,0,2,0,1,998,67,142,0,0,1,6,1,2,1,14,80,0,7,96,0,11,2,2020,3,16,2,8,3,98,1,1,1,0
290075,1,1,999,9,1,11,99,99,8,0,99,1,9,99,1,998,999,999,99,9,3,3,6,2,1,14,80,0,999,96,0,12,2,2020,4,5,2,8,18,1,1,2,1,0
290078,1,1,24,1,1,11,99,8,8,0,4,0,3,0,1,998,72,155,0,3,1,2,1,1,1,14,12,0,13,96,0,14,2,2020,6,18,2,42,1,1,4,3,1,3
290079,1,1,29,1,1,11,20,1,1,0,1,0,3,0,1,69,69,180,1,0,3,3,1,1,1,1,8,0,60,9,28,14,2,2020,6,10,2,57,1,1,3,1,1,3
290081,1,1,41,1,1,11,3,8,8,0,1,0,3,0,1,998,74,180,0,4,5,5,1,2,1,14,67,0,13,96,0,22,2,2020,7,5,2,12,2,3,1,3,1,3
290082,1,1,21,1,1,11,3,8,8,0,2,0,2,0,1,80,63,160,0,0,2,2,1,2,1,1,98,0,13,0,0,22,2,2020,7,7,2,42,1,1,4,1,1,2
290083,1,1,26,1,1,11,3,8,8,0,1,0,1,0,1,998,69,150,0,3,2,6,6,2,1,1,61,0,60,96,0,22,2,2020,7,22,2,12,1,1,1,3,1,0
290084,1,1,47,1,1,11,20,8,8,0,2,0,1,0,1,998,71,175,0,0,5,8,1,2,1,1,12,0,3,96,0,23,2,2020,1,10,2,33,1,1,4,1,10,2
290085,1,1,49,1,1,11,99,20,8,0,1,0,1,6,1,998,71,205,1,0,1,2,1,2,2,11,15,0,66,96,38,24,2,2020,2,12,2,12,2,2,1,1,2,0
290091,1,1,37,1,1,11,20,1,8,0,1,0,2,0,1,998,68,150,0,3,1,2,1,2,1,15,54,1,8,96,34,26,2,2020,4,13,2,12,1,1,1,1,10,4
290094,1,1,41,1,1,11,20,20,8,0,1,0,3,0,1,998,70,220,0,0,2,4,6,2,1,1,50,0,81,96,0,27,2,2020,5,12,2,1,1,1,1,1,10,4
290095,1,1,22,1,1,11,20,20,8,0,2,0,2,0,1,52,71,230,1,3,1,2,6,2,1,1,4,0,1,96,37,27,2,2020,5,13,2,33,1,1,4,1,10,4
290097,1,1,69,1,1,11,3,20,8,0,1,0,1,0,1,998,68,150,0,0,2,3,5,2,1,1,80,0,60,96,0,28,2,2020,6,1,2,8,1,1,1,2,10,0
290098,1,1,42,1,1,11,20,8,8,0,2,0,1,0,1,124,77,185,0,4,2,2,6,1,1,1,12,1,13,96,0,29,2,2020,7,0,2,35,1,1,3,3,10,2
290099,1,1,46,1,1,11,3,8,8,0,3,0,1,0,1,90,68,200,0,0,1,8,1,2,1,1,67,1,3,96,39,29,2,2020,7,21,2,12,2,3,1,3,1,3
290105,1,1,32,1,1,11,20,1,8,0,1,0,1,0,1,96,67,165,0,4,2,2,1,2,1,1,50,1,7,96,38,19,2,2020,4,18,2,12,3,3,1,1,10,3
290107,1,1,85,2,1,11,3,1,8,0,1,0,1,0,1,69,62,152,0,0,2,2,1,1,1,1,50,0,7,17,6,19,2,2020,4,13,2,12,1,1,1,1,1,4
290108,1,1,29,1,1,11,20,8,8,0,1,0,2,0,1,998,67,142,0,3,2,8,1,2,1,6,12,1,7,96,0,20,2,2020,5,20,2,33,3,98,3,3,1,4
290109,1,1,28,2,1,11,3,20,8,0,2,0,1,0,1,60,62,130,0,0,3,6,1,8,1,1,80,0,7,96,0,21,2,2020,6,21,2,8,1,1,1,3,1,0
290111,1,1,26,1,1,11,20,20,8,0,1,0,5,0,1,79,70,185,1,4,5,5,6,2,1,1,17,1,60,96,39,1,3,2020,1,20,2,12,2,2,1,3,10,2
290113,1,1,31,2,1,11,20,1,1,0,1,0,4,0,1,998,62,106,0,0,3,2,1,2,1,1,12,0,13,96,0,1,3,2020,1,1,2,52,1,1,3,3,1,4
290114,1,1,70,1,1,11,20,1,8,0,1,0,1,0,1,998,74,214,0,9,1,8,1,2,2,1,12,1,13,96,999,1,3,2020,1,20,2,43,3,98,4,3,2,4
290118,1,1,52,1,1,11,3,20,8,0,1,0,2,0,1,999,69,150,0,0,1,3,1,2,1,1,17,0,13,96,39,4,3,2020,4,17,2,12,2,2,1,1,1,4
290119,1,1,62,2,1,11,3,20,8,0,1,0,1,0,1,998,59,110,0,0,5,5,1,2,1,1,80,0,13,96,0,4,3,2020,4,18,2,8,1,1,1,1,1,0