ST_CASE,VEH_NO,PER_NO,AGE,SEX,PER_TYP,SEAT_POS,REST_USE,AIR_BAG,DRUGS,LOCATION,NUMOCCS,HIT_RUN,OWNER,V_CONFIG,HAZ_INV,TRAV_SP,DR_HGT,DR_WGT,PREV_SPD,SPEEDREL,VTRAFWAY,VNUM_LAN,VPROFILE,VPAVETYP,VSURCOND,P_CRASH1,P_CRASH2,DR_DRINK,VPICBODYCLASS,DRDISTRACT,DRIVERRF,DAY,MONTH,YEAR,DAY_WEEK,HOUR,RUR_URB,HARM_EV,RELJCT2,TYP_INT,REL_ROAD,LGT_COND,WEATHER,INJ_SEV
290121,1,1,999,9,1,11,99,1,8,0,99,1,9,0,1,998,999,999,99,9,5,5,6,2,1,1,10,0,13,96,28,5,3,2020,5,15,2,12,3,98,1,1,1,9
290122,1,1,31,1,1,11,3,1,8,0,1,0,1,0,1,998,71,180,2,0,3,2,1,2,1,1,62,0,60,96,0,7,3,2020,7,17,2,12,2,3,1,2,10,2
290124,1,1,38,1,1,11,3,1,8,0,1,0,3,0,1,78,67,175,2,3,2,3,5,2,1,1,62,0,60,96,0,8,3,2020,1,21,2,12,2,2,1,3,10,2
290125,1,1,62,1,1,11,20,20,1,0,1,0,1,0,1,998,67,150,0,3,6,1,6,2,1,1,13,1,13,96,0,8,3,2020,1,9,2,59,5,1,4,1,1,4
290126,1,1,46,1,1,11,20,20,8,0,1,0,1,0,1,70,74,230,0,3,1,2,1,2,1,6,61,0,6,96,51,8,3,2020,1,9,2,12,2,3,1,1,1,4
290127,1,1,37,1,1,11,99,1,1,0,1,0,2,0,1,95,69,180,0,3,3,3,1,2,2,14,13,1,13,96,73,9,3,2020,2,10,2,58,1,1,4,1,2,4
290128,1,1,82,2,1,11,3,8,8,0,2,0,1,0,1,998,67,140,0,0,1,2,1,2,1,11,15,0,5,96,38,10,3,2020,3,12,2,12,2,3,1,1,1,4
290130,1,1,23,1,1,11,20,8,8,0,2,0,2,0,1,100,65,140,0,3,2,3,1,2,2,14,6,0,13,96,36,14,3,2020,7,16,2,12,18,1,1,2,2,2
290131,1,1,31,2,1,11,20,1,8,0,2,0,1,0,1,998,62,120,0,0,5,5,1,1,2,1,13,1,13,3,0,13,3,2020,6,21,2,33,1,1,4,3,2,4
290135,1,1,39,2,1,11,20,8,8,0,1,0,2,0,1,998,60,95,1,0,3,2,1,2,2,15,6,0,13,96,58,16,3,2020,2,13,2,25,19,1,3,1,10,4
290137,1,1,75,1,1,11,20,1,8,0,1,0,1,0,1,998,73,175,0,3,2,2,6,2,1,14,12,0,13,96,0,17,3,2020,3,13,2,42,1,1,3,1,1,4
290138,1,1,43,1,1,11,3,20,8,0,1,0,1,0,1,47,69,250,1,0,2,2,1,2,2,1,80,0,13,96,0,18,3,2020,4,7,2,8,1,1,1,2,2,0
290139,1,1,38,1,1,11,3,8,0,0,1,0,1,0,1,998,71,250,0,0,5,5,6,2,2,1,62,0,7,96,0,19,3,2020,5,14,2,12,1,1,1,1,2,2
290143,1,1,42,2,1,11,3,8,8,0,1,0,1,0,1,0,64,140,0,0,3,6,6,2,2,5,53,0,7,96,54,20,3,2020,6,5,2,12,1,1,1,3,10,4
290145,1,1,51,1,1,11,20,1,8,0,1,0,0,0,1,998,68,155,0,3,2,2,5,2,1,14,13,1,7,96,28,23,3,2020,2,11,2,12,1,1,1,1,1,4
290147,1,1,67,1,1,11,3,20,8,0,1,0,3,2,1,998,72,275,0,0,1,2,1,1,10,10,80,0,66,96,0,23,3,2020,2,7,2,8,3,2,1,1,10,0
290149,1,1,32,1,1,11,20,1,8,0,1,0,3,0,1,998,66,180,0,0,3,2,3,1,1,1,13,0,60,96,0,24,3,2020,3,7,2,14,1,1,4,1,10,4
290150,1,1,26,1,1,11,3,8,8,0,4,0,2,0,1,998,72,165,0,0,2,4,1,1,1,1,66,0,60,96,0,25,3,2020,4,15,2,12,2,2,1,1,1,1
290152,1,1,76,1,1,11,99,1,8,0,1,0,1,0,1,998,71,145,0,0,1,5,1,1,1,11,15,0,3,96,48,28,3,2020,7,17,2,12,2,2,1,1,10,4
290158,1,1,25,1,1,11,20,20,8,0,1,0,9,0,1,998,71,210,0,3,1,3,6,2,1,1,62,0,80,96,0,1,4,2020,4,13,2,12,2,2,1,1,1,4
290160,1,1,19,1,1,11,99,8,8,0,4,0,3,0,1,998,999,999,99,3,3,2,5,2,1,14,90,0,13,96,0,6,4,2020,2,17,2,24,1,1,4,1,1,4
290161,1,1,19,1,1,11,20,1,8,0,1,0,1,0,1,75,74,170,0,0,1,2,1,1,1,1,17,0,13,96,39,7,4,2020,3,21,2,12,2,2,1,3,1,2
290166,1,1,18,1,1,11,3,20,8,0,1,0,1,0,1,59,73,170,1,0,2,2,1,2,1,15,80,0,60,96,0,9,4,2020,5,20,2,8,1,1,1,3,1,0
290167,1,1,30,1,1,11,99,20,8,0,2,0,2,0,1,998,70,180,0,3,3,3,1,2,1,14,1,0,3,96,0,9,4,2020,5,22,2,38,1,1,4,3,1,4
290168,1,1,48,1,1,11,20,3,8,0,1,0,2,0,1,998,69,190,3,0,1,2,4,2,1,14,13,0,13,96,0,10,4,2020,6,10,2,24,1,1,4,1,1,4
290170,1,1,42,1,1,11,99,20,1,0,2,0,1,0,1,999,70,170,1,0,1,2,1,1,1,14,54,0,7,96,51,13,4,2020,2,21,2,12,1,1,1,2,1,3
290172,1,1,999,9,1,11,99,99,8,0,99,1,9,0,1,998,999,999,99,0,5,3,1,2,1,14,80,0,999,96,39,14,4,2020,3,23,2,8,3,98,1,3,1,9
290173,1,1,41,2,1,11,3,20,8,0,1,0,1,0,1,26,63,208,0,0,5,5,5,2,1,1,80,0,13,96,0,15,4,2020,4,16,2,8,2,2,1,1,1,0
290174,1,1,21,1,1,11,3,8,8,0,2,0,2,0,1,88,76,190,0,3,3,4,1,2,1,1,50,0,8,96,0,16,4,2020,5,22,2,12,1,1,1,3,10,1
290177,1,1,24,1,1,11,20,20,1,0,2,0,2,0,1,61,70,180,0,4,1,2,1,8,2,14,6,0,2,96,36,19,4,2020,1,17,2,33,1,1,4,1,10,3
290179,1,1,35,1,1,11,20,20,8,0,1,0,1,0,1,998,71,210,0,0,3,2,1,2,1,1,12,1,81,6,6,20,4,2020,2,23,2,57,19,1,3,2,1,4
290182,1,1,30,1,1,11,20,1,1,0,2,0,3,0,1,45,74,230,0,4,2,5,6,2,2,1,12,1,7,96,0,24,4,2020,6,7,2,46,3,2,12,1,2,4
290183,1,1,19,1,1,11,3,20,1,0,2,0,2,0,1,54,69,240,0,0,2,3,1,1,1,1,13,0,5,3,73,24,4,2020,6,1,2,59,1,1,4,3,10,1
290184,1,1,40,1,1,11,20,20,8,0,1,0,0,0,1,998,71,150,0,9,1,3,1,2,1,1,12,1,7,96,999,26,4,2020,1,0,2,1,1,1,4,3,1,4
290185,1,1,26,1,1,11,99,99,8,0,1,0,1,0,1,998,68,170,0,0,1,8,6,1,1,1,14,0,13,96,0,15,3,2020,1,4,2,33,1,1,4,3,10,4
290187,1,1,999,9,1,11,99,99,8,0,99,1,9,99,1,999,999,999,99,9,2,4,1,2,1,1,80,0,999,99,999,11,4,2020,7,21,2,8,2,2,1,3,10,9
290189,1,1,18,1,1,11,3,20,8,0,2,0,3,0,1,999,67,160,0,0,3,4,1,2,1,1,17,0,60,96,39,17,4,2020,6,14,2,12,2,2,1,1,10,0
290192,1,1,29,1,1,11,20,1,8,0,1,0,1,0,1,998,66,150,0,3,1,8,5,2,1,1,10,1,3,96,28,21,4,2020,3,21,2,12,1,1,1,2,1,4
290196,1,1,50,2,1,11,20,20,8,0,4,0,1,0,1,998,61,170,0,0,3,2,5,2,1,1,12,0,7,96,0,27,4,2020,2,4,2,57,1,1,3,1,1,4
290198,1,1,25,1,1,11,3,8,8,0,1,0,2,0,1,998,68,171,0,3,5,5,1,1,2,1,6,0,13,96,0,30,4,2020,5,0,2,42,1,1,4,3,10,4
290199,1,1,33,2,1,11,20,20,8,0,99,1,0,0,1,53,66,165,1,0,5,5,1,1,1,1,80,0,13,6,6,28,2,2020,6,3,2,8,1,1,1,2,1,2
290200,1,1,55,1,1,11,20,20,8,0,1,0,1,0,1,998,71,235,1,9,1,2,1,1,1,14,12,1,13,96,999,6,4,2020,2,5,2,14,1,1,4,3,1,4
290202,1,1,61,1,1,11,20,20,8,0,2,1,5,0,1,998,65,175,0,3,5,3,1,2,1,1,51,0,2,96,0,12,4,2020,1,1,2,12,1,1,1,3,10,4
290203,1,1,30,1,1,11,20,20,8,0,1,0,3,0,1,998,74,190,0,9,1,8,5,2,1,1,66,0,80,96,999,28,4,2020,3,17,2,1,2,2,1,1,1,4
290204,1,1,18,1,1,11,20,1,8,0,1,0,1,0,1,998,70,122,0,3,2,2,6,2,1,1,13,0,13,96,0,28,4,2020,3,22,2,30,1,1,4,3,10,4
290205,1,1,67,1,1,11,3,8,1,0,1,0,3,0,1,998,77,212,0,0,3,2,1,2,2,14,12,0,7,96,0,29,4,2020,4,10,2,24,1,1,3,1,2,4
290208,1,1,34,1,1,11,20,8,8,0,3,1,0,0,1,998,75,180,0,3,1,8,1,2,1,1,17,0,13,96,39,30,4,2020,5,15,2,12,2,2,1,1,1,0
290211,1,1,29,1,1,11,20,20,0,0,1,0,3,2,1,998,66,138,0,0,3,3,1,1,1,13,20,0,11,17,96,2,5,2020,7,21,2,8,19,1,2,3,1,0
290212,1,1,20,1,1,11,3,8,8,0,2,0,1,0,1,76,69,190,0,3,1,2,6,2,1,1,6,1,13,96,0,3,5,2020,1,1,2,12,1,1,1,3,1,4
290215,1,1,23,1,1,11,20,1,1,0,1,0,2,0,1,100,66,175,0,3,2,2,6,2,1,1,90,0,7,96,58,3,5,2020,1,13,2,35,1,1,4,1,10,4
290217,1,1,37,1,1,11,20,20,1,0,4,0,2,0,1,999,75,210,0,3,1,2,6,2,1,1,6,1,13,96,58,6,5,2020,4,1,2,59,1,1,4,3,1,3
290221,1,1,31,1,1,11,3,1,8,0,1,0,1,0,1,998,72,185,0,0,3,3,5,2,1,1,51,0,13,96,0,15,4,2020,4,5,2,12,1,1,1,2,1,3
290222,1,1,88,2,1,11,20,20,8,0,1,0,1,0,1,19,63,130,0,0,8,8,8,8,1,1,17,0,13,17,38,17,4,2020,6,15,2,12,2,2,1,1,1,4
290223,1,1,18,1,1,11,3,1,8,0,1,0,2,0,1,998,75,160,0,0,1,4,1,2,1,14,10,0,13,96,28,30,4,2020,5,6,2,12,1,1,1,1,1,2
290226,1,1,22,1,1,11,99,8,1,0,1,0,1,0,1,998,72,165,0,4,2,2,1,2,2,1,13,1,13,96,0,5,5,2020,3,2,2,46,3,2,4,3,2,4
290227,1,1,999,9,1,11,99,99,8,0,99,1,9,99,1,998,999,999,99,9,3,4,1,2,1,1,80,0,999,96,999,6,5,2020,4,20,2,8,1,1,1,2,1,9
290228,1,1,999,9,1,11,99,99,8,0,99,1,9,99,1,998,999,999,99,9,1,8,1,2,2,1,12,0,999,96,999,8,5,2020,6,1,2,8,1,1,4,3,2,9
290230,1,1,17,1,1,11,20,8,8,0,1,0,2,0,1,88,68,165,0,3,1,2,1,2,1,1,6,0,13,96,0,11,5,2020,2,17,2,30,1,1,4,1,10,4
290232,1,1,75,1,1,11,3,8,8,0,2,0,1,0,1,998,69,160,0,3,1,2,1,2,2,1,13,0,5,96,0,13,5,2020,4,10,2,24,1,1,4,1,10,3
290234,1,1,69,1,1,11,20,20,8,0,1,0,2,0,1,998,72,189,1,0,1,4,1,2,1,1,10,0,13,96,28,15,5,2020,6,7,2,12,1,1,1,1,10,4
290235,1,1,42,1,1,11,20,1,8,0,1,0,1,0,1,998,70,165,0,0,5,7,1,2,2,1,12,1,2,96,0,17,5,2020,1,0,2,43,1,1,3,3,2,4
290236,1,1,24,1,1,11,3,20,8,0,2,0,1,0,1,998,65,215,2,0,2,5,1,1,1,14,80,0,13,96,0,17,5,2020,1,22,2,8,3,2,1,3,10,2
290237,1,1,999,9,1,11,99,99,8,0,99,1,9,99,1,998,999,999,99,9,1,2,9,2,1,99,82,0,999,96,999,22,2,2020,7,21,2,8,1,1,4,6,99,9
290239,1,1,999,9,1,11,99,99,8,0,99,1,9,99,1,998,999,999,99,9,3,4,1,2,1,14,80,0,999,96,999,1,5,2020,6,0,2,8,1,1,1,3,1,9
290241,1,1,32,1,1,11,99,99,1,0,1,0,2,0,1,998,68,160,0,0,1,2,6,2,1,1,10,0,13,96,28,4,5,2020,2,7,2,12,1,1,1,1,1,4
290242,1,1,36,1,1,11,20,1,1,0,1,0,1,0,1,998,67,170,0,0,1,2,1,2,1,14,10,0,60,96,28,4,5,2020,2,15,2,12,1,1,1,1,10,4
290243,1,1,22,1,1,11,3,8,1,0,5,0,2,0,1,82,70,150,0,3,1,2,6,2,1,14,6,0,7,96,58,9,5,2020,7,17,2,12,1,1,1,1,1,4
290244,1,1,34,1,1,11,3,20,1,0,1,0,1,0,1,998,70,135,0,0,3,4,5,2,2,14,80,0,3,96,0,12,5,2020,3,23,2,8,1,1,1,2,2,0
290245,1,1,42,2,1,11,20,20,8,0,1,0,1,0,1,998,62,160,0,4,1,4,5,2,1,14,13,1,94,96,0,15,5,2020,6,22,2,59,1,1,4,2,10,4
290248,1,1,38,1,1,11,3,1,8,0,1,0,4,0,1,67,73,295,0,3,3,3,1,2,1,1,51,0,62,99,38,22,5,2020,6,8,2,12,1,1,1,1,10,4
290249,1,1,27,2,1,11,20,1,8,0,2,0,2,0,1,998,66,150,0,3,5,3,6,2,1,1,10,0,13,96,28,22,5,2020,6,4,2,12,1,1,1,3,1,3
290250,1,1,29,1,1,11,3,8,8,0,1,0,1,0,1,998,73,200,0,0,2,8,6,2,1,14,12,0,60,96,0,1,4,2020,4,11,2,19,1,1,5,1,1,4
290251,1,1,39,2,1,11,3,20,8,0,1,0,2,0,1,39,64,96,0,0,5,5,5,2,1,1,17,1,7,96,0,3,5,2020,1,22,2,8,2,3,1,3,1,0
290254,1,1,43,1,1,11,20,1,8,0,3,0,2,0,1,998,74,185,0,0,1,4,1,2,1,1,10,0,13,96,0,14,5,2020,5,13,2,12,1,1,1,1,10,4
290255,1,1,20,1,1,11,20,8,1,0,1,0,2,0,1,998,73,170,0,3,3,5,1,2,1,15,11,0,13,96,73,15,5,2020,6,12,2,12,1,1,1,1,1,4
290258,1,1,48,1,1,11,20,20,8,0,2,0,1,0,1,998,70,245,1,0,6,1,8,8,1,1,17,0,13,96,38,20,5,2020,4,10,2,12,2,2,1,1,10,2
290259,1,1,37,1,1,11,3,8,8,0,3,0,1,0,1,54,73,190,1,0,5,5,6,1,1,1,62,0,60,96,0,23,5,2020,7,15,2,12,1,1,1,1,1,2
290260,1,1,22,1,1,11,20,20,8,0,2,0,1,0,1,998,70,200,0,3,1,8,1,2,1,1,98,1,60,96,58,24,5,2020,1,17,2,7,1,1,1,1,10,0
290261,1,1,42,1,1,11,99,2,8,0,2,0,1,0,1,998,74,225,0,4,1,2,5,2,2,1,12,1,60,96,0,25,5,2020,2,22,2,30,1,1,4,3,2,3
290262,1,1,53,1,1,11,99,1,8,0,2,0,1,0,1,998,74,220,2,4,5,8,6,2,1,14,62,1,60,96,0,26,5,2020,3,22,2,12,8,1,1,3,10,1
290263,1,1,36,2,1,11,20,20,8,0,1,0,1,0,1,998,64,110,0,3,1,2,1,2,1,1,12,0,80,96,0,7,4,2020,3,18,2,30,1,1,4,1,1,4
290264,1,1,79,1,1,11,3,20,8,0,1,0,1,0,1,999,64,135,0,0,2,3,5,2,1,1,62,0,13,96,0,12,5,2020,3,14,2,33,1,1,4,1,10,0
290266,1,1,55,2,1,11,20,8,1,0,1,0,1,0,1,998,68,150,0,0,8,8,8,9,2,11,15,0,13,96,0,19,5,2020,3,20,2,12,2,3,1,2,2,4
290270,1,1,53,1,1,11,20,20,8,0,1,0,0,0,1,998,72,275,0,0,1,2,1,1,1,1,17,1,69,96,0,25,5,2020,2,0,2,1,2,2,1,3,1,4
290271,1,1,39,1,1,11,3,20,8,0,1,0,1,0,1,35,71,195,1,0,5,5,1,1,1,1,80,0,13,96,0,26,5,2020,3,21,2,8,1,1,1,3,1,0
290282,1,1,22,1,1,11,3,20,8,0,1,0,1,0,1,998,999,999,0,0,2,2,1,2,1,1,67,0,3,96,0,10,5,2020,1,12,2,12,2,3,1,1,1,1
290283,1,1,39,1,1,11,3,20,0,0,1,0,1,0,1,998,71,180,0,0,5,5,1,2,2,1,17,0,119,96,39,11,5,2020,2,16,2,12,2,2,1,1,2,1
290284,1,1,18,1,1,11,20,8,1,0,1,0,0,0,1,999,67,170,0,0,1,2,5,2,2,14,10,0,13,6,28,15,5,2020,6,6,2,12,1,1,1,1,2,4
290288,1,1,22,1,1,11,20,8,8,0,1,0,0,0,1,998,71,170,1,4,3,3,6,2,1,1,17,0,13,96,39,27,5,2020,4,14,2,12,2,2,1,1,1,3
290290,1,1,58,2,1,11,2,1,8,0,4,0,1,0,1,998,61,135,0,3,1,2,1,2,1,14,6,1,13,96,0,31,5,2020,1,2,2,42,1,1,4,2,10,4
290295,1,1,31,1,1,11,3,20,0,0,1,0,1,0,1,998,68,140,0,0,1,2,1,2,1,14,62,1,13,96,0,4,6,2020,5,22,2,12,1,1,1,3,1,0
290297,1,1,39,1,1,11,20,1,1,0,2,0,2,0,1,65,71,130,0,3,6,2,5,2,1,14,8,1,13,96,85,6,6,2020,7,10,2,25,5,1,4,1,1,4
290298,1,1,29,2,1,11,20,1,8,0,1,0,1,0,1,998,64,173,0,0,1,4,8,8,1,1,66,0,7,96,0,25,5,2020,2,12,2,12,2,2,1,1,10,3
290301,1,1,61,1,1,11,20,20,8,0,1,0,1,0,1,998,73,160,2,0,3,3,1,2,1,1,52,1,80,96,26,6,6,2020,7,13,2,12,1,1,1,1,1,4
290305,1,1,23,1,1,11,99,20,8,0,1,0,1,0,1,998,72,190,1,0,2,2,1,2,1,15,10,0,60,96,38,13,6,2020,7,13,2,12,1,1,1,1,1,4
290306,1,1,41,1,1,11,3,1,8,0,1,0,2,0,1,998,999,999,99,0,3,2,6,2,1,14,13,1,7,96,0,13,6,2020,7,3,2,58,1,1,4,2,1,4
290308,1,1,35,1,1,11,20,20,8,0,1,0,1,0,1,998,67,125,0,0,6,1,1,2,1,1,12,1,7,96,999,13,6,2020,7,2,2,59,5,1,8,3,1,4
290310,1,1,27,1,1,11,20,1,8,0,1,0,3,0,1,998,73,185,0,3,3,3,1,2,1,1,99,0,13,96,0,16,6,2020,3,3,2,12,1,1,1,3,1,4
290311,1,1,35,1,1,11,99,1,8,0,1,0,1,0,1,998,72,170,0,0,5,5,1,2,1,1,66,0,13,96,0,18,6,2020,5,17,2,12,2,4,1,1,1,3
290312,1,1,32,1,1,11,3,8,8,0,2,0,4,0,1,998,78,285,0,9,5,5,6,2,1,1,10,0,7,96,28,20,3,2020,6,1,2,12,1,1,1,3,10,1
290313,1,1,18,2,1,11,3,1,0,0,2,0,2,0,1,998,66,140,0,0,1,3,8,8,2,11,15,0,13,96,38,11,5,2020,2,17,2,12,2,2,1,1,2,0
290315,1,1,29,2,1,11,20,20,8,0,3,0,0,0,1,999,67,133,0,4,1,2,6,2,2,14,6,1,105,96,36,22,5,2020,6,20,2,1,1,1,4,2,10,0
290318,1,1,44,1,1,11,3,20,8,0,2,0,3,7,1,998,71,275,0,0,1,8,1,2,1,3,80,0,66,96,0,30,5,2020,7,2,2,8,1,1,1,3,1,0
290320,1,1,38,1,1,11,20,20,8,0,1,0,1,0,1,62,71,180,0,0,3,4,5,8,1,16,10,0,94,96,35,30,5,2020,7,11,2,12,17,1,1,1,1,4
290322,1,1,71,1,1,11,20,20,8,0,2,0,1,0,1,15,70,220,0,0,2,2,5,2,1,2,53,0,1,96,0,3,6,2020,4,12,2,12,7,1,1,1,1,3
290327,1,1,27,1,1,11,20,20,1,0,1,0,2,0,1,998,69,150,1,4,1,2,6,2,1,14,13,0,94,96,0,31,5,2020,1,21,2,24,1,1,4,2,1,4
290328,1,1,33,1,1,11,3,8,8,0,3,0,2,0,1,999,71,218,0,0,2,3,1,2,1,1,50,0,60,17,39,1,6,2020,2,19,2,12,2,2,1,1,1,0
290329,1,1,59,1,1,11,3,20,8,0,1,0,1,0,1,998,67,205,0,0,2,3,1,2,1,1,83,0,7,96,0,5,6,2020,6,12,2,9,3,7,1,1,1,0
290330,1,1,17,2,1,11,20,1,8,0,1,0,2,0,1,62,65,145,0,0,1,2,1,2,1,14,10,0,13,96,28,7,6,2020,1,18,2,12,1,1,1,1,1,4
290331,1,1,19,1,1,11,20,1,8,0,2,0,1,0,1,999,69,190,3,3,1,2,6,2,1,14,50,1,1,96,85,10,6,2020,4,13,2,18,1,1,4,1,10,4
290332,1,1,36,1,1,11,3,1,8,0,1,0,1,0,1,40,71,165,0,0,1,4,5,2,1,1,66,0,13,96,0,10,6,2020,4,20,2,12,2,2,1,1,1,0
290334,1,1,39,2,1,11,3,1,8,0,1,0,0,0,1,77,66,200,0,3,3,3,6,2,1,1,51,0,7,17,6,13,6,2020,7,16,2,12,1,1,1,1,1,2
290335,1,1,39,1,1,11,20,1,1,0,1,0,0,0,1,80,69,212,0,3,3,3,1,2,1,15,50,0,13,17,28,13,6,2020,7,6,2,12,1,1,1,1,1,4
290337,1,1,59,1,1,11,20,20,8,0,1,0,1,0,1,998,72,205,0,0,1,2,6,2,1,14,60,0,81,96,0,14,6,2020,1,13,2,12,1,1,1,1,1,4
290338,1,1,62,1,1,11,20,20,1,0,1,0,1,0,1,998,72,155,0,0,2,3,6,1,1,1,12,0,94,96,0,15,6,2020,2,5,2,33,1,1,4,2,1,4
290342,1,1,27,1,1,11,20,8,8,0,1,0,0,0,1,998,71,170,1,3,6,1,6,1,1,1,12,1,13,96,0,10,6,2020,4,22,2,33,3,2,4,3,1,4
290343,1,1,67,2,1,11,99,8,8,0,1,0,1,0,1,30,999,999,0,0,1,8,1,2,1,1,17,1,13,96,39,17,6,2020,4,13,2,12,2,2,1,1,1,2
290344,1,1,50,1,1,11,20,3,8,0,1,0,1,0,1,72,72,200,0,4,3,3,6,1,1,14,6,1,13,96,58,16,6,2020,3,3,2,33,19,1,8,3,1,4
290345,1,1,35,2,1,11,99,20,8,0,1,1,9,0,1,998,66,220,1,3,4,1,1,2,1,1,80,0,7,96,0,15,6,2020,2,19,2,8,1,1,1,1,1,9
290347,1,1,63,1,1,11,20,20,8,0,1,0,1,0,1,998,71,213,0,0,1,5,6,2,1,11,9,0,125,96,0,17,6,2020,4,15,2,43,3,2,4,1,1,4
290348,1,1,55,2,1,11,20,20,8,0,1,0,1,0,1,998,64,110,0,0,3,3,1,2,1,14,12,0,7,96,0,17,6,2020,4,17,2,57,1,1,3,1,1,4
290352,1,1,59,1,1,11,3,20,1,0,1,0,1,0,1,71,72,170,0,3,2,2,1,2,1,3,12,1,13,96,0,19,6,2020,6,19,2,33,1,1,3,1,1,4
290357,1,1,22,2,1,11,20,8,8,0,99,1,3,0,1,96,64,149,0,2,1,6,6,2,1,1,80,1,13,96,0,21,6,2020,1,2,2,8,3,2,1,3,1,9
290358,1,1,999,9,1,11,99,99,8,0,99,1,9,0,1,998,999,999,99,9,5,5,1,2,2,1,80,0,999,96,999,22,6,2020,2,20,2,8,1,1,1,2,10,9
290360,1,1,42,1,1,11,3,20,8,0,2,0,4,4,1,15,65,165,0,0,1,2,1,8,1,10,64,0,11,96,0,22,6,2020,2,16,2,12,8,1,2,1,10,0
290362,1,1,21,1,1,11,20,8,0,0,3,0,3,0,1,998,73,150,0,3,1,3,8,8,1,1,66,0,13,96,0,27,4,2020,2,21,2,12,2,2,1,3,1,0
290363,1,1,22,1,1,11,20,20,8,0,1,0,2,0,1,40,69,162,0,0,2,2,5,2,1,14,6,0,13,96,0,8,6,2020,2,16,2,21,1,1,3,1,10,4
290366,1,1,41,2,1,11,3,20,8,0,1,0,3,2,1,998,71,140,0,0,1,5,1,2,1,1,17,0,11,96,39,18,6,2020,5,9,2,12,2,2,1,1,1,1
290367,1,1,57,1,1,11,20,1,8,0,1,0,1,0,1,46,72,230,1,0,1,2,1,2,1,1,50,0,1,17,26,18,6,2020,5,14,2,12,8,1,1,1,10,4
290368,1,1,48,1,1,11,3,1,8,0,1,0,1,0,1,998,74,182,0,3,1,2,1,2,1,1,14,0,60,96,0,18,6,2020,5,10,2,42,3,3,4,1,1,4
290369,1,1,64,1,1,11,20,20,8,0,1,0,1,0,1,51,72,220,0,3,1,2,1,2,1,14,62,0,6,96,0,18,6,2020,5,11,2,12,2,4,1,1,1,4
290371,1,1,37,1,1,11,3,20,8,0,1,0,1,0,1,14,72,170,0,0,2,2,1,2,1,1,80,1,7,96,0,19,6,2020,6,17,2,8,1,1,1,1,10,0
290372,1,1,23,1,1,11,3,1,0,0,1,0,2,0,1,998,72,175,0,0,5,5,1,2,1,11,15,0,13,96,0,19,6,2020,6,15,2,12,2,3,1,1,10,2
290373,1,1,52,1,1,11,20,20,8,0,1,0,1,0,1,998,72,270,0,0,1,8,1,2,1,10,10,1,94,96,48,19,6,2020,6,23,2,12,3,98,1,3,1,4
290374,1,1,32,1,1,11,3,20,0,0,1,0,0,6,1,998,72,180,0,0,5,3,1,8,1,1,11,0,66,96,58,19,6,2020,6,12,2,12,1,1,1,1,10,0
290375,1,1,26,1,1,11,20,1,8,0,2,0,1,0,1,998,67,206,0,9,2,2,1,2,2,1,52,0,7,96,999,19,6,2020,6,18,2,12,1,1,1,1,10,4
290376,1,1,60,1,1,11,99,20,8,0,1,0,1,0,1,998,72,200,0,0,5,5,1,2,1,1,80,0,60,96,0,22,6,2020,2,14,2,8,3,3,1,1,1,0
290380,1,1,29,1,1,11,20,8,8,0,1,0,2,0,1,998,70,230,0,3,5,5,1,2,1,1,54,0,7,96,0,23,6,2020,3,16,2,12,1,1,1,1,1,2
290381,1,1,61,1,1,11,2,20,8,0,1,0,3,21,1,998,73,187,0,0,5,5,1,2,1,4,80,0,16,96,0,24,6,2020,4,22,2,8,1,1,1,3,1,0
290382,1,1,22,1,1,11,20,1,8,0,2,0,2,0,1,998,74,230,0,3,1,4,6,2,1,1,10,0,13,96,28,24,6,2020,4,19,2,12,1,1,1,1,1,3
290383,1,1,41,2,1,11,20,8,8,0,1,0,1,0,1,998,68,145,0,3,6,1,1,1,1,1,12,0,13,96,0,24,6,2020,4,18,2,33,5,1,4,1,1,4
290385,1,1,28,1,1,11,3,1,1,0,1,0,2,0,1,998,71,170,0,3,3,4,5,2,1,15,51,1,7,96,28,25,6,2020,5,3,2,12,18,1,1,3,1,4
290387,1,1,43,1,1,11,20,1,8,0,1,0,1,0,1,998,66,130,0,0,3,2,1,2,1,1,12,1,7,96,999,25,6,2020,5,2,2,26,1,1,3,3,1,4
290389,1,1,38,1,1,11,3,20,8,0,1,0,2,0,1,44,64,180,0,3,1,4,6,2,1,1,80,1,7,96,0,26,6,2020,6,20,2,8,1,1,1,1,1,0
290390,1,1,17,2,1,11,3,1,8,0,5,0,2,0,1,53,65,130,0,0,2,2,1,2,1,1,66,0,13,96,0,26,6,2020,6,11,2,12,2,2,1,1,10,0
290391,1,1,62,1,1,11,3,1,8,0,1,0,1,0,1,998,999,999,99,0,3,3,3,2,1,1,54,0,13,96,51,27,6,2020,7,4,2,12,1,1,1,3,1,4
290393,1,1,58,1,1,11,3,2,8,0,1,0,3,0,1,998,68,220,1,0,5,8,5,2,1,11,15,0,9,96,38,27,6,2020,7,0,2,12,2,3,1,2,10,0