ST_CASE,VEH_NO,PER_NO,AGE,SEX,PER_TYP,SEAT_POS,REST_USE,AIR_BAG,DRUGS,LOCATION,NUMOCCS,HIT_RUN,OWNER,V_CONFIG,HAZ_INV,TRAV_SP,DR_HGT,DR_WGT,PREV_SPD,SPEEDREL,VTRAFWAY,VNUM_LAN,VPROFILE,VPAVETYP,VSURCOND,P_CRASH1,P_CRASH2,DR_DRINK,VPICBODYCLASS,DRDISTRACT,DRIVERRF,DAY,MONTH,YEAR,DAY_WEEK,HOUR,RUR_URB,HARM_EV,RELJCT2,TYP_INT,REL_ROAD,LGT_COND,WEATHER,INJ_SEV
290723,1,1,33,1,1,11,3,1,8,0,2,0,1,0,1,998,69,170,1,0,6,4,6,2,1,1,17,0,13,96,0,11,10,2020,1,18,2,12,2,2,1,1,1,2
290725,1,1,18,1,1,11,3,8,8,0,2,0,2,0,1,85,74,250,0,3,1,2,6,2,1,1,6,0,60,96,0,12,10,2020,2,14,2,35,1,1,4,1,1,1
290727,1,1,25,1,1,11,3,1,8,0,4,0,2,0,1,998,72,165,0,3,1,6,6,2,1,1,17,0,2,96,39,12,10,2020,2,7,2,12,2,2,1,1,1,0
290728,1,1,24,2,1,11,20,20,8,0,2,0,1,0,1,60,63,163,0,0,3,5,1,2,1,1,80,0,13,96,24,13,10,2020,3,6,2,8,1,1,1,2,1,2
290730,1,1,33,1,1,11,20,1,8,0,1,0,1,0,1,998,74,160,1,3,5,5,1,2,1,1,54,0,13,96,28,14,10,2020,4,1,2,12,1,1,1,3,1,4
290731,1,1,21,1,1,11,20,8,8,0,1,0,2,0,1,998,67,143,1,4,1,8,6,2,1,1,13,1,7,96,0,14,10,2020,4,6,2,30,1,1,4,1,1,4
290732,1,1,59,1,1,11,20,20,8,0,1,0,1,0,1,998,70,200,0,0,1,4,6,2,1,1,66,0,6,96,0,14,10,2020,4,6,2,12,2,2,1,3,1,4
290739,1,1,27,2,1,11,3,8,8,0,2,0,2,0,1,67,63,123,0,3,3,4,1,2,1,1,50,1,13,17,26,17,10,2020,7,0,2,12,1,1,1,3,1,0
290740,1,1,56,1,1,11,20,20,0,0,1,0,1,0,1,998,65,220,0,0,6,2,5,2,1,15,8,0,81,96,28,17,10,2020,7,11,2,12,17,1,1,1,1,4
290741,1,1,20,1,1,11,20,8,1,0,1,0,2,0,1,998,68,165,0,4,2,3,5,2,2,1,6,0,7,96,60,18,10,2020,1,20,2,42,1,1,4,3,2,0
290743,1,1,43,1,1,11,20,20,8,0,1,0,2,0,1,998,67,130,0,4,2,1,1,2,1,14,13,1,13,96,0,18,10,2020,1,23,2,42,1,1,4,3,1,4
290744,1,1,28,1,1,11,3,20,8,0,2,0,1,0,1,998,67,180,0,0,1,5,5,2,1,1,83,0,60,96,0,18,10,2020,1,0,2,9,3,2,1,3,10,0
290750,1,1,70,2,1,11,3,8,8,0,1,0,1,0,1,998,63,193,0,9,5,5,5,2,2,1,13,0,13,96,999,21,10,2020,4,7,2,33,3,2,4,1,10,4
290751,1,1,28,2,1,11,3,8,8,0,1,0,2,0,1,83,65,240,1,3,3,6,1,2,1,1,50,0,13,96,0,21,10,2020,4,22,2,12,1,1,1,3,10,1
290753,1,1,49,2,1,11,3,1,8,0,1,0,1,0,1,998,71,180,0,0,1,2,6,2,1,1,62,0,7,96,0,2,10,2020,6,15,2,12,2,3,1,1,1,1
290757,1,1,17,1,1,11,3,20,8,0,1,0,2,0,1,998,72,135,0,4,1,2,6,2,2,14,6,1,13,96,0,22,10,2020,5,0,2,30,1,1,4,2,1,4
290758,1,1,29,1,1,11,20,1,0,0,1,0,3,0,1,998,66,174,0,0,1,3,6,2,1,1,50,0,95,17,6,22,10,2020,5,12,2,12,1,1,1,1,1,1
290762,1,1,23,1,1,11,20,20,8,0,99,1,1,0,1,53,74,165,0,3,1,2,6,2,2,1,80,1,13,96,36,26,10,2020,2,21,2,8,1,1,1,3,2,0
290765,1,1,999,9,1,11,20,1,8,0,99,1,9,0,1,998,999,999,99,3,1,2,1,2,1,1,67,0,1,96,0,16,10,2020,6,0,2,12,2,3,1,3,1,9
290766,1,1,17,1,1,11,20,1,8,0,1,0,1,0,1,998,64,120,0,0,1,2,1,2,1,1,12,1,13,96,0,17,10,2020,7,22,2,38,1,1,4,3,10,4
290767,1,1,20,1,1,11,99,20,0,0,3,0,1,0,1,998,70,140,1,0,1,8,5,2,1,1,98,0,60,96,0,26,10,2020,2,0,2,5,1,1,1,3,1,0
290768,1,1,60,1,1,11,3,1,8,0,1,0,3,6,1,55,71,195,0,4,3,3,1,1,2,1,51,0,66,17,26,27,10,2020,3,10,2,51,1,1,1,1,5,3
290769,1,1,42,1,1,11,3,1,8,0,1,0,2,0,1,998,66,130,0,0,3,2,1,2,2,14,50,0,13,96,0,28,10,2020,4,6,2,12,18,1,1,3,10,1
290771,1,1,64,1,1,11,3,20,8,0,1,0,1,0,1,998,74,260,0,0,5,5,6,2,2,14,80,0,7,96,0,29,10,2020,5,6,2,8,1,1,1,2,10,0
290773,1,1,40,1,1,11,20,8,1,0,1,0,2,0,1,60,72,166,0,3,1,8,1,2,1,1,6,1,13,96,0,4,11,2020,4,2,2,30,1,1,4,2,1,4
290774,1,1,55,2,1,11,3,1,0,0,3,0,1,0,1,48,999,999,99,0,3,2,8,8,1,14,78,0,7,96,0,4,11,2020,4,13,2,24,5,1,4,1,1,0
290775,1,1,47,1,1,11,3,20,8,0,1,0,3,6,1,998,999,999,0,0,3,3,6,2,1,14,80,0,66,96,0,5,11,2020,5,1,2,8,1,1,1,3,1,0
290776,1,1,20,1,1,11,20,20,8,0,1,0,2,0,1,998,71,205,0,9,2,3,1,1,1,14,12,0,82,96,999,6,11,2020,6,3,2,33,1,1,4,3,1,4
290778,1,1,29,1,1,11,20,8,1,0,1,0,1,0,1,124,70,130,4,4,3,5,1,8,1,14,6,1,13,96,58,7,11,2020,7,0,2,25,1,1,3,2,1,4
290780,1,1,18,2,1,11,3,20,8,0,1,0,2,0,1,998,64,110,0,0,1,2,1,1,1,1,17,0,13,96,38,8,11,2020,1,8,2,12,2,2,1,1,1,0
290784,1,1,999,9,1,11,99,99,8,0,99,1,9,0,1,998,999,999,99,3,5,5,1,2,1,1,80,0,13,96,0,30,10,2020,6,16,2,8,1,1,1,3,1,9
290785,1,1,33,2,1,11,20,1,8,0,1,0,1,0,1,998,64,120,1,4,2,3,6,2,1,14,13,1,3,96,0,30,10,2020,6,4,2,42,1,1,4,3,1,4
290790,1,1,21,2,9,99,20,99,8,0,3,0,9,0,1,998,999,999,99,0,2,3,6,2,1,1,13,0,7,96,999,1,11,2020,1,2,2,59,3,2,4,3,1,4
290792,1,1,60,1,1,11,3,1,8,0,1,0,1,0,1,998,71,205,0,0,6,2,6,2,1,11,15,0,60,96,39,2,11,2020,2,10,2,12,2,2,1,1,1,4
290794,1,1,26,2,1,11,3,20,8,0,1,0,2,0,1,998,67,210,1,4,1,4,5,2,1,1,80,0,13,96,0,3,11,2020,3,6,2,8,1,1,1,3,1,0
290796,1,1,31,2,1,11,20,8,8,0,2,0,1,0,1,998,68,135,0,0,5,5,3,2,1,1,10,0,13,96,28,4,11,2020,4,10,2,12,1,1,1,1,1,4
290798,1,1,23,1,1,11,3,1,1,0,2,0,1,0,1,998,75,218,1,0,1,5,6,2,1,1,17,1,13,96,39,1,11,2020,1,17,2,12,2,2,1,3,1,0
290801,1,1,35,1,1,11,3,20,8,0,2,0,1,0,1,998,72,190,0,0,1,5,5,2,1,11,15,0,7,96,38,12,11,2020,5,17,2,12,2,2,1,2,1,0
290802,1,1,40,2,1,11,3,20,0,0,1,0,1,0,1,998,67,250,0,0,1,4,3,2,1,1,80,0,7,96,0,12,11,2020,5,19,2,8,1,1,1,3,1,0
290806,1,1,47,2,1,11,20,3,8,0,1,0,2,0,1,998,65,130,0,4,1,5,1,1,2,1,13,0,13,96,0,14,11,2020,7,10,2,30,1,1,4,1,2,4
290808,1,1,38,1,1,11,20,20,8,0,2,0,1,0,1,998,71,190,0,4,1,8,5,2,1,14,12,1,7,96,0,24,10,2020,7,1,2,1,1,1,4,2,10,3
290810,1,1,43,1,1,11,3,1,8,0,1,0,1,0,1,998,73,200,0,0,1,3,6,2,1,14,10,1,13,96,28,15,11,2020,1,18,2,12,1,1,1,2,1,4
290812,1,1,43,1,1,11,20,20,8,0,1,0,1,0,1,998,71,199,1,0,6,2,1,2,1,1,12,1,81,96,0,18,11,2020,4,22,2,33,19,1,8,3,1,4
290813,1,1,39,1,1,11,20,20,8,0,1,0,9,0,1,998,71,180,0,0,2,2,6,2,1,1,52,0,80,96,0,19,11,2020,5,16,2,1,1,1,1,1,10,4
290819,1,1,30,1,1,11,3,20,8,0,2,0,3,1,1,998,68,175,0,0,2,4,1,2,2,1,66,0,74,96,94,21,11,2020,7,15,2,12,2,2,1,1,2,0
290823,1,1,37,2,1,11,20,20,8,0,1,0,0,0,1,998,64,155,0,3,1,4,1,2,1,1,17,0,15,96,39,23,11,2020,2,11,2,12,2,2,1,1,1,4
290824,1,1,70,1,1,11,99,20,8,0,1,0,0,0,1,998,69,205,0,9,2,2,1,2,2,1,12,1,60,96,999,23,11,2020,2,18,2,42,1,1,3,2,2,4
290825,1,1,23,1,1,11,3,3,8,0,1,0,2,0,1,13,69,175,0,0,3,3,5,2,1,14,53,0,13,96,45,23,11,2020,2,13,2,12,1,1,1,1,10,1
290826,1,1,42,1,1,11,20,20,8,0,1,0,1,0,1,998,999,999,99,3,4,2,5,2,1,15,51,1,80,96,26,23,11,2020,2,16,2,12,1,1,1,1,10,4
290827,1,1,82,1,1,11,3,20,8,0,1,0,1,1,1,998,71,200,0,0,1,2,1,2,1,1,13,0,60,96,0,23,11,2020,2,17,2,33,1,1,4,1,1,4
290828,1,1,32,1,1,11,3,20,8,0,2,0,3,6,1,52,72,180,0,0,1,2,3,2,1,14,10,0,66,96,51,24,11,2020,3,6,2,12,1,1,1,2,10,2
290829,1,1,92,1,1,11,3,20,0,0,1,0,1,0,1,40,72,180,0,4,1,2,8,2,6,3,6,0,60,96,87,24,11,2020,3,16,2,58,1,1,4,1,2,4
290830,1,1,29,1,1,11,20,1,8,0,1,0,1,0,1,66,69,160,0,0,2,2,1,2,1,1,80,0,60,96,0,25,11,2020,4,23,2,8,3,2,1,3,10,0
290833,1,1,57,2,1,11,99,20,8,0,1,0,1,0,1,998,70,135,0,0,5,5,5,2,1,1,80,0,13,5,6,20,11,2020,6,18,2,8,1,1,1,2,1,1
290835,1,1,23,1,1,11,3,20,8,0,1,0,1,0,1,998,66,130,1,0,0,0,0,0,0,11,15,0,13,96,38,25,11,2020,4,15,2,12,8,1,1,1,2,4
290836,1,1,16,2,1,11,3,1,1,0,3,0,2,0,1,998,65,130,0,9,5,5,1,8,1,1,62,0,13,96,999,26,11,2020,5,23,2,12,8,1,1,3,10,2
290838,1,1,36,1,1,11,20,20,8,0,1,0,2,0,1,998,75,200,0,0,2,6,1,2,1,1,61,0,80,96,0,27,11,2020,6,16,2,12,1,1,1,3,1,4
290840,1,1,51,1,1,11,3,20,1,0,1,0,1,0,1,998,69,200,0,4,1,2,1,2,1,1,13,1,60,96,58,28,11,2020,7,10,2,1,1,1,4,1,1,4
290846,2,1,58,1,1,11,3,20,8,0,1,0,3,6,1,998,65,155,0,0,2,2,6,2,1,1,13,0,66,5,6,30,11,2020,2,3,2,8,1,1,2,2,1,0
290850,1,1,64,1,1,11,20,20,8,0,1,0,0,0,1,998,70,175,0,0,3,4,5,1,1,1,18,0,6,96,0,30,10,2020,6,17,2,1,1,1,1,1,1,4
290851,1,1,57,1,1,11,20,20,8,0,1,0,0,0,1,998,68,190,0,9,1,2,6,1,1,1,9,0,98,96,999,1,12,2020,3,14,2,1,1,1,1,1,1,4
290855,1,1,30,2,1,11,99,99,8,0,4,0,1,0,1,998,63,160,0,0,3,4,1,2,1,14,60,0,13,96,58,4,12,2020,6,22,2,24,19,1,4,3,1,3
290857,1,1,39,1,1,11,20,20,8,0,1,0,3,0,1,50,76,260,0,3,1,2,3,2,1,17,13,0,13,96,28,5,12,2020,7,0,2,8,1,1,2,3,1,0
290858,1,1,40,1,1,11,3,20,8,0,1,0,4,1,1,998,72,238,1,0,2,2,1,2,1,1,80,0,11,96,0,5,12,2020,7,23,2,8,1,1,1,2,1,0
290859,1,1,75,2,1,11,20,99,8,0,1,0,1,0,1,998,63,140,0,0,2,2,1,1,1,1,12,0,13,96,51,6,12,2020,1,12,2,12,1,1,1,1,1,4
290860,1,1,33,1,1,11,99,1,1,0,1,0,1,0,1,84,70,190,1,3,3,2,1,2,2,1,6,0,60,96,999,7,12,2020,2,6,2,42,1,1,4,2,5,4
290861,1,1,26,1,1,11,20,20,8,0,1,0,1,0,1,998,69,215,2,4,3,3,1,2,1,6,10,0,94,96,36,8,12,2020,3,15,2,12,1,1,1,1,1,4
290862,1,1,87,2,1,11,99,8,8,0,1,0,1,0,1,998,65,200,0,9,1,8,1,8,1,1,13,0,13,96,999,8,12,2020,3,12,2,59,3,3,4,1,1,4
290863,1,1,27,1,1,11,20,8,8,0,1,0,3,0,1,75,74,410,1,3,3,2,1,2,1,1,51,0,13,17,6,9,12,2020,4,4,2,12,1,1,1,2,1,4
290865,1,1,29,1,1,11,20,8,8,0,1,0,1,0,1,998,69,173,0,0,3,2,1,1,1,14,12,1,13,96,58,16,12,2020,4,22,2,57,1,1,3,3,10,4
290866,1,1,22,1,1,11,20,20,8,0,1,0,0,0,1,999,67,212,0,0,1,2,1,2,1,1,83,0,5,96,0,16,12,2020,4,14,2,9,1,1,1,1,10,0
290867,1,1,32,1,1,11,3,8,8,0,1,0,0,0,1,124,68,160,0,4,6,2,6,2,1,15,11,1,5,5,28,17,12,2020,5,23,2,12,20,1,1,3,1,2
290869,1,1,999,9,1,11,99,99,8,0,99,1,9,99,1,998,999,999,99,9,3,2,5,2,1,14,9,0,999,96,58,20,12,2020,1,9,2,8,1,1,4,1,1,9
290871,1,1,36,1,1,11,3,20,8,0,99,1,1,0,1,998,70,180,0,0,2,4,6,2,1,10,16,0,60,96,38,22,12,2020,3,19,2,8,3,2,1,3,1,0
290872,1,1,28,1,1,11,20,1,8,0,1,0,2,0,1,998,64,150,0,3,1,2,1,2,1,1,13,0,13,96,0,22,12,2020,3,7,2,30,1,1,4,3,10,4
290874,1,1,61,1,1,11,3,8,8,0,1,0,1,0,1,998,68,175,0,4,3,2,6,2,1,15,6,0,13,96,28,29,11,2020,1,10,2,34,1,1,4,1,10,4
290875,1,1,36,1,1,11,3,8,8,0,1,0,1,0,1,998,72,190,0,3,2,2,6,2,1,1,51,0,13,96,0,9,12,2020,4,14,2,12,1,1,1,1,1,1
290878,1,1,20,1,1,11,20,8,8,0,1,0,2,0,1,75,69,999,0,0,2,8,5,2,1,14,12,1,13,96,0,10,12,2020,5,1,2,42,1,1,4,3,1,4
290879,1,1,40,1,1,11,3,20,8,0,1,0,1,0,1,998,72,210,2,0,5,5,5,2,1,1,80,0,7,96,0,10,12,2020,5,18,2,8,1,1,1,2,1,0
290882,1,1,25,2,1,11,20,3,8,0,1,1,2,0,1,998,63,175,0,0,1,8,5,2,1,1,17,0,7,96,0,12,12,2020,7,17,2,12,2,4,1,3,1,2
290887,1,1,41,1,1,11,99,99,8,0,1,0,0,0,1,998,76,205,0,3,3,4,1,2,1,14,13,1,3,96,0,13,12,2020,1,23,2,24,1,1,4,3,1,4
290890,1,1,33,1,1,11,20,8,8,0,1,0,2,0,1,90,69,145,0,3,5,5,6,2,1,1,13,0,5,96,999,11,12,2020,6,6,2,58,1,1,4,9,1,4
290891,1,1,22,2,1,11,20,8,8,0,4,0,0,0,1,998,67,155,0,3,1,8,1,2,4,14,6,0,13,96,87,15,12,2020,3,8,2,12,1,1,1,1,98,3
290895,1,1,26,1,1,11,20,8,8,0,2,0,2,0,1,33,70,157,0,9,1,2,6,2,1,1,66,0,13,96,999,25,12,2020,6,13,2,12,2,2,1,1,1,1
290898,1,1,25,1,1,11,20,1,8,0,1,0,1,0,1,998,74,211,3,5,1,2,5,2,1,1,12,0,7,96,0,27,12,2020,1,23,2,42,1,1,4,2,1,4
290899,1,1,40,1,1,11,99,1,8,0,1,0,1,0,1,70,69,180,0,5,1,4,1,2,1,14,13,1,13,96,999,8,12,2020,3,22,2,42,3,3,4,3,1,4
290900,1,1,39,1,1,11,20,20,8,0,1,0,1,0,1,998,69,186,0,3,1,6,1,2,1,6,11,0,13,96,35,9,12,2020,4,19,2,12,1,1,1,3,1,4
290901,1,1,60,2,1,11,3,20,8,0,2,0,0,0,1,998,62,188,0,0,1,4,3,2,1,1,80,0,7,96,0,10,12,2020,5,18,2,8,1,1,1,3,1,0
290905,1,1,21,1,1,11,3,20,8,0,2,0,3,0,1,998,72,200,0,0,1,2,1,1,1,1,80,0,60,96,0,29,12,2020,3,18,2,8,2,2,1,2,10,0
290908,1,1,37,1,1,11,3,99,8,0,1,0,1,0,1,998,71,200,0,3,5,6,1,2,2,1,12,0,13,96,0,30,12,2020,4,17,2,59,3,2,12,3,10,4
290909,1,1,18,2,1,11,20,3,8,0,2,0,2,0,1,998,62,120,1,4,3,5,1,1,2,14,6,0,13,96,0,30,12,2020,4,14,2,1,19,1,8,1,2,4
290911,1,1,20,1,1,11,3,20,8,0,1,0,1,0,1,998,69,210,0,0,5,5,1,2,1,1,80,0,13,96,0,17,12,2020,5,19,2,8,1,1,1,3,1,0
290913,1,1,30,1,1,11,3,20,8,0,1,0,0,6,1,998,72,180,0,0,2,8,1,2,1,1,80,0,66,96,0,15,9,2020,3,5,2,8,1,1,1,2,1,0
290914,1,1,61,1,1,11,20,8,8,0,1,0,3,0,1,998,74,224,0,3,5,8,6,2,1,1,13,0,13,96,0,9,11,2020,2,10,2,8,1,1,5,1,10,4
290919,1,1,61,2,1,11,3,20,8,0,1,0,1,0,1,998,64,150,0,0,3,3,5,2,1,15,80,0,7,96,28,22,12,2020,3,12,2,8,17,1,1,1,1,0
290920,1,1,30,1,1,11,99,99,1,0,1,0,1,0,1,999,64,140,0,0,3,2,3,2,1,1,54,1,15,96,73,25,12,2020,6,23,2,12,1,1,1,2,1,4
290921,1,1,74,1,1,11,3,8,8,0,2,0,1,0,1,61,66,165,0,0,3,2,1,1,2,1,13,1,13,17,6,31,12,2020,5,19,2,46,19,1,4,3,2,3
290922,1,1,63,1,1,11,99,20,8,0,1,1,1,0,1,998,69,198,0,0,5,5,1,2,1,1,13,0,13,96,0,18,10,2020,1,21,2,8,1,1,4,2,1,9
290923,1,1,80,1,1,11,3,8,8,0,1,0,1,0,1,998,66,201,0,0,3,3,1,2,1,1,53,0,13,96,38,25,12,2020,6,18,2,12,3,2,1,2,1,4
290925,1,1,29,1,1,11,20,1,8,0,1,0,1,0,1,46,69,150,0,0,1,3,5,2,1,14,62,0,60,96,24,21,12,2020,2,21,2,12,1,1,1,2,1,4
290926,1,1,64,2,1,11,99,1,8,0,1,0,1,0,1,998,69,190,0,0,6,1,5,2,2,14,13,1,13,96,0,30,12,2020,4,6,2,33,5,1,4,1,2,4
290927,1,1,21,1,1,11,99,20,8,0,2,0,0,0,1,998,69,160,0,4,1,4,1,2,1,14,13,1,3,96,0,5,12,2020,7,1,2,21,1,1,4,3,1,4
290928,1,1,59,2,1,11,99,9,8,0,1,0,1,0,1,998,67,135,1,3,1,2,1,2,1,1,14,1,7,96,39,6,12,2020,1,18,2,42,3,3,4,2,1,4
290929,1,1,42,1,1,11,99,99,8,0,1,0,1,0,1,998,71,215,0,3,3,3,1,2,1,1,12,0,7,96,0,25,12,2020,6,22,2,26,3,2,3,3,10,4
290930,1,1,19,2,1,11,20,8,8,0,1,0,1,0,1,998,65,130,0,0,6,2,5,1,1,1,12,1,13,96,0,15,12,2020,3,21,2,35,5,1,8,3,10,4
290931,1,1,33,2,1,11,20,1,8,0,1,0,1,0,1,998,68,300,1,3,2,2,1,2,1,14,17,1,7,96,39,31,12,2020,5,8,2,12,2,2,1,1,1,2
290933,1,1,21,1,1,11,20,20,8,0,1,0,1,0,1,80,63,130,0,3,2,2,5,2,1,1,6,0,13,96,0,22,9,2020,3,7,2,19,1,1,4,1,1,4
290935,1,1,25,2,1,11,3,20,0,0,99,1,1,0,1,998,65,175,1,0,5,5,6,2,1,1,83,1,3,96,0,22,12,2020,3,1,2,9,1,1,1,2,1,0
300012,1,1,34,1,1,11,99,20,9,0,1,1,2,0,1,998,999,999,0,0,1,5,1,2,1,1,80,0,3,96,0,3,3,2020,3,6,2,8,1,1,1,2,98,0
300020,1,1,21,1,1,11,3,9,1,0,1,0,1,0,1,998,999,999,0,3,5,5,2,2,1,1,13,1,60,96,6,21,3,2020,7,1,2,42,1,1,4,3,1,4
300023,1,1,54,1,1,11,3,20,0,0,1,0,1,0,1,998,999,999,0,0,1,3,1,2,1,11,54,0,60,0,38,28,3,2020,7,7,2,12,4,1,1,1,10,0
300064,1,1,54,1,1,11,20,20,9,0,1,0,1,0,1,998,999,999,0,3,6,2,2,2,1,14,6,1,81,96,0,21,6,2020,1,17,2,35,5,1,10,1,10,4
300077,1,1,21,1,1,11,20,20,9,0,1,0,1,0,1,71,999,999,99,3,1,5,1,2,1,1,54,0,81,96,0,8,7,2020,4,15,2,12,2,3,1,1,1,3
300087,1,1,47,1,1,11,20,1,0,0,1,0,2,0,1,998,999,999,2,5,2,2,1,2,1,15,51,1,60,0,36,20,7,2020,2,20,2,12,1,1,1,5,1,4
300088,1,1,27,1,1,11,20,1,1,0,1,0,1,0,1,998,999,999,0,3,1,2,1,2,1,3,50,1,13,99,36,20,7,2020,2,21,2,12,2,2,1,2,1,9
300102,1,1,21,1,1,11,20,9,1,0,2,0,1,0,1,998,999,999,0,0,1,2,1,2,1,14,54,0,13,96,50,10,8,2020,2,20,2,12,1,1,1,1,1,4
300103,1,1,49,1,1,11,20,20,0,0,1,0,1,0,1,998,999,999,0,3,1,2,1,2,1,99,98,1,94,0,36,9,8,2020,1,20,2,34,1,1,4,1,1,4
300107,1,1,38,1,1,11,3,9,9,0,2,0,1,1,1,998,999,999,0,0,3,4,2,2,1,1,13,1,60,96,6,17,8,2020,2,3,2,38,1,1,5,3,1,4
300136,1,1,26,1,1,11,20,20,9,0,2,0,1,0,1,998,999,999,0,5,6,1,5,2,1,99,19,1,81,99,50,6,10,2020,3,20,2,33,3,3,3,3,1,3
300140,1,1,47,2,1,11,99,8,0,0,1,0,1,0,1,998,999,999,0,0,1,5,1,2,1,1,55,0,7,99,38,5,10,2020,2,10,2,12,2,2,1,1,1,5
300144,1,1,85,1,1,11,20,20,0,0,3,0,1,0,1,998,999,999,0,0,1,4,6,2,1,12,60,0,2,0,38,29,6,2020,2,14,2,12,1,1,1,1,10,4
300145,1,1,54,2,1,11,99,20,0,0,1,0,3,0,1,998,999,999,0,0,1,3,1,2,2,1,80,0,60,0,0,25,8,2020,3,16,2,8,2,3,1,1,2,0
300146,1,1,45,1,1,11,98,98,9,0,1,0,2,19,1,13,999,999,0,0,1,4,1,2,1,1,82,0,78,96,0,16,10,2020,6,2,2,8,98,98,1,3,1,0
300148,1,1,53,1,1,11,1,20,0,0,1,0,1,0,1,998,999,999,0,4,3,4,6,2,4,14,98,0,7,0,58,18,10,2020,1,20,2,24,1,1,4,3,10,0
300149,1,1,36,2,1,11,20,1,0,0,4,0,0,0,1,998,999,999,0,0,2,5,1,2,2,12,63,1,15,99,48,19,10,2020,2,21,2,33,1,1,4,3,2,3
300150,1,1,63,1,1,11,20,20,9,0,1,0,1,0,1,998,999,999,0,3,1,2,1,2,1,99,99,0,81,96,74,2,11,2020,2,14,2,33,1,1,4,1,98,4
300151,1,1,66,2,1,11,20,20,0,0,1,0,2,0,1,998,999,999,0,0,6,2,1,2,1,16,99,1,60,99,58,2,11,2020,2,17,2,31,5,1,4,3,1,4
300160,1,1,69,1,1,11,20,9,9,0,1,0,1,0,1,998,999,999,0,0,1,5,2,2,1,11,54,1,60,96,38,11,11,2020,4,15,2,12,2,2,1,1,1,4
300162,1,1,32,2,1,11,20,20,9,0,1,0,1,0,1,998,999,999,0,3,1,3,1,2,1,99,99,1,60,96,36,14,11,2020,7,21,2,1,1,1,1,2,1,4
300163,1,1,61,1,1,11,99,20,9,0,1,0,1,0,1,35,999,999,0,0,1,3,1,2,1,1,80,0,13,96,0,23,11,2020,2,19,2,8,1,1,1,3,98,0
310003,1,1,34,1,1,11,20,9,0,0,1,0,1,0,1,998,70,220,3,0,1,2,1,2,4,1,50,1,13,96,999,12,1,2020,1,2,2,45,1,1,1,3,1,4
310009,1,1,64,2,1,11,20,9,0,0,1,0,1,0,1,998,64,130,1,0,1,2,2,2,1,1,13,1,7,96,0,9,1,2020,5,20,2,42,1,1,4,3,1,4
310013,1,1,70,1,1,11,20,9,9,0,1,0,2,0,1,998,66,172,1,9,2,6,1,1,1,1,13,0,7,96,999,11,2,2020,3,11,2,24,1,1,4,1,1,4
310015,1,1,18,2,1,11,20,20,1,0,2,0,2,0,1,998,64,130,0,0,1,2,2,1,1,1,9,1,13,96,0,18,2,2020,3,1,2,1,1,1,4,3,1,4
310019,1,1,24,2,1,11,20,8,1,0,1,0,2,0,1,998,67,145,0,0,2,3,1,1,1,1,10,1,5,96,51,18,2,2020,3,2,2,12,1,1,1,3,1,4
310020,1,1,81,1,1,11,20,8,0,0,2,0,1,0,1,998,71,225,0,0,1,2,1,1,2,1,17,0,13,96,39,1,2,2020,7,17,2,12,2,2,1,3,1,4
310029,1,1,14,2,1,11,99,20,0,0,3,0,2,0,1,998,63,125,0,0,2,4,1,1,1,11,15,0,60,96,38,29,2,2020,7,20,2,12,2,2,1,3,10,0
310031,1,1,21,1,1,11,20,20,9,0,1,0,1,0,1,998,71,150,4,3,2,4,1,2,1,1,62,0,80,96,36,4,3,2020,4,19,2,12,2,2,1,1,1,4
310034,1,1,54,1,1,11,20,20,0,0,1,0,1,0,1,998,70,190,1,9,1,2,1,2,99,1,9,1,7,96,999,14,3,2020,7,99,2,34,1,1,4,2,1,4
310038,1,1,22,2,1,11,3,20,0,0,2,1,2,0,1,998,64,182,2,0,1,2,1,2,1,1,80,0,13,96,0,28,3,2020,7,99,2,8,1,1,1,3,10,0
310041,1,1,52,1,1,11,20,9,9,0,1,0,1,0,1,998,72,200,0,9,2,2,1,2,1,1,13,0,13,96,999,10,4,2020,6,99,2,26,3,2,4,3,10,4
310043,1,1,37,1,1,11,20,20,0,0,1,0,1,0,1,998,71,185,0,0,1,2,1,1,1,14,13,1,81,93,0,19,4,2020,1,19,2,1,1,1,4,1,1,4
310049,1,1,30,2,1,11,20,8,9,0,1,0,2,0,1,998,68,170,0,0,2,2,1,1,1,14,9,1,13,96,36,9,5,2020,7,4,2,42,1,1,4,3,1,4
310053,1,1,49,2,1,11,99,20,0,0,1,0,1,0,1,998,64,110,0,0,2,4,1,1,2,11,15,0,13,96,38,13,5,2020,4,12,2,12,2,2,1,1,2,0
310057,1,1,70,1,1,11,99,9,0,0,1,0,1,0,1,998,76,235,0,0,3,3,1,1,1,1,13,0,7,96,0,18,5,2020,2,15,2,30,1,1,4,1,10,4
310058,1,1,58,1,1,11,99,20,9,0,1,0,1,0,1,998,74,250,0,9,1,2,1,1,1,14,98,0,13,96,999,21,5,2020,5,14,2,14,1,1,7,1,1,4