ST_CASE,VEH_NO,PER_NO,AGE,SEX,PER_TYP,SEAT_POS,REST_USE,AIR_BAG,DRUGS,LOCATION,NUMOCCS,HIT_RUN,OWNER,V_CONFIG,HAZ_INV,TRAV_SP,DR_HGT,DR_WGT,PREV_SPD,SPEEDREL,VTRAFWAY,VNUM_LAN,VPROFILE,VPAVETYP,VSURCOND,P_CRASH1,P_CRASH2,DR_DRINK,VPICBODYCLASS,DRDISTRACT,DRIVERRF,DAY,MONTH,YEAR,DAY_WEEK,HOUR,RUR_URB,HARM_EV,RELJCT2,TYP_INT,REL_ROAD,LGT_COND,WEATHER,INJ_SEV
320136,1,1,38,1,1,11,3,20,0,0,1,0,3,6,2,40,72,280,0,0,5,5,1,2,1,1,80,0,66,96,0,27,4,2020,2,22,2,8,1,1,1,2,1,0
320138,1,1,63,1,1,11,20,20,1,0,1,0,1,0,1,998,75,200,0,4,1,2,2,2,1,14,13,0,98,96,58,19,7,2020,1,7,2,1,1,1,4,1,10,4
320140,1,1,35,2,1,11,99,99,0,0,2,0,2,0,1,68,64,250,0,0,1,2,2,2,1,14,12,1,13,96,58,30,7,2020,5,22,2,35,1,1,4,2,98,4
320141,1,1,44,1,1,11,20,20,1,0,1,0,1,0,1,60,69,275,0,0,1,2,2,2,1,14,12,1,81,96,0,2,8,2020,1,5,2,32,1,1,4,9,1,4
320145,1,1,33,1,1,11,20,20,8,0,1,0,3,1,1,45,75,170,0,0,5,5,1,2,1,1,13,0,63,96,28,11,8,2020,3,8,2,42,1,1,4,1,1,4
320146,1,1,49,2,1,11,3,20,0,0,2,0,1,0,1,12,69,269,0,0,2,7,1,2,1,11,15,0,13,96,48,13,8,2020,5,17,2,12,2,2,1,1,1,1
320147,1,1,55,1,1,11,3,20,0,0,2,0,1,0,1,998,72,260,0,0,2,6,1,2,1,1,80,0,13,0,0,18,8,2020,3,21,2,8,2,2,1,3,1,0
320148,1,1,17,1,1,11,98,20,9,0,2,0,2,0,1,998,70,150,0,0,1,2,1,2,1,1,8,0,7,0,0,16,8,2020,1,14,2,8,3,2,4,1,6,1
320149,1,1,35,1,1,11,20,20,0,0,1,0,1,0,1,61,67,190,0,3,1,7,1,2,1,1,62,0,80,96,0,19,8,2020,4,20,2,12,2,2,1,3,1,4
320150,1,1,58,1,1,11,3,20,0,0,1,0,3,7,1,28,74,260,0,0,3,6,1,2,1,1,80,0,66,96,0,2,7,2020,5,11,2,8,3,2,1,1,1,0
320151,1,1,30,1,1,11,3,20,9,0,1,0,2,0,1,40,67,165,0,0,2,7,2,2,1,1,83,0,7,96,39,16,8,2020,1,6,2,9,2,2,1,1,1,0
320153,1,1,30,1,1,11,20,1,9,0,1,0,2,0,1,998,68,180,0,0,2,5,1,2,1,1,12,1,13,96,28,21,8,2020,6,9,2,33,1,1,4,1,1,4
320154,1,1,50,1,1,11,3,20,0,0,1,0,1,0,1,55,70,180,0,0,3,7,2,2,1,1,80,0,13,96,0,9,8,2020,1,21,2,8,1,1,1,3,1,0
320155,1,1,34,1,1,11,3,20,9,0,1,0,3,1,1,75,69,160,0,4,3,5,1,2,1,1,52,0,63,96,6,10,8,2020,2,15,2,12,1,1,1,1,1,4
320159,1,1,23,1,1,11,20,1,8,0,1,0,1,0,1,65,73,160,0,0,3,4,1,2,1,1,54,1,13,96,51,21,8,2020,6,23,2,12,1,1,1,3,1,4
320160,1,1,28,1,1,11,20,1,9,0,1,0,2,0,1,70,67,160,1,0,3,4,1,2,1,1,13,0,3,96,0,24,8,2020,2,20,2,14,1,1,4,3,1,4
320161,1,1,29,1,1,11,3,20,0,0,1,0,1,0,1,63,71,200,0,0,3,6,1,2,1,1,80,0,60,96,0,13,8,2020,5,4,2,8,1,1,1,3,1,0
320162,1,1,34,1,1,11,3,20,0,0,2,0,1,0,1,45,69,165,0,0,2,3,1,2,1,1,83,0,7,96,0,25,8,2020,3,23,2,15,1,1,1,3,1,0
320163,1,1,44,1,1,11,20,20,9,0,1,0,1,0,1,998,69,209,0,0,6,2,1,2,1,15,6,0,80,96,27,2,9,2020,4,9,2,33,5,1,3,1,1,4
320164,1,1,23,1,1,11,3,20,0,0,2,0,2,0,1,60,67,280,0,0,6,4,2,2,1,1,80,0,15,96,0,29,5,2020,6,23,2,8,20,1,1,2,1,0
320165,1,1,29,2,1,11,3,99,9,0,3,0,1,0,1,55,68,175,2,0,6,2,1,2,1,15,11,0,13,96,27,13,8,2020,5,11,2,20,5,1,4,1,1,4
320167,1,1,64,1,1,11,20,20,9,0,1,0,2,0,1,998,69,180,1,0,5,3,1,2,1,1,13,0,82,96,0,5,9,2020,7,18,2,33,3,3,4,1,1,4
320168,1,1,25,2,1,11,3,20,0,0,1,0,2,0,1,998,66,130,0,0,2,7,1,2,1,1,80,0,7,96,0,4,9,2020,6,19,2,8,3,2,1,3,1,0
320169,1,1,28,1,1,11,20,20,1,0,1,0,2,0,1,998,69,180,0,3,2,6,1,2,1,14,9,0,60,96,6,6,9,2020,1,22,2,33,1,1,4,3,1,4
320170,1,1,23,1,1,11,1,20,0,0,1,0,1,0,1,998,72,200,0,0,1,2,1,2,1,1,80,0,60,0,0,8,9,2020,3,1,2,8,3,3,1,3,1,0
320171,1,1,78,1,1,11,3,2,0,0,2,0,1,0,1,998,69,180,0,0,2,7,1,2,1,11,15,0,13,0,38,25,8,2020,3,15,2,12,2,2,1,1,1,1
320172,1,1,32,1,1,11,20,1,1,0,1,0,1,0,1,80,70,190,0,3,3,3,2,2,1,14,54,1,7,96,51,11,9,2020,6,1,2,12,1,1,1,2,1,1
320173,1,1,52,2,2,51,2,20,8,0,1,0,3,20,1,998,998,997,998,8,1,2,1,2,1,0,80,0,62,16,0,15,9,2020,3,8,2,8,1,1,1,1,1,5
320174,1,1,21,1,1,11,20,2,1,0,1,0,2,0,1,998,67,140,1,0,1,2,1,2,1,14,13,1,5,96,0,14,9,2020,2,5,2,1,1,1,4,3,8,4
320175,1,1,33,1,1,11,3,20,8,0,3,0,2,0,1,998,67,210,0,0,5,3,1,2,1,1,98,0,60,96,0,17,9,2020,5,0,2,5,1,1,1,3,1,0
320176,1,1,33,1,1,11,20,20,1,0,1,0,1,0,1,998,999,999,0,0,1,2,2,2,1,13,82,0,60,96,31,18,9,2020,6,20,2,33,1,1,4,3,1,0
320177,1,1,45,1,1,11,99,1,9,0,1,0,1,0,1,998,68,220,0,0,2,7,1,2,1,1,17,0,7,96,39,20,9,2020,1,23,2,12,2,2,1,3,1,4
320179,1,1,74,1,1,11,3,20,9,0,1,1,1,0,1,998,66,137,0,0,2,6,1,2,1,1,80,0,7,96,0,23,6,2020,3,0,2,8,3,2,1,3,1,0
320180,1,1,46,1,1,11,99,20,1,0,1,0,1,0,1,998,72,220,0,3,2,6,1,2,1,1,13,1,13,96,6,22,9,2020,3,19,2,33,1,1,4,3,1,4
320181,1,1,53,1,1,11,3,20,0,0,2,0,1,0,1,998,68,160,0,0,2,5,1,2,1,1,83,0,60,96,0,19,8,2020,4,21,2,9,2,2,1,3,10,0
320182,1,1,44,1,1,11,3,20,9,0,1,0,1,0,1,998,66,170,1,0,5,7,8,2,1,1,80,0,13,96,0,25,9,2020,6,5,2,8,1,1,1,3,1,0
320183,1,1,26,1,1,11,20,8,1,0,2,0,1,0,1,75,71,225,4,3,2,6,1,2,1,1,62,0,13,96,0,27,9,2020,1,16,2,12,2,2,1,1,1,4
320184,1,1,20,1,1,11,3,20,0,0,1,0,2,0,1,24,69,143,0,0,2,6,1,2,1,11,80,0,7,96,0,11,3,2020,4,21,2,8,3,2,1,3,1,0
320185,1,1,57,1,1,11,3,1,0,0,1,0,2,0,1,998,71,240,0,0,5,7,1,2,1,11,15,0,13,96,38,29,9,2020,3,19,2,12,2,3,1,5,1,0
320186,1,1,91,1,1,11,20,1,0,0,1,0,1,0,1,25,66,150,0,0,1,2,1,2,1,14,13,0,5,96,6,17,8,2020,2,8,2,14,1,1,2,1,1,4
320188,1,1,18,2,1,11,20,20,8,0,2,0,2,0,1,73,67,207,0,3,1,2,3,2,1,14,13,1,7,96,58,5,9,2020,7,2,2,1,1,1,1,2,1,4
320189,1,1,79,1,1,11,3,8,0,0,2,0,1,0,1,998,67,120,0,0,1,2,1,2,1,11,15,0,7,96,38,30,6,2020,3,6,2,12,2,2,1,1,1,4
320191,1,1,25,1,1,11,20,20,1,0,1,0,0,0,1,49,73,175,0,3,2,7,1,2,1,1,66,1,82,96,39,9,10,2020,6,19,2,12,2,2,1,3,1,4
320193,1,1,19,1,1,11,20,20,1,0,1,0,2,0,1,998,74,195,0,0,2,4,1,2,1,14,13,0,80,96,28,22,6,2020,2,22,2,33,1,1,4,2,1,4
320194,1,1,13,1,1,11,98,1,9,0,3,0,2,0,1,72,999,999,99,3,2,7,2,2,1,1,62,0,7,96,39,20,9,2020,1,1,2,12,2,2,1,3,1,4
320196,1,1,28,1,1,11,3,20,1,0,2,0,1,0,1,998,999,999,0,0,2,7,1,2,1,1,80,1,7,96,0,17,10,2020,7,0,2,8,2,2,1,3,1,0
320197,1,1,31,1,1,11,20,20,0,0,1,0,2,0,1,998,65,160,0,3,5,5,1,2,1,1,6,0,80,96,0,17,10,2020,7,13,2,1,1,1,1,1,1,4
320198,1,1,80,2,1,11,3,8,0,0,1,0,2,0,1,998,63,90,0,0,1,2,1,2,1,11,15,0,13,96,38,17,10,2020,7,18,2,12,2,3,1,5,1,4
320199,1,1,35,1,1,11,3,8,9,0,2,0,3,0,1,8,68,190,0,0,1,2,2,2,1,11,15,0,7,96,38,16,10,2020,6,16,2,12,8,1,1,1,1,0
320205,1,1,74,1,1,11,3,20,0,0,1,0,1,0,1,998,71,180,0,0,2,7,1,2,1,1,80,0,60,96,0,26,10,2020,2,8,2,8,3,2,1,1,1,0
320208,1,1,24,1,1,11,20,20,1,0,1,0,1,0,1,48,72,205,1,0,2,7,1,2,1,1,62,1,103,96,39,9,9,2020,4,22,2,12,2,2,1,3,1,4
320210,1,1,27,1,1,11,20,20,9,0,1,0,1,0,1,63,69,175,0,0,6,1,1,1,1,14,12,1,80,96,0,24,10,2020,7,1,2,59,5,1,8,3,1,4
320211,1,1,48,1,1,11,20,8,1,0,1,0,2,0,1,68,71,215,0,4,6,1,2,2,1,14,12,1,1,96,0,31,10,2020,7,1,2,24,5,1,4,3,1,4
320212,1,1,16,1,1,11,20,20,0,0,4,0,2,0,1,23,999,999,0,0,1,2,1,2,1,1,92,0,69,96,0,7,10,2020,4,20,2,5,1,1,1,2,1,0
320213,1,1,61,1,1,11,3,20,0,0,1,0,1,0,1,42,69,230,0,0,2,6,1,2,1,1,80,0,60,0,0,13,10,2020,3,4,2,15,1,1,1,3,1,0
320214,1,1,60,1,1,11,3,20,0,0,1,0,1,0,1,998,65,165,0,0,2,7,1,2,1,11,15,0,13,96,38,28,10,2020,4,13,2,12,2,2,1,1,1,0
320216,1,1,37,1,1,11,99,1,1,0,1,0,1,0,1,62,72,165,0,3,5,5,1,2,1,1,12,0,7,96,0,10,11,2020,3,15,2,33,1,1,4,1,1,4
320217,1,1,33,1,1,11,3,1,1,0,1,0,1,0,1,72,70,220,0,3,2,6,1,2,1,1,68,1,5,96,58,10,11,2020,3,20,2,12,3,3,1,3,1,4
320218,1,1,37,1,1,11,20,20,1,0,1,0,1,0,1,80,68,165,2,3,6,3,2,2,1,14,6,1,94,96,58,22,10,2020,5,22,2,12,20,1,1,3,1,4
320220,1,1,35,2,1,11,3,8,0,0,1,0,2,0,1,65,63,153,0,0,3,6,1,2,1,1,80,0,60,96,0,10,11,2020,3,4,2,8,1,1,1,3,1,2
320224,1,1,999,8,1,11,99,99,9,0,99,1,9,99,1,998,999,999,99,0,1,2,1,2,1,1,83,0,999,96,0,12,11,2020,5,17,2,15,1,1,1,2,1,9
320225,1,1,39,1,1,11,20,8,1,0,4,0,2,0,1,23,68,190,0,4,4,1,1,2,1,1,14,0,7,96,0,12,11,2020,5,22,2,39,1,1,5,3,1,0
320226,1,1,17,1,1,11,3,2,9,0,4,0,2,0,1,80,999,999,0,0,2,6,2,2,1,1,1,0,13,96,58,17,11,2020,3,0,2,31,1,1,4,2,1,2
320227,1,1,56,1,1,11,3,20,0,0,1,0,1,0,1,998,68,210,0,0,5,7,1,2,1,1,80,0,3,96,0,22,11,2020,1,21,2,8,1,1,1,3,1,2
320229,1,1,23,1,1,11,3,20,0,0,1,0,1,0,1,48,67,170,0,3,1,6,1,2,1,12,6,0,13,96,6,9,11,2020,2,13,2,9,1,1,1,1,1,0
320230,1,1,36,1,1,11,99,99,1,0,1,0,3,0,1,88,74,280,0,3,2,7,1,2,1,1,62,0,13,96,39,23,11,2020,2,22,2,12,2,7,1,3,1,2
320232,1,1,40,1,1,11,3,8,8,0,1,0,1,0,1,998,67,170,0,0,3,6,2,2,1,1,12,1,13,96,28,29,11,2020,1,2,2,20,1,1,4,3,1,1
320235,1,1,29,2,1,11,99,20,0,0,4,0,1,0,1,998,67,190,0,0,5,5,1,2,1,12,21,0,7,96,0,30,11,2020,2,19,2,12,2,2,1,3,1,3
320236,1,1,18,1,1,11,3,1,0,0,2,0,2,0,1,998,75,226,0,0,2,6,1,2,1,1,13,0,13,96,8,9,9,2020,4,21,2,30,1,1,4,3,1,2
320237,1,1,78,1,1,11,20,1,0,0,1,0,1,0,1,16,70,172,0,0,2,7,1,2,1,11,15,0,7,96,38,16,9,2020,4,13,2,12,2,2,1,1,1,4
320238,1,1,60,1,1,11,3,20,8,0,1,0,1,0,1,33,68,170,1,0,5,5,1,2,1,1,83,0,5,96,0,4,11,2020,4,9,2,9,1,1,1,1,1,0
320239,1,1,16,2,1,11,3,3,0,0,2,0,2,0,1,998,67,180,0,0,1,4,1,2,1,11,15,0,7,96,38,8,10,2020,5,18,2,12,8,1,1,3,1,1
320242,1,1,26,1,1,11,3,20,0,0,1,0,1,0,1,35,70,198,1,0,1,4,2,2,1,1,80,0,60,96,0,1,8,2020,7,21,2,8,1,1,1,2,1,0
320243,1,1,43,1,1,11,20,20,1,0,2,0,2,0,1,65,73,352,0,0,4,3,6,2,1,14,12,0,7,96,999,11,9,2020,6,9,2,34,3,2,4,1,1,4
320244,1,1,58,1,1,11,20,20,9,0,1,0,2,0,1,83,71,140,0,0,2,4,1,2,1,1,10,0,60,96,58,12,8,2020,4,20,2,31,1,1,4,2,1,4
320246,1,1,17,1,1,11,20,8,1,0,4,1,5,0,1,95,999,999,0,3,2,4,1,2,1,1,50,1,7,96,36,10,12,2020,5,1,2,12,3,2,1,3,1,2
320247,1,1,71,1,1,11,3,20,0,0,1,0,1,0,1,998,67,180,0,0,2,7,1,2,1,12,21,0,3,96,38,10,12,2020,5,11,2,12,3,2,1,1,1,0
320248,1,1,45,1,1,11,3,20,1,0,1,0,3,1,1,75,999,999,99,4,2,2,1,2,1,1,83,0,63,96,6,10,12,2020,5,9,2,9,1,1,1,1,1,0
320250,1,1,15,1,1,11,3,20,0,0,2,0,2,0,1,998,999,999,99,0,2,4,1,2,1,1,66,0,3,96,39,15,12,2020,3,14,2,12,2,2,1,1,10,0
320251,1,1,26,1,1,11,3,20,1,0,5,0,2,0,1,998,69,180,0,0,5,7,1,2,2,1,80,0,13,96,0,17,12,2020,5,18,2,8,1,1,1,3,10,0
320252,1,1,50,1,1,11,3,20,0,0,1,0,1,0,1,44,65,170,0,0,3,6,2,2,1,14,80,0,7,0,0,16,11,2020,2,17,2,8,1,1,1,3,1,0
320253,1,1,59,1,1,11,3,20,0,0,1,0,1,0,1,65,66,190,0,0,3,6,1,2,1,1,80,0,7,96,0,19,12,2020,7,5,2,8,18,1,1,3,1,0
320254,1,1,36,1,1,11,20,20,1,0,1,0,1,0,1,90,67,167,0,0,5,5,1,2,1,1,51,1,94,96,6,25,12,2020,6,16,2,12,1,1,1,5,1,4
320255,1,1,26,1,1,11,20,1,9,0,1,0,2,0,1,998,70,210,0,0,5,5,1,2,1,1,13,1,13,96,0,25,12,2020,6,0,2,43,1,1,4,3,1,4
320256,1,1,41,1,1,11,20,20,8,0,1,0,9,0,1,35,999,999,99,0,2,6,1,2,1,1,90,0,104,96,0,26,12,2020,7,20,2,18,1,1,1,3,1,4
320257,1,1,19,1,1,11,3,8,1,0,1,0,1,0,1,75,72,155,1,0,1,4,1,2,1,1,62,0,3,96,36,30,12,2020,4,15,2,12,2,3,1,1,1,3
320258,1,1,54,2,1,11,3,8,0,0,1,0,1,0,1,998,64,150,0,0,1,5,2,2,1,11,15,0,7,96,38,21,10,2020,4,8,2,12,2,3,1,1,1,9
320259,1,1,38,1,1,11,99,20,8,0,1,0,2,0,1,998,67,165,0,0,2,4,1,2,1,1,13,1,13,96,0,18,12,2020,6,23,2,33,1,1,4,3,1,4
320260,1,1,999,9,1,11,99,99,8,0,99,1,9,99,1,999,999,999,99,0,1,2,1,2,1,99,80,0,999,99,999,16,10,2020,6,21,2,8,1,1,1,3,1,9
320261,1,1,60,1,1,11,3,20,0,0,1,0,3,6,1,998,70,225,0,0,1,7,1,2,1,1,80,0,66,12,0,29,10,2020,5,4,2,8,3,2,1,3,1,0
320262,1,1,57,1,1,11,3,1,0,0,2,0,0,0,1,998,74,235,0,3,1,7,1,2,1,11,15,0,7,96,36,30,11,2020,2,8,2,12,2,3,1,1,10,4
320265,1,1,36,1,1,11,3,20,9,0,1,0,1,0,1,998,69,185,3,4,1,2,1,2,4,1,6,0,7,96,0,14,12,2020,2,7,2,12,1,1,1,1,5,4
320266,1,1,27,2,1,11,20,8,9,0,3,0,1,0,1,998,999,999,0,0,1,2,1,2,1,1,13,0,7,96,0,6,12,2020,1,15,2,38,1,1,4,1,1,4
320267,1,1,998,9,1,11,99,99,9,0,99,1,9,0,1,75,999,999,99,4,2,2,1,2,1,1,51,0,13,96,0,27,9,2020,1,2,2,12,1,1,1,2,1,5
320269,1,1,42,2,1,11,3,20,1,0,2,0,1,0,1,42,61,118,0,0,2,6,1,2,1,1,80,0,13,96,38,27,12,2020,1,17,2,8,3,3,1,3,10,0
320270,1,1,61,2,1,11,3,20,0,0,1,0,2,0,1,998,62,158,0,0,0,0,0,0,0,10,16,0,13,96,0,28,12,2020,2,14,2,12,8,1,1,1,10,0
320271,1,1,50,1,1,11,3,20,0,0,1,0,2,0,1,43,68,220,0,0,2,4,1,2,1,1,80,0,7,96,0,30,9,2020,4,4,2,8,1,1,1,3,1,0
320272,1,1,999,9,1,11,99,20,9,0,99,1,9,99,1,998,999,999,99,0,1,3,1,2,1,1,80,0,999,96,0,31,10,2020,7,18,2,8,3,2,1,2,1,9
320274,1,1,999,9,1,11,99,20,9,0,99,1,9,99,1,998,999,999,99,0,6,2,2,2,1,1,80,0,999,96,0,5,10,2020,2,21,2,8,20,1,1,3,1,9
320283,1,1,50,2,1,11,3,20,0,0,2,0,2,0,1,998,59,90,0,0,2,5,1,2,1,11,15,0,60,96,38,2,11,2020,2,19,2,12,2,2,1,3,1,0
320285,1,1,87,1,1,11,3,8,0,0,1,0,1,0,1,75,67,170,0,3,3,6,2,2,1,14,13,0,3,96,28,12,11,2020,5,13,2,20,1,1,4,1,1,4
320286,1,1,57,1,1,11,20,20,0,0,1,0,1,0,1,55,72,200,1,0,6,2,2,2,1,14,12,0,81,96,0,1,12,2020,3,22,2,25,5,1,4,3,1,4
320287,1,1,23,2,1,11,99,20,9,0,1,0,3,1,1,65,999,999,0,0,1,2,1,2,1,1,10,0,11,96,28,21,12,2020,2,13,2,12,1,1,1,1,10,4
320288,1,1,46,1,1,11,20,20,1,0,1,0,2,0,1,63,72,265,0,0,6,1,2,2,1,14,12,1,81,96,0,5,12,2020,7,3,2,1,5,1,4,3,1,4
320289,1,1,35,1,1,11,3,20,0,0,1,0,1,0,1,36,73,230,0,0,2,6,1,2,1,1,80,0,60,96,0,9,12,2020,4,18,2,8,3,2,1,3,1,0
320290,1,1,24,2,1,11,3,20,0,0,2,0,1,0,1,45,63,103,0,0,3,3,1,1,1,1,80,0,7,96,0,16,11,2020,2,9,2,8,1,1,1,1,1,0
320293,1,1,999,9,1,11,99,20,9,0,99,1,9,99,1,998,999,999,99,0,2,2,1,2,1,1,80,0,999,96,0,1,12,2020,3,21,2,8,1,1,1,3,1,9
320295,1,1,33,1,1,11,3,8,0,0,1,0,1,0,1,998,69,250,0,0,2,4,1,2,1,11,15,0,13,96,38,22,12,2020,3,11,2,12,2,3,1,1,1,1
320297,1,1,60,1,1,11,20,20,0,0,1,0,2,0,1,75,71,210,1,4,3,5,1,2,1,1,50,1,81,96,0,19,12,2020,7,16,2,12,1,1,1,5,1,4
320298,1,1,18,1,1,11,3,20,0,0,1,0,2,0,1,998,999,999,1,0,2,3,1,2,1,1,83,0,60,96,0,16,11,2020,2,19,2,9,1,1,1,3,1,0
330002,1,1,55,1,1,11,20,20,0,0,2,0,1,0,1,998,69,200,0,0,3,2,1,2,2,1,80,0,7,0,0,11,1,2020,7,22,2,8,1,1,1,2,1,0
330003,1,1,30,1,1,11,20,20,8,0,1,0,1,0,1,998,71,220,7,0,1,2,1,2,2,14,10,1,7,96,0,15,1,2020,4,3,2,14,1,1,7,3,10,4
330008,1,1,43,1,1,11,3,1,0,0,1,0,1,0,1,998,72,185,0,9,3,4,1,2,1,1,52,0,7,99,0,27,1,2020,2,17,2,12,1,1,1,2,1,4
330010,1,1,78,1,1,11,20,9,8,0,1,0,1,0,1,998,72,260,0,0,2,4,1,2,2,8,98,0,13,96,30,7,2,2020,6,16,2,12,3,2,1,1,4,4
330012,1,1,44,1,1,11,3,20,8,0,1,0,2,0,1,998,70,190,0,0,1,2,1,2,1,1,11,1,7,12,0,26,2,2020,4,13,2,8,1,1,2,1,10,0
330015,1,1,32,1,1,11,99,99,9,0,1,0,1,0,1,998,68,210,0,3,3,6,1,2,1,99,98,1,7,99,0,28,2,2020,6,1,2,25,1,1,10,3,1,4
330016,1,1,16,1,1,11,20,20,8,0,1,0,2,0,1,998,61,105,0,3,1,2,1,2,1,6,10,1,13,96,34,27,2,2020,5,18,2,12,2,3,1,3,1,4
330017,1,1,73,1,1,11,3,20,0,0,1,0,1,0,1,998,70,210,0,0,1,2,1,2,1,2,53,0,60,0,0,12,3,2020,5,14,2,12,8,1,1,1,1,2
330018,1,1,59,1,1,11,20,8,9,0,1,0,1,0,1,998,68,170,0,9,3,3,1,2,1,1,12,1,13,99,0,20,3,2020,6,17,2,25,1,1,4,1,1,4
330019,1,1,49,1,1,11,3,20,1,0,1,0,1,0,1,15,73,235,0,0,1,2,1,2,1,1,80,0,7,99,60,26,3,2020,5,9,2,8,1,1,1,1,1,0
330020,1,1,57,1,1,11,3,20,8,0,1,0,1,0,1,998,68,160,0,0,1,2,2,2,2,1,80,0,13,96,0,19,3,2020,5,5,2,8,1,1,1,3,4,0
330021,1,1,57,2,1,11,3,9,1,0,1,0,1,0,1,998,67,240,0,3,1,2,5,2,1,14,51,0,7,96,74,23,3,2020,2,13,2,12,1,1,1,1,1,0
330024,1,1,71,1,1,11,20,9,8,0,1,0,2,0,1,998,73,155,0,0,1,2,5,2,1,11,15,0,7,96,0,6,4,2020,2,17,2,12,8,1,1,1,1,0
330026,1,1,61,2,1,11,3,20,8,0,1,0,1,0,1,998,62,115,0,0,1,2,5,2,1,4,17,0,7,0,0,9,4,2020,5,7,2,12,2,2,1,4,10,3
330027,1,1,69,1,1,11,3,8,8,0,2,0,1,0,1,998,71,245,0,0,1,5,1,2,1,1,10,0,13,17,0,17,4,2020,6,11,2,12,1,1,1,1,1,2
330031,1,1,20,2,1,11,3,9,8,0,1,0,2,0,1,32,63,215,0,0,1,2,1,2,1,14,10,0,13,0,0,17,4,2020,6,11,2,12,1,1,1,1,1,4
330039,1,1,62,1,1,11,20,20,8,0,1,0,1,0,1,998,70,165,0,2,1,3,3,2,1,16,6,0,13,0,36,6,6,2020,7,10,2,12,1,1,1,1,10,4
330045,1,1,83,1,1,11,3,3,8,0,1,0,2,0,1,998,73,188,0,9,1,2,1,2,1,1,17,0,7,99,0,21,5,2020,5,14,2,12,2,2,1,1,1,4
330046,1,1,25,1,1,11,3,20,8,0,1,0,1,0,1,30,66,150,1,0,1,2,5,2,1,1,80,0,5,0,60,1,7,2020,4,22,2,8,1,1,1,2,1,0
330047,1,1,69,2,1,11,3,20,8,0,1,0,1,0,1,998,61,151,0,0,1,2,1,2,1,11,15,0,15,0,0,5,7,2020,1,12,2,12,2,3,1,1,1,0
330048,1,1,27,1,1,11,99,1,8,0,1,0,1,0,1,998,70,165,0,3,1,2,6,2,1,1,6,1,13,99,8,3,7,2020,6,23,2,42,1,1,4,2,1,4
330049,1,1,29,1,1,11,20,20,1,0,1,0,1,0,1,998,72,200,0,3,1,2,5,2,1,14,13,1,81,99,0,11,7,2020,7,22,2,34,3,3,4,2,1,4
330052,1,1,86,1,1,11,3,3,0,0,2,0,1,0,1,998,72,190,0,0,1,2,1,2,1,1,17,0,13,99,0,19,7,2020,1,14,2,12,2,2,1,1,1,3
330054,1,1,46,1,1,11,20,20,8,0,1,0,2,0,1,998,72,999,0,0,1,2,1,2,1,14,87,0,6,96,0,2,7,2020,5,15,2,30,3,3,4,1,1,4
330056,1,1,23,1,1,11,20,20,0,0,1,0,2,0,1,998,67,130,5,3,1,2,1,2,1,14,10,1,94,96,0,8,8,2020,7,0,2,1,3,2,1,3,1,4
330058,1,1,52,1,1,11,20,20,9,0,1,0,1,0,1,998,67,175,0,4,1,2,6,2,1,14,13,1,81,99,0,19,8,2020,4,0,2,52,1,1,4,2,1,4
330059,1,1,34,1,1,11,20,20,8,0,1,0,1,0,1,50,69,170,0,3,1,2,5,2,1,14,12,1,98,96,0,10,8,2020,2,21,2,39,3,3,4,3,1,4
330062,1,1,47,1,1,11,20,20,0,0,1,0,1,0,1,998,69,999,0,0,1,2,1,2,1,1,80,0,94,0,0,6,9,2020,1,9,2,8,3,3,1,1,1,2
330072,1,1,72,2,1,11,3,20,0,0,1,0,1,0,1,998,68,162,0,0,1,2,6,2,1,1,17,0,7,0,0,22,9,2020,3,17,2,5,2,2,1,3,1,0
330073,1,1,78,1,1,11,3,8,0,0,1,0,1,0,1,998,67,180,0,3,1,2,6,2,1,14,13,0,13,0,0,20,9,2020,1,21,2,30,3,3,4,2,1,4
330075,1,1,38,1,1,11,99,8,9,0,1,0,2,0,1,998,73,225,0,9,3,3,1,2,1,1,13,0,7,99,0,3,10,2020,7,13,2,24,1,1,4,1,1,4
330077,1,1,72,1,1,11,20,20,0,0,1,0,1,0,1,998,67,212,0,0,1,2,1,2,1,11,15,0,82,96,0,3,10,2020,7,13,2,12,2,2,1,1,1,4
330079,1,1,79,1,1,11,20,20,0,0,2,0,1,0,1,998,67,133,0,0,1,2,1,2,1,1,17,0,13,0,39,6,10,2020,3,15,2,12,2,2,1,1,1,2
330080,1,1,26,1,1,11,3,20,0,0,1,0,1,0,1,998,68,200,3,0,0,0,0,0,0,11,15,0,3,0,0,15,10,2020,5,16,2,12,4,1,1,1,1,0
330083,1,1,89,2,1,11,3,8,0,0,1,0,1,0,1,998,62,110,0,0,3,3,1,2,1,15,12,0,13,0,0,31,10,2020,7,14,2,24,1,1,3,1,1,4
330088,1,1,20,1,1,11,20,8,8,0,2,0,2,0,1,998,72,999,0,3,1,2,1,2,1,14,13,1,5,99,0,11,11,2020,4,3,2,35,1,1,4,2,5,2
330089,1,1,39,1,1,11,3,20,0,0,1,0,3,0,1,5,73,999,1,0,1,2,1,2,2,10,83,0,60,0,53,12,11,2020,5,15,2,9,3,2,1,1,10,0