ST_CASE,VEH_NO,PER_NO,AGE,SEX,PER_TYP,SEAT_POS,REST_USE,AIR_BAG,DRUGS,LOCATION,NUMOCCS,HIT_RUN,OWNER,V_CONFIG,HAZ_INV,TRAV_SP,DR_HGT,DR_WGT,PREV_SPD,SPEEDREL,VTRAFWAY,VNUM_LAN,VPROFILE,VPAVETYP,VSURCOND,P_CRASH1,P_CRASH2,DR_DRINK,VPICBODYCLASS,DRDISTRACT,DRIVERRF,DAY,MONTH,YEAR,DAY_WEEK,HOUR,RUR_URB,HARM_EV,RELJCT2,TYP_INT,REL_ROAD,LGT_COND,WEATHER,INJ_SEV
330093,1,1,68,1,1,11,3,20,0,0,1,0,1,0,1,998,70,180,0,0,1,2,1,2,1,1,81,0,13,96,0,19,11,2020,5,19,2,8,2,3,1,3,1,0
330094,1,1,35,2,1,11,20,8,9,0,1,0,1,0,1,998,61,150,1,9,1,2,1,2,1,14,10,1,7,99,0,8,12,2020,3,13,2,42,1,1,4,1,10,4
330096,1,1,22,2,1,11,20,1,9,0,3,0,1,0,1,998,63,115,2,3,1,2,1,2,2,1,10,0,15,99,0,23,11,2020,2,12,2,12,1,1,1,1,10,4
330097,1,1,78,1,1,11,3,20,0,0,1,0,1,0,1,998,73,210,0,0,2,2,1,2,1,1,80,0,60,96,0,1,12,2020,3,16,2,8,1,1,1,3,1,0
330098,1,1,52,1,1,11,3,20,0,0,1,0,2,0,1,998,74,200,0,0,1,2,1,2,1,1,80,0,7,96,0,26,12,2020,7,8,2,8,3,3,1,1,1,0
330100,1,1,78,1,1,11,20,1,0,0,1,0,1,0,1,998,68,220,0,0,1,3,1,2,1,1,65,0,2,96,39,27,12,2020,1,15,2,12,2,2,1,1,1,4
340001,1,1,54,1,1,11,20,20,0,0,1,0,3,0,1,998,72,999,0,5,1,2,1,2,1,1,80,0,13,96,0,2,1,2020,5,6,2,8,3,3,1,1,1,0
340002,1,1,18,1,1,11,8,9,0,0,1,0,2,0,1,998,66,999,0,4,1,2,1,2,2,14,6,0,13,96,73,4,1,2020,7,0,2,33,1,1,4,3,2,4
340003,1,1,34,1,1,11,8,1,1,0,1,0,1,0,1,11,70,999,1,0,0,0,0,0,0,11,15,0,13,96,38,2,1,2020,5,10,2,12,8,1,1,1,1,4
340004,1,1,85,1,1,11,8,8,8,0,2,0,1,0,1,998,69,999,0,0,3,3,1,2,2,1,12,0,13,96,0,3,1,2020,6,15,2,24,1,1,3,1,10,4
340005,1,1,77,1,1,11,8,1,0,0,1,0,1,0,1,998,70,999,0,0,3,3,1,2,1,1,12,0,2,96,6,10,1,2020,6,2,2,25,1,1,3,2,1,4
340006,1,1,65,1,1,11,99,20,0,0,1,0,1,0,1,998,73,999,0,0,3,2,1,2,1,1,12,0,3,96,0,24,1,2020,6,15,2,42,1,1,3,1,1,4
340008,1,1,52,2,1,11,20,1,1,0,1,0,1,0,1,998,65,999,0,0,1,4,1,2,1,1,10,1,13,93,28,9,1,2020,5,17,2,12,1,1,1,3,1,4
340010,1,1,23,1,1,11,3,1,9,0,1,0,2,0,1,998,72,999,0,0,3,5,1,1,1,1,59,0,60,99,0,13,1,2020,2,16,2,12,1,1,1,1,1,2
340011,1,1,67,1,1,11,3,20,0,0,1,0,1,0,1,998,67,999,0,0,1,2,1,2,1,1,80,0,13,96,0,10,1,2020,6,18,2,8,3,3,1,3,1,9
340012,1,1,26,1,1,11,8,1,0,0,1,0,1,0,1,998,72,999,1,0,3,5,1,2,1,15,80,0,13,5,0,19,1,2020,1,22,2,8,17,1,1,3,1,0
340013,1,1,46,1,1,11,3,20,1,0,1,0,2,0,1,998,72,999,0,0,3,5,1,2,2,1,80,0,7,96,0,26,1,2020,1,3,2,8,3,2,1,3,1,9
340014,1,1,69,1,1,11,3,20,8,0,1,0,1,0,1,998,76,999,0,0,1,2,1,2,1,1,80,1,7,96,36,25,1,2020,7,2,2,8,3,2,1,3,1,0
340015,1,1,35,1,1,11,3,20,0,0,1,0,1,0,1,998,74,999,0,0,1,2,6,2,1,1,80,0,60,96,0,29,1,2020,4,17,2,8,1,1,1,2,1,0
340016,1,1,19,1,1,11,8,1,1,0,2,0,2,0,1,998,73,999,0,4,1,2,6,2,2,14,6,0,1,96,0,31,1,2020,6,22,2,42,1,1,5,3,2,4
340017,1,1,23,1,1,11,3,20,0,0,1,0,1,0,1,998,70,999,0,0,1,2,6,2,1,11,80,0,13,96,38,30,1,2020,5,18,2,8,3,2,1,3,1,0
340018,1,1,23,1,1,11,99,98,9,0,99,1,2,0,1,998,73,999,0,0,1,3,6,2,1,1,80,0,7,96,36,22,1,2020,4,22,2,8,1,1,1,2,1,9
340019,1,1,66,2,1,11,3,8,0,0,1,0,1,0,1,998,65,999,0,0,3,3,1,2,1,1,13,0,13,96,6,5,2,2020,4,18,2,14,1,1,2,2,1,4
340020,1,1,71,1,1,11,20,98,8,0,1,0,1,0,1,998,70,999,0,0,1,2,1,2,1,1,13,0,7,96,0,6,1,2020,2,16,2,30,1,1,4,1,1,4
340021,1,1,37,1,1,11,20,20,0,0,1,0,1,0,1,998,61,999,0,9,1,2,1,2,1,14,13,1,7,96,0,22,2,2020,7,17,2,53,1,1,4,2,1,4
340022,1,1,71,2,1,11,3,20,0,0,1,0,1,0,1,998,72,999,0,0,1,3,1,2,1,11,80,0,7,93,38,15,1,2020,4,9,2,8,3,2,1,1,1,0
340023,1,1,30,2,1,11,8,1,0,0,1,0,1,0,1,998,65,999,0,0,3,3,6,2,1,1,80,0,7,96,0,31,1,2020,6,18,2,8,1,1,1,2,1,0
340024,1,1,18,1,1,11,99,98,1,0,2,0,2,0,1,998,999,999,0,5,3,2,1,2,2,14,13,0,13,96,36,12,1,2020,1,4,2,33,1,1,4,3,1,4
340025,1,1,26,1,1,11,3,9,0,0,2,0,1,0,1,998,66,999,1,0,3,2,6,2,1,14,12,1,5,96,36,18,3,2020,4,1,2,25,1,1,3,3,1,2
340026,1,1,34,1,1,11,8,9,9,0,1,0,3,0,1,998,69,999,0,0,1,2,1,2,2,1,51,1,7,96,36,24,1,2020,6,21,2,12,2,3,1,3,1,1
340027,1,1,34,1,1,11,3,20,0,0,1,0,1,0,1,998,70,999,0,0,1,2,1,2,1,11,80,0,60,96,0,20,2,2020,5,17,2,8,3,2,1,1,1,9
340028,1,1,75,2,1,11,2,20,0,0,1,0,2,0,1,998,60,999,0,0,1,5,1,2,1,1,80,0,13,96,0,23,1,2020,5,5,2,8,3,2,1,3,1,0
340029,1,1,32,2,1,11,3,20,0,0,1,0,1,0,1,998,64,999,0,0,3,2,1,2,1,15,80,0,13,96,0,30,1,2020,5,17,2,8,1,1,1,2,1,0
340030,1,1,32,1,1,11,8,9,8,0,2,0,1,0,1,998,66,999,0,0,3,2,1,2,1,1,9,0,13,96,0,23,2,2020,1,13,2,31,1,1,4,1,1,3
340031,1,1,65,1,1,11,8,1,0,0,3,0,2,0,1,998,66,999,0,0,1,2,1,2,1,1,10,0,13,96,28,14,2,2020,6,15,2,12,1,1,1,1,1,3
340032,1,1,81,2,1,11,3,20,0,0,1,0,1,0,1,998,66,999,0,0,1,2,5,2,2,10,53,0,7,96,0,11,2,2020,3,19,2,12,3,2,1,3,1,4
340033,1,1,28,1,1,11,3,20,0,0,1,0,2,0,1,998,72,999,0,0,1,2,1,2,1,11,80,0,60,96,48,15,2,2020,7,12,2,8,3,2,1,1,1,0
340034,1,1,55,1,1,11,3,20,0,0,1,0,2,0,1,998,71,999,0,0,2,4,1,2,1,1,60,0,60,96,0,9,2,2020,1,18,2,12,1,1,1,3,1,4
340035,1,1,30,1,1,11,3,20,1,0,1,0,1,0,1,998,69,999,0,0,1,2,5,2,1,1,80,0,7,93,6,3,2,2020,2,20,2,8,1,1,1,3,1,0
340036,1,1,50,1,1,11,3,20,0,0,2,0,3,2,1,998,72,999,0,0,3,3,1,2,1,1,17,0,11,93,39,17,2,2020,2,15,2,12,2,2,1,1,1,0
340037,1,1,62,1,1,11,3,9,1,0,1,0,1,0,1,998,73,999,0,5,1,2,6,2,1,1,13,0,3,96,6,20,2,2020,5,9,2,39,1,1,5,1,1,4
340038,1,1,27,1,1,11,8,1,1,0,1,0,2,0,1,998,67,999,0,0,1,2,1,2,1,2,60,1,60,96,36,9,2,2020,1,19,2,12,1,1,1,3,1,4
340039,2,1,28,2,1,11,20,9,0,0,1,0,2,0,1,998,69,999,0,0,3,3,1,2,1,1,50,0,7,96,6,2,4,2020,5,9,2,12,1,1,1,1,1,4
340040,1,1,33,1,1,11,8,1,8,0,2,0,2,0,1,998,68,999,0,4,2,2,1,2,2,14,12,1,13,96,36,4,1,2020,7,2,2,41,1,1,5,2,2,3
340042,1,1,49,2,1,11,8,9,0,0,2,0,2,0,1,89,64,999,0,5,6,1,1,1,1,1,12,0,7,96,6,26,1,2020,1,15,2,25,5,1,10,1,1,2
340043,1,1,31,1,1,11,3,20,0,0,2,0,1,0,1,40,68,999,0,0,3,3,1,2,1,1,80,0,13,96,0,19,1,2020,1,22,2,8,3,2,1,3,1,0
340044,1,1,36,1,1,11,98,98,1,0,1,0,4,0,1,998,70,190,1,0,3,3,8,8,98,1,54,0,60,96,50,25,1,2020,7,7,2,12,1,1,1,1,98,1
340045,1,1,44,1,1,11,8,1,1,0,1,0,1,0,1,998,71,175,0,0,3,2,1,2,1,1,13,0,9,96,0,13,1,2020,2,7,2,42,1,1,5,2,1,4
340046,1,1,55,1,1,11,3,20,0,0,1,0,3,6,1,998,71,999,0,0,1,5,1,2,1,10,80,0,66,96,38,24,3,2020,3,13,2,8,3,2,1,1,1,0
340048,1,1,999,9,1,11,99,99,9,0,99,1,9,99,1,998,999,999,99,9,3,2,1,2,1,1,80,0,999,99,999,6,3,2020,6,1,2,8,3,2,1,2,1,9
340049,1,1,47,1,1,11,3,20,0,0,2,0,1,0,1,998,66,999,0,0,2,4,1,2,2,1,80,0,7,96,0,12,2,2020,4,18,2,8,1,1,1,2,2,0
340050,1,1,84,1,1,11,20,9,1,0,1,0,2,0,1,998,72,999,0,5,1,2,1,2,2,11,9,0,13,96,6,4,2,2020,3,5,2,42,3,3,5,3,2,4
340051,1,1,32,2,1,11,20,1,1,0,1,0,2,0,1,998,67,999,0,5,6,2,5,2,1,14,9,1,7,96,36,27,1,2020,2,23,2,33,5,1,3,2,1,4
340052,1,1,37,1,1,11,20,9,1,0,1,0,2,0,1,69,72,999,0,3,1,2,3,2,1,1,54,1,13,96,51,13,1,2020,2,20,2,12,1,1,1,2,1,4
340053,1,1,33,1,1,11,3,20,0,0,1,0,3,1,1,998,64,170,0,0,1,2,1,2,1,11,80,0,63,96,38,22,1,2020,4,13,2,8,3,2,1,1,1,0
340054,1,1,66,2,1,11,8,2,0,0,2,0,2,0,1,998,65,999,0,0,1,2,1,2,1,1,17,0,7,96,39,28,1,2020,3,16,2,12,2,2,1,1,1,2
340055,1,1,26,1,1,11,20,20,1,0,1,0,1,0,1,998,69,999,0,5,3,2,1,2,1,1,51,1,80,96,36,11,3,2020,4,22,2,12,8,1,1,3,1,4
340056,1,1,64,2,1,11,20,8,1,0,1,0,1,0,1,998,69,999,0,0,3,4,1,2,1,14,9,1,13,96,36,16,3,2020,2,16,2,25,1,1,3,1,1,4
340057,1,1,999,9,1,11,99,99,9,0,99,1,9,99,1,998,999,999,99,5,1,2,1,2,1,1,80,0,999,99,38,7,2,2020,6,19,2,8,2,3,1,1,1,9
340058,1,1,33,2,1,11,3,20,1,0,1,0,2,0,1,998,62,999,0,0,2,2,1,2,1,1,11,0,13,99,36,26,1,2020,1,17,2,12,1,1,1,5,1,0
340059,1,1,56,1,1,11,3,20,0,0,3,0,2,0,1,998,69,999,0,0,3,2,1,2,1,1,80,0,13,96,0,4,2,2020,3,18,2,8,1,1,1,1,1,0
340060,1,1,43,1,1,11,3,20,9,0,99,1,1,0,1,998,68,999,0,0,3,3,1,2,2,1,80,0,7,99,0,1,2,2020,7,23,2,8,1,1,2,3,2,0
340061,1,1,17,1,1,11,99,1,0,0,3,0,2,0,1,75,68,999,0,3,3,2,6,2,2,1,12,0,13,96,73,28,3,2020,7,19,2,33,1,1,3,3,2,3
340062,1,1,58,1,1,11,20,20,0,0,1,0,1,0,1,998,67,999,0,0,3,2,1,2,1,1,9,0,94,96,6,12,4,2020,1,16,2,1,18,1,1,1,1,4
340063,1,1,61,1,1,11,3,20,0,0,1,0,1,0,1,998,71,999,0,0,3,2,1,2,1,14,80,0,13,96,0,5,3,2020,5,20,2,8,1,1,1,2,1,0
340064,1,1,56,2,1,11,8,1,0,0,1,0,1,0,1,998,65,999,0,0,1,2,1,2,1,11,54,0,7,96,38,20,2,2020,5,11,2,12,2,3,1,1,10,4
340065,1,1,36,1,1,11,8,20,0,0,5,0,2,0,1,998,999,999,0,0,3,3,3,2,1,16,53,0,13,96,0,26,3,2020,5,6,2,12,1,1,2,4,1,3
340066,1,1,73,1,1,11,8,1,0,0,1,0,1,0,1,998,68,999,0,0,3,2,1,2,1,1,10,0,13,98,28,15,1,2020,4,14,2,33,1,1,3,1,1,4
340067,1,1,45,1,1,11,3,20,0,0,1,0,1,0,1,998,72,999,0,0,2,4,1,1,1,1,83,0,60,96,0,5,1,2020,1,17,2,9,1,1,1,2,1,0
340068,1,1,79,1,1,11,3,8,0,0,1,0,1,0,1,998,66,999,0,0,1,5,1,2,1,11,63,0,7,96,38,28,2,2020,6,14,2,12,2,2,1,1,1,4
340069,1,1,56,2,1,11,3,20,0,0,2,0,1,0,1,998,66,999,0,0,1,4,6,2,1,1,80,1,7,99,0,22,2,2020,7,22,2,8,1,1,1,3,1,0
340070,1,1,26,2,1,11,3,20,0,0,1,0,2,0,1,48,69,999,1,0,1,2,1,2,1,1,80,0,13,96,0,13,1,2020,2,17,2,8,1,1,1,3,1,0
340072,1,1,47,1,1,11,98,98,1,0,1,0,2,0,1,998,72,999,0,0,1,2,1,2,1,14,13,1,7,96,36,2,2,2020,1,18,2,42,3,3,5,3,1,4
340073,1,1,23,2,1,11,3,9,0,0,1,0,2,0,1,998,63,999,1,0,2,5,1,2,1,1,80,0,8,96,0,28,2,2020,6,19,2,8,1,1,1,2,1,0
340074,1,1,38,2,1,11,3,20,0,0,1,0,1,0,1,0,67,999,0,0,1,3,1,2,1,5,53,0,7,96,0,11,3,2020,4,14,2,12,3,3,1,1,10,0
340076,1,1,27,1,1,11,3,20,0,0,1,0,3,0,1,998,70,999,1,0,1,2,1,2,1,1,80,0,95,93,6,16,3,2020,2,15,2,8,1,1,2,1,1,0
340077,1,1,60,1,1,11,20,20,1,0,1,0,1,0,1,998,69,999,0,0,6,1,4,2,1,14,12,0,94,96,6,2,4,2020,5,17,2,25,5,1,8,1,1,4
340078,1,1,62,1,1,11,3,20,0,0,1,0,3,1,1,998,70,999,0,0,3,3,1,2,1,1,80,0,11,96,0,11,4,2020,7,1,2,8,1,1,1,2,1,0
340079,1,1,46,1,1,11,3,8,0,0,1,0,1,0,1,998,69,999,1,0,6,2,1,2,2,1,11,1,13,96,36,1,2,2020,7,17,2,14,5,1,2,3,2,4
340081,1,1,41,1,1,11,3,20,0,0,1,0,1,0,1,998,72,999,0,0,1,2,1,2,1,14,8,0,15,98,28,9,3,2020,2,13,2,9,1,1,2,1,1,5
340082,1,1,97,1,1,11,20,20,0,0,1,0,1,0,1,998,61,999,0,0,1,3,1,2,1,1,66,0,13,96,39,2,3,2020,2,14,2,12,2,2,1,1,10,4
340083,1,1,53,2,1,11,3,20,0,0,1,0,1,0,1,0,65,999,1,0,3,2,1,2,1,5,53,0,7,96,6,11,3,2020,4,5,2,12,1,1,1,2,1,4
340084,1,1,21,1,1,11,8,9,1,0,1,0,2,0,1,998,69,999,0,0,3,8,1,2,2,1,13,0,13,96,0,28,3,2020,7,7,2,30,1,1,4,1,2,4
340085,1,1,24,2,1,11,20,9,0,0,3,0,1,0,1,998,64,999,5,0,3,3,6,2,1,1,51,0,13,96,26,11,4,2020,7,5,2,12,1,1,4,3,1,4
340086,1,1,74,2,1,11,3,1,0,0,2,0,3,0,1,998,68,999,0,0,4,2,1,2,2,13,91,0,13,96,6,3,1,2020,6,8,2,10,6,1,1,1,1,4
340087,1,1,62,1,1,11,99,20,0,0,1,0,1,0,1,998,68,999,0,0,1,2,1,2,2,1,80,0,13,96,0,14,1,2020,3,17,2,8,3,3,1,3,2,0
340088,1,1,53,1,1,11,8,1,0,0,1,0,3,0,1,998,72,999,0,0,1,2,6,2,2,1,80,0,13,12,0,14,1,2020,3,17,2,8,1,1,1,2,2,0
340089,1,1,54,2,1,11,8,8,0,0,2,0,1,0,1,998,60,999,0,0,3,3,1,2,2,1,80,0,7,96,0,18,1,2020,7,21,2,8,1,1,1,2,1,0
340090,1,1,53,1,1,11,8,9,0,0,1,0,1,0,1,998,70,999,0,0,3,3,1,2,1,1,50,0,7,96,0,22,2,2020,7,4,2,12,1,1,1,2,1,2
340091,1,1,38,1,1,11,8,9,8,0,2,0,1,0,1,998,70,999,0,5,1,4,1,2,1,1,17,0,60,96,36,27,3,2020,6,18,2,12,2,3,1,1,1,2
340092,1,1,63,1,1,11,3,20,0,0,1,0,1,0,1,998,68,999,0,0,1,2,4,2,1,1,80,0,13,96,0,28,2,2020,6,20,2,8,1,1,1,2,1,0
340093,1,1,20,1,1,11,20,20,1,0,2,0,2,0,1,998,73,999,1,2,1,2,1,2,2,14,12,1,13,96,36,25,4,2020,7,7,2,42,1,1,5,1,10,2
340094,1,1,999,9,1,11,99,20,9,0,99,1,9,99,1,999,999,999,99,9,2,5,1,2,1,1,80,0,999,99,0,13,5,2020,4,22,2,8,1,1,1,2,1,0
340095,1,1,67,1,1,11,3,20,0,0,2,0,3,21,1,998,66,999,0,0,1,4,6,2,1,11,80,0,16,96,38,21,5,2020,5,13,2,8,3,2,1,1,1,0
340096,1,1,32,2,1,11,3,20,0,0,1,0,1,0,1,998,67,999,0,0,2,5,1,2,2,1,80,0,7,96,0,12,2,2020,4,19,2,8,3,2,1,3,12,0
340098,1,1,47,1,1,11,3,20,1,0,5,1,3,0,1,998,67,999,0,0,1,2,1,2,2,1,13,1,60,93,36,8,5,2020,6,20,2,8,3,2,4,3,2,0
340099,1,1,24,1,1,11,8,1,9,0,1,0,1,0,1,998,73,999,0,0,3,3,1,1,2,1,12,0,7,96,0,11,5,2020,2,17,2,25,1,1,3,1,10,4
340100,1,1,40,1,1,11,99,98,9,0,1,1,1,0,1,998,67,999,2,0,1,4,1,2,1,1,80,0,1,96,0,24,5,2020,1,21,2,8,3,3,1,3,1,0
340101,1,1,66,2,1,11,8,9,0,0,1,0,1,0,1,998,64,999,0,0,3,3,5,2,1,1,13,0,13,96,6,20,5,2020,4,16,2,24,1,1,4,1,1,4
340103,1,1,57,1,1,11,20,20,1,0,2,0,3,1,1,998,70,999,1,3,3,3,1,2,1,1,11,0,11,96,27,10,1,2020,6,10,2,12,1,1,1,1,1,4
340104,1,1,17,2,1,11,3,20,1,0,1,0,2,0,1,998,60,999,0,0,1,2,5,2,1,1,80,0,13,96,73,5,2,2020,4,19,2,8,1,1,1,2,1,0
340105,1,1,30,1,1,11,3,20,8,0,1,1,3,6,1,998,71,210,0,0,2,4,1,2,2,1,83,0,66,96,6,3,1,2020,6,10,2,9,1,1,1,1,10,0
340106,1,1,95,1,1,11,8,1,0,0,1,0,1,0,1,998,68,999,0,5,4,3,1,2,1,1,66,0,13,96,39,12,2,2020,4,9,2,12,2,2,1,1,1,4
340107,1,1,65,1,1,11,3,20,0,0,1,1,1,0,1,998,71,999,0,0,1,2,1,2,2,1,80,0,7,96,0,26,2,2020,4,19,2,8,1,1,1,3,2,0
340108,1,1,24,1,1,11,3,20,0,0,1,0,1,1,1,998,67,999,1,0,3,3,1,2,1,14,80,0,60,96,0,13,2,2020,5,20,2,8,1,1,1,3,1,0
340109,1,1,18,1,1,11,99,20,9,0,1,1,2,0,1,998,999,999,0,0,1,3,1,2,1,11,80,0,60,6,38,2,3,2020,2,9,2,8,3,2,1,1,1,0
340110,1,1,53,1,1,11,8,9,8,0,1,0,2,0,1,998,70,999,0,5,1,4,1,2,1,1,10,1,13,96,36,13,3,2020,6,18,2,12,1,1,1,1,1,0
340111,1,1,68,1,1,11,8,9,1,0,1,0,1,0,1,54,73,254,0,3,1,2,1,2,1,1,8,0,13,96,28,20,3,2020,6,11,2,12,2,3,1,1,1,4
340113,1,1,50,1,1,11,3,8,0,0,1,0,1,0,1,998,74,999,0,0,6,2,6,2,1,14,12,1,7,96,0,15,3,2020,1,6,2,59,5,1,8,4,1,4
340114,1,1,39,1,1,11,3,20,0,0,3,0,3,0,1,998,65,999,0,0,2,6,1,2,1,1,80,0,9,96,0,27,3,2020,6,20,2,8,1,1,1,2,1,0
340117,1,1,53,2,1,11,3,20,0,0,2,0,1,0,1,33,67,999,0,0,2,3,1,2,1,1,80,0,13,96,0,5,4,2020,1,5,2,8,1,1,1,2,5,0
340118,1,1,998,8,1,11,98,98,9,0,99,1,2,0,1,998,999,999,99,0,1,2,1,2,1,1,80,0,13,93,38,8,3,2020,1,20,2,8,3,2,1,3,1,9
340119,1,1,49,1,1,11,20,1,0,0,1,0,1,0,1,998,68,999,0,5,2,2,1,2,1,14,12,0,3,93,6,19,4,2020,1,7,2,59,1,1,3,1,1,4
340120,1,1,38,1,1,11,3,20,0,0,1,1,2,0,1,998,999,999,0,0,2,2,1,2,1,1,51,1,7,93,28,20,4,2020,2,7,2,12,1,1,1,1,10,0
340121,1,1,56,1,1,11,8,2,0,0,1,0,1,0,1,0,66,999,0,0,1,2,1,2,1,5,53,0,13,96,0,21,4,2020,3,6,2,12,2,3,1,1,1,4
340122,1,1,52,1,1,11,8,2,0,0,1,0,2,0,1,998,67,200,0,0,2,3,1,2,1,1,80,0,7,96,0,27,4,2020,2,10,2,8,1,1,1,1,1,0
340123,1,1,54,1,1,11,20,2,9,0,1,0,1,0,1,998,71,999,0,5,1,2,1,2,1,1,9,0,13,93,6,19,5,2020,3,3,2,33,1,1,4,3,1,4
340124,1,1,24,1,1,11,3,9,1,0,2,0,2,0,1,998,72,999,0,5,1,2,1,2,1,1,55,1,7,93,39,5,5,2020,3,4,2,12,2,2,1,3,1,0
340125,1,1,50,1,1,11,3,20,9,0,1,0,1,0,1,998,72,999,0,0,1,2,3,1,1,1,80,0,5,96,0,2,3,2020,2,18,2,8,1,1,1,2,10,0
340126,1,1,71,1,1,11,3,20,1,0,1,0,1,0,1,998,74,999,0,0,2,4,1,2,2,1,51,0,13,96,26,23,3,2020,2,10,2,12,3,2,1,1,3,4
340127,1,1,42,1,1,11,3,20,1,0,3,0,1,0,1,998,69,215,0,0,3,2,1,2,1,1,9,0,13,96,6,5,5,2020,3,11,2,24,1,1,3,1,1,4
340128,1,1,38,1,1,11,8,9,0,0,3,0,1,0,1,998,72,999,0,5,2,2,5,2,1,14,13,0,7,96,36,27,5,2020,4,17,2,33,1,1,4,1,1,4
340129,1,1,31,1,1,11,8,1,0,0,1,0,1,0,1,998,66,999,1,0,2,2,1,2,1,1,80,0,7,96,0,16,3,2020,2,19,2,8,1,1,1,2,1,0
340130,1,1,87,1,1,11,20,1,0,0,2,0,1,0,1,998,76,999,0,0,3,3,6,1,1,14,51,1,60,96,28,7,5,2020,5,11,2,12,1,1,1,1,1,2
340131,1,1,22,1,1,11,20,20,0,0,1,0,2,0,1,998,67,999,0,0,3,3,1,2,1,1,51,0,80,96,26,19,4,2020,1,13,2,12,1,1,1,1,1,4
340132,1,1,53,1,1,11,99,9,0,0,1,0,1,0,1,998,67,999,2,0,1,4,1,2,1,10,91,0,15,96,39,14,4,2020,3,16,2,10,6,1,1,1,1,4
340133,1,1,25,1,1,11,98,20,0,0,1,1,2,0,1,998,999,999,0,0,2,3,6,2,2,1,82,1,13,96,36,9,5,2020,7,2,2,8,1,1,1,2,10,0
340134,1,1,33,1,1,11,20,20,0,0,1,0,1,0,1,998,78,999,0,0,3,3,1,2,1,1,9,1,94,96,6,15,5,2020,6,14,2,1,1,1,1,1,1,4
340135,1,1,55,1,1,11,20,20,0,0,1,0,1,0,1,998,72,999,0,0,1,2,1,2,1,1,62,0,94,93,6,13,5,2020,4,18,2,12,1,1,1,1,1,4
340136,1,1,22,1,1,11,98,20,0,0,1,0,3,1,1,998,69,999,0,0,1,2,1,2,1,1,82,0,62,96,0,9,5,2020,7,19,2,8,1,1,1,1,1,0
340137,1,1,70,1,1,11,8,1,0,0,1,0,1,0,1,998,74,999,0,0,0,0,0,0,0,11,15,0,60,96,38,22,5,2020,6,6,2,12,4,1,1,1,1,4
340138,1,1,22,1,1,11,3,99,1,0,1,0,2,0,1,998,70,999,2,0,1,2,5,2,1,1,12,0,13,96,0,18,5,2020,2,21,2,33,1,1,4,2,1,4
340140,1,1,75,1,1,11,8,1,0,0,1,0,1,0,1,998,66,999,0,5,1,2,5,2,1,14,13,0,1,96,0,17,5,2020,1,16,2,33,1,1,4,1,1,4
340141,1,1,63,2,1,11,3,20,0,0,1,0,2,0,1,998,65,999,0,0,2,5,1,2,2,1,80,0,7,96,0,30,3,2020,2,20,2,8,1,1,1,3,1,0
340142,1,1,34,1,1,11,3,8,1,0,1,0,1,0,1,998,69,999,0,0,1,3,5,2,2,14,10,0,13,96,28,30,4,2020,5,16,2,12,1,1,1,1,2,4
340143,1,1,32,1,1,11,3,20,0,0,1,0,1,0,1,998,77,999,0,0,2,1,1,2,1,1,80,0,60,96,0,24,2,2020,2,6,2,8,1,1,1,1,1,0
340144,1,1,27,1,1,11,20,1,1,0,1,0,1,0,1,998,66,999,0,0,1,2,5,2,2,14,12,1,7,96,36,26,4,2020,1,6,2,14,1,1,2,3,2,4
340145,1,1,69,1,1,11,3,20,0,0,1,0,3,0,1,998,70,999,0,0,1,4,1,2,1,11,80,0,95,93,38,27,3,2020,6,10,2,8,3,2,1,1,1,0
340146,1,1,70,2,1,11,3,20,0,0,2,0,1,0,1,50,63,999,0,0,3,4,5,2,1,1,80,0,13,96,0,7,2,2020,6,18,2,8,1,1,1,2,1,0
340147,1,1,77,1,1,11,98,20,9,0,2,1,2,0,1,999,67,999,0,0,1,2,1,2,1,1,80,0,15,99,0,18,3,2020,4,1,2,8,3,3,1,3,1,0
340148,1,1,63,1,1,11,3,20,0,0,2,0,3,0,1,998,73,999,0,0,5,5,1,2,1,1,80,0,13,96,0,12,3,2020,5,6,2,8,1,1,1,3,10,0
340149,1,1,34,1,1,11,99,98,9,0,5,0,2,0,1,998,68,999,0,0,1,2,6,2,1,1,13,1,13,96,36,25,1,2020,7,3,2,31,3,4,4,3,1,3
340150,1,1,54,1,1,11,3,20,0,0,1,0,3,1,1,998,66,999,0,0,3,2,1,2,2,1,80,0,11,96,0,28,3,2020,7,21,2,8,2,2,1,3,2,0
340151,1,1,73,1,1,11,3,20,0,0,1,0,3,21,1,998,72,999,0,0,1,3,3,2,1,11,80,0,16,93,38,10,6,2020,4,6,2,8,2,2,1,1,1,0
340152,1,1,28,2,1,11,20,9,1,0,3,0,2,0,1,998,65,999,0,0,2,4,1,2,1,14,10,1,60,96,36,19,6,2020,6,23,2,12,3,2,1,3,1,3
340153,1,1,77,1,1,11,98,20,9,0,1,1,1,19,1,998,66,999,0,0,2,4,1,2,1,1,80,0,11,96,0,27,3,2020,6,2,2,8,3,3,1,3,1,0
340154,1,1,53,1,1,11,3,20,0,0,1,0,3,1,1,998,71,999,4,0,1,5,1,2,1,1,84,0,11,96,0,22,4,2020,4,11,2,9,3,2,1,1,1,0
340155,1,1,26,1,1,11,3,20,0,0,1,0,3,0,1,26,67,999,0,0,1,4,1,2,1,11,83,0,65,93,38,20,4,2020,2,10,2,15,3,2,1,1,1,0