ST_CASE,VEH_NO,PER_NO,AGE,SEX,PER_TYP,SEAT_POS,REST_USE,AIR_BAG,DRUGS,LOCATION,NUMOCCS,HIT_RUN,OWNER,V_CONFIG,HAZ_INV,TRAV_SP,DR_HGT,DR_WGT,PREV_SPD,SPEEDREL,VTRAFWAY,VNUM_LAN,VPROFILE,VPAVETYP,VSURCOND,P_CRASH1,P_CRASH2,DR_DRINK,VPICBODYCLASS,DRDISTRACT,DRIVERRF,DAY,MONTH,YEAR,DAY_WEEK,HOUR,RUR_URB,HARM_EV,RELJCT2,TYP_INT,REL_ROAD,LGT_COND,WEATHER,INJ_SEV
340157,1,1,57,1,1,11,20,20,1,0,1,0,1,0,1,998,72,999,0,0,1,2,1,2,1,1,10,0,60,96,6,17,4,2020,6,8,2,42,1,1,5,1,1,4
340158,1,1,999,9,1,11,99,98,8,0,99,1,9,99,1,999,999,999,99,9,2,2,1,2,1,99,82,0,999,99,0,26,4,2020,1,2,2,8,1,1,99,2,1,9
340159,1,1,56,1,1,11,3,20,8,0,3,0,3,1,1,998,64,999,0,0,1,2,1,2,1,13,81,1,11,93,36,27,4,2020,2,16,2,8,8,1,2,1,1,0
340160,1,1,30,1,1,11,20,9,1,0,1,0,1,0,1,998,74,229,0,0,3,4,1,2,1,1,52,1,13,96,6,6,4,2020,2,10,2,12,1,1,1,1,1,4
340161,1,1,59,1,1,11,20,20,1,0,1,0,1,0,1,998,73,999,0,5,1,2,6,2,1,14,10,1,81,93,0,8,4,2020,4,20,2,17,1,1,5,2,1,4
340163,1,1,27,2,1,11,8,9,0,0,1,0,2,0,1,998,63,999,0,0,2,4,1,2,1,1,17,0,7,7,39,22,4,2020,4,12,2,12,2,2,1,1,1,2
340164,1,1,97,1,1,11,3,9,8,0,1,0,1,0,1,998,68,999,0,0,1,2,1,2,2,12,21,0,13,93,48,29,3,2020,1,17,2,12,1,1,1,1,2,4
340166,1,1,46,1,1,11,3,20,0,0,1,0,3,1,1,0,70,999,0,0,3,2,1,2,1,98,60,0,11,96,0,30,5,2020,7,1,2,12,1,1,2,2,1,0
340167,1,1,19,2,1,11,99,98,0,0,3,1,1,0,1,998,62,999,0,0,1,2,1,2,1,1,98,0,15,96,73,2,5,2020,7,23,2,5,1,1,1,3,1,0
340168,1,1,65,1,1,11,3,20,0,0,1,0,1,0,1,20,71,999,1,0,2,2,5,2,2,14,80,0,60,96,39,29,5,2020,6,5,2,8,3,4,1,2,2,0
340170,1,1,50,2,1,11,3,20,8,0,1,0,1,0,1,998,60,999,0,0,3,3,6,2,1,1,80,0,8,96,6,2,5,2020,7,21,2,8,1,1,1,2,1,0
340171,1,1,57,1,1,11,99,99,1,0,1,0,3,0,1,998,73,999,0,9,3,3,1,2,1,1,11,0,9,96,36,11,5,2020,2,21,2,14,1,1,2,2,1,4
340172,1,1,78,1,1,11,3,20,1,0,1,0,1,0,1,998,67,999,0,0,1,5,1,2,1,1,80,0,13,93,38,16,5,2020,7,12,2,8,3,3,1,1,1,0
340173,1,1,82,2,1,11,3,9,9,0,1,0,1,0,1,998,62,999,0,0,3,3,1,2,2,14,13,0,13,96,6,28,5,2020,5,14,2,33,1,1,4,1,2,4
340174,1,1,38,2,1,11,8,1,1,0,5,0,1,0,1,998,67,999,1,3,3,4,1,2,1,1,51,1,8,96,36,17,5,2020,1,22,2,45,1,1,1,3,1,4
340175,1,1,91,2,1,11,3,20,0,0,1,1,1,0,1,998,66,999,0,0,1,2,5,2,1,11,83,0,13,93,38,30,5,2020,7,17,2,9,2,3,1,1,1,0
340176,1,1,76,1,1,11,8,9,0,0,1,0,1,0,1,998,70,999,0,0,1,4,1,2,1,1,13,0,13,96,0,29,5,2020,6,12,2,30,1,1,4,1,1,4
340177,1,1,38,2,1,11,8,2,1,0,1,0,2,0,1,998,64,999,0,0,3,2,1,2,1,1,80,0,13,96,0,2,5,2020,7,4,2,8,1,1,1,2,1,0
340178,1,1,51,1,1,11,3,20,0,0,3,0,3,21,1,998,74,999,0,0,2,4,1,2,1,11,15,0,16,96,0,30,5,2020,7,0,2,12,2,2,1,3,1,1
340179,1,1,71,1,1,11,20,1,1,0,1,0,1,0,1,998,69,999,0,0,6,1,1,2,1,14,12,1,7,93,36,11,5,2020,2,15,2,31,5,1,8,1,1,4
340180,1,1,22,1,1,11,3,8,1,0,2,0,2,0,1,100,64,110,0,3,3,2,2,2,1,1,6,0,13,93,36,14,5,2020,5,17,2,42,1,1,5,1,1,4
340181,1,1,24,1,1,11,20,20,1,0,1,0,1,0,1,105,71,999,0,3,2,2,3,2,2,1,6,0,3,96,36,25,5,2020,2,7,2,33,1,1,3,1,2,4
340182,1,1,31,1,1,11,20,20,1,0,1,0,3,0,1,998,70,175,1,0,3,3,1,2,1,15,51,0,80,93,27,26,5,2020,3,8,2,12,1,1,1,1,1,4
340183,1,1,66,1,1,11,20,20,0,0,1,0,1,0,1,998,999,999,0,5,3,2,1,2,1,15,6,1,3,96,0,11,5,2020,2,18,2,35,1,1,4,1,1,4
340184,1,1,30,1,1,11,20,20,0,0,1,0,1,0,1,998,72,999,0,0,3,3,1,2,1,1,10,1,80,96,36,31,5,2020,1,2,2,25,1,1,3,3,1,4
340186,1,1,24,1,1,11,3,20,0,0,1,0,1,0,1,998,65,999,0,0,1,4,1,2,1,2,80,0,7,96,0,28,5,2020,5,20,2,8,1,1,1,3,1,0
340187,1,1,63,1,1,11,20,20,0,0,1,0,1,2,1,998,71,999,1,0,1,2,1,2,1,1,98,0,11,96,6,16,6,2020,3,7,2,50,1,1,1,1,1,4
340188,1,1,43,1,1,11,99,99,1,0,1,0,1,0,1,998,65,999,0,0,2,2,1,2,1,14,1,1,95,93,57,17,6,2020,4,21,2,42,1,1,5,2,1,4
340189,1,1,45,1,1,11,20,20,1,0,1,0,1,0,1,998,76,999,1,5,2,2,1,2,1,1,60,0,81,99,26,28,6,2020,1,12,2,1,1,1,1,1,1,4
340190,1,1,68,2,1,11,3,20,0,0,1,1,1,0,1,998,57,999,0,0,2,4,1,2,1,1,80,0,7,96,0,4,6,2020,5,0,2,8,1,1,1,3,1,0
340191,1,1,24,1,1,11,20,20,1,0,1,0,2,0,1,998,72,999,1,0,2,4,1,2,1,14,1,0,60,96,0,28,6,2020,1,9,2,59,1,1,3,1,1,4
340192,1,1,53,1,1,11,3,20,0,0,1,0,3,6,1,998,66,999,0,0,3,3,1,2,1,1,52,0,66,96,26,26,6,2020,6,22,2,12,1,1,1,2,1,1
340193,1,1,20,1,1,11,3,8,0,0,1,0,3,0,1,52,69,999,0,3,1,4,1,2,1,1,17,0,13,96,0,21,5,2020,5,12,2,12,8,1,1,1,1,0
340194,1,1,40,1,1,11,3,20,1,0,1,0,3,1,1,998,65,999,0,0,3,2,1,2,2,1,9,0,65,96,6,5,6,2020,6,15,2,31,1,1,3,1,2,4
340195,1,1,17,1,1,11,3,20,0,0,1,0,2,0,1,998,65,999,0,0,1,2,6,2,1,11,15,0,13,96,38,28,6,2020,1,15,2,12,8,1,1,1,1,0
340196,1,1,61,1,1,11,3,20,0,0,1,0,3,6,1,998,999,999,0,0,3,2,1,2,1,1,13,0,66,96,36,30,5,2020,7,16,2,14,1,1,2,1,1,0
340198,1,1,47,1,1,11,3,20,0,0,1,0,1,0,1,998,69,999,0,0,1,4,1,2,1,11,17,0,7,93,38,25,6,2020,5,14,2,12,8,1,1,1,1,2
340199,1,1,81,2,1,11,8,8,1,0,2,0,1,0,1,998,63,140,0,0,2,3,1,2,1,1,17,0,13,96,39,19,6,2020,6,10,2,12,2,2,1,1,1,4
340200,1,1,29,1,1,11,8,1,0,0,1,0,1,0,1,998,70,999,0,0,1,4,6,2,1,14,66,0,13,96,0,12,6,2020,6,11,2,12,2,3,1,1,1,1
340201,1,1,53,1,1,11,3,20,0,0,3,0,1,0,1,998,70,999,0,0,1,2,6,2,1,1,62,0,60,96,0,13,6,2020,7,10,2,12,8,1,1,1,1,0
340203,1,1,35,1,1,11,20,20,1,0,1,0,5,0,1,998,68,999,0,0,6,1,5,2,1,14,12,1,80,96,36,27,6,2020,7,3,2,24,5,1,4,3,1,4
340204,1,1,19,1,1,11,20,20,1,0,3,0,2,0,1,998,68,999,1,0,1,2,1,2,1,14,9,1,60,96,6,14,6,2020,1,23,2,1,1,1,1,2,1,4
340205,1,1,81,2,1,11,8,1,9,0,1,0,2,0,1,998,60,999,0,0,1,2,1,2,1,1,50,0,9,96,38,19,6,2020,6,10,2,12,8,1,1,1,1,4
340206,1,1,43,1,1,11,3,20,0,0,3,0,2,0,1,998,999,999,0,0,1,4,1,2,1,1,80,0,13,96,0,19,6,2020,6,21,2,8,3,3,1,2,1,0
340207,1,1,37,1,1,11,8,1,9,0,4,0,1,0,1,998,66,999,0,0,3,3,1,2,1,1,13,0,7,96,6,11,6,2020,5,3,2,42,1,1,5,2,1,3
340209,1,1,38,1,1,11,99,98,0,0,2,0,2,0,1,998,72,999,0,0,3,3,1,2,1,1,80,0,13,96,0,14,6,2020,1,21,2,8,3,2,1,3,1,0
340210,1,1,74,1,1,11,3,20,0,0,2,0,2,0,1,998,71,999,0,0,1,2,1,2,1,1,80,0,13,96,39,5,6,2020,6,12,2,8,3,2,1,1,1,0
340211,1,1,17,1,1,11,20,9,1,0,3,0,2,0,1,998,72,160,0,9,1,2,1,2,1,1,12,0,13,96,0,13,6,2020,7,3,2,38,1,1,4,3,1,4
340212,1,1,76,2,1,11,8,1,0,0,1,0,1,0,1,998,67,999,0,0,1,4,1,2,1,11,15,0,7,96,38,4,6,2020,5,18,2,12,2,3,1,1,1,3
340213,1,1,999,1,1,11,20,98,0,0,1,0,5,0,1,998,999,999,99,0,3,3,1,2,1,1,1,0,95,96,80,7,6,2020,1,17,2,1,1,1,1,1,1,4
340214,1,1,23,1,1,11,99,98,0,0,1,0,1,0,1,998,71,999,0,0,2,4,1,2,1,1,83,0,13,96,0,7,6,2020,1,15,2,15,1,1,1,1,1,0
340215,2,1,37,1,1,11,99,20,9,0,1,1,3,6,1,998,69,999,0,5,3,2,1,2,2,14,50,0,66,96,0,3,6,2020,4,22,2,12,1,1,1,3,10,0
340217,1,1,28,1,1,11,20,20,0,0,1,0,0,0,1,74,71,999,0,3,3,2,5,1,1,1,6,0,80,96,6,2,6,2020,3,23,2,25,1,1,4,3,1,4
340218,1,1,63,1,1,11,20,20,0,0,1,0,1,0,1,998,68,190,0,0,1,2,1,2,1,14,10,0,94,93,28,19,7,2020,1,12,2,14,1,1,4,1,1,4
340219,1,1,62,1,1,11,20,20,9,0,1,0,1,0,1,998,72,230,0,0,3,2,3,7,1,1,13,0,83,96,6,26,7,2020,1,23,2,33,1,1,4,2,1,4
340220,1,1,27,1,1,11,20,20,0,0,1,0,3,1,1,998,71,260,0,0,1,4,1,2,1,14,12,0,63,93,0,6,7,2020,2,8,2,24,1,1,4,1,1,4
340221,1,1,999,9,1,11,99,20,8,0,99,1,9,0,1,998,999,999,99,9,1,2,1,2,1,1,80,0,7,96,999,2,7,2020,5,1,2,8,1,1,1,3,1,9
340223,1,1,62,1,1,11,3,20,0,0,1,0,1,0,1,998,68,999,0,0,2,6,1,2,1,1,80,0,13,0,0,28,7,2020,3,2,2,8,1,1,1,2,1,0
340224,1,1,48,1,1,11,3,20,0,0,1,0,9,99,1,998,63,999,0,0,1,2,1,2,1,1,53,0,999,96,0,28,7,2020,3,11,2,12,2,2,1,1,1,0
340225,1,1,94,1,1,11,8,1,0,0,1,0,1,0,1,998,72,999,0,0,2,6,1,2,1,1,17,0,13,96,39,25,6,2020,5,8,2,12,2,2,1,1,1,4
340226,1,1,36,1,1,11,3,20,0,0,1,0,1,0,1,998,73,999,1,0,2,2,8,2,1,1,80,0,5,93,38,24,7,2020,6,19,2,8,3,3,1,1,1,0
340227,1,1,19,2,1,11,99,99,9,0,5,0,2,0,1,998,65,999,0,3,3,2,1,2,1,1,13,0,13,96,73,9,6,2020,3,23,2,24,1,1,4,3,1,3
340228,1,1,34,1,1,11,20,1,1,0,1,0,1,0,1,998,67,999,0,0,1,2,1,2,1,1,17,1,60,93,39,5,7,2020,1,0,2,12,2,2,1,3,1,3
340229,1,1,19,2,1,11,20,9,0,0,1,0,2,0,1,998,60,999,0,0,3,3,1,2,1,12,15,1,13,96,48,24,5,2020,1,4,2,12,2,2,1,3,1,4
340230,1,1,50,1,1,11,20,20,0,0,1,0,1,0,1,998,73,220,0,0,6,2,5,1,1,14,13,0,80,96,0,25,7,2020,7,19,2,25,5,1,4,1,1,4
340231,1,1,34,1,1,11,20,20,0,0,1,0,1,0,1,998,73,999,0,0,1,2,1,2,1,1,17,0,80,96,0,7,6,2020,1,16,2,12,8,1,1,1,1,4
340233,1,1,25,1,1,11,8,9,0,0,1,0,1,0,1,998,68,999,0,0,3,3,1,2,1,15,51,1,13,96,27,19,7,2020,1,2,2,12,18,1,1,3,1,1
340234,1,1,48,1,1,11,20,1,8,0,1,1,2,0,1,998,77,300,0,0,1,2,1,2,1,1,10,1,13,93,36,12,7,2020,1,1,2,12,1,1,1,3,1,4
340236,1,1,20,1,1,11,3,20,0,0,2,0,1,0,1,998,72,999,0,0,1,4,1,2,1,11,80,0,3,93,38,30,7,2020,5,11,2,8,3,2,1,1,1,0
340237,1,1,26,2,1,11,20,9,1,0,2,0,2,0,1,998,64,999,0,5,1,2,1,2,1,1,9,0,13,96,6,10,7,2020,6,23,2,33,1,1,4,3,1,3
340238,1,1,58,1,1,11,3,20,0,0,1,0,1,0,1,998,67,999,0,0,2,2,6,2,1,15,80,0,13,96,0,2,7,2020,5,22,2,8,1,1,1,2,1,0
340239,1,1,32,1,1,11,8,1,0,0,3,0,1,0,1,998,65,999,0,0,3,3,1,2,1,1,50,0,7,93,36,12,7,2020,1,5,2,12,3,3,1,6,1,9
340240,1,1,53,1,1,11,3,20,0,0,1,0,1,0,1,998,71,999,0,0,1,2,1,2,1,1,80,0,7,93,38,29,7,2020,4,9,2,8,3,3,1,1,1,0
340241,1,1,27,1,1,11,3,20,0,0,1,0,1,0,1,998,70,999,0,0,1,2,1,2,1,1,80,0,13,96,0,30,7,2020,5,20,2,8,1,1,1,3,1,0
340242,1,1,70,1,1,11,20,9,8,0,1,0,1,0,1,998,69,999,0,0,1,2,5,2,1,1,11,0,7,96,6,25,7,2020,7,22,2,31,1,1,4,2,1,4
340243,1,1,63,1,1,11,3,20,0,0,1,0,1,0,1,998,72,999,1,0,2,4,1,2,1,1,80,0,60,0,0,13,7,2020,2,21,2,8,1,1,1,2,1,0
340245,1,1,25,1,1,11,3,20,8,0,1,0,2,0,1,998,69,999,0,5,1,2,1,2,1,1,80,1,7,96,36,26,7,2020,1,7,2,8,1,1,1,1,1,0
340246,3,1,29,1,1,11,3,20,0,0,1,0,2,0,1,998,69,999,0,0,4,1,1,2,1,8,80,0,13,93,31,4,7,2020,7,3,2,14,3,2,2,6,1,0
340247,1,1,999,9,1,11,99,20,9,0,99,1,9,99,1,998,999,999,99,9,4,2,1,2,6,1,12,0,999,99,0,6,7,2020,2,19,2,33,1,1,3,1,1,9
340249,1,1,20,1,1,11,3,20,0,0,1,0,2,0,1,998,73,999,0,0,1,2,1,2,1,1,80,0,13,96,0,4,7,2020,7,20,2,8,1,1,1,3,1,0
340250,1,1,26,1,1,11,20,20,0,0,1,0,2,0,1,998,65,999,0,5,1,2,5,2,1,1,10,1,94,93,0,26,7,2020,1,2,2,31,3,2,4,3,1,4
340251,1,1,20,2,1,11,8,2,1,0,3,0,0,0,1,998,65,999,0,3,3,3,1,2,1,1,13,1,15,96,36,11,7,2020,7,22,2,30,1,1,4,3,1,3
340252,1,1,68,1,1,11,8,9,0,0,1,0,1,0,1,998,70,165,0,0,2,6,1,2,1,1,17,0,60,96,0,19,6,2020,6,17,2,12,2,3,1,1,1,1
340253,1,1,29,2,1,11,3,20,0,0,1,0,2,0,1,998,67,999,0,0,1,2,1,2,1,1,83,0,7,0,0,2,7,2020,5,16,2,9,1,1,1,1,1,0
340254,1,1,31,2,1,11,3,20,0,0,2,0,1,0,1,998,61,999,1,0,1,2,1,2,1,11,15,0,60,96,0,30,7,2020,5,20,2,12,2,2,1,5,1,0
340257,1,1,59,1,1,11,20,20,0,0,1,0,2,0,1,998,72,999,0,9,3,3,1,2,1,14,98,0,13,96,0,21,7,2020,3,10,2,2,1,1,1,1,1,4
340258,1,1,37,1,1,11,8,9,0,0,2,0,2,0,1,998,72,999,0,0,3,3,1,2,1,1,51,0,7,96,0,6,7,2020,2,2,2,12,1,1,1,2,1,2
340259,1,1,25,1,1,11,20,20,1,0,3,0,2,0,1,998,66,999,0,5,3,5,1,2,1,1,9,0,13,96,36,13,7,2020,2,22,2,42,1,1,5,2,1,4
340260,1,1,37,1,1,11,3,20,0,0,1,0,3,1,1,998,68,999,0,0,1,2,1,2,1,10,83,0,11,93,0,29,7,2020,4,14,2,9,2,2,1,1,1,0
340261,1,1,27,1,1,11,20,20,1,0,2,0,3,0,1,998,71,999,0,0,3,2,1,2,1,1,8,1,81,96,6,16,7,2020,5,23,2,1,1,1,1,3,1,2
340262,1,1,51,1,1,11,8,2,0,0,1,0,1,0,1,998,76,999,0,0,2,4,1,2,1,11,15,0,13,96,0,15,7,2020,4,22,2,12,2,3,1,3,1,2
340263,1,1,41,1,1,11,3,20,0,0,1,0,1,0,1,998,65,999,0,0,2,4,1,2,1,1,80,0,7,96,0,26,7,2020,1,4,2,8,1,1,1,2,1,0
340264,1,1,999,9,1,11,99,20,8,0,99,1,9,99,1,998,999,999,99,0,2,5,1,2,1,1,80,0,999,96,0,15,7,2020,4,1,2,8,3,2,1,3,1,0
340265,1,1,36,1,1,11,3,20,0,0,1,0,2,0,1,998,68,999,0,0,1,2,1,2,1,1,82,0,13,96,0,2,6,2020,3,3,2,8,3,3,1,3,1,0
340266,1,1,38,1,1,11,20,20,0,0,1,0,1,0,1,998,72,999,0,0,6,1,1,2,1,1,8,0,81,93,0,20,7,2020,2,12,2,24,5,1,4,1,1,4
340267,1,1,26,1,1,11,20,20,1,0,1,0,1,0,1,998,69,999,2,3,3,3,5,2,1,1,10,1,80,96,36,21,7,2020,3,22,2,24,1,1,3,3,1,4
340268,1,1,43,1,1,11,20,20,0,0,1,0,1,0,1,998,72,999,0,0,1,2,5,2,1,14,12,1,94,93,6,19,6,2020,6,23,2,39,1,1,5,3,1,4
340269,1,1,25,2,1,11,3,8,0,0,1,0,1,0,1,998,65,999,1,0,3,3,1,2,1,2,53,0,13,99,80,13,7,2020,2,18,2,12,1,1,1,1,1,4
340270,1,1,57,1,1,11,20,20,0,0,1,0,1,0,1,998,68,999,0,5,3,3,1,2,1,1,13,1,94,99,36,24,6,2020,4,19,2,33,1,1,4,1,1,4
340271,1,1,24,1,1,11,20,20,0,0,1,0,1,0,1,998,70,999,0,3,1,4,1,2,1,15,52,0,98,93,27,17,6,2020,4,19,2,12,3,3,1,1,1,4
340272,1,1,57,1,1,11,3,20,0,0,1,0,3,2,1,998,71,999,0,0,1,2,1,2,1,1,17,0,11,96,0,11,7,2020,7,8,2,12,2,2,1,1,1,0
340273,1,1,23,2,1,11,8,9,0,0,2,0,2,0,1,998,64,999,0,0,1,2,1,2,1,17,10,0,13,0,28,4,6,2020,5,11,2,12,1,1,1,1,1,4
340275,1,1,34,1,1,11,3,20,1,0,3,0,2,0,1,998,68,999,1,0,1,3,1,2,2,17,80,0,5,0,0,6,7,2020,2,22,2,8,2,2,1,3,2,0
340276,1,1,64,1,1,11,3,20,0,0,1,0,3,0,1,998,72,999,0,0,1,2,1,2,1,10,80,0,60,93,38,11,8,2020,3,14,2,8,3,2,1,1,1,0
340277,1,1,56,1,1,11,20,20,0,0,1,0,0,0,1,998,68,999,0,0,1,2,1,2,1,1,13,0,105,93,0,25,8,2020,3,1,2,41,1,1,4,3,1,4
340278,1,1,19,1,1,11,8,2,1,0,1,0,1,0,1,998,64,999,1,3,1,2,1,2,1,1,52,1,13,93,38,22,8,2020,7,22,2,12,1,1,1,2,1,0
340279,1,1,72,1,1,11,20,20,0,0,1,0,1,0,1,998,70,244,0,0,1,2,1,2,1,14,13,0,9,96,0,1,8,2020,7,18,2,33,3,3,4,1,1,4
340280,1,1,43,1,1,11,8,1,1,0,1,0,1,0,1,70,67,999,1,3,1,2,1,2,1,14,13,1,1,93,0,18,8,2020,3,17,2,30,1,1,4,1,1,4
340281,1,1,40,1,1,11,3,20,0,0,1,0,3,1,1,998,70,999,0,5,3,3,1,2,1,1,52,0,11,93,26,25,8,2020,3,10,2,12,3,2,1,1,1,0
340282,1,1,80,1,1,11,3,20,9,0,1,0,1,0,1,0,68,999,0,0,2,4,1,2,1,5,53,0,7,96,6,11,7,2020,7,11,2,12,7,1,1,1,1,0
340283,1,1,61,1,1,11,20,1,0,0,1,0,3,0,1,998,68,999,0,0,1,2,1,2,1,1,13,0,2,96,0,28,7,2020,3,2,2,33,1,1,4,3,1,4
340284,1,1,26,1,1,11,8,9,8,0,2,0,3,0,1,998,67,999,0,0,3,2,1,2,1,1,10,0,9,98,0,17,8,2020,2,11,2,42,1,1,3,1,1,3
340285,1,1,36,1,1,11,20,1,0,0,1,0,2,0,1,998,68,999,0,0,3,5,1,2,1,1,61,0,13,0,0,6,6,2020,7,22,2,12,17,1,1,3,1,2
340286,1,1,29,1,1,11,99,99,0,0,2,0,1,0,1,998,70,999,1,0,3,4,1,2,1,1,51,1,13,96,36,29,7,2020,4,3,2,12,1,1,1,2,1,4
340287,1,1,20,1,1,11,3,9,1,0,3,0,2,0,1,998,75,999,0,5,2,2,5,2,2,14,13,0,13,93,73,3,8,2020,2,21,2,33,1,1,4,3,2,4
340289,1,1,17,2,1,11,3,20,0,0,1,0,2,0,1,998,67,999,0,0,1,2,1,2,1,1,83,0,13,96,0,19,7,2020,1,11,2,9,2,3,1,1,1,5
340290,1,1,60,1,1,11,3,20,0,0,1,0,1,0,1,42,74,999,0,0,2,4,1,2,1,1,80,0,95,96,0,14,8,2020,6,5,2,8,1,1,1,3,5,0
340291,1,1,24,1,1,11,3,20,1,0,1,0,2,0,1,998,73,999,0,0,1,7,1,2,1,1,80,1,13,96,0,9,8,2020,1,3,2,8,1,1,1,3,1,0
340292,1,1,43,1,1,11,3,1,0,0,1,0,1,0,1,998,68,999,0,0,3,3,1,2,2,1,80,0,8,96,0,31,8,2020,2,23,2,8,1,1,1,2,1,0
340293,1,1,52,1,1,11,3,98,9,0,2,0,1,0,1,998,73,999,0,0,3,3,8,8,1,99,53,0,7,96,0,27,8,2020,5,9,2,12,1,1,1,1,1,4
340294,1,1,22,1,1,11,20,20,0,0,1,0,2,0,1,998,68,999,0,0,1,2,1,2,1,4,19,1,94,93,36,15,8,2020,7,23,2,33,1,1,4,3,1,4
340295,1,1,51,1,1,11,3,20,1,0,1,0,3,0,1,998,70,195,0,0,1,2,5,2,1,1,12,0,7,96,0,17,8,2020,2,8,2,30,1,1,4,1,1,4
340298,1,1,52,1,1,11,20,9,0,0,2,0,1,0,1,998,70,250,0,3,1,2,1,2,1,14,12,1,3,93,36,21,8,2020,6,23,2,31,1,1,4,3,1,4
340299,1,1,47,1,1,11,20,20,1,0,1,0,1,0,1,998,67,999,0,5,1,4,1,2,1,1,17,1,80,93,36,22,8,2020,7,21,2,12,2,2,1,3,1,4
340300,1,1,39,1,1,11,20,20,0,0,1,0,1,0,1,998,69,999,1,5,2,2,1,2,1,10,10,0,6,96,28,19,8,2020,4,17,2,12,3,3,1,1,1,4
340302,1,1,18,1,1,11,8,9,0,0,4,0,1,0,1,998,67,999,0,5,1,2,1,2,2,14,6,0,3,96,36,31,8,2020,2,23,2,33,1,1,4,3,2,1
340303,1,1,999,2,1,11,99,1,9,0,4,0,1,0,1,998,64,999,0,0,1,2,1,2,1,1,10,0,7,96,28,30,8,2020,1,18,2,12,1,1,1,1,1,3
340304,1,1,30,2,1,11,99,98,9,0,2,0,2,0,1,998,67,999,0,0,1,2,1,2,1,1,17,0,13,96,39,11,8,2020,3,20,2,12,2,2,1,3,1,1
340305,1,1,71,2,1,11,98,98,0,0,1,0,1,0,1,998,68,999,0,0,1,2,1,2,1,99,50,0,13,96,38,22,6,2020,2,14,2,12,3,2,1,1,1,4
340306,1,1,23,1,1,11,20,20,1,0,1,0,2,0,1,998,71,205,1,0,1,2,1,2,1,11,9,1,80,96,0,1,8,2020,7,22,2,42,3,4,5,2,1,4
340307,1,1,70,1,1,11,20,20,0,0,1,0,1,0,1,998,68,999,0,0,2,2,1,2,1,1,12,1,13,96,6,21,8,2020,6,4,2,42,1,1,3,2,1,4
340310,1,1,29,1,1,11,3,20,0,0,1,0,1,0,1,998,76,999,0,0,3,3,1,2,1,1,80,0,13,96,0,20,7,2020,2,1,2,8,3,2,1,3,1,0
340311,1,1,64,1,1,11,3,20,0,0,1,0,1,0,1,998,72,999,0,0,3,5,1,1,1,1,98,0,13,96,0,12,8,2020,4,19,2,2,1,1,1,5,1,4
340312,1,1,45,1,1,11,8,9,9,0,2,0,3,0,1,998,69,999,0,0,3,4,1,2,1,1,50,0,95,92,6,31,8,2020,2,5,2,12,1,1,1,2,1,1
340313,1,1,51,2,1,11,3,8,0,0,1,0,2,0,1,998,66,127,0,0,1,2,1,2,2,1,17,0,13,96,39,23,8,2020,1,16,2,12,2,2,1,1,2,2
340314,1,1,51,2,1,11,3,20,0,0,1,0,1,0,1,998,63,999,0,0,3,5,1,2,1,15,53,0,8,96,0,16,8,2020,1,1,2,12,1,1,1,2,1,1
340315,1,1,41,1,1,11,20,20,1,0,1,0,9,0,1,998,69,999,0,0,3,3,1,2,1,1,9,0,80,96,0,6,8,2020,5,16,2,5,1,1,1,1,1,4
340316,1,1,42,2,1,11,3,20,0,0,1,0,2,0,1,998,60,999,0,0,3,4,1,2,1,1,80,0,7,0,0,3,8,2020,2,3,2,8,1,1,1,3,1,0
340317,1,1,26,1,1,11,8,9,0,0,1,0,2,0,1,998,69,200,2,0,1,4,1,2,2,1,13,0,13,99,0,29,8,2020,7,11,2,33,1,1,4,1,2,4
340318,1,1,27,1,1,11,20,1,1,0,3,0,1,0,1,998,73,229,1,5,1,2,1,2,1,14,12,1,13,96,0,16,8,2020,1,1,2,30,1,1,4,3,1,4
340319,1,1,22,2,1,11,8,1,0,0,3,0,1,0,1,998,65,999,0,0,3,2,1,2,1,1,13,0,7,10,6,13,8,2020,5,18,2,42,1,1,5,1,1,3
340321,1,1,27,2,1,11,3,20,0,0,5,0,2,0,1,998,63,999,0,5,1,4,1,2,1,15,11,0,13,96,27,26,8,2020,4,18,2,12,1,1,1,1,1,1
340322,1,1,76,1,1,11,8,9,0,0,1,0,1,0,1,998,69,210,0,0,1,2,1,2,2,1,12,0,13,96,0,29,8,2020,7,15,2,38,1,1,5,1,10,4
340323,1,1,59,1,1,11,3,9,0,0,1,0,1,0,1,998,68,999,0,0,1,2,1,2,1,1,66,0,13,96,0,9,8,2020,1,21,2,12,2,2,1,3,1,4
340324,1,1,36,1,1,11,20,20,1,0,1,0,1,0,1,998,70,999,0,5,1,4,6,2,1,15,52,0,81,99,27,9,7,2020,5,22,2,12,1,1,1,2,1,4
340325,1,1,24,1,1,11,3,20,0,0,1,0,2,1,1,998,68,999,0,0,1,2,1,2,1,1,80,0,62,96,0,14,9,2020,2,0,2,8,1,1,1,2,1,0
340326,1,1,31,1,1,11,8,9,8,0,1,0,2,0,1,998,73,999,0,5,3,4,1,2,1,1,51,1,13,96,36,27,6,2020,7,2,2,12,1,1,1,3,1,0
340327,1,1,999,9,1,11,99,99,9,0,99,1,9,99,1,998,999,999,99,9,1,2,3,2,2,1,80,0,999,96,38,3,7,2020,6,23,2,8,3,3,1,3,2,9