ST_CASE,VEH_NO,PER_NO,AGE,SEX,PER_TYP,SEAT_POS,REST_USE,AIR_BAG,DRUGS,LOCATION,NUMOCCS,HIT_RUN,OWNER,V_CONFIG,HAZ_INV,TRAV_SP,DR_HGT,DR_WGT,PREV_SPD,SPEEDREL,VTRAFWAY,VNUM_LAN,VPROFILE,VPAVETYP,VSURCOND,P_CRASH1,P_CRASH2,DR_DRINK,VPICBODYCLASS,DRDISTRACT,DRIVERRF,DAY,MONTH,YEAR,DAY_WEEK,HOUR,RUR_URB,HARM_EV,RELJCT2,TYP_INT,REL_ROAD,LGT_COND,WEATHER,INJ_SEV
340329,1,1,34,1,1,11,3,20,0,0,2,0,1,0,1,998,71,999,0,0,3,4,1,2,1,1,80,0,13,0,0,15,8,2020,7,23,2,8,1,1,1,3,1,0
340330,1,1,54,2,1,11,3,20,0,0,1,1,2,0,1,998,63,999,0,0,1,2,1,2,1,1,83,0,7,96,0,17,9,2020,5,5,2,15,1,1,1,2,1,0
340331,1,1,79,1,1,11,8,1,0,0,2,0,1,0,1,998,71,999,0,0,1,2,1,2,1,1,17,0,7,96,39,5,9,2020,7,16,2,12,2,2,1,1,1,0
340332,1,1,19,1,2,13,3,20,8,0,3,0,3,0,1,998,68,999,0,0,1,4,1,2,1,1,53,0,60,96,0,10,9,2020,5,11,2,12,1,1,1,1,10,0
340333,1,1,42,2,1,11,8,9,0,0,2,0,1,0,1,998,62,999,0,0,1,2,1,2,1,1,80,0,7,0,0,25,9,2020,6,19,2,8,1,1,1,2,1,0
340334,1,1,23,1,1,11,20,20,0,0,1,0,1,0,1,998,70,999,0,0,1,2,1,2,1,14,13,0,94,96,0,5,9,2020,7,16,2,53,1,1,4,1,1,4
340335,1,1,22,1,1,11,20,20,0,0,1,0,0,0,1,998,71,999,0,9,1,2,1,2,1,99,99,1,84,96,36,18,9,2020,6,17,2,30,1,1,4,1,1,4
340338,1,1,32,1,1,11,20,9,1,0,2,0,2,0,1,998,66,999,1,0,1,2,5,2,1,1,10,0,13,96,28,24,9,2020,5,12,2,12,1,1,1,1,10,4
340339,1,1,43,1,1,11,20,20,9,0,1,0,5,0,1,998,999,999,0,0,6,2,1,1,1,14,10,0,98,96,0,20,9,2020,1,16,2,25,5,1,3,1,1,4
340341,1,1,17,1,1,11,20,3,1,0,3,0,2,0,1,998,68,999,0,3,2,4,1,2,1,1,9,0,13,96,73,12,9,2020,7,23,2,1,1,1,3,2,1,4
340342,1,1,71,1,1,11,2,20,0,0,2,0,1,0,1,998,72,999,0,0,2,4,1,2,1,1,80,1,7,96,0,30,9,2020,4,21,2,8,1,1,1,3,1,0
340343,1,1,17,1,1,11,3,20,0,0,1,0,2,0,1,55,69,999,0,0,1,2,1,2,1,1,80,0,7,0,73,5,9,2020,7,21,2,8,1,1,1,2,1,0
340344,1,1,37,1,1,11,8,9,0,0,4,0,2,0,1,998,70,999,0,0,2,4,1,2,1,11,15,0,13,96,38,1,9,2020,3,21,2,12,2,2,1,3,1,1
340345,1,1,59,1,1,11,3,20,0,0,3,0,2,0,1,998,68,165,0,0,1,2,1,2,1,1,80,0,13,99,0,23,9,2020,4,19,2,8,1,1,1,2,1,2
340346,1,1,55,1,1,11,8,9,0,0,1,0,1,0,1,998,72,999,0,0,3,3,1,2,2,1,50,0,7,96,0,10,9,2020,5,4,2,12,1,1,1,2,2,0
340347,1,1,23,1,1,11,20,20,0,0,1,0,1,0,1,998,70,999,0,0,3,4,1,2,1,99,99,1,94,93,999,20,8,2020,5,13,2,12,1,1,1,1,1,4
340348,1,1,37,1,1,11,99,98,0,0,1,1,2,0,1,998,999,999,1,0,2,3,1,2,1,1,11,1,7,96,91,5,9,2020,7,23,2,8,1,1,2,2,1,0
340349,1,1,31,1,1,11,20,20,0,0,1,0,0,0,1,998,69,999,0,0,1,2,1,2,1,1,9,0,69,99,6,26,9,2020,7,22,2,5,1,1,1,3,1,4
340350,1,1,25,1,1,11,20,20,1,0,1,0,1,0,1,88,71,999,1,3,1,2,6,2,1,1,70,0,94,0,0,14,9,2020,2,11,2,12,8,1,1,1,1,4
340351,1,1,70,2,1,11,3,20,0,0,1,0,1,0,1,998,63,999,0,0,1,2,1,2,1,1,17,0,7,96,38,16,9,2020,4,8,2,12,2,2,1,1,1,2
340352,1,1,66,2,1,11,3,20,0,0,1,0,3,0,1,998,65,999,0,0,1,2,6,2,1,1,80,0,7,0,0,18,9,2020,6,22,2,8,1,1,1,3,1,0
340353,1,1,56,1,1,11,2,20,0,0,1,0,1,0,1,998,68,999,0,0,1,2,1,2,1,1,80,1,60,96,36,18,9,2020,6,15,2,8,3,3,1,1,1,0
340354,1,1,29,1,1,11,20,20,0,0,2,0,2,0,1,998,66,150,0,5,3,3,1,2,1,1,9,1,3,96,36,28,9,2020,2,16,2,33,3,2,4,1,1,4
340355,1,1,73,2,1,11,20,9,0,0,1,0,1,0,1,998,64,999,0,0,1,2,1,2,1,1,17,0,7,93,38,10,9,2020,5,13,2,12,2,2,1,1,1,4
340356,1,1,56,1,1,11,3,20,0,0,1,0,1,0,1,998,66,999,0,0,2,4,1,2,1,1,80,0,13,96,0,7,9,2020,2,2,2,8,1,1,1,3,1,0
340357,1,1,66,1,1,11,3,20,0,0,1,0,2,0,1,998,72,999,0,0,6,1,1,2,1,14,83,0,7,96,0,11,9,2020,6,20,2,9,20,1,1,3,1,0
340358,1,1,31,1,1,11,99,20,9,0,1,1,2,0,1,998,72,999,0,9,1,4,5,2,2,1,80,0,5,99,38,3,9,2020,5,6,2,8,1,1,1,4,1,0
340359,1,1,58,2,1,11,3,20,0,0,1,0,1,0,1,998,62,999,0,0,1,4,1,2,1,1,80,0,7,96,0,4,9,2020,6,5,2,8,3,2,1,3,1,0
340360,1,1,54,2,1,11,3,20,0,0,1,0,1,0,1,998,62,999,0,0,1,2,1,2,2,1,80,0,7,96,0,10,9,2020,5,21,2,8,1,1,1,3,1,0
340361,1,1,34,1,1,11,3,20,0,0,1,0,1,0,1,998,72,999,0,0,3,2,1,2,1,1,80,0,7,96,0,30,9,2020,4,21,2,8,1,1,1,2,1,0
340363,1,1,38,1,1,11,3,20,0,0,1,0,3,2,1,998,71,999,0,0,1,2,1,2,1,1,51,0,11,93,36,21,9,2020,2,11,2,12,1,1,1,1,1,0
340365,1,1,26,1,1,11,20,8,1,0,1,0,4,0,1,998,67,190,0,0,2,4,1,2,1,14,54,1,13,96,51,26,9,2020,7,23,2,12,1,1,1,3,1,4
340366,1,1,47,1,1,11,20,20,0,0,1,0,1,0,1,998,68,999,0,0,3,3,1,2,1,1,12,1,94,96,0,27,9,2020,1,1,2,35,1,1,3,3,5,4
340367,1,1,56,1,1,11,3,20,0,0,1,0,3,0,1,998,61,999,0,0,2,3,5,2,1,10,16,0,95,96,38,19,9,2020,7,14,2,12,2,3,1,1,1,9
340368,1,1,22,1,1,11,3,20,0,0,4,0,1,0,1,998,64,999,0,0,2,4,1,2,1,1,80,0,13,96,0,14,9,2020,2,0,2,8,1,1,1,3,1,0
340369,1,1,77,1,1,11,8,9,0,0,2,0,2,0,1,998,74,999,0,0,2,4,1,2,1,1,17,0,7,96,39,4,8,2020,3,19,2,12,2,2,1,1,1,3
340370,1,1,33,2,1,11,20,9,1,0,1,0,1,0,1,998,64,999,0,0,1,2,1,2,1,14,13,1,7,96,36,24,8,2020,2,18,2,30,1,1,4,2,1,4
340372,1,1,999,9,1,11,99,20,8,0,99,1,9,99,1,998,999,999,99,0,1,2,1,2,2,1,80,0,999,99,0,28,9,2020,2,2,2,8,3,3,1,3,2,9
340373,1,1,26,1,1,11,3,98,1,0,2,0,1,0,1,998,69,999,1,0,3,5,1,2,1,1,50,0,60,96,0,14,9,2020,2,20,2,45,1,1,1,3,1,4
340374,1,1,38,1,1,11,3,99,0,0,1,0,3,0,1,998,71,999,0,5,3,3,5,1,1,14,99,0,13,96,0,15,9,2020,3,22,2,24,1,1,4,2,1,4
340376,1,1,48,1,1,11,3,20,9,0,2,0,2,6,1,998,64,146,0,0,3,3,1,1,2,2,53,0,66,96,0,30,9,2020,4,2,2,12,1,1,1,3,1,0
340377,1,1,43,2,1,11,8,8,0,0,2,0,2,0,1,998,70,999,0,0,3,3,1,2,1,16,10,1,3,96,6,13,9,2020,1,2,2,12,1,1,1,3,1,4
340378,1,1,35,1,1,11,99,20,9,0,2,1,4,0,1,998,69,999,2,9,1,6,1,2,1,1,80,0,7,96,0,15,8,2020,7,23,2,8,1,1,1,3,1,0
340379,1,1,56,2,1,11,3,20,0,0,1,0,1,0,1,39,65,999,0,0,1,4,1,2,1,1,80,0,7,96,0,31,10,2020,7,18,2,8,1,1,1,3,1,0
340380,1,1,15,1,1,11,20,1,0,0,3,0,2,0,1,998,64,999,0,0,3,3,1,2,2,15,13,0,13,96,73,25,10,2020,1,20,2,24,1,1,4,2,2,3
340384,1,1,25,1,1,11,8,1,9,0,1,0,1,0,1,998,66,999,0,0,2,2,1,2,1,1,54,1,13,96,50,20,9,2020,1,1,2,12,1,1,1,2,1,3
340385,1,1,28,2,1,11,3,20,1,0,2,0,1,0,1,998,66,999,0,0,3,2,1,2,1,1,13,0,7,96,36,16,8,2020,1,17,2,33,98,1,4,1,10,3
340386,1,1,36,2,1,11,3,20,0,0,1,0,2,0,1,998,63,160,99,5,2,4,1,2,2,1,9,0,5,96,6,17,10,2020,7,5,2,33,1,1,4,3,2,4
340387,1,1,35,2,1,11,3,1,1,0,1,0,1,0,1,998,63,148,0,0,1,2,1,2,1,1,10,0,13,6,36,13,10,2020,3,16,2,12,1,1,1,1,1,4
340388,1,1,19,1,1,11,3,1,0,0,1,0,2,0,1,998,66,999,0,0,2,3,1,2,1,1,17,0,7,96,39,22,10,2020,5,12,2,12,2,2,1,1,1,0
340389,1,1,41,1,1,11,8,1,0,0,1,0,1,0,1,998,69,999,0,0,3,3,1,2,1,1,11,1,7,96,36,18,9,2020,6,21,2,14,1,1,2,3,1,1
340390,1,1,31,1,1,11,20,20,1,0,1,0,1,0,1,998,72,189,0,5,3,3,1,2,1,1,12,1,80,96,0,25,9,2020,6,23,2,24,1,1,3,2,1,4
340391,1,1,23,1,1,11,8,1,9,0,2,0,2,0,1,998,76,999,0,3,1,2,6,2,1,1,13,0,13,96,36,27,10,2020,3,20,2,42,1,1,5,2,1,4
340392,1,1,81,1,1,11,8,8,0,0,1,0,1,0,1,998,70,999,0,0,1,2,1,2,1,11,15,0,7,96,38,22,10,2020,5,14,2,12,2,3,1,1,1,2
340393,1,1,77,1,1,11,99,20,9,0,99,1,1,0,1,998,68,999,0,0,1,4,1,2,2,6,80,0,60,99,6,20,10,2020,3,6,2,8,3,3,1,3,10,0
340394,1,1,67,1,1,11,20,1,0,0,1,0,2,0,1,998,66,999,0,0,1,4,1,2,2,11,15,0,13,96,38,30,10,2020,6,11,2,12,2,4,1,1,2,4
340395,1,1,25,2,1,11,20,9,1,0,1,0,2,0,1,998,70,999,2,5,1,2,1,2,1,1,12,0,13,96,36,9,10,2020,6,23,2,43,1,1,4,2,1,4
340398,1,1,55,1,1,11,8,9,0,0,1,0,3,1,1,998,70,999,0,0,3,3,1,2,2,1,54,0,60,93,51,26,10,2020,2,5,2,12,2,2,1,3,2,3
340399,1,1,31,1,1,11,20,9,0,0,1,0,2,0,1,72,72,999,1,3,1,2,1,2,1,1,54,1,60,96,36,31,10,2020,7,20,2,12,3,2,1,3,1,3
340400,1,1,55,2,1,11,20,1,1,0,1,0,1,0,1,998,70,999,0,4,1,4,5,2,2,14,6,0,60,96,6,20,10,2020,3,10,2,33,1,1,4,1,10,4
340401,1,1,999,9,1,11,99,98,8,0,99,1,9,99,1,998,999,999,99,0,3,3,1,2,1,1,80,0,999,96,0,31,10,2020,7,23,2,8,3,2,1,3,1,0
340402,1,1,56,2,1,11,3,20,0,0,1,0,1,0,1,998,64,999,0,0,1,2,1,2,1,1,83,0,8,96,0,1,10,2020,5,16,2,15,1,1,1,1,1,0
340403,1,1,90,1,1,11,20,8,9,0,1,0,2,0,1,998,71,999,0,5,1,3,1,2,1,99,9,0,60,96,6,1,10,2020,5,10,2,33,3,2,4,1,1,4
340404,1,1,33,2,1,11,98,98,0,0,4,0,2,0,1,998,62,999,0,0,2,5,1,2,1,1,80,0,7,0,0,3,10,2020,7,23,2,8,2,2,1,2,1,9
340405,1,1,31,1,1,11,3,20,0,0,3,0,3,0,1,998,72,999,1,0,3,4,1,2,2,1,83,0,7,96,0,1,10,2020,5,21,2,9,2,2,1,3,2,9
340406,1,1,999,9,1,11,99,20,9,0,99,1,9,99,1,998,999,999,99,9,1,2,1,2,1,1,80,0,999,99,999,15,10,2020,5,19,2,8,1,1,1,3,1,9
340407,1,1,70,1,1,11,3,20,0,0,1,0,1,0,1,998,63,999,0,0,2,2,5,2,1,14,80,0,3,96,0,2,10,2020,6,19,2,8,1,1,1,2,1,0
340408,1,1,30,1,1,11,3,20,0,0,1,0,2,0,1,998,67,999,0,0,1,2,5,2,1,1,80,0,7,93,0,1,10,2020,5,5,2,8,3,2,1,4,1,0
340409,1,1,18,2,1,11,3,20,0,0,3,0,2,0,1,998,63,999,0,0,1,2,5,2,1,1,80,0,7,96,0,6,10,2020,3,18,2,8,1,1,1,5,1,0
340410,1,1,29,1,1,11,20,9,1,0,1,0,3,0,1,998,74,999,0,5,6,1,1,2,1,14,54,1,7,96,36,13,10,2020,3,16,2,12,20,1,1,1,1,4
340411,1,1,999,9,1,11,99,98,9,0,1,1,5,0,1,998,999,999,99,0,1,2,1,2,1,1,66,0,7,96,39,15,10,2020,5,21,2,12,2,2,1,3,1,9
340412,1,1,19,2,1,11,8,2,0,0,1,0,2,0,1,998,60,999,0,0,2,5,1,2,1,11,15,0,7,96,38,21,10,2020,4,17,2,12,2,2,1,1,1,1
340413,1,1,32,1,1,11,3,20,0,0,3,0,2,0,1,998,68,999,0,0,2,5,1,2,1,1,51,0,7,96,0,1,10,2020,5,2,2,12,1,1,1,3,1,1
340414,1,1,38,1,1,11,8,99,1,0,3,0,2,0,1,998,66,999,0,0,3,3,1,2,1,1,12,0,2,96,0,20,9,2020,1,16,2,42,1,1,3,1,1,4
340415,1,1,18,1,1,11,3,20,0,0,2,0,2,0,1,998,72,999,0,0,3,3,1,2,1,1,80,0,5,96,0,10,10,2020,7,5,2,8,1,1,1,3,1,0
340416,1,1,60,1,1,11,3,20,0,0,1,0,1,0,1,0,67,999,0,0,1,5,1,2,2,5,53,0,13,0,0,30,10,2020,6,10,2,12,3,2,1,1,2,4
340417,1,1,23,1,1,11,99,99,0,0,1,0,2,0,1,998,66,999,0,5,1,2,1,2,2,1,51,1,13,0,36,11,10,2020,1,22,2,12,1,1,1,2,2,4
340418,1,1,65,2,1,11,3,20,1,0,1,0,2,0,1,998,66,999,0,0,1,2,1,2,1,1,80,0,7,96,0,28,10,2020,4,19,2,8,3,2,1,3,1,9
340419,1,1,32,1,1,11,20,20,0,0,1,0,1,0,1,998,71,999,0,0,4,1,5,2,2,14,19,1,81,93,0,22,10,2020,5,20,2,42,3,5,5,3,5,4
340420,1,1,49,1,1,11,20,9,0,0,2,0,1,0,1,998,64,999,0,5,1,2,1,2,1,14,6,1,5,96,28,24,10,2020,7,23,2,12,1,1,1,3,1,4
340421,1,1,36,1,1,11,20,98,0,0,1,0,1,0,1,998,72,999,0,0,1,2,1,2,1,1,80,0,13,96,0,27,10,2020,3,19,2,8,3,3,1,3,1,0
340422,1,1,62,2,1,11,8,9,0,0,1,0,1,0,1,998,63,999,0,0,1,2,1,2,1,1,66,0,7,96,0,18,10,2020,1,12,2,12,2,2,1,1,1,4
340424,1,1,45,1,1,11,3,20,0,0,1,0,3,0,1,998,73,196,0,0,3,3,1,2,2,1,80,0,2,96,0,26,10,2020,2,3,2,8,1,1,1,2,2,0
340425,1,1,21,1,1,11,20,98,0,0,2,0,1,0,1,998,73,999,1,3,1,2,3,2,1,1,9,1,3,93,36,3,10,2020,7,22,2,30,1,1,4,2,1,4
340426,1,1,23,1,1,11,20,20,1,0,1,0,1,0,1,998,75,999,6,5,1,2,1,2,1,14,99,1,80,93,0,25,10,2020,1,5,2,33,1,1,4,3,1,4
340427,1,1,999,9,1,11,99,20,9,0,99,1,9,0,1,998,999,999,99,9,1,3,1,2,1,10,80,0,60,99,999,16,10,2020,6,5,2,8,3,2,1,3,1,9
340428,1,1,52,1,1,11,20,20,0,0,1,0,1,0,1,998,70,999,0,5,1,2,1,2,1,6,13,1,7,96,27,29,10,2020,5,2,2,33,1,1,4,2,10,4
340429,1,1,31,1,1,11,20,20,1,0,1,0,2,0,1,998,69,999,1,0,1,3,6,2,1,1,11,0,94,93,6,21,10,2020,4,20,2,12,1,1,1,3,1,4
340430,1,1,23,2,1,11,8,1,9,0,1,0,2,0,1,998,65,999,0,0,3,3,1,1,2,14,54,1,7,99,50,26,10,2020,2,22,2,12,1,1,1,2,5,3
340431,1,1,30,1,1,11,99,20,9,0,1,1,1,0,1,998,66,999,0,5,1,2,6,2,1,1,80,0,7,93,36,7,11,2020,7,18,2,8,1,1,1,3,1,9
340432,1,1,999,9,1,11,99,20,9,0,99,1,9,99,1,998,999,999,99,9,1,2,1,2,1,1,83,0,999,96,0,6,11,2020,6,19,2,9,1,1,1,3,1,9
340433,1,1,24,1,1,11,20,20,0,0,1,0,2,0,1,998,68,999,1,3,6,1,5,1,1,14,12,0,80,93,36,9,11,2020,2,9,2,25,5,1,4,1,1,4
340435,1,1,69,1,1,11,3,20,0,0,1,0,1,0,1,998,70,999,0,0,2,4,1,2,2,1,80,0,13,96,0,30,11,2020,2,17,2,8,1,1,1,3,2,0
340436,1,1,63,1,1,11,8,9,0,0,1,0,1,0,1,998,70,999,0,0,2,4,1,2,1,1,80,0,7,96,0,22,11,2020,1,17,2,8,3,3,1,3,1,0
340437,1,1,61,2,1,11,99,9,0,0,1,0,2,0,1,998,60,999,0,9,1,3,1,2,1,1,13,0,7,96,0,23,11,2020,2,18,2,33,3,2,4,3,1,4
340438,1,1,35,1,1,11,3,20,0,0,2,0,3,6,1,998,999,999,0,0,3,3,5,2,1,1,80,0,66,96,0,3,4,2020,6,10,2,8,1,1,1,1,1,0
340439,1,1,53,2,1,11,8,9,0,0,1,0,1,0,1,998,65,210,0,0,2,2,1,2,1,1,13,0,7,96,0,10,8,2020,2,13,2,33,1,1,4,1,1,4
340440,1,1,22,1,1,11,20,20,0,0,2,0,3,0,1,998,65,999,2,5,1,2,1,2,1,1,17,0,80,96,0,18,9,2020,6,21,2,12,2,3,1,3,1,4
340441,1,1,999,9,1,11,99,99,8,0,99,1,9,0,1,999,999,999,99,0,2,2,1,2,1,11,83,0,7,96,39,16,11,2020,2,22,2,9,3,2,1,3,1,0
340442,1,1,999,9,1,11,99,99,9,0,99,1,9,99,1,998,999,999,99,9,1,3,1,2,1,1,80,0,999,96,999,30,9,2020,4,20,2,8,3,3,1,3,1,9
340443,1,1,21,1,1,11,99,98,1,0,1,0,1,0,1,998,68,150,0,5,4,3,1,1,2,1,51,1,13,93,36,1,10,2020,5,23,2,12,1,1,1,3,2,0
340444,1,1,68,1,1,11,3,20,0,0,1,0,1,0,1,998,65,999,0,0,1,2,1,2,1,1,80,0,13,96,0,16,10,2020,6,6,2,8,1,1,1,4,10,1
340445,1,1,43,1,1,11,8,9,0,0,1,0,1,0,1,998,70,999,0,5,2,3,1,2,1,1,51,1,13,96,0,8,10,2020,5,1,2,12,1,1,1,3,1,4
340446,1,1,38,1,1,11,20,9,1,0,1,0,1,0,1,998,70,158,0,0,3,2,5,2,1,14,54,1,13,96,50,25,10,2020,1,2,2,12,1,1,1,3,1,4
340447,1,1,26,1,1,11,20,9,1,0,3,0,2,0,1,998,74,999,0,0,1,2,1,2,1,1,10,0,13,96,36,19,6,2020,6,17,2,12,1,1,1,1,1,3
340448,2,1,49,1,1,11,8,9,0,0,1,0,1,0,1,998,71,999,0,0,3,3,6,1,1,14,50,0,60,96,0,2,10,2020,6,22,2,12,1,1,1,3,1,0
340449,1,1,30,2,1,11,3,20,0,0,2,0,3,0,1,11,64,999,0,0,2,4,1,2,1,15,53,0,13,96,27,10,10,2020,7,15,2,12,1,1,1,1,1,9
340450,1,1,48,1,1,11,3,20,8,0,1,0,1,0,1,998,69,999,0,0,2,5,1,2,1,1,80,0,13,96,0,10,11,2020,3,21,2,8,1,1,1,2,1,0
340451,1,1,18,1,1,11,3,98,0,0,1,0,2,0,1,75,75,999,1,3,2,4,1,2,1,1,17,0,7,0,0,16,11,2020,2,14,2,12,8,1,1,1,1,0
340453,1,1,58,2,1,11,20,98,1,0,1,0,1,0,1,998,60,999,0,0,1,2,5,2,2,1,10,0,13,10,28,12,11,2020,5,16,2,12,1,1,1,1,2,4
340454,1,1,18,1,1,11,3,9,1,0,1,0,1,0,1,96,70,160,1,3,1,2,1,2,1,14,6,0,5,96,73,9,11,2020,2,1,2,42,1,1,5,2,1,4
340455,1,1,74,1,1,11,3,20,0,0,1,0,1,0,1,998,71,999,0,0,2,4,1,2,1,1,80,0,13,96,0,16,11,2020,2,16,2,8,1,1,1,2,1,9
340456,1,1,60,1,1,11,8,98,0,0,1,0,2,0,1,998,72,999,0,0,3,3,1,2,1,1,80,0,7,0,0,21,11,2020,7,5,2,8,1,1,1,3,1,0
340457,1,1,38,2,1,11,8,9,0,0,1,0,1,0,1,998,63,999,0,0,1,2,3,2,2,1,13,0,5,96,0,12,11,2020,5,17,2,42,1,1,4,3,2,4
340458,1,1,66,1,1,11,8,1,0,0,1,0,2,0,1,998,70,999,0,0,3,3,1,2,1,1,10,0,7,96,36,13,11,2020,6,18,2,12,3,3,1,3,1,3
340459,1,1,40,1,1,11,3,20,9,0,1,0,1,0,1,998,75,999,0,0,5,5,1,2,1,1,80,0,7,96,0,13,11,2020,6,22,2,8,1,1,1,3,1,9
340460,1,1,61,1,1,11,20,20,0,0,1,0,1,0,1,998,72,999,0,0,1,2,1,2,1,11,15,1,60,96,38,3,11,2020,3,10,2,12,2,2,1,1,1,4
340461,1,1,31,1,1,11,20,20,1,0,1,0,1,0,1,998,71,999,1,0,1,2,1,2,1,6,55,1,80,96,35,14,11,2020,7,17,2,12,2,3,1,2,1,4
340462,1,1,20,1,1,11,20,9,0,0,1,0,1,0,1,998,78,230,0,5,1,2,6,2,1,1,6,0,13,96,73,8,11,2020,1,0,2,33,1,1,4,3,1,4
340463,1,1,33,1,1,11,8,9,0,0,1,0,1,0,1,998,73,999,0,0,1,2,1,2,2,1,10,1,7,93,36,11,11,2020,4,7,2,12,1,1,1,1,10,4
340464,1,1,52,2,1,11,8,9,0,0,2,0,1,0,1,998,67,999,0,0,1,2,1,2,1,1,66,0,7,96,0,22,11,2020,1,9,2,12,2,2,1,1,1,2
340466,1,1,18,1,1,11,99,20,0,0,3,1,2,0,1,998,66,999,0,0,3,4,1,2,1,1,80,0,13,96,6,7,11,2020,7,21,2,8,1,1,1,3,1,0
340467,1,1,88,2,1,11,8,1,0,0,1,0,1,0,1,998,65,999,0,0,1,2,1,2,1,14,13,0,7,93,0,24,11,2020,3,14,2,42,1,1,5,1,1,4
340469,1,1,41,1,1,11,3,20,0,0,1,0,2,0,1,998,72,999,0,0,1,2,1,2,1,1,80,0,5,0,0,4,11,2020,4,18,2,8,1,1,1,2,1,0
340470,1,1,68,1,1,11,3,20,0,0,2,0,2,0,1,998,73,999,0,0,1,2,1,2,1,1,80,0,7,96,0,23,11,2020,2,20,2,8,1,1,1,2,1,9
340471,1,1,38,1,1,11,20,1,1,0,1,0,2,0,1,998,999,999,0,5,3,2,1,2,1,15,11,1,7,96,27,19,11,2020,5,16,2,12,1,1,1,3,1,4
340472,1,1,40,1,1,11,3,8,9,0,5,0,2,0,1,0,73,999,0,0,3,3,1,2,2,5,53,0,13,0,54,12,11,2020,5,23,2,12,1,1,1,2,2,3
340473,1,1,36,1,1,11,20,9,9,0,2,0,2,0,1,998,68,999,0,3,1,2,1,2,1,1,17,0,3,96,36,1,11,2020,1,21,2,12,2,2,1,3,1,3
340474,1,1,31,1,1,11,20,20,0,0,1,0,2,0,1,998,71,275,0,0,1,3,1,2,1,1,17,0,94,96,39,19,11,2020,5,17,2,12,2,2,1,3,1,4
340475,1,1,80,1,1,11,20,1,0,0,1,0,1,0,1,998,69,180,0,0,1,3,1,2,1,1,50,0,7,93,6,18,11,2020,4,12,2,12,3,3,1,1,1,4
340476,1,1,65,1,1,11,3,9,1,0,1,0,1,0,1,998,67,999,0,0,2,4,1,1,1,1,54,0,13,96,50,11,11,2020,4,5,2,12,1,1,1,3,10,3
340477,1,1,19,1,1,11,8,9,1,0,1,0,1,0,1,998,73,999,3,5,2,4,6,2,1,14,13,0,3,96,0,22,11,2020,1,17,2,42,1,1,5,3,1,4
340478,1,1,26,2,1,11,20,1,0,0,1,0,1,0,1,998,65,375,0,0,1,2,1,2,1,1,17,0,7,96,39,5,11,2020,5,15,2,10,6,1,1,1,1,4
340479,1,1,17,1,1,11,3,9,9,0,2,0,2,0,1,998,999,999,0,5,1,2,1,2,1,14,17,0,1,96,73,19,11,2020,5,21,2,10,6,1,1,3,1,3
340480,1,1,39,1,1,11,20,9,9,0,1,0,2,0,1,998,67,999,0,5,1,4,1,2,1,1,51,1,7,93,36,6,11,2020,6,6,2,12,2,2,1,1,1,5
340482,1,1,999,9,1,11,99,99,9,0,99,1,5,0,1,998,999,999,99,0,2,2,1,2,1,10,98,0,7,96,36,2,11,2020,2,6,2,5,2,2,1,4,1,9
340484,1,1,26,2,1,11,3,20,0,0,1,0,1,0,1,998,63,999,0,0,3,2,6,2,1,14,80,0,13,96,0,14,11,2020,7,3,2,8,1,1,1,2,1,1
340485,1,1,19,1,1,11,3,20,0,0,4,0,2,0,1,998,72,999,0,0,3,3,1,2,1,1,80,0,13,96,0,24,11,2020,3,23,2,8,1,1,1,2,1,0
340487,1,1,49,2,1,11,20,9,1,0,2,0,2,0,1,88,67,209,1,3,3,3,1,2,1,14,13,1,13,96,0,22,11,2020,1,0,2,42,1,1,5,2,1,4
340488,1,1,28,1,1,11,20,9,1,0,1,0,4,0,1,998,72,132,0,0,3,3,1,2,1,14,11,1,7,96,73,1,11,2020,1,4,2,14,1,1,2,3,1,4
340490,1,1,63,1,1,11,3,20,0,0,2,0,2,0,1,998,71,999,0,0,3,6,1,2,1,1,80,0,7,96,0,10,11,2020,3,20,2,8,1,1,1,3,1,0
340493,1,1,18,1,1,11,3,20,0,0,1,0,2,0,1,998,71,999,0,0,1,2,1,2,1,11,80,0,60,96,38,30,12,2020,4,17,2,8,3,3,1,3,1,9
340494,1,1,23,1,1,11,20,8,9,0,4,0,2,0,1,998,999,999,0,5,1,2,1,2,1,1,10,0,13,93,36,15,11,2020,1,3,2,14,1,1,4,3,1,2
340495,1,1,82,1,1,11,3,8,8,0,1,0,1,0,1,998,77,999,0,0,2,4,1,2,1,1,50,0,13,96,0,27,11,2020,6,10,2,12,3,2,1,1,1,3
340496,1,1,47,1,1,11,99,20,8,0,99,1,1,0,1,998,65,999,1,3,1,2,1,2,1,1,83,0,60,96,0,5,7,2020,1,23,2,9,2,3,1,3,1,9
340497,1,1,44,1,1,11,3,20,0,0,1,0,3,6,1,998,66,999,0,0,1,2,1,2,1,1,17,0,66,96,0,10,11,2020,3,12,2,12,2,2,1,1,1,0
340499,1,1,46,1,1,11,2,20,0,0,1,0,1,0,1,998,69,999,0,0,3,3,1,2,2,1,80,0,7,96,0,1,12,2020,3,6,2,8,3,2,1,3,1,0