ST_CASE,VEH_NO,PER_NO,AGE,SEX,PER_TYP,SEAT_POS,REST_USE,AIR_BAG,DRUGS,LOCATION,NUMOCCS,HIT_RUN,OWNER,V_CONFIG,HAZ_INV,TRAV_SP,DR_HGT,DR_WGT,PREV_SPD,SPEEDREL,VTRAFWAY,VNUM_LAN,VPROFILE,VPAVETYP,VSURCOND,P_CRASH1,P_CRASH2,DR_DRINK,VPICBODYCLASS,DRDISTRACT,DRIVERRF,DAY,MONTH,YEAR,DAY_WEEK,HOUR,RUR_URB,HARM_EV,RELJCT2,TYP_INT,REL_ROAD,LGT_COND,WEATHER,INJ_SEV
340500,1,1,68,1,1,11,20,1,1,0,1,0,4,0,1,998,68,180,0,5,1,2,3,2,1,1,10,0,7,96,28,25,12,2020,6,13,2,12,1,1,1,1,1,4
340501,1,1,28,1,1,11,99,98,0,0,1,0,1,0,1,998,69,999,0,9,4,2,1,2,1,14,12,1,7,96,6,23,12,2020,4,3,2,26,1,1,4,3,1,4
340503,1,1,48,1,1,11,99,1,0,0,2,1,1,0,1,998,72,999,0,5,3,4,1,2,1,6,12,0,7,96,36,27,12,2020,1,23,2,31,1,1,3,3,1,9
340504,1,1,30,2,1,11,3,1,0,0,1,0,2,0,1,85,65,999,0,3,1,2,1,2,1,1,17,0,13,5,39,23,12,2020,4,9,2,12,2,2,1,1,1,0
340505,1,1,41,2,1,11,20,20,1,0,1,0,1,0,1,0,69,999,0,0,3,3,1,2,2,5,53,1,13,96,54,24,12,2020,5,23,2,12,1,1,1,3,2,4
340506,1,1,27,1,1,11,3,3,1,0,1,0,1,0,1,998,71,140,3,3,3,3,1,2,2,15,6,0,13,96,27,24,12,2020,5,6,2,1,1,1,5,2,1,4
340507,1,1,68,1,1,11,20,9,1,0,1,0,1,0,1,998,72,999,0,0,1,2,1,2,1,14,13,1,7,96,36,23,12,2020,4,16,2,30,1,1,4,1,1,4
340508,1,1,24,1,1,11,20,9,8,0,2,0,3,0,1,998,72,999,1,5,1,2,1,2,1,6,12,0,60,96,33,28,12,2020,2,20,2,30,1,1,4,3,1,4
340509,1,1,999,9,1,11,99,20,9,0,99,1,9,99,1,998,999,999,99,9,3,3,1,2,99,1,85,0,999,99,0,1,5,2020,6,15,2,9,99,99,99,9,99,9
340510,1,1,50,1,1,11,99,20,9,0,1,1,2,0,1,998,66,999,0,0,1,4,1,2,2,1,80,0,60,96,0,7,9,2020,2,22,2,8,3,2,1,3,2,9
340511,1,1,27,1,1,11,8,2,0,0,1,0,3,0,1,998,73,999,0,0,1,4,1,2,1,6,8,0,7,0,16,22,10,2020,5,19,2,33,1,1,4,3,1,5
340512,1,1,45,2,1,11,8,20,8,0,1,0,1,0,1,998,62,999,0,0,1,2,1,2,1,11,15,0,13,96,0,19,9,2020,7,16,2,12,2,2,1,1,1,9
340513,1,1,22,2,1,11,99,20,0,0,2,0,3,0,1,998,67,999,0,0,1,2,1,2,1,1,83,0,7,96,0,25,11,2020,4,12,2,9,1,1,1,1,1,9
340514,1,1,59,1,1,11,3,20,0,0,2,0,1,0,1,998,71,999,0,0,1,4,1,2,1,1,80,0,9,96,39,3,12,2020,5,21,2,8,3,2,1,3,1,9
340515,1,1,18,1,1,11,3,20,8,0,2,0,2,0,1,998,66,999,0,0,1,4,1,2,1,1,80,0,60,96,0,13,12,2020,1,17,2,8,3,3,1,2,1,0
340516,1,1,78,2,1,11,20,1,8,0,1,0,1,0,1,998,60,999,0,0,4,2,1,2,1,1,17,0,5,96,39,1,12,2020,3,17,2,12,2,2,1,2,1,4
340517,1,1,65,1,1,11,99,98,9,0,1,1,1,0,1,998,73,999,0,0,2,5,5,2,2,1,80,0,60,96,0,24,12,2020,5,22,2,8,1,1,2,3,2,9
340518,1,1,36,1,1,11,3,20,0,0,1,0,1,0,1,998,70,999,0,0,1,2,6,2,1,1,80,0,13,96,0,14,12,2020,2,21,2,8,3,3,1,3,1,9
340519,1,1,63,2,1,11,3,20,1,0,1,0,1,0,1,998,62,999,0,0,1,5,1,2,1,14,80,0,13,96,0,7,12,2020,2,18,2,8,1,1,1,3,1,1
340520,1,1,63,1,1,11,3,20,0,0,1,0,1,0,1,998,67,99,0,0,3,3,1,2,1,1,80,0,7,96,0,15,12,2020,3,19,2,8,3,2,1,3,1,0
340521,1,1,31,1,1,11,20,1,1,0,1,0,1,0,1,998,72,150,0,5,1,2,1,2,1,1,9,1,7,96,6,26,12,2020,7,20,2,42,1,1,5,3,1,4
340522,1,1,53,1,1,11,3,20,0,0,1,0,1,0,1,998,72,999,0,0,2,4,1,2,1,1,80,0,60,96,0,11,12,2020,6,17,2,8,1,1,1,2,1,0
340523,1,1,21,2,1,11,3,20,0,0,2,0,2,0,1,998,62,999,1,0,1,4,1,8,1,14,80,0,13,96,0,29,12,2020,3,15,2,8,1,1,1,1,1,0
340524,1,1,51,1,1,11,3,20,0,0,1,0,1,0,1,998,73,999,0,0,1,2,1,2,1,1,80,0,13,96,0,8,12,2020,3,6,2,8,3,3,1,2,10,0
340525,1,1,18,1,1,11,8,9,1,0,1,0,2,0,1,998,72,230,0,5,6,1,5,2,1,14,6,0,7,96,0,18,12,2020,6,4,2,31,5,1,8,3,1,4
340526,1,1,40,2,1,11,8,1,9,0,2,0,2,0,1,998,66,999,0,0,1,2,1,2,1,1,13,0,7,96,0,11,12,2020,6,21,2,14,1,1,4,3,1,3
340527,1,1,29,1,1,11,3,20,0,0,1,0,3,6,1,998,66,999,0,0,3,4,1,2,1,1,80,0,66,96,0,3,12,2020,5,19,2,8,3,2,1,2,1,0
340528,1,1,61,2,1,11,3,20,0,0,1,0,2,0,1,998,66,999,0,0,1,2,1,2,1,1,80,0,7,96,0,2,12,2020,4,18,2,8,1,1,1,1,1,9
340529,1,1,58,1,1,11,3,1,0,0,1,0,2,0,1,998,69,175,0,0,1,2,1,2,1,1,13,1,2,96,6,15,12,2020,3,7,2,31,1,1,4,1,1,4
340530,1,1,999,9,1,11,99,99,8,0,99,1,9,99,1,998,999,999,99,9,3,3,1,2,2,99,82,0,999,96,999,25,12,2020,6,6,2,8,1,1,1,3,2,9
340532,1,1,22,1,1,11,3,20,0,0,2,0,1,0,1,0,72,999,0,0,1,2,1,2,1,5,15,0,13,0,38,24,10,2020,7,10,2,12,2,3,1,1,1,9
340533,1,1,22,1,1,11,3,1,0,0,6,0,3,0,1,998,67,140,0,0,1,2,1,2,1,1,10,0,9,96,28,2,11,2020,2,14,2,12,1,1,1,1,1,2
340534,1,1,63,1,1,11,3,20,0,0,2,0,1,0,1,998,72,999,0,0,1,2,1,2,1,1,80,0,7,96,0,21,11,2020,7,19,2,8,1,1,1,3,1,0
340535,1,1,999,9,1,11,99,99,9,0,99,1,9,99,1,998,999,999,99,9,1,2,1,2,1,99,82,0,999,99,999,2,12,2020,4,5,2,8,99,99,99,4,1,9
340536,1,1,41,1,1,11,3,20,9,0,1,0,1,0,1,998,67,999,0,0,3,3,1,2,1,1,80,0,7,96,0,2,12,2020,4,21,2,8,1,1,1,3,1,0
340538,1,1,23,1,1,11,8,9,0,0,3,0,1,0,1,998,75,999,0,5,1,3,5,7,1,15,52,0,13,0,42,28,12,2020,2,18,2,12,1,1,1,3,1,3
340540,1,1,25,1,1,11,20,9,1,0,1,0,3,0,1,998,72,999,0,9,2,3,5,2,1,1,13,1,13,96,0,26,12,2020,7,22,2,33,1,1,4,3,1,4
340542,1,1,45,1,1,11,20,9,9,0,1,0,1,0,1,998,66,999,0,0,1,2,6,2,1,1,99,0,13,96,0,28,12,2020,2,18,2,12,1,1,1,3,1,4
340543,1,1,36,1,1,11,8,1,8,0,2,0,1,0,1,998,67,999,0,0,2,3,8,8,1,1,52,0,13,17,0,26,12,2020,7,10,2,12,3,3,1,1,1,2
340544,1,1,89,2,1,11,8,1,0,0,3,0,1,0,1,998,63,999,0,0,1,2,5,2,1,1,17,0,7,93,39,4,12,2020,6,11,2,12,2,2,1,1,1,1
340545,1,1,57,2,1,11,20,1,1,0,1,0,2,0,1,998,66,999,0,0,3,3,1,2,1,1,12,0,7,96,0,23,12,2020,4,20,2,24,1,1,3,2,1,4
340546,1,1,83,1,1,11,8,9,0,0,2,0,1,0,1,998,67,999,0,0,6,1,1,2,2,11,15,0,1,96,0,24,12,2020,5,18,2,12,5,1,1,3,6,1
340547,1,1,26,1,1,11,3,20,0,0,1,0,1,0,1,998,65,999,0,0,1,4,1,2,1,1,80,0,7,96,0,6,12,2020,1,20,2,8,3,3,1,3,1,0
340548,1,1,19,1,1,11,99,98,0,0,1,0,1,0,1,998,65,999,0,0,1,2,1,2,1,1,85,0,13,96,36,10,10,2020,7,15,2,9,1,1,1,1,1,0
340549,1,1,999,9,1,11,99,98,9,0,1,1,9,0,1,998,999,999,99,5,1,2,1,2,1,1,98,0,60,93,6,25,9,2020,6,20,2,12,1,1,1,1,1,9
340550,1,1,40,2,1,11,3,20,0,0,4,0,1,0,1,998,66,999,0,0,1,2,5,1,1,1,60,0,13,96,0,26,11,2020,5,22,2,12,1,1,1,3,1,0
340551,1,1,24,1,1,11,8,9,1,0,1,0,2,0,1,998,68,999,0,5,1,2,1,2,1,1,12,0,7,96,36,29,12,2020,3,19,2,42,1,1,4,1,1,4
340552,1,1,45,2,1,11,3,20,0,0,1,0,1,0,1,998,63,999,0,0,1,4,1,2,1,11,15,0,7,96,0,31,8,2020,2,20,2,12,2,3,1,3,1,0
340553,1,1,27,1,1,11,20,9,0,0,1,0,3,0,1,998,64,999,0,5,1,2,6,2,1,1,13,0,13,93,6,26,9,2020,7,0,2,42,3,2,4,3,1,4
350001,1,1,27,1,1,11,20,1,1,0,1,0,2,0,1,998,71,230,0,3,1,2,1,2,1,14,12,1,13,96,28,1,1,2020,4,3,2,33,1,1,4,2,1,4
350003,1,1,998,2,1,11,3,20,8,0,1,0,1,0,1,998,999,999,0,0,3,2,2,2,1,1,80,0,13,0,0,3,1,2020,6,18,2,8,1,1,1,2,1,0
350004,1,1,16,1,1,11,8,1,9,0,1,0,2,0,1,998,64,212,0,4,1,2,2,2,4,14,6,1,60,96,73,19,1,2020,1,0,2,1,1,1,4,2,1,4
350005,1,1,59,1,1,11,20,20,8,0,1,0,3,6,1,998,72,200,0,0,3,3,1,2,1,11,15,0,66,96,0,7,1,2020,3,19,2,12,2,2,1,3,1,0
350008,1,1,17,2,1,11,20,1,8,0,2,0,2,0,1,998,65,210,0,3,2,2,1,2,1,1,13,0,13,93,6,9,1,2020,5,23,2,43,1,1,4,3,1,4
350017,1,1,35,1,1,11,3,20,8,0,1,0,2,0,1,998,65,179,0,0,1,2,1,2,1,1,80,0,60,96,0,10,1,2020,6,19,2,8,1,1,1,2,1,0
350019,1,1,66,2,1,11,3,20,8,0,1,0,2,0,1,30,65,175,0,0,2,5,1,2,2,1,80,0,7,96,0,21,1,2020,3,19,2,8,3,2,1,2,2,0
350020,1,1,36,2,1,11,3,20,0,0,1,0,1,0,1,998,65,173,0,0,1,3,1,2,1,1,81,0,60,96,0,13,1,2020,2,18,2,8,1,1,1,3,1,0
350021,1,1,20,1,1,11,1,20,8,0,1,0,2,0,1,998,68,162,0,0,1,2,1,2,1,1,80,0,13,0,0,23,1,2020,5,21,2,8,1,1,1,2,1,0
350024,1,1,41,1,1,11,3,20,8,0,1,0,2,0,1,998,999,999,99,0,1,2,1,2,1,14,81,0,65,0,0,27,1,2020,2,17,2,8,1,1,1,3,6,0
350025,1,1,25,1,1,11,20,20,9,0,1,0,5,0,1,998,69,160,0,3,1,2,1,2,1,1,9,0,13,96,37,30,1,2020,5,19,2,1,1,1,4,2,1,4
350027,1,1,44,1,1,11,3,1,0,0,1,0,1,0,1,998,73,189,0,0,2,4,2,2,1,11,63,0,13,96,0,31,1,2020,6,18,2,12,2,2,1,3,1,1
350031,1,1,999,9,1,11,98,98,9,0,99,1,9,0,1,998,999,999,99,5,1,2,1,2,1,99,80,0,7,96,0,4,1,2020,7,22,2,8,1,1,1,2,1,9
350032,1,1,41,1,1,11,3,8,8,0,5,0,2,0,1,998,70,200,1,0,5,7,1,2,1,1,62,0,60,96,0,8,1,2020,4,13,2,12,8,1,1,1,1,1
350033,1,1,52,1,1,11,3,20,8,0,1,0,3,21,1,998,68,225,0,0,3,2,1,2,1,1,80,0,16,96,0,28,1,2020,3,19,2,8,1,1,1,3,1,0
350034,1,1,18,2,1,11,3,8,8,0,1,0,2,0,1,998,63,130,0,0,1,2,1,2,1,11,15,0,13,93,38,24,1,2020,6,22,2,12,2,2,1,2,1,0
350035,1,1,18,1,1,11,20,8,9,0,3,0,2,0,1,90,72,138,0,3,2,2,2,2,1,1,66,0,7,96,39,29,1,2020,4,3,2,12,2,2,1,3,1,4
350038,1,1,999,8,1,11,99,99,9,0,2,1,5,0,1,998,999,999,99,3,2,3,1,2,1,1,10,0,13,96,37,4,2,2020,3,18,2,12,3,2,1,2,1,9
350040,1,1,28,1,1,11,3,20,8,0,1,0,1,0,1,998,999,999,0,0,1,2,1,2,1,11,83,0,60,96,0,10,2,2020,2,14,2,9,8,1,1,1,1,0
350041,1,1,19,1,1,11,3,20,8,0,1,0,2,0,1,55,999,999,0,0,1,2,2,2,1,1,53,0,13,96,0,8,2,2020,7,4,2,12,2,3,1,3,1,4
350043,1,1,60,1,1,11,3,20,8,0,1,0,2,0,1,998,69,165,0,0,1,2,1,2,1,1,80,0,60,96,0,8,2,2020,7,18,2,8,1,1,1,2,1,0
350044,1,1,21,2,1,11,20,8,9,0,1,0,1,0,1,998,66,195,2,0,1,2,1,5,1,1,12,1,13,93,28,15,2,2020,7,7,2,42,1,1,4,6,1,4
350045,1,1,64,1,1,11,20,20,9,0,1,0,1,0,1,998,69,165,0,0,1,2,1,2,1,1,59,0,12,96,0,16,2,2020,1,20,2,12,1,1,1,3,1,4
350046,1,1,47,1,1,11,3,8,8,0,1,0,1,0,1,998,72,150,0,0,4,2,1,2,1,1,66,0,8,96,0,17,2,2020,2,16,2,12,2,2,1,1,1,2
350047,1,1,44,1,1,11,98,8,9,0,1,0,1,0,1,998,68,230,0,0,2,3,1,2,1,1,12,0,7,96,0,14,2,2020,6,18,2,1,1,1,3,3,1,4
350050,1,1,56,1,1,11,20,1,8,0,1,0,1,0,1,998,70,160,0,0,1,2,1,2,1,11,15,0,1,93,39,20,2,2020,5,16,2,12,2,2,1,1,1,4
350055,1,1,34,1,1,11,3,20,8,0,1,0,1,0,1,998,76,240,0,0,3,4,1,2,1,1,80,0,13,96,0,17,1,2020,6,18,2,8,1,1,1,6,1,0
350057,1,1,87,1,1,11,3,8,9,0,2,0,1,0,1,998,70,155,0,0,1,2,1,2,1,11,15,0,1,96,0,10,2,2020,2,11,2,12,2,2,1,1,1,4
350058,1,1,38,2,1,11,20,1,9,0,1,0,2,0,1,998,61,200,0,0,3,3,1,2,1,1,12,0,5,93,38,20,2,2020,5,5,2,12,1,1,1,3,1,4
350059,1,1,17,2,1,11,3,20,1,0,4,0,2,0,1,56,61,135,0,4,3,2,1,2,2,14,6,0,13,96,74,22,2,2020,7,20,2,33,3,3,3,3,2,0
350060,1,1,999,9,1,11,99,98,8,0,99,1,9,99,1,998,999,999,99,0,3,3,2,2,1,1,80,0,999,93,0,13,2,2020,5,20,2,8,18,1,1,2,1,9
350061,1,1,17,1,1,11,98,20,1,0,2,1,2,0,1,998,73,230,0,3,1,2,1,2,1,1,80,0,13,93,6,4,3,2020,4,21,2,8,3,2,1,3,1,0
350064,1,1,44,1,1,11,3,20,0,0,1,0,1,0,1,998,67,230,0,0,1,3,1,2,1,10,80,0,60,93,6,8,3,2020,1,10,2,8,3,2,1,1,1,0
350065,1,1,35,1,1,11,20,1,8,0,1,0,1,0,1,998,68,999,0,3,1,2,1,2,1,14,6,1,5,96,28,8,3,2020,1,18,2,31,1,1,4,1,1,4
350070,1,1,23,2,1,11,3,20,8,0,1,0,1,0,1,75,62,110,1,0,3,4,1,2,1,1,80,0,13,96,0,9,3,2020,2,21,2,8,18,1,1,3,1,3
350074,1,1,56,1,1,11,20,20,9,0,1,0,2,0,1,998,72,260,0,0,2,2,1,2,1,1,12,1,7,96,0,14,3,2020,7,18,2,12,1,1,1,1,1,4
350077,1,1,20,1,1,11,20,20,0,0,1,0,1,0,1,998,74,170,0,0,2,4,4,2,1,1,80,0,5,96,0,23,3,2020,2,20,2,8,3,3,1,3,1,0
350082,1,1,43,1,1,11,3,20,8,0,1,0,2,0,1,998,999,999,0,0,1,3,1,2,2,1,80,0,5,0,0,12,3,2020,5,20,2,8,1,1,1,3,2,0
350083,1,1,91,1,1,11,20,8,9,0,1,0,1,0,1,998,69,170,0,0,6,1,1,2,1,1,12,0,7,96,0,24,3,2020,3,12,2,1,5,1,8,1,1,4
350088,1,1,66,1,1,11,20,20,8,0,1,0,1,0,1,998,71,200,0,0,1,2,1,2,1,1,66,0,94,96,0,7,4,2020,3,11,2,12,2,2,1,1,1,4
350089,1,1,999,9,1,11,99,99,9,0,99,1,9,99,1,998,999,999,99,0,1,2,1,2,1,1,83,0,999,96,0,10,4,2020,6,3,2,9,1,1,1,2,1,9
350093,1,1,51,2,1,11,99,20,9,0,99,1,1,0,1,998,62,150,0,3,2,3,1,2,1,1,80,0,7,96,91,15,4,2020,4,13,2,8,1,1,1,1,1,0
350094,1,1,40,1,1,11,3,20,8,0,1,0,3,0,1,998,69,190,0,0,2,2,1,2,1,1,80,0,7,96,16,17,4,2020,6,2,2,8,1,1,1,2,1,0
350095,1,1,85,2,1,11,3,1,9,0,1,0,1,0,1,998,64,118,0,0,2,3,1,2,1,1,66,0,13,96,39,21,4,2020,3,21,2,12,2,2,1,3,1,4
350096,1,1,37,2,1,11,3,20,9,0,1,0,1,0,1,998,64,110,1,5,3,2,1,2,1,1,11,1,9,93,37,22,4,2020,4,21,2,25,1,1,4,2,1,4
350098,1,1,18,1,1,11,3,20,8,0,1,0,2,0,1,998,68,205,3,0,2,2,2,2,1,1,80,0,60,96,0,13,4,2020,2,20,2,8,1,1,1,2,1,0
350099,1,1,17,1,1,11,20,8,1,0,1,0,2,0,1,90,68,140,0,3,1,2,1,2,1,1,51,1,7,96,6,19,4,2020,1,0,2,12,2,2,1,2,1,2
350101,1,1,65,1,1,11,3,20,8,0,1,0,1,0,1,998,68,160,0,4,3,6,1,2,1,17,51,0,7,93,6,26,4,2020,1,15,2,12,1,1,1,1,1,0
350103,1,1,36,1,1,11,3,20,9,0,1,0,1,0,1,998,73,180,0,0,3,4,1,2,1,1,80,0,5,0,0,28,4,2020,3,17,2,8,1,1,1,1,1,2
350104,1,1,36,1,1,11,20,20,8,0,1,0,1,0,1,998,73,265,0,3,1,2,1,2,1,1,6,1,81,93,39,26,4,2020,1,22,2,98,3,3,1,2,1,4
350105,1,1,59,1,1,11,3,20,8,0,1,0,1,0,1,998,71,180,0,0,2,2,1,2,1,1,80,0,7,96,0,28,4,2020,3,20,2,8,1,1,1,3,1,0
350107,1,1,19,1,1,11,20,20,8,0,2,1,2,0,1,998,999,999,0,0,1,5,1,2,1,10,16,0,7,93,6,28,4,2020,3,21,2,8,3,2,1,3,1,0
350108,1,1,33,2,1,11,2,20,8,0,1,0,1,0,1,998,57,98,0,0,2,3,1,2,1,1,80,0,13,96,19,15,4,2020,4,16,2,8,1,1,1,1,1,0
350110,1,1,60,1,1,11,20,20,8,0,1,0,2,0,1,998,64,280,0,0,3,3,2,2,1,1,12,0,7,96,0,17,4,2020,6,16,2,57,1,1,3,1,1,4
350112,1,1,29,1,1,11,3,1,9,0,1,0,1,0,1,998,70,180,0,3,2,4,1,2,1,1,51,0,60,96,38,9,5,2020,7,22,2,12,2,2,1,2,1,3
350118,1,1,19,1,1,11,3,20,9,0,1,0,1,0,1,998,70,140,0,3,2,2,1,2,1,1,12,1,3,93,6,15,5,2020,6,4,2,59,1,1,4,2,1,4
350120,1,1,63,1,1,11,3,8,8,0,1,0,1,0,1,998,68,150,0,0,2,2,1,2,1,1,13,0,5,96,0,8,5,2020,6,5,2,1,1,1,4,1,1,4
350122,1,1,22,1,1,11,99,20,9,0,1,0,2,0,1,998,69,150,0,0,1,2,1,2,1,14,13,1,5,93,6,16,5,2020,7,6,2,34,1,1,4,2,1,4
350124,1,1,30,1,1,11,20,8,9,0,1,0,2,0,1,76,70,220,0,0,2,2,1,2,1,1,9,1,7,93,6,21,5,2020,5,2,2,24,1,1,4,2,1,4
350125,1,1,50,1,1,11,20,20,9,0,1,0,1,0,1,998,68,230,0,3,6,1,1,2,1,14,6,1,81,96,0,21,5,2020,5,19,2,34,5,1,4,5,1,4
350127,1,1,28,2,1,11,3,8,8,0,1,0,1,0,1,998,61,140,0,3,3,4,1,2,1,1,54,1,3,96,51,25,5,2020,2,0,2,12,1,1,1,3,1,4
350129,1,1,41,1,1,11,20,20,8,0,1,0,2,0,1,998,74,240,0,0,2,3,1,2,1,1,60,0,81,0,0,22,5,2020,6,14,2,1,1,1,1,1,1,4
350131,1,1,49,1,1,11,3,1,9,0,1,0,2,0,1,998,64,155,0,0,2,2,3,2,1,2,53,0,13,96,0,9,5,2020,7,8,2,12,1,1,1,1,1,4
350132,1,1,45,1,1,11,20,1,1,0,1,0,2,0,1,998,59,110,1,0,2,2,1,2,1,1,54,0,13,96,28,31,5,2020,1,12,2,12,1,1,1,1,1,2
350133,1,1,32,2,1,11,20,20,9,0,1,0,1,0,1,998,60,129,0,3,2,2,1,2,1,14,9,1,7,93,58,31,5,2020,1,20,2,33,1,1,4,5,1,4
350138,1,1,39,1,1,11,20,20,8,0,1,0,1,0,1,998,71,225,0,3,2,3,1,2,1,1,17,0,103,96,0,7,6,2020,1,12,2,12,2,2,1,1,1,4
350139,1,1,31,1,1,11,20,20,9,0,1,0,3,1,1,998,68,175,1,0,2,2,1,2,1,1,13,0,11,96,58,8,6,2020,2,17,2,1,1,1,1,1,1,4
350140,1,1,36,1,1,11,98,8,9,0,1,0,2,0,1,998,70,165,0,0,1,2,1,2,2,1,17,0,13,96,0,13,6,2020,7,22,2,12,2,2,1,3,2,4
350143,1,1,41,2,1,11,20,1,8,0,2,0,2,0,1,998,65,215,0,3,2,2,2,2,1,6,51,1,2,96,35,16,6,2020,3,6,2,12,1,1,1,1,1,4
350145,1,1,19,1,1,11,3,1,8,0,1,0,2,0,1,104,66,120,0,3,2,3,2,2,1,15,51,0,3,93,39,1,6,2020,2,14,2,12,2,3,1,1,1,3
350146,1,1,26,1,1,11,3,20,8,0,99,1,2,0,1,998,67,185,0,0,1,2,1,2,1,99,13,1,60,96,91,16,6,2020,3,1,2,8,1,1,2,2,1,0
350149,1,1,80,1,1,11,20,8,9,0,1,0,1,0,1,998,69,180,0,0,3,2,1,2,1,1,54,0,60,93,51,20,6,2020,7,23,2,12,1,1,1,2,1,4
350150,1,1,999,9,1,11,99,20,9,0,99,1,9,99,1,998,999,999,99,0,2,2,1,2,2,1,80,0,999,93,0,13,6,2020,7,20,2,8,1,1,1,3,2,9
350151,1,1,63,1,1,11,3,8,8,0,1,0,2,0,1,998,68,176,0,0,3,3,1,2,1,1,13,0,13,93,6,12,6,2020,6,15,2,31,1,1,3,1,1,4
350153,1,1,18,2,1,11,3,1,9,0,1,0,2,0,1,998,65,280,0,0,5,3,1,2,1,1,10,1,13,96,73,23,6,2020,3,20,2,12,1,1,1,1,1,4
350155,1,1,26,2,1,11,3,1,8,0,2,0,1,0,1,998,62,125,0,0,1,4,1,2,1,1,54,0,7,0,0,23,6,2020,3,15,2,12,1,1,1,1,1,4
350156,1,1,51,1,1,11,3,20,8,0,1,0,4,0,1,998,999,999,0,0,3,2,1,2,1,1,80,0,13,96,0,17,6,2020,4,23,2,8,1,1,1,6,1,0
350159,1,1,34,1,1,11,20,20,8,0,1,0,1,0,1,998,73,237,0,5,1,2,5,8,98,1,6,0,84,96,0,10,6,2020,4,4,2,1,1,1,1,3,1,4
350160,1,1,21,1,1,11,3,20,8,0,1,0,2,0,1,998,66,145,0,0,2,3,1,2,1,11,15,0,7,93,38,27,5,2020,4,17,2,12,2,3,1,1,1,0
350161,1,1,35,2,1,11,3,8,9,0,1,0,1,0,1,998,64,150,0,0,2,4,1,2,1,11,15,0,13,96,0,27,6,2020,7,11,2,12,8,1,1,1,1,3
350162,1,1,50,2,1,11,98,20,8,0,1,0,2,0,1,998,65,170,0,0,1,2,1,2,1,11,15,0,7,96,0,25,6,2020,5,21,2,1,8,1,1,2,1,0
350163,1,1,23,1,1,11,3,20,0,0,1,0,2,0,1,35,69,225,0,0,1,3,1,2,1,1,80,0,13,0,0,30,6,2020,3,18,2,8,1,1,1,1,1,0
350164,1,1,48,1,1,11,3,8,1,0,3,0,1,0,1,21,70,198,0,0,1,2,5,5,1,12,21,1,13,96,91,28,6,2020,1,18,2,42,1,1,4,1,1,2
350170,1,1,999,1,1,11,98,20,8,0,99,1,5,0,1,998,999,999,99,0,2,6,1,2,1,10,80,0,13,93,6,25,6,2020,5,13,2,8,3,2,1,1,1,0
350174,1,1,24,1,1,11,98,1,1,0,1,0,1,0,1,998,72,165,0,3,2,3,1,2,1,1,50,1,13,93,6,1,7,2020,4,3,2,12,1,1,1,3,1,0
350176,1,1,39,2,1,11,3,20,8,0,2,0,2,0,1,998,63,120,0,0,1,2,1,2,1,1,83,0,60,0,0,7,7,2020,3,11,2,9,3,2,1,1,1,0
350177,1,1,36,2,1,11,3,20,8,0,2,0,1,0,1,998,69,150,0,0,1,2,1,2,1,11,15,0,7,96,0,9,7,2020,5,17,2,12,2,3,1,1,1,0
350180,1,1,46,1,1,11,20,20,8,0,1,0,1,0,1,998,69,230,0,0,2,2,1,2,1,1,13,0,94,96,0,12,7,2020,1,13,2,33,1,1,4,1,1,4
350183,1,1,80,1,1,11,3,20,8,0,2,0,1,0,1,43,68,140,0,0,2,2,1,2,1,1,80,0,13,96,0,7,7,2020,3,19,2,8,1,1,1,1,1,0
350186,1,1,16,1,1,11,3,1,8,0,3,0,1,0,1,998,70,140,0,0,1,2,1,2,1,11,15,0,13,96,48,18,7,2020,7,21,2,12,2,3,1,2,1,0
350187,1,1,18,1,1,11,20,20,9,0,1,0,2,0,1,998,71,120,0,3,2,2,1,2,1,14,6,0,13,96,0,18,7,2020,7,1,2,33,1,1,4,2,1,4
350188,1,1,999,9,1,11,99,20,9,0,99,1,9,99,1,998,999,999,99,0,2,3,1,2,2,1,83,0,999,93,6,19,7,2020,1,21,2,9,3,2,1,3,1,0
350189,1,1,62,2,1,11,3,1,9,0,1,0,2,0,1,998,64,158,0,0,1,4,1,2,1,1,13,0,7,96,0,22,7,2020,4,11,2,33,1,1,4,1,1,4
350191,1,1,24,2,1,11,20,9,9,0,1,0,2,0,1,998,60,176,0,3,6,2,2,2,2,14,13,1,5,96,0,25,7,2020,7,1,2,25,5,1,4,3,1,4
350196,1,1,42,1,1,11,20,20,8,0,2,0,2,0,1,998,67,180,0,3,3,2,1,2,2,1,12,0,6,96,0,23,7,2020,5,22,2,1,1,1,3,3,2,4
350198,1,1,60,1,1,11,3,98,8,0,1,0,1,0,1,998,77,251,0,0,2,2,1,2,98,1,66,0,7,96,0,14,7,2020,3,5,2,12,2,2,1,3,98,4
350199,1,1,47,1,1,11,3,20,9,0,2,0,2,0,1,998,999,999,0,3,1,2,1,2,1,1,54,1,60,96,28,20,7,2020,2,13,2,12,1,1,1,1,1,4
350200,1,1,22,1,1,11,20,8,9,0,1,0,2,0,1,58,70,200,0,3,2,3,1,2,1,1,13,0,13,93,6,6,8,2020,5,3,2,46,3,3,4,3,1,4
350201,1,1,71,1,1,11,3,20,8,0,1,1,1,0,1,998,69,200,0,0,1,2,1,2,1,1,12,0,13,98,28,11,8,2020,3,12,2,8,4,1,1,1,1,1