ST_CASE,VEH_NO,PER_NO,AGE,SEX,PER_TYP,SEAT_POS,REST_USE,AIR_BAG,DRUGS,LOCATION,NUMOCCS,HIT_RUN,OWNER,V_CONFIG,HAZ_INV,TRAV_SP,DR_HGT,DR_WGT,PREV_SPD,SPEEDREL,VTRAFWAY,VNUM_LAN,VPROFILE,VPAVETYP,VSURCOND,P_CRASH1,P_CRASH2,DR_DRINK,VPICBODYCLASS,DRDISTRACT,DRIVERRF,DAY,MONTH,YEAR,DAY_WEEK,HOUR,RUR_URB,HARM_EV,RELJCT2,TYP_INT,REL_ROAD,LGT_COND,WEATHER,INJ_SEV
350203,1,1,23,1,1,11,20,20,8,0,1,0,2,0,1,998,66,190,0,0,3,3,5,2,1,1,99,1,98,96,0,13,8,2020,5,21,2,1,1,1,1,2,1,4
350205,1,1,28,1,1,11,98,1,9,0,2,0,2,0,1,998,68,120,0,0,1,2,1,2,1,1,10,0,3,93,28,15,8,2020,7,14,2,12,1,1,1,1,1,2
350206,1,1,36,2,1,11,3,1,8,0,1,0,3,0,1,998,999,999,0,0,2,4,1,2,1,11,15,0,7,0,0,9,8,2020,1,22,2,12,2,2,1,3,1,1
350208,1,1,77,2,1,11,8,1,8,0,2,0,1,0,1,998,60,184,0,0,3,4,1,2,1,1,54,0,7,96,0,21,8,2020,6,1,2,12,1,1,1,3,1,1
350209,1,1,50,1,1,11,20,20,8,0,2,0,1,0,1,998,70,175,0,0,2,1,1,2,1,1,90,0,7,0,0,21,8,2020,6,12,2,73,1,1,1,1,1,4
350211,1,1,35,1,1,11,20,1,9,0,1,0,2,0,1,998,69,220,0,0,1,2,1,2,1,1,10,1,3,96,28,28,8,2020,6,21,2,12,1,1,1,3,1,4
350213,1,1,16,1,1,11,98,20,9,0,99,1,2,0,1,998,70,142,1,0,1,2,1,2,1,1,83,0,60,96,0,28,8,2020,6,6,2,9,2,3,1,3,1,0
350216,1,1,62,1,1,11,3,20,8,0,1,0,1,0,1,998,69,220,0,0,5,3,1,2,1,1,80,0,60,0,0,2,8,2020,1,20,2,8,2,3,1,2,1,0
350217,1,1,23,1,1,11,20,20,9,0,1,0,1,0,1,998,69,150,0,0,2,3,1,2,1,1,9,1,7,93,6,7,8,2020,6,23,2,1,1,1,1,2,1,4
350218,1,1,53,2,1,11,20,1,9,0,1,0,1,0,1,998,66,160,0,0,2,3,1,2,1,1,17,0,13,96,0,7,8,2020,6,8,2,12,2,2,1,1,1,4
350220,1,1,20,1,1,11,20,8,8,0,2,0,2,0,1,998,66,140,0,0,0,0,0,0,0,11,15,0,2,96,38,17,8,2020,2,19,2,12,8,1,1,1,1,2
350224,1,1,16,1,1,11,20,20,9,0,1,0,2,0,1,998,999,999,99,3,3,2,1,2,1,1,12,0,3,96,0,17,8,2020,2,17,2,57,1,1,3,1,1,4
350225,1,1,43,1,1,11,3,20,8,0,1,0,3,6,2,998,67,175,0,0,3,4,2,2,1,1,80,0,66,96,0,29,7,2020,4,13,2,8,1,1,1,1,1,0
350227,1,1,46,1,1,11,20,98,8,0,1,0,1,0,1,998,72,200,1,5,2,2,1,2,98,1,99,0,3,96,0,21,2,2020,6,19,2,12,2,2,1,2,1,4
350231,1,1,29,2,1,11,20,20,8,0,1,1,1,0,1,40,62,160,0,0,2,3,1,2,1,1,80,0,13,96,0,2,9,2020,4,4,2,8,1,1,1,3,1,0
350232,1,1,43,1,1,11,20,20,9,0,1,0,1,0,1,998,66,240,0,0,1,2,1,5,1,10,16,0,125,93,38,2,9,2020,4,18,2,12,2,2,1,1,1,4
350234,1,1,57,1,1,11,20,20,9,0,1,0,1,0,1,90,73,240,0,3,2,2,1,2,1,1,67,1,94,93,6,5,9,2020,7,15,2,12,2,3,1,1,1,4
350239,1,1,17,1,1,11,3,3,8,0,2,0,2,0,1,998,71,160,0,5,1,2,1,2,1,6,10,0,13,96,58,7,9,2020,2,12,2,12,1,1,1,1,1,0
350242,1,1,29,1,1,11,3,20,8,0,2,0,3,6,1,65,999,999,1,0,3,2,1,2,1,1,80,0,66,0,0,11,9,2020,6,0,2,8,1,1,1,2,1,0
350243,1,1,22,1,1,11,3,1,0,0,1,0,1,0,1,998,71,135,0,3,2,2,1,2,1,1,17,0,3,96,39,12,9,2020,7,12,2,12,2,2,1,1,1,1
350245,1,1,26,1,1,11,20,20,9,0,2,0,1,0,1,40,69,140,0,3,1,2,2,2,1,1,99,1,69,96,0,13,9,2020,1,23,2,1,1,1,1,3,1,4
350246,1,1,26,1,1,11,20,20,8,0,1,0,1,0,1,45,72,245,1,3,2,3,1,2,1,1,13,0,13,93,6,15,9,2020,3,6,2,8,3,2,4,2,1,0
350247,1,1,22,2,1,11,98,8,0,0,4,0,2,0,1,998,64,118,0,0,2,2,1,2,1,14,13,0,9,98,0,18,9,2020,6,19,2,19,1,1,5,3,1,2
350249,1,1,34,1,1,11,3,20,8,0,99,1,1,0,1,998,68,210,1,0,2,4,1,2,1,1,80,0,13,96,0,15,9,2020,3,20,2,8,1,1,1,3,1,0
350251,1,1,29,1,1,11,20,8,8,0,1,0,3,0,1,87,999,999,1,3,1,2,1,2,1,1,13,1,60,93,39,22,9,2020,3,23,2,33,3,3,4,2,1,4
350256,1,1,18,1,1,11,3,1,8,0,2,0,2,0,1,998,63,130,0,0,2,3,1,2,1,1,55,0,2,96,0,28,9,2020,2,2,2,12,2,2,1,3,6,0
350260,1,1,30,1,1,11,3,8,8,0,4,0,0,0,1,75,999,999,0,0,2,3,1,2,1,1,1,0,13,96,80,29,9,2020,3,8,2,12,1,1,1,1,1,1
350262,1,1,19,1,1,11,20,20,0,0,1,0,2,0,1,998,69,171,0,0,1,2,5,2,1,1,8,0,3,93,73,4,9,2020,6,8,2,9,1,1,4,1,1,0
350263,1,1,40,2,1,11,3,20,9,0,2,1,2,0,1,998,65,140,0,0,1,2,1,2,1,1,80,0,13,98,0,21,9,2020,2,20,2,8,2,2,1,3,1,0
350266,1,1,999,9,1,11,99,20,8,0,99,1,9,99,1,998,999,999,99,0,2,2,1,2,1,1,80,0,999,96,0,28,9,2020,2,8,2,8,1,1,1,1,1,0
350269,1,1,38,1,1,11,3,20,8,0,2,0,1,0,1,998,70,250,0,0,3,4,1,2,1,1,80,0,60,0,0,5,10,2020,2,23,2,8,1,1,1,3,1,0
350271,1,1,999,9,1,11,99,20,9,0,99,1,9,99,1,998,999,999,99,0,1,2,1,2,1,1,80,0,999,93,6,16,10,2020,6,19,2,8,1,1,1,2,1,0
350272,1,1,21,1,1,11,20,20,8,0,1,0,0,0,1,998,75,190,0,3,2,2,1,2,1,15,13,0,80,93,6,9,10,2020,6,16,2,33,3,3,4,1,1,4
350274,1,1,62,2,1,11,3,8,9,0,1,0,1,0,1,998,66,190,0,0,2,2,2,2,1,6,9,0,13,96,35,20,10,2020,3,13,2,12,1,1,1,1,1,4
350280,1,1,22,1,1,11,20,20,8,0,1,0,2,0,1,998,77,250,3,3,1,2,6,5,1,14,19,1,80,96,0,10,10,2020,7,7,2,1,1,1,4,1,1,4
350281,1,1,37,1,1,11,3,20,8,0,1,0,2,0,1,998,71,175,0,0,1,2,1,2,2,1,80,0,7,96,0,25,10,2020,1,19,2,8,1,1,1,2,2,0
350282,1,1,39,1,1,11,20,20,1,0,1,1,2,0,1,998,69,220,0,0,5,3,1,2,1,1,80,1,7,96,60,6,10,2020,3,23,2,8,1,1,1,2,1,0
350284,1,1,72,2,1,11,3,20,8,0,1,0,1,0,1,998,67,180,0,0,1,2,1,2,1,1,80,0,13,93,6,17,10,2020,7,19,2,8,16,1,1,2,1,0
350286,1,1,42,2,1,11,3,20,1,0,1,0,2,0,1,998,61,130,0,0,1,3,1,2,1,1,54,1,13,93,28,30,10,2020,6,17,2,12,1,1,1,1,1,4
350287,1,1,999,9,1,11,99,20,9,0,99,1,9,99,1,998,999,999,99,0,1,2,1,2,1,1,80,0,999,93,6,13,3,2020,6,23,2,8,3,2,1,3,1,0
350288,1,1,55,1,1,11,20,20,9,0,1,0,0,0,1,998,73,185,0,0,6,1,1,2,1,14,12,0,74,96,0,22,6,2020,2,2,2,30,5,1,4,3,1,4
350289,1,1,999,9,1,11,99,20,9,0,99,1,9,99,1,998,999,999,99,0,1,3,1,2,1,1,80,0,999,96,0,30,6,2020,3,21,2,8,2,3,1,2,1,9
350292,1,1,19,1,1,11,20,20,8,0,1,0,2,0,1,998,999,999,0,3,1,2,1,2,1,14,12,1,13,96,39,18,7,2020,7,18,2,38,1,1,4,1,1,4
350295,1,1,22,1,1,11,20,1,8,0,2,0,0,0,1,998,66,120,0,3,2,4,1,2,1,11,15,1,3,93,6,23,10,2020,6,2,2,17,8,1,4,3,1,3
350296,1,1,53,1,1,11,3,8,8,0,1,0,1,0,1,998,67,200,0,0,2,4,1,2,1,1,66,0,7,96,0,7,10,2020,4,1,2,12,2,2,1,3,1,1
350297,1,1,999,9,1,11,99,99,9,0,99,1,9,99,1,998,999,999,99,0,1,2,1,2,1,1,80,0,999,93,6,17,10,2020,7,19,2,8,1,1,1,3,1,0
350299,1,1,28,2,1,11,20,1,9,0,1,0,2,0,1,998,66,999,0,0,2,4,1,2,1,11,15,0,13,96,0,4,11,2020,4,18,2,12,2,2,1,2,1,4
350300,1,1,26,2,1,11,20,20,8,0,1,0,1,0,1,998,63,145,0,0,1,3,1,2,1,15,80,0,13,96,0,6,11,2020,6,19,2,8,3,3,1,3,1,0
350304,1,1,31,1,1,11,3,20,8,0,1,0,1,0,1,30,66,140,0,0,1,2,1,2,1,1,80,0,60,0,0,3,11,2020,3,17,2,8,1,1,1,2,1,0
350306,1,1,30,1,1,11,3,20,8,0,1,0,1,0,1,998,69,200,4,0,2,3,1,2,1,1,80,0,60,96,0,17,11,2020,3,4,2,8,1,1,1,3,1,0
350309,1,1,16,1,1,11,3,8,8,0,1,0,2,0,1,998,69,113,0,0,2,2,1,2,1,1,55,0,13,0,0,19,11,2020,5,18,2,12,2,2,1,3,1,1
350311,1,1,48,1,1,11,3,20,8,0,2,0,1,0,1,45,74,190,0,0,1,2,1,2,1,2,80,0,7,96,0,24,11,2020,3,18,2,8,1,1,1,3,1,0
350314,1,1,61,2,1,11,3,20,8,0,1,0,1,0,1,998,59,115,0,0,2,3,1,2,1,10,16,0,5,96,0,30,11,2020,2,15,2,12,4,1,1,1,1,0
350315,1,1,76,1,1,11,98,20,9,0,99,1,0,0,1,998,74,250,0,0,3,3,1,2,1,14,80,0,7,96,0,2,11,2020,2,17,2,8,1,1,1,3,1,0
350316,1,1,79,1,1,11,3,1,8,0,2,0,2,0,1,998,73,175,0,0,2,4,1,2,1,1,12,0,7,96,0,30,11,2020,2,14,2,12,1,1,1,1,1,3
350318,1,1,19,1,1,11,20,20,9,0,1,0,2,0,1,998,66,150,1,3,1,2,1,2,1,1,51,0,80,93,38,25,11,2020,4,11,2,12,2,3,1,1,1,4
350319,1,1,19,1,1,11,20,98,9,0,1,0,2,0,1,998,72,155,0,0,3,3,1,2,1,1,54,1,13,96,51,29,11,2020,1,21,2,12,1,1,1,2,1,4
350320,1,1,23,1,1,11,20,8,9,0,1,0,2,0,1,998,72,135,0,3,3,2,1,2,1,1,12,1,13,93,28,7,11,2020,7,2,2,57,1,1,3,2,1,4
350323,1,1,27,2,1,11,3,20,9,0,1,0,2,0,1,998,63,125,1,0,1,2,1,2,1,1,80,0,7,96,0,1,12,2020,3,18,2,8,1,1,1,2,1,0
350325,1,1,42,1,1,11,3,20,8,0,1,0,1,0,1,998,68,200,0,3,1,2,1,2,1,1,13,1,7,93,6,1,12,2020,3,14,2,33,1,1,4,1,6,4
350329,1,1,23,2,1,11,20,1,9,0,1,0,2,0,1,998,57,165,0,0,1,2,2,2,1,1,10,0,13,93,36,5,12,2020,7,10,2,12,1,1,1,1,1,4
350330,1,1,81,2,1,11,20,20,8,0,1,0,1,0,1,998,62,120,0,0,2,2,1,2,1,14,13,0,7,93,6,8,12,2020,3,11,2,31,1,1,4,1,1,4
350331,1,1,34,1,1,11,20,8,0,0,1,0,1,0,1,998,72,200,1,0,2,2,2,2,1,1,9,0,7,96,58,9,12,2020,4,11,2,24,1,1,3,1,1,4
350334,1,1,24,1,1,11,20,1,9,0,1,0,1,0,1,998,68,150,0,4,2,4,6,2,1,14,6,0,13,96,0,13,12,2020,1,8,2,35,1,1,4,1,1,4
350337,1,1,21,1,1,11,3,20,8,0,1,0,1,0,1,998,63,120,0,0,1,2,1,2,1,1,83,0,7,0,0,15,12,2020,3,20,2,9,3,3,1,2,1,0
350341,1,1,24,2,1,11,2,20,1,0,3,0,1,0,1,998,60,115,2,0,2,3,6,2,1,14,6,1,7,96,0,20,12,2020,1,1,2,1,1,1,1,3,1,4
350344,1,1,21,1,1,11,20,8,9,0,1,0,1,0,1,998,69,180,0,3,2,3,1,2,1,15,6,0,3,96,0,27,12,2020,1,22,2,33,1,1,4,3,1,4
350348,2,1,19,1,1,11,3,2,0,0,1,0,1,0,1,80,74,235,0,0,3,3,3,2,1,1,50,0,7,0,0,26,2,2020,4,21,2,12,1,1,1,2,1,0
350350,1,1,20,1,1,11,20,8,1,0,1,0,2,0,1,91,66,190,0,3,1,2,2,2,1,1,10,1,7,93,38,24,12,2020,5,10,2,12,1,1,1,1,1,2
350352,1,1,999,9,1,11,20,20,9,0,1,1,5,0,1,998,999,999,99,3,2,3,1,2,2,1,83,0,80,96,0,10,12,2020,5,17,2,15,1,1,1,3,2,0
350354,1,1,21,2,1,11,3,1,8,0,2,0,1,0,1,998,64,159,0,3,2,2,1,2,1,15,51,0,3,0,0,24,12,2020,5,18,2,12,1,1,1,3,1,1
350355,1,1,27,1,1,11,20,20,9,0,1,0,1,0,1,998,69,130,0,3,2,3,1,3,1,1,12,0,13,96,0,15,12,2020,3,20,2,42,1,1,3,3,1,4
350361,1,1,31,1,1,11,3,9,9,0,1,0,1,0,1,998,71,198,0,3,1,2,1,2,1,6,13,0,60,96,35,16,12,2020,4,14,2,42,1,1,4,1,1,1
350362,1,1,36,2,1,11,20,1,9,0,1,0,1,0,1,998,70,210,0,3,2,2,1,2,1,1,10,0,60,96,51,2,12,2020,4,17,2,12,1,1,1,1,1,4
350365,1,1,71,1,1,11,3,20,8,0,1,0,1,0,1,998,68,229,0,0,2,2,1,2,2,1,80,0,13,96,0,27,11,2020,6,21,2,8,1,1,1,2,5,0
360001,1,1,43,1,1,11,3,20,8,0,1,0,1,0,1,999,69,999,1,0,1,6,1,2,1,1,80,0,7,96,0,1,1,2020,4,17,2,8,1,1,1,1,1,0
360002,1,1,48,1,1,11,3,20,8,0,1,0,3,6,1,999,69,999,0,0,2,3,1,2,2,1,80,0,66,96,0,3,1,2020,6,20,2,8,3,2,1,3,2,0
360003,1,1,999,9,1,11,98,98,8,0,1,1,9,0,1,999,999,999,99,0,1,5,1,2,2,11,80,0,13,96,999,3,1,2020,6,13,2,8,3,2,1,1,10,9
360004,1,1,52,1,1,11,3,20,8,0,1,0,3,6,1,999,68,999,0,0,2,2,2,2,2,1,80,0,66,96,0,3,1,2020,6,20,2,8,1,1,1,2,10,0
360005,1,1,22,1,1,11,3,9,8,0,4,0,2,0,1,999,72,999,0,5,2,3,2,2,2,14,12,0,13,99,27,3,1,2020,6,10,2,42,1,1,4,1,2,4
360006,1,1,24,1,1,11,3,20,8,0,1,0,3,0,1,999,63,999,1,0,5,5,3,2,2,1,80,0,7,96,0,3,1,2020,6,6,2,8,1,1,1,2,1,0
360007,1,1,24,1,1,11,20,1,8,0,1,0,2,0,1,999,73,999,0,5,2,3,2,2,1,14,51,0,7,96,26,3,1,2020,6,0,2,12,1,1,1,2,10,4
360008,1,1,19,1,1,11,3,98,8,0,1,0,2,0,1,998,67,999,0,0,1,2,1,2,1,1,80,0,13,96,0,1,1,2020,4,1,2,8,1,1,1,3,1,0
360009,1,1,30,1,1,11,3,9,8,0,1,0,2,0,1,999,71,999,0,0,2,2,1,2,2,14,6,0,13,96,79,3,1,2020,6,19,2,42,1,1,4,2,2,4
360010,1,1,32,2,1,11,3,20,8,0,2,0,1,0,1,998,60,999,0,0,5,5,1,2,2,1,80,0,7,96,0,4,1,2020,7,21,2,8,1,1,1,3,2,0
360011,1,1,18,1,1,11,20,9,8,0,1,0,2,0,1,999,66,999,1,5,1,2,1,2,1,14,12,1,13,96,0,4,1,2020,7,1,2,42,1,1,4,3,10,4
360012,1,1,69,1,1,11,3,1,8,0,1,0,1,0,1,999,67,999,0,0,1,2,1,2,2,1,17,0,7,96,39,4,1,2020,7,18,2,12,2,2,1,3,2,4
360014,1,1,29,2,1,11,3,9,8,0,2,0,1,0,1,999,63,999,0,0,1,2,1,2,2,14,62,0,13,96,28,4,1,2020,7,7,2,12,1,1,1,1,2,3
360017,1,1,21,1,1,11,3,20,8,0,1,0,2,0,1,999,999,999,0,5,2,4,1,2,1,1,6,0,13,96,0,6,1,2020,2,22,2,42,1,1,4,3,1,4
360019,1,1,28,1,1,11,99,20,8,0,1,0,3,2,1,999,67,999,1,0,1,2,1,1,1,4,80,0,11,17,6,7,1,2020,3,11,2,8,1,1,1,1,1,0
360020,1,1,44,1,1,11,3,20,8,0,1,0,3,2,1,999,67,999,0,0,1,2,1,2,1,10,80,0,11,96,0,7,1,2020,3,6,2,8,8,1,1,4,1,0
360021,1,1,66,1,1,11,3,20,8,0,1,0,3,0,1,999,68,999,0,0,3,2,2,2,1,1,80,0,7,96,38,7,1,2020,3,18,2,8,3,2,1,3,10,0
360026,1,1,22,2,1,11,3,20,8,0,3,0,2,0,1,0,63,999,0,0,1,4,2,2,1,5,66,0,13,96,0,9,1,2020,5,12,2,12,2,3,1,1,1,0
360027,1,1,33,1,1,11,3,20,8,0,1,0,3,0,1,999,70,999,0,0,4,3,1,2,1,10,80,0,95,96,38,10,1,2020,6,17,2,8,3,4,1,5,10,0
360029,1,1,25,1,1,11,3,20,8,0,1,0,1,0,1,999,69,999,1,0,2,4,1,2,1,1,80,0,13,96,0,11,1,2020,7,17,2,8,3,2,1,2,1,0
360030,1,1,67,1,1,11,3,20,8,0,2,0,1,0,1,999,71,999,1,0,1,4,1,2,1,1,80,0,3,96,0,11,1,2020,7,18,2,8,3,2,1,3,10,0
360031,1,1,27,1,1,11,3,9,8,0,1,0,1,0,1,999,68,999,0,0,3,4,3,9,2,1,53,0,7,96,0,12,1,2020,1,3,2,12,1,1,1,3,2,4
360032,1,1,36,2,1,11,3,20,8,0,1,0,1,0,1,998,64,999,1,0,5,3,1,2,1,1,80,0,7,96,0,12,1,2020,1,18,2,8,1,1,1,3,1,0
360033,1,1,41,1,1,11,3,20,8,0,1,0,2,0,1,999,70,999,0,0,1,5,1,2,1,1,83,0,7,9,0,12,1,2020,1,17,2,9,1,1,1,3,1,0
360034,1,1,22,1,1,11,20,1,8,0,3,0,4,0,1,999,60,999,2,5,1,2,1,2,1,6,12,0,13,96,27,13,1,2020,2,16,2,42,1,1,5,1,10,4
360035,1,1,52,1,1,11,20,9,8,0,1,0,1,0,1,999,77,999,0,0,3,3,1,2,1,14,11,0,13,96,27,13,1,2020,2,7,2,14,1,1,2,4,1,4
360037,1,1,22,1,1,11,3,20,8,0,2,0,1,0,1,999,68,999,0,0,4,2,1,2,2,11,80,0,7,96,38,14,1,2020,3,21,2,8,3,2,1,3,2,0
360039,1,1,83,1,1,11,3,20,8,0,1,0,1,0,1,999,70,999,0,0,4,2,1,2,1,11,80,0,7,96,38,15,1,2020,4,10,2,8,3,2,1,1,1,0
360042,1,1,53,1,1,11,99,99,8,0,1,1,3,6,1,999,66,999,0,0,1,2,1,2,2,1,80,0,66,96,0,16,1,2020,5,4,2,8,1,1,1,3,2,9
360043,1,1,60,1,1,11,3,20,8,0,2,0,3,21,1,998,67,999,0,0,1,4,1,2,1,1,98,0,16,96,0,16,1,2020,5,9,2,5,2,2,1,1,1,0
360045,1,1,35,2,1,11,3,20,8,0,1,0,1,0,1,999,68,999,0,0,1,2,1,2,98,13,80,1,7,96,31,17,1,2020,6,15,2,8,8,1,1,1,1,0
360046,1,1,55,1,1,11,3,20,8,0,1,0,1,0,1,998,65,999,0,0,2,2,1,2,1,1,80,0,2,96,0,17,1,2020,6,19,2,8,1,1,1,3,1,0
360047,1,1,84,1,1,11,3,1,8,0,1,0,1,0,1,999,64,999,0,0,1,2,1,2,3,1,50,0,13,0,0,17,1,2020,6,9,2,12,2,2,1,1,98,4
360049,1,1,30,1,1,11,3,20,8,0,2,0,2,0,1,31,68,140,0,0,3,6,1,2,2,1,80,0,13,96,0,19,1,2020,1,19,2,8,1,1,1,2,4,0
360053,1,1,47,1,1,11,3,9,8,0,1,0,1,0,1,999,68,999,0,5,2,3,1,2,1,15,12,0,7,96,27,21,1,2020,3,18,2,42,1,1,3,3,1,4
360054,1,1,17,1,1,11,3,20,8,0,1,0,2,0,1,999,73,999,0,5,1,4,1,2,2,15,13,0,13,96,27,21,1,2020,3,20,2,30,1,1,4,2,10,4
360058,1,1,45,1,1,11,3,20,8,0,1,0,1,0,1,0,72,999,0,0,3,3,1,2,1,5,53,0,7,96,0,23,1,2020,5,7,2,12,1,1,1,1,1,0
360059,1,1,19,1,1,11,3,9,8,0,1,0,2,0,1,999,68,999,1,0,3,2,1,2,98,15,50,0,13,96,87,23,1,2020,5,6,2,12,1,1,1,3,10,4
360060,1,1,78,2,1,11,3,20,8,0,1,0,1,0,1,998,66,999,0,0,4,2,1,2,1,1,80,0,7,96,0,24,1,2020,6,15,2,8,1,1,1,1,1,0
360061,1,1,42,1,1,11,20,20,8,0,1,0,3,0,1,999,65,999,1,0,2,8,1,2,98,11,80,0,60,96,38,24,1,2020,6,12,2,8,3,2,1,1,1,0
360063,1,1,22,1,1,11,3,98,8,0,1,0,2,0,1,998,65,999,1,0,1,6,2,2,2,1,80,0,7,17,0,25,1,2020,7,18,2,8,1,1,1,3,10,0
360064,1,1,47,1,1,11,20,20,8,0,1,0,1,0,1,999,73,999,0,0,3,4,2,8,1,1,13,0,13,96,0,24,1,2020,6,14,2,59,1,1,8,1,1,4
360065,1,1,27,1,1,11,3,20,8,0,2,0,2,0,1,999,69,999,1,5,2,3,1,2,1,1,54,1,3,96,0,25,1,2020,7,5,2,12,1,1,1,3,10,4
360066,1,1,61,1,1,11,3,20,8,0,2,0,3,0,1,999,73,999,0,0,2,4,1,2,2,1,80,0,7,96,39,25,1,2020,7,6,2,8,3,2,1,3,10,0
360068,1,1,23,1,1,11,3,20,8,0,1,0,1,0,1,999,68,999,1,4,1,2,2,2,98,1,6,0,13,96,87,26,1,2020,1,7,2,12,1,1,1,1,10,4
360072,1,1,29,1,1,11,3,20,8,0,1,0,2,0,1,999,75,999,0,5,3,3,1,2,1,15,52,0,7,96,27,28,1,2020,3,9,2,12,1,1,1,1,10,4
360073,1,1,35,1,1,11,20,98,8,0,1,0,2,0,1,998,73,999,0,0,1,2,2,2,1,1,11,0,13,96,0,30,1,2020,5,1,2,14,1,1,7,2,1,4
360074,1,1,50,1,1,11,20,9,8,0,1,0,2,0,1,999,65,999,0,0,3,3,1,2,1,14,54,1,7,96,51,30,1,2020,5,20,2,12,1,1,1,2,1,1
360075,1,1,25,2,1,11,99,20,8,0,1,0,0,0,1,999,62,999,0,0,0,0,0,0,0,13,20,0,13,17,31,1,2,2020,7,18,2,8,1,1,1,3,10,0
360076,1,1,58,1,1,11,3,20,0,0,1,1,3,5,1,999,999,999,99,0,1,5,1,2,2,11,80,0,66,96,0,2,2,2020,1,17,2,8,3,2,1,3,1,0
360077,1,1,54,1,1,11,3,20,8,0,3,0,3,1,1,999,70,999,0,0,1,4,1,2,1,12,83,0,11,17,0,30,1,2020,5,14,2,9,1,1,1,1,1,0
360078,1,1,26,2,1,11,3,20,8,0,2,0,2,0,1,999,65,999,0,5,2,3,1,2,2,1,59,1,8,96,36,2,2,2020,1,0,2,12,1,1,1,3,2,1
360080,1,1,25,1,1,11,2,20,8,0,2,0,2,0,1,999,70,999,1,0,2,2,1,1,1,1,80,0,5,96,0,3,2,2020,2,21,2,8,3,2,1,3,1,0
360081,1,1,56,2,1,11,20,20,8,0,1,0,2,0,1,999,67,999,0,0,1,2,1,2,1,1,14,0,7,0,39,4,2,2020,3,12,2,43,3,3,4,1,10,4
360082,1,1,45,1,1,11,3,20,8,0,2,0,1,1,1,999,68,999,0,0,1,2,1,2,1,1,80,0,60,96,0,4,2,2020,3,18,2,8,1,1,1,2,1,0
360083,1,1,80,1,1,11,3,9,8,0,1,0,1,0,1,998,66,999,0,0,1,2,2,2,1,14,19,0,13,96,0,4,2,2020,3,20,2,34,1,1,4,3,1,4
360084,1,1,55,1,1,11,3,20,8,0,1,0,1,0,1,999,67,999,0,0,1,2,1,2,1,1,67,0,60,96,0,5,2,2020,4,13,2,12,2,2,1,1,10,0
360085,1,1,28,1,1,11,20,9,8,0,1,0,3,0,1,999,74,999,1,0,1,2,2,2,1,14,13,0,13,6,6,5,2,2020,4,9,2,30,1,1,4,1,10,4
360086,1,1,48,2,1,11,3,20,8,0,1,0,1,0,1,999,62,999,0,0,2,2,8,8,98,11,80,0,13,96,0,6,2,2020,5,17,2,8,3,2,1,3,2,0
360087,1,1,29,1,1,11,3,9,8,0,2,0,2,0,1,999,71,999,0,5,1,2,1,2,10,1,10,0,15,96,87,6,2,2020,5,7,2,12,1,1,1,1,12,3
360091,1,1,33,1,1,11,3,20,8,0,2,0,2,0,1,0,75,999,0,0,3,3,1,2,1,17,53,0,7,96,0,8,2,2020,7,12,2,12,5,1,1,1,1,0
360092,1,1,19,1,1,11,3,20,8,0,2,0,2,0,1,5,74,999,0,0,2,4,2,2,1,11,15,0,13,96,38,9,2,2020,1,22,2,12,2,2,1,3,1,0
360094,1,1,44,2,1,11,20,9,8,0,1,0,1,0,1,999,62,999,3,0,3,2,1,2,2,1,13,1,2,96,27,10,2,2020,2,7,2,31,1,1,4,2,98,4
360095,1,1,79,2,1,11,3,20,8,0,1,0,1,0,1,999,68,999,0,0,1,2,1,2,1,1,80,0,7,96,0,9,2,2020,1,20,2,8,3,2,1,3,10,0
360096,1,1,64,2,1,11,3,9,8,0,1,0,1,0,1,999,62,999,0,0,1,2,1,2,1,1,10,0,13,96,28,11,2,2020,3,14,2,12,1,1,1,1,1,4
360097,1,1,86,1,1,11,99,20,8,0,1,0,1,0,1,999,81,999,0,0,2,2,1,2,1,1,80,0,7,96,0,15,2,2020,7,7,2,8,1,1,1,1,1,0
360098,1,1,31,2,1,11,99,99,8,0,1,0,2,0,1,999,65,999,0,5,3,2,2,2,1,14,13,1,13,17,6,12,2,2020,4,0,2,42,1,1,4,2,1,4
360099,1,1,47,1,1,11,99,9,8,0,2,0,2,0,1,999,64,136,0,0,3,2,1,2,1,1,54,1,7,96,51,16,2,2020,1,5,2,12,1,1,1,3,1,3
360100,1,1,34,2,1,11,3,9,8,0,1,0,2,0,1,50,63,999,0,0,1,5,1,2,2,1,10,1,7,99,28,12,2,2020,4,22,2,12,1,1,1,3,4,4
360101,1,1,65,1,1,11,3,20,8,0,1,0,1,0,1,37,70,999,0,0,5,5,1,2,2,1,80,0,7,96,0,18,2,2020,3,6,2,8,1,1,1,1,2,0
360102,1,1,67,1,1,11,99,9,8,0,1,0,2,0,1,999,75,999,0,5,1,2,2,2,1,14,10,0,13,96,28,18,2,2020,3,7,2,12,1,1,1,1,10,2
360103,1,1,30,2,1,11,99,9,8,0,2,0,1,0,1,999,65,999,0,0,1,4,1,2,1,1,62,0,13,96,0,20,2,2020,5,20,2,12,2,3,1,3,10,1
360106,1,1,77,1,1,11,3,9,8,0,2,0,1,0,1,999,66,999,0,0,1,2,1,2,1,14,10,0,13,17,89,14,2,2020,6,20,2,12,1,1,1,2,1,1