ST_CASE,VEH_NO,PER_NO,AGE,SEX,PER_TYP,SEAT_POS,REST_USE,AIR_BAG,DRUGS,LOCATION,NUMOCCS,HIT_RUN,OWNER,V_CONFIG,HAZ_INV,TRAV_SP,DR_HGT,DR_WGT,PREV_SPD,SPEEDREL,VTRAFWAY,VNUM_LAN,VPROFILE,VPAVETYP,VSURCOND,P_CRASH1,P_CRASH2,DR_DRINK,VPICBODYCLASS,DRDISTRACT,DRIVERRF,DAY,MONTH,YEAR,DAY_WEEK,HOUR,RUR_URB,HARM_EV,RELJCT2,TYP_INT,REL_ROAD,LGT_COND,WEATHER,INJ_SEV
360107,1,1,21,1,1,11,99,20,8,0,2,0,2,0,1,80,67,999,0,3,1,5,1,2,1,1,17,1,5,96,39,14,2,2020,6,22,2,12,2,2,1,3,1,4
360109,1,1,37,1,1,11,3,20,8,0,1,0,1,0,1,999,64,999,0,0,3,3,3,2,1,1,53,0,7,96,0,15,2,2020,7,23,2,12,1,1,1,3,1,1
360110,1,1,42,1,1,11,3,20,8,0,1,0,1,0,1,25,71,999,0,0,1,2,1,2,1,1,80,0,7,96,0,21,2,2020,6,18,2,8,3,2,1,3,1,0
360112,1,1,24,1,1,11,3,20,8,0,1,0,3,0,1,999,73,999,0,0,1,2,1,2,1,10,80,0,7,96,38,21,2,2020,6,11,2,8,3,2,1,1,1,3
360113,1,1,24,1,1,11,3,9,8,0,1,0,2,0,1,999,71,999,0,0,1,4,1,1,1,6,51,0,13,96,0,21,2,2020,6,6,2,12,1,1,1,1,1,4
360114,1,1,40,1,1,11,3,9,8,0,1,0,1,0,1,999,72,999,0,0,1,2,1,2,1,1,10,0,7,0,28,21,2,2020,6,6,2,12,1,1,1,1,10,1
360115,1,1,57,1,1,11,2,20,8,0,2,0,3,2,1,999,72,999,0,0,1,2,1,2,2,1,80,0,11,0,10,10,2,2020,2,23,2,8,3,2,1,3,10,0
360116,1,1,999,9,1,11,99,98,8,0,99,1,9,0,1,999,999,999,99,3,1,2,2,2,1,1,80,0,13,96,35,23,2,2020,1,7,2,8,1,1,1,4,1,9
360117,1,1,60,1,1,11,3,20,8,0,1,0,3,0,1,999,68,999,0,0,2,1,1,2,1,11,80,0,95,17,38,23,2,2020,1,13,2,8,3,2,1,1,1,0
360118,1,1,70,2,1,11,3,20,8,0,1,0,1,0,1,999,66,999,0,0,1,4,1,2,1,1,80,0,13,96,0,24,2,2020,2,19,2,8,3,2,1,3,1,0
360119,1,1,24,1,1,11,3,9,8,0,1,0,1,0,1,999,66,999,0,0,1,2,1,2,1,1,52,0,13,17,26,24,2,2020,2,16,2,12,1,1,1,1,10,1
360120,1,1,61,2,1,11,20,20,8,0,1,0,1,0,1,999,62,999,0,0,6,1,2,2,2,14,12,0,9,0,0,26,2,2020,4,10,2,24,5,1,4,1,10,4
360122,1,1,50,1,1,11,3,20,8,0,1,0,2,0,1,999,70,999,0,0,5,5,1,2,2,1,80,0,2,96,0,2,3,2020,2,20,2,8,1,1,1,2,10,0
360123,1,1,26,1,1,11,3,20,8,0,1,0,1,0,1,999,70,999,0,0,1,2,1,2,1,1,80,0,7,96,0,2,3,2020,2,19,2,8,1,1,1,3,10,0
360124,1,1,61,1,1,11,99,20,8,0,1,0,3,21,1,999,65,999,0,0,1,2,1,2,1,10,80,0,73,17,38,25,2,2020,3,6,2,8,2,2,1,1,1,0
360125,1,1,73,2,1,11,3,20,8,0,1,0,1,0,1,999,60,999,0,0,1,2,1,2,2,1,80,0,13,12,6,25,2,2020,3,19,2,8,1,1,1,3,2,0
360126,1,1,20,1,1,11,1,9,8,0,2,0,2,0,1,999,67,999,0,0,3,3,1,2,2,1,80,0,13,96,0,3,3,2020,3,19,2,8,1,1,1,3,2,0
360127,1,1,999,9,1,11,99,99,9,0,99,1,9,99,1,999,999,999,99,9,1,5,1,2,2,99,80,0,999,99,0,3,3,2020,3,5,2,8,3,3,1,4,10,9
360131,1,1,17,1,1,11,3,20,8,0,1,0,2,0,1,999,65,999,0,0,4,3,1,2,1,6,80,0,13,96,0,26,2,2020,4,19,2,8,3,3,1,3,1,0
360133,1,1,60,1,1,11,3,20,8,0,1,1,1,6,1,999,65,999,0,0,1,2,1,2,2,1,80,0,66,96,0,26,2,2020,4,4,2,8,1,1,1,3,2,0
360134,1,1,27,2,1,11,20,20,8,0,1,0,1,0,1,999,64,999,0,0,4,1,1,2,1,1,50,0,94,17,52,27,2,2020,5,11,2,12,1,1,1,1,1,4
360135,1,1,48,2,1,11,3,20,8,0,1,0,1,0,1,999,65,999,0,0,1,4,1,2,1,10,80,0,7,96,38,27,2,2020,5,8,2,8,3,2,1,1,1,1
360137,1,1,22,2,1,11,3,9,8,0,1,0,2,0,1,45,68,999,0,0,1,2,2,2,98,14,10,0,13,96,28,29,2,2020,7,8,2,12,1,1,1,1,4,2
360138,1,1,59,2,1,11,3,9,8,0,1,0,1,0,1,36,65,999,0,0,1,2,2,2,1,6,10,0,13,0,28,4,3,2020,4,16,2,12,1,1,1,1,10,1
360139,1,1,22,2,1,11,3,20,8,0,1,0,2,0,1,999,71,999,0,0,5,5,1,2,2,1,80,0,7,96,0,2,3,2020,2,17,2,8,3,3,1,3,2,0
360140,1,1,24,1,1,11,20,20,8,0,1,0,1,0,1,999,69,999,3,5,6,2,1,2,1,1,6,1,98,96,36,20,3,2020,6,22,2,24,5,1,4,3,10,4
360141,1,1,24,1,1,11,20,8,8,0,2,0,2,0,1,109,68,999,2,3,2,2,1,2,1,1,10,1,13,96,0,5,3,2020,5,1,2,35,1,1,3,2,1,4
360143,1,1,19,1,1,11,3,20,8,0,2,0,2,0,1,999,71,999,0,5,1,4,1,2,1,1,80,0,13,96,36,5,3,2020,5,19,2,8,3,3,1,3,1,0
360144,1,1,20,1,1,11,3,9,8,0,1,0,2,0,1,999,73,999,1,5,3,3,1,1,2,1,50,0,13,17,6,23,3,2020,2,20,2,12,1,1,1,3,1,0
360148,1,1,97,1,1,11,3,9,8,0,2,0,1,0,1,999,66,999,0,0,1,2,2,2,1,1,12,0,13,96,0,22,2,2020,7,9,2,42,1,1,4,1,1,2
360149,1,1,37,1,1,11,20,9,8,0,1,0,3,0,1,999,999,999,0,5,2,3,1,2,98,1,6,0,95,96,87,23,3,2020,2,13,2,42,1,1,3,1,98,4
360150,1,1,20,1,1,11,20,9,8,0,3,1,4,0,1,69,70,999,0,3,1,2,1,2,1,1,17,0,7,96,39,7,3,2020,7,12,2,12,2,2,1,1,1,1
360155,1,1,48,1,1,11,3,20,8,0,1,0,3,0,1,999,69,999,0,0,3,3,1,2,1,15,80,0,7,96,0,8,3,2020,1,1,2,8,1,1,1,2,1,0
360157,1,1,13,1,1,11,99,9,8,0,2,0,5,0,1,999,999,999,0,0,1,2,1,2,1,1,98,0,7,96,52,14,3,2020,7,18,2,14,1,1,1,1,1,4
360158,1,1,36,1,1,11,20,20,8,0,1,0,1,0,1,999,68,999,0,5,1,2,2,2,1,14,13,0,98,96,0,26,3,2020,5,13,2,30,1,1,4,1,1,4
360160,1,1,28,1,1,11,20,20,8,0,1,0,1,0,1,999,68,999,1,5,1,2,1,2,1,6,80,0,80,96,27,14,3,2020,7,18,2,8,1,1,1,1,10,2
360161,1,1,21,1,1,11,2,9,8,0,1,0,3,0,1,999,67,999,0,0,1,4,1,2,1,1,13,0,7,0,0,27,3,2020,6,5,2,42,1,1,4,1,10,4
360163,1,1,54,1,1,11,20,20,8,0,1,0,1,0,1,999,68,135,0,5,1,2,2,9,98,14,13,0,98,96,87,28,3,2020,7,14,2,42,1,1,4,1,10,4
360165,1,1,57,1,1,11,99,20,8,0,1,0,1,0,1,999,70,999,0,0,2,2,1,2,1,10,83,0,7,96,38,14,3,2020,7,15,2,15,3,3,1,1,1,0
360167,1,1,84,1,1,11,3,9,8,0,1,0,1,0,1,999,69,999,0,0,1,2,1,2,2,1,13,0,13,17,87,17,3,2020,3,4,2,39,3,3,4,2,2,4
360168,1,1,20,1,1,11,20,20,8,0,1,0,2,0,1,87,73,999,0,3,1,5,1,2,1,98,6,0,80,99,8,20,3,2020,6,15,2,1,2,2,1,1,10,4
360169,1,1,60,1,1,11,99,20,8,0,1,0,1,0,1,999,70,999,1,0,1,2,1,2,1,1,14,0,15,96,39,4,4,2020,7,17,2,42,3,3,4,1,1,4
360170,1,1,49,1,1,11,3,9,8,0,1,0,1,0,1,999,66,999,0,5,1,2,1,2,1,14,13,1,13,96,0,4,4,2020,7,18,2,19,1,1,4,1,1,4
360171,1,1,42,1,1,11,3,9,8,0,1,0,1,0,1,999,74,999,0,0,3,3,2,2,1,1,54,1,13,96,51,5,4,2020,1,23,2,12,1,1,1,2,1,4
360172,1,1,27,1,1,11,20,20,1,0,1,0,1,0,1,34,69,999,0,0,1,2,1,2,1,14,87,0,80,96,0,5,4,2020,1,17,2,11,1,1,1,1,1,4
360173,1,1,36,1,1,11,20,20,8,0,2,0,1,0,1,999,71,999,1,5,3,3,1,2,1,1,51,0,85,96,26,5,4,2020,1,20,2,12,1,1,1,3,1,4
360175,1,1,27,1,1,11,3,20,8,0,1,0,3,1,1,999,73,999,0,0,1,2,2,2,1,11,15,0,63,96,38,6,4,2020,2,17,2,12,2,3,1,1,1,0
360179,1,1,30,1,1,11,3,9,8,0,1,0,1,0,1,999,67,999,0,0,1,2,1,2,1,1,66,0,8,96,0,12,4,2020,1,21,2,12,2,2,1,3,1,0
360183,1,1,78,1,1,11,3,9,8,0,1,0,1,0,1,999,68,999,0,0,2,2,1,2,1,1,17,0,13,96,39,14,4,2020,3,15,2,12,2,2,1,1,1,4
360184,1,1,28,1,1,11,20,20,8,0,1,0,1,0,1,999,77,999,0,5,1,2,2,2,1,14,13,1,80,96,0,14,4,2020,3,18,2,24,1,1,4,1,10,4
360185,1,1,99,1,1,11,3,9,8,0,1,0,1,0,1,998,70,999,0,0,1,2,1,2,1,2,14,0,13,96,55,23,1,2020,5,11,2,38,3,3,4,1,1,4
360186,1,1,41,1,1,11,99,20,8,0,1,0,3,0,1,5,69,999,0,0,1,2,1,2,1,11,80,0,60,17,0,14,1,2020,3,10,2,8,3,2,1,1,1,0
360189,1,1,45,1,1,11,3,9,8,0,1,0,1,0,1,999,64,999,0,3,1,2,1,2,1,1,17,0,13,96,39,2,4,2020,5,5,2,12,2,2,1,1,1,4
360190,1,1,32,1,1,11,99,20,8,0,1,1,2,0,1,23,999,999,0,0,1,2,1,2,2,1,83,0,7,17,0,7,4,2020,3,21,2,9,2,2,1,3,2,0
360192,1,1,54,1,1,11,20,20,8,0,1,0,3,6,1,65,71,999,0,0,2,3,1,2,1,1,64,0,66,96,0,17,4,2020,6,4,2,12,1,1,1,2,10,0
360193,1,1,20,1,1,11,3,9,8,0,1,0,2,0,1,999,69,999,1,3,1,2,1,2,1,1,17,0,13,96,39,19,4,2020,1,1,2,12,2,2,1,3,1,1
360194,1,1,58,1,1,11,20,20,8,0,1,0,1,0,1,998,72,999,1,3,3,3,1,2,1,1,51,0,80,96,6,19,4,2020,1,8,2,12,1,1,1,1,1,4
360195,1,1,31,1,1,11,20,20,8,0,1,0,0,0,1,998,67,999,0,5,3,3,1,2,1,14,13,1,80,96,0,20,4,2020,2,2,2,24,1,1,4,3,1,4
360197,1,1,62,1,1,11,20,9,8,0,2,0,1,0,1,999,67,999,0,0,1,2,1,2,1,1,10,0,5,96,28,5,5,2020,3,11,2,12,1,1,1,1,1,4
360198,1,1,30,1,1,11,20,9,8,0,1,0,1,0,1,999,71,999,0,5,2,3,1,2,1,15,12,1,13,96,27,22,4,2020,4,18,2,1,1,1,3,1,1,4
360200,1,1,18,2,1,11,20,20,1,0,3,0,2,0,1,60,69,999,0,5,4,2,1,2,1,15,12,0,13,96,8,22,4,2020,4,0,2,19,1,1,5,3,1,3
360201,1,1,18,1,1,11,1,1,1,0,2,0,1,0,1,999,75,999,0,4,2,4,1,2,98,1,6,0,2,96,87,22,4,2020,4,1,2,31,1,1,4,2,4,4
360203,1,1,39,1,1,11,3,9,8,0,1,0,1,0,1,999,71,999,1,4,3,3,1,2,1,14,51,0,10,96,6,25,4,2020,7,17,2,12,1,1,1,1,1,1
360205,1,1,21,1,1,11,3,9,1,0,1,0,2,0,1,999,60,999,0,0,1,2,1,2,1,1,17,1,13,96,39,25,4,2020,7,17,2,12,2,2,1,1,1,4
360206,1,1,27,1,1,11,20,20,8,0,1,0,1,0,1,999,71,999,0,0,1,2,1,2,1,14,83,0,80,96,0,25,4,2020,7,18,2,9,2,3,1,1,1,4
360208,1,1,19,1,1,11,99,20,8,0,1,0,2,0,1,999,70,999,0,0,1,5,2,2,2,1,80,0,13,96,0,30,4,2020,5,20,2,8,1,1,1,2,2,0
360209,1,1,32,1,1,11,99,20,8,0,4,0,0,0,1,999,999,999,99,3,2,2,1,2,1,6,6,0,13,96,89,26,4,2020,1,3,2,21,1,1,10,3,1,4
360212,1,1,21,1,1,11,99,20,8,0,1,0,1,0,1,999,72,999,0,5,1,2,1,1,1,1,13,0,5,96,0,7,5,2020,5,15,2,42,1,1,4,1,1,4
360213,1,1,47,1,1,11,3,20,8,0,1,0,3,21,1,999,72,999,0,0,4,2,1,2,1,1,83,0,16,96,0,28,4,2020,3,16,2,9,3,2,1,1,1,0
360214,1,1,28,2,1,11,20,20,8,0,1,0,0,0,1,999,67,999,0,5,0,0,0,0,0,98,98,1,69,96,30,7,5,2020,5,2,2,12,1,1,1,2,1,4
360215,1,1,57,1,1,11,20,20,8,0,1,0,1,0,1,999,68,999,0,5,6,2,3,2,1,14,13,1,81,17,0,28,4,2020,3,19,2,21,5,1,4,1,1,4
360216,1,1,27,1,1,11,20,20,8,0,1,0,0,0,1,999,74,999,0,5,4,3,1,2,1,1,17,0,84,96,39,28,4,2020,3,19,2,12,2,2,1,5,1,4
360217,1,1,27,1,1,11,20,20,8,0,1,0,2,0,1,999,69,999,0,0,3,2,1,2,1,14,98,0,103,12,51,3,5,2020,1,4,2,12,1,1,1,3,10,4
360218,1,1,32,1,1,11,20,20,8,0,1,0,2,0,1,999,68,999,0,0,1,4,1,2,1,1,13,0,80,96,52,7,5,2020,5,11,2,14,1,1,7,1,1,4
360220,1,1,25,1,1,11,99,20,8,0,1,0,1,0,1,999,66,999,0,0,2,2,2,2,1,1,13,0,3,96,0,10,5,2020,1,5,2,42,1,1,4,1,1,4
360221,1,1,58,2,1,11,3,20,8,0,1,0,1,0,1,999,67,999,0,4,3,5,1,2,2,14,13,0,8,96,87,3,5,2020,1,6,2,35,1,1,4,1,10,4
360223,1,1,38,1,1,11,20,20,8,0,1,0,3,0,1,999,73,999,0,3,3,3,1,2,1,6,11,0,80,96,27,3,5,2020,1,16,2,12,1,1,1,1,1,4
360224,1,1,26,2,1,11,20,9,8,0,1,0,1,0,1,40,65,999,0,0,1,2,2,2,1,14,12,0,13,96,58,10,5,2020,1,5,2,42,1,1,4,2,1,4
360226,1,1,23,1,1,11,99,9,8,0,1,0,1,0,1,999,66,999,0,5,1,2,1,2,1,1,12,0,13,96,0,16,5,2020,7,21,2,53,1,1,4,3,1,4
360233,1,1,24,1,1,11,99,20,8,0,1,0,2,0,1,999,66,999,0,5,6,2,1,2,1,1,6,0,13,96,0,20,5,2020,4,3,2,42,5,1,10,3,1,4
360234,1,1,32,1,1,11,20,20,8,0,1,0,2,0,1,999,70,999,0,5,1,2,1,2,1,1,13,1,6,96,0,20,5,2020,4,16,2,42,1,1,4,1,1,4
360235,1,1,50,2,1,11,3,20,8,0,1,0,1,0,1,999,66,999,0,0,1,3,1,2,2,11,80,0,1,96,0,14,5,2020,5,21,2,8,3,2,1,3,2,0
360236,1,1,35,1,1,11,3,20,8,0,1,0,1,0,1,999,73,999,0,0,1,2,1,2,1,1,80,0,7,96,0,17,5,2020,1,20,2,8,3,2,1,2,1,0
360239,1,1,18,1,1,11,3,20,8,0,3,0,2,0,1,999,67,999,0,5,4,3,1,2,1,1,80,0,13,96,0,20,5,2020,4,18,2,8,3,2,1,1,1,0
360240,1,1,23,1,1,11,20,20,8,0,1,0,0,0,1,999,68,999,0,5,3,4,1,2,1,1,6,1,80,96,0,19,5,2020,3,1,2,33,1,1,3,3,10,4
360242,1,1,33,1,1,11,3,20,8,0,1,0,1,0,1,999,70,999,0,0,1,2,1,2,1,9,83,0,7,17,31,5,5,2020,3,10,2,9,1,1,1,1,1,0
360243,1,1,25,1,1,11,20,20,8,0,1,0,2,0,1,999,73,999,0,0,4,3,3,2,1,1,53,1,82,96,0,20,5,2020,4,4,2,12,1,1,1,3,1,4
360244,1,1,49,2,1,11,3,20,8,0,3,0,2,0,1,999,999,999,0,0,1,2,2,2,1,11,98,0,7,96,0,19,5,2020,3,17,2,12,8,1,1,1,1,0
360248,1,1,75,2,1,11,3,20,8,0,1,0,1,0,1,35,67,999,0,0,1,2,1,2,1,14,13,0,13,96,27,21,5,2020,5,10,2,24,1,1,4,1,1,4
360249,1,1,22,2,1,11,3,20,8,0,1,0,2,0,1,999,69,999,0,0,1,2,1,2,1,11,80,0,7,12,38,21,5,2020,5,13,2,8,3,2,1,1,1,0
360250,1,1,67,1,1,11,99,20,8,0,1,0,3,6,1,999,65,999,0,0,2,3,1,2,1,1,12,0,66,96,0,22,5,2020,6,12,2,35,1,1,4,1,1,4
360251,1,1,43,1,1,11,3,20,8,0,1,0,3,0,1,999,999,999,0,0,1,2,1,2,1,11,83,0,60,96,38,22,5,2020,6,5,2,9,2,2,1,1,1,0
360253,1,1,28,1,1,11,20,20,8,0,1,0,0,0,1,999,72,999,0,5,1,2,1,2,1,1,17,0,80,96,0,22,5,2020,6,10,2,12,2,2,1,1,1,4
360254,1,1,72,2,1,11,3,9,8,0,2,0,1,0,1,999,65,999,0,0,2,5,1,2,1,11,15,0,7,96,38,23,5,2020,7,19,2,12,8,1,1,1,1,0
360257,1,1,44,1,1,11,20,20,8,0,1,0,1,0,1,999,67,999,1,5,2,2,1,2,1,1,66,0,80,96,0,5,6,2020,6,18,2,12,2,2,1,1,1,4
360259,1,1,21,2,1,11,3,20,8,0,2,0,1,0,1,86,55,999,0,3,2,3,1,2,1,14,83,1,7,96,0,21,5,2020,5,23,2,9,2,3,1,3,1,0
360261,1,1,19,1,1,11,3,9,8,0,1,0,1,0,1,999,66,999,0,5,1,2,1,2,1,14,13,1,13,96,0,27,5,2020,4,21,2,30,1,1,4,2,1,4
360262,1,1,32,2,1,11,3,9,8,0,1,0,1,0,1,999,65,999,0,0,3,2,1,2,1,1,54,1,7,96,51,4,6,2020,5,1,2,12,1,1,1,2,1,4
360264,1,1,48,1,1,11,20,20,8,0,1,0,1,0,1,999,66,999,0,0,6,1,2,1,1,15,5,1,81,96,79,6,6,2020,7,21,2,1,5,1,10,3,10,4
360266,1,1,48,1,1,11,20,20,8,0,1,0,2,0,1,999,70,999,0,5,3,4,1,2,1,14,13,1,80,96,0,27,5,2020,4,23,2,24,1,1,4,2,1,4
360268,1,1,88,1,1,11,3,1,8,0,2,0,1,0,1,999,71,999,0,0,1,2,1,2,1,14,13,0,13,96,6,27,5,2020,4,17,2,42,1,1,4,1,1,1
360270,1,1,21,1,1,11,3,9,8,0,2,0,2,0,1,999,67,999,2,5,3,4,1,2,1,15,6,0,13,96,6,7,6,2020,1,13,2,24,1,1,3,1,1,2
360271,1,1,34,1,1,11,20,20,8,0,1,0,0,0,1,999,69,999,0,2,2,6,2,2,1,1,98,0,6,96,36,8,6,2020,2,15,2,1,1,1,1,1,1,4
360273,1,1,26,1,1,11,3,9,8,0,1,0,1,0,1,999,80,999,1,0,6,2,2,2,1,14,54,0,13,96,50,29,5,2020,6,19,2,12,20,1,1,1,10,4
360274,1,1,30,1,1,11,20,9,8,0,3,0,2,0,1,999,68,999,0,5,6,2,2,2,2,14,13,1,7,17,0,30,5,2020,7,1,2,33,5,1,4,3,2,4
360277,1,1,33,1,1,11,20,20,8,0,1,0,2,0,1,999,72,999,0,5,1,2,1,2,1,1,6,0,80,96,6,30,5,2020,7,23,2,1,1,1,7,3,1,4
360278,1,1,29,1,1,11,3,20,8,0,1,0,3,0,1,999,70,999,3,0,3,3,2,1,1,14,80,0,7,96,0,10,6,2020,4,22,2,8,1,1,1,3,1,0
360279,1,1,23,1,1,11,3,9,8,0,1,0,2,0,1,999,72,999,0,5,3,4,1,2,1,14,51,0,1,96,27,31,5,2020,1,18,2,12,1,1,1,1,1,4
360281,1,1,75,2,1,11,99,9,8,0,1,0,1,0,1,999,65,999,0,0,1,2,1,2,1,98,98,0,7,96,0,10,6,2020,4,15,2,8,4,1,1,1,1,2
360282,1,1,41,2,1,11,3,9,8,0,1,0,1,0,1,999,64,999,0,0,1,2,1,2,1,11,15,0,7,96,38,1,6,2020,2,15,2,12,2,2,1,1,1,2
360284,1,1,21,1,2,99,20,9,8,0,5,0,2,0,1,999,999,999,99,5,1,2,1,2,1,14,12,1,13,96,6,2,6,2020,3,3,2,31,1,1,4,2,1,4
360285,1,1,61,1,1,11,3,20,8,0,2,0,1,0,1,999,70,999,1,5,3,3,1,2,2,14,13,0,5,96,87,3,6,2020,4,14,2,42,1,1,4,1,1,4
360286,1,1,19,1,1,11,3,20,8,0,1,0,3,0,1,999,79,999,0,5,6,1,2,2,1,1,6,0,13,17,6,11,6,2020,5,1,2,24,5,1,4,3,10,4
360287,1,1,53,1,1,11,3,20,8,0,1,0,3,1,1,999,66,999,0,0,4,1,1,2,1,1,83,0,11,96,0,11,6,2020,5,16,2,9,1,1,1,1,1,0
360289,1,1,24,1,1,11,3,20,8,0,1,0,9,0,1,999,999,999,99,0,1,3,1,2,1,1,17,0,13,96,39,12,6,2020,6,0,2,12,2,2,1,3,10,4
360290,1,1,30,1,1,11,20,9,8,0,1,0,2,0,1,999,69,999,0,5,1,2,1,2,1,11,15,0,5,96,39,12,6,2020,6,8,2,12,2,3,1,1,1,4
360291,1,1,38,1,1,11,20,20,8,0,1,0,0,0,1,999,999,999,0,5,4,1,1,2,1,1,17,0,80,96,6,12,6,2020,6,15,2,12,2,2,1,1,1,4
360292,1,1,34,2,1,11,99,20,8,0,2,0,3,1,1,999,62,999,0,0,1,2,1,2,1,1,80,0,63,96,94,13,6,2020,7,23,2,8,1,1,1,3,1,0
360293,1,1,61,1,1,11,20,9,8,0,1,0,1,0,1,999,71,999,0,0,3,3,1,1,1,14,13,0,7,96,0,13,6,2020,7,14,2,59,1,1,4,1,1,4
360294,1,1,34,1,1,11,20,9,1,0,1,0,1,0,1,999,68,999,0,5,1,2,1,2,1,1,51,0,13,96,0,13,6,2020,7,22,2,12,1,1,1,3,1,4
360297,1,1,30,1,1,11,20,20,8,0,1,0,0,0,1,999,68,999,0,5,3,3,1,2,1,15,6,0,80,96,0,15,6,2020,2,0,2,1,1,1,1,6,1,4
360298,1,1,66,1,1,11,3,20,8,0,1,0,1,2,1,999,70,999,0,0,1,2,1,2,1,13,80,0,11,96,0,15,6,2020,2,9,2,8,1,1,1,1,1,0
360299,1,1,50,1,1,11,3,20,8,0,1,0,3,21,1,999,72,999,0,0,4,4,1,2,1,1,83,0,16,96,0,16,6,2020,3,8,2,9,1,1,1,1,1,0
360300,1,1,31,1,1,11,20,20,8,0,2,0,3,6,1,999,65,999,0,0,3,2,1,2,1,1,12,0,66,96,0,17,6,2020,4,6,2,23,1,1,3,1,1,4
360302,1,1,56,1,1,11,3,9,8,0,1,0,2,0,1,50,71,999,0,0,1,4,1,2,1,1,53,0,3,96,0,18,6,2020,5,10,2,12,1,1,1,1,10,4
360304,1,1,36,1,1,11,20,20,8,0,1,0,2,0,1,999,71,999,2,0,1,4,2,2,1,1,62,1,80,96,0,19,6,2020,6,22,2,12,1,1,1,3,1,4
360305,1,1,28,1,1,11,99,20,8,0,3,0,1,0,1,999,65,999,0,0,1,4,1,2,1,1,83,0,7,96,0,20,6,2020,7,17,2,9,1,1,1,1,1,0
360306,1,1,999,9,1,11,99,99,8,0,99,1,9,0,1,999,71,999,0,0,1,2,1,2,1,99,80,0,9,96,0,4,6,2020,5,3,2,8,3,3,1,6,1,9
360307,1,1,62,1,1,11,20,20,8,0,1,0,1,0,1,999,71,999,0,0,1,2,1,2,1,1,3,0,82,96,0,4,6,2020,5,12,2,30,1,1,4,1,10,4
360309,1,1,34,1,1,11,3,20,8,0,1,0,1,0,1,999,72,999,0,0,1,2,1,2,2,1,83,0,13,96,0,5,6,2020,6,19,2,9,2,2,1,1,2,0
360310,1,1,71,1,1,11,20,20,8,0,1,0,1,0,1,999,69,999,0,0,2,3,1,2,2,1,80,0,7,96,0,5,6,2020,6,4,2,8,1,1,1,3,2,0
360311,1,1,30,1,1,11,20,20,8,0,1,0,2,0,1,999,71,999,1,5,4,1,1,2,1,1,17,0,80,96,39,24,5,2020,1,20,2,12,2,2,1,3,1,4
360312,1,1,27,1,1,11,3,9,8,0,4,0,1,0,1,999,62,999,0,5,3,2,3,2,1,14,13,0,13,96,58,19,6,2020,6,12,2,42,1,1,4,1,1,4
360314,1,1,45,1,1,11,3,20,8,0,1,0,2,0,1,50,66,999,0,0,1,4,1,2,2,1,83,0,60,96,0,10,2,2020,2,20,2,15,1,1,1,2,2,0
360315,1,1,38,1,1,11,20,1,8,0,1,0,1,0,1,60,69,151,0,3,1,2,3,2,1,1,11,0,13,0,0,25,2,2020,3,7,2,33,1,1,4,1,1,4
360316,1,1,63,1,1,11,20,20,1,0,1,0,1,0,1,999,69,999,0,0,1,2,2,2,1,14,10,0,94,96,28,12,6,2020,6,11,2,12,1,1,1,1,1,4
360317,1,1,28,1,1,11,20,20,8,0,1,0,1,0,1,999,71,999,0,0,1,2,1,2,1,98,8,1,80,96,6,20,6,2020,7,10,2,1,1,1,1,1,1,4
360320,1,1,21,1,1,11,20,20,8,0,1,0,9,0,1,999,67,999,0,0,1,2,1,2,1,1,62,0,6,96,0,27,6,2020,7,17,2,12,2,2,1,1,1,4
360321,1,1,27,1,1,11,3,20,8,0,1,0,3,0,1,999,71,999,0,0,3,3,1,2,1,2,53,0,2,96,0,23,6,2020,3,16,2,12,1,1,1,1,1,0
360322,1,1,17,1,1,11,20,9,8,0,1,0,2,0,1,999,72,999,0,3,3,3,1,2,2,15,13,0,13,96,6,25,1,2020,7,23,2,30,1,1,4,3,10,4
360323,1,1,27,1,1,11,99,20,8,0,1,1,2,0,1,999,72,999,0,0,2,2,1,2,1,14,13,0,7,17,0,20,6,2020,7,20,2,8,1,1,2,5,1,0
360325,1,1,71,1,1,11,20,20,8,0,1,0,1,0,1,999,71,999,0,0,6,1,1,2,1,14,12,0,81,96,0,21,6,2020,1,12,2,31,5,1,4,1,1,4
360326,1,1,76,1,1,11,20,20,8,0,2,0,1,0,1,60,71,999,0,0,3,3,1,2,1,6,13,0,82,96,29,21,6,2020,1,11,2,24,1,1,4,1,10,4
360327,1,1,999,9,1,11,99,98,8,0,1,1,3,0,1,999,999,999,99,5,3,2,1,2,1,1,17,0,13,96,39,27,6,2020,7,4,2,12,2,2,1,3,1,9
360329,1,1,37,1,1,11,20,20,8,0,1,0,0,0,1,999,999,999,0,5,4,1,1,2,1,1,17,1,6,96,39,21,6,2020,1,4,2,12,2,2,1,3,1,4
360330,1,1,26,1,1,11,20,9,8,0,1,0,2,0,1,999,67,999,1,5,3,3,1,2,1,1,13,1,13,96,0,27,6,2020,7,4,2,31,1,1,4,2,1,4
360331,1,1,36,1,1,11,3,9,8,0,2,0,2,0,1,999,70,999,1,0,1,4,1,2,1,1,52,0,13,96,28,21,6,2020,1,21,2,12,1,1,1,3,1,4