ST_CASE,VEH_NO,PER_NO,AGE,SEX,PER_TYP,SEAT_POS,REST_USE,AIR_BAG,DRUGS,LOCATION,NUMOCCS,HIT_RUN,OWNER,V_CONFIG,HAZ_INV,TRAV_SP,DR_HGT,DR_WGT,PREV_SPD,SPEEDREL,VTRAFWAY,VNUM_LAN,VPROFILE,VPAVETYP,VSURCOND,P_CRASH1,P_CRASH2,DR_DRINK,VPICBODYCLASS,DRDISTRACT,DRIVERRF,DAY,MONTH,YEAR,DAY_WEEK,HOUR,RUR_URB,HARM_EV,RELJCT2,TYP_INT,REL_ROAD,LGT_COND,WEATHER,INJ_SEV
360332,1,1,30,1,1,11,20,99,8,0,1,1,2,0,1,999,999,999,0,5,1,4,1,2,1,1,80,1,7,96,0,19,4,2020,1,22,2,8,1,1,1,3,1,0
360333,1,1,28,2,1,11,3,20,8,0,1,0,1,0,1,999,64,999,0,0,2,4,1,2,1,1,66,0,13,96,0,29,6,2020,2,14,2,12,2,2,1,1,1,1
360334,1,1,31,1,1,11,20,9,8,0,2,0,1,0,1,999,68,999,0,0,4,1,1,2,1,11,15,0,13,17,39,30,6,2020,3,0,2,12,2,3,1,3,1,4
360335,1,1,37,1,1,11,3,20,8,0,1,1,3,1,1,999,999,999,0,5,1,3,1,2,1,15,11,0,11,96,27,30,6,2020,3,12,2,12,3,3,1,1,1,0
360336,1,1,999,9,1,11,99,99,8,0,3,1,9,0,1,999,69,999,1,5,4,2,1,2,1,1,17,0,13,96,6,30,6,2020,3,18,2,12,2,2,1,1,1,9
360337,1,1,25,1,1,11,20,20,8,0,1,0,0,0,1,999,72,999,1,5,6,1,2,2,1,14,13,0,6,96,0,22,6,2020,2,2,2,24,5,1,4,3,1,4
360338,1,1,26,2,1,11,3,9,8,0,1,0,1,0,1,999,62,999,0,5,3,4,1,2,1,6,13,0,7,96,27,22,6,2020,2,13,2,8,1,1,4,1,1,0
360339,1,1,20,1,1,11,3,9,8,0,2,0,2,0,1,999,72,999,1,0,1,2,1,1,1,1,12,0,8,0,0,1,7,2020,4,1,2,42,1,1,4,3,1,3
360341,1,1,999,9,1,11,98,98,8,0,99,1,9,0,1,999,999,999,99,9,1,2,1,2,1,1,83,0,7,96,999,23,6,2020,3,0,2,15,3,2,1,3,1,9
360343,1,1,33,1,1,11,3,9,8,0,1,0,1,0,1,999,72,999,0,0,1,4,1,2,1,1,13,0,13,96,0,2,7,2020,5,14,2,42,1,1,4,1,1,4
360345,1,1,34,1,1,11,20,20,8,0,1,0,2,0,1,999,65,999,0,5,6,2,1,2,1,14,13,0,80,96,0,7,7,2020,3,20,2,24,5,1,4,5,1,4
360347,1,1,54,1,1,11,3,20,8,0,1,0,1,0,1,999,72,999,0,0,3,2,1,2,2,1,80,0,60,96,0,11,7,2020,7,3,2,8,1,1,1,2,10,0
360349,1,1,44,1,1,11,3,20,8,0,1,0,2,0,1,999,72,999,0,0,1,2,1,2,1,1,80,0,7,96,0,13,7,2020,2,21,2,8,3,2,1,2,1,0
360350,1,1,80,1,1,11,3,9,8,0,1,0,1,0,1,999,72,999,0,0,1,4,1,9,1,11,15,0,7,96,38,3,7,2020,6,7,2,12,2,2,1,1,1,1
360351,1,1,66,1,1,11,3,20,8,0,1,0,1,0,1,999,71,999,0,0,1,4,2,2,1,11,15,1,13,96,0,5,7,2020,1,11,2,12,8,1,1,1,1,0
360352,1,1,40,1,1,11,3,9,8,0,3,0,1,0,1,50,72,999,0,0,2,4,1,2,1,1,50,0,7,3,0,5,7,2020,1,16,2,12,2,2,1,1,1,1
360353,1,1,38,1,1,11,20,20,8,0,2,0,1,0,1,999,67,999,1,0,1,2,1,2,1,6,98,0,80,96,34,5,7,2020,1,2,2,12,1,1,1,3,1,4
360355,1,1,22,1,1,11,3,9,8,0,2,0,9,0,1,999,65,999,0,5,1,2,1,2,1,1,10,0,13,96,28,8,7,2020,4,21,2,12,1,1,1,3,1,1
360356,1,1,50,1,1,11,3,9,8,0,1,0,1,0,1,999,72,999,0,0,1,2,1,2,1,14,60,0,13,96,0,12,7,2020,1,17,2,12,1,1,1,1,1,1
360357,1,1,24,2,1,11,3,20,8,0,1,0,1,0,1,999,63,999,0,0,0,0,0,0,0,11,15,0,13,96,48,13,7,2020,2,16,2,12,8,1,1,1,1,1
360358,1,1,20,1,1,11,99,20,8,0,1,1,2,0,1,999,999,999,0,0,1,2,1,2,1,10,80,0,3,17,0,13,7,2020,2,7,2,8,3,2,1,1,1,0
360360,1,1,25,1,1,11,99,99,8,0,2,1,1,0,1,52,70,999,0,5,1,3,1,2,1,1,17,0,13,96,39,5,7,2020,1,19,2,12,2,2,1,1,1,0
360361,1,1,21,1,1,11,3,9,8,0,2,0,1,0,1,999,75,999,0,5,1,2,1,2,2,1,6,0,3,96,0,11,7,2020,7,19,2,8,1,1,1,3,1,0
360362,1,1,27,1,1,11,3,20,8,0,1,0,1,0,1,999,71,999,1,0,3,3,1,2,1,1,80,0,13,96,0,24,6,2020,4,3,2,8,1,1,1,3,1,2
360363,1,1,54,1,1,11,99,20,8,0,1,1,1,0,1,999,68,999,0,5,4,1,1,2,1,1,80,0,7,17,6,24,6,2020,4,21,2,8,3,3,1,3,1,0
360365,1,1,58,2,1,11,3,20,8,0,1,0,2,0,1,999,62,999,0,0,3,2,3,2,1,14,53,0,13,96,0,17,6,2020,4,9,2,12,1,1,1,1,1,0
360367,1,1,57,1,1,11,3,20,8,0,2,0,2,0,1,999,999,999,0,5,2,2,1,2,1,14,13,0,13,96,6,19,6,2020,6,19,2,42,1,1,4,1,10,3
360368,1,1,23,1,1,11,3,20,8,0,2,0,2,0,1,48,68,999,2,5,3,2,1,2,2,1,80,0,13,96,0,8,2,2020,7,23,2,8,2,2,1,2,1,0
360371,1,1,44,1,1,11,3,20,8,0,1,0,2,0,1,999,64,999,0,0,2,2,1,2,2,1,80,0,13,96,0,3,7,2020,6,22,2,8,1,1,1,2,2,0
360372,1,1,24,2,1,11,3,9,8,0,4,0,1,0,1,999,63,999,0,0,1,5,1,2,1,1,14,1,13,17,39,4,7,2020,7,4,2,30,3,3,4,3,1,3
360373,1,1,47,1,1,11,20,20,8,0,1,0,0,0,1,999,64,999,0,5,3,2,1,2,1,1,6,1,94,96,36,18,7,2020,7,19,2,24,1,1,4,1,1,4
360374,1,1,60,1,1,11,20,20,8,0,1,0,1,0,1,999,74,999,0,0,6,2,2,2,1,14,13,0,98,96,0,29,3,2020,1,17,2,30,5,1,4,1,10,4
360375,1,1,57,1,1,11,99,9,8,0,1,0,2,0,1,999,73,999,0,0,1,2,1,2,1,1,10,0,13,0,0,6,7,2020,2,10,2,14,1,1,7,1,1,4
360379,1,1,26,1,1,11,20,20,8,0,2,0,3,0,1,999,77,999,1,0,1,2,1,2,1,1,8,0,6,96,52,18,7,2020,7,17,2,5,1,1,1,1,1,3
360380,1,1,31,1,1,11,20,20,8,0,1,0,1,0,1,999,67,999,0,5,1,2,1,2,1,14,6,0,82,96,28,18,7,2020,7,16,2,12,1,1,1,1,1,4
360382,1,1,22,2,1,11,20,9,8,0,1,0,1,0,1,999,65,999,0,5,4,2,1,2,1,1,12,1,13,96,0,19,7,2020,1,4,2,42,1,1,5,3,1,4
360383,1,1,52,1,1,11,20,20,8,0,1,0,1,0,1,999,66,999,0,5,3,3,1,2,1,14,6,0,82,96,0,19,7,2020,1,16,2,24,1,1,3,1,1,4
360384,1,1,34,1,1,11,3,20,8,0,1,0,1,0,1,999,66,999,0,0,3,8,1,9,1,1,80,0,13,96,0,11,6,2020,5,23,2,8,3,3,1,3,5,0
360385,1,1,23,1,1,11,3,20,8,0,1,0,2,0,1,999,69,999,1,0,1,4,3,2,1,14,83,0,13,96,0,14,6,2020,1,0,2,9,1,1,1,3,1,1
360386,1,1,29,1,1,11,99,20,8,0,2,0,2,0,1,999,72,999,0,0,1,2,1,2,1,12,21,0,13,96,48,20,7,2020,2,21,2,12,1,1,1,3,1,0
360387,1,1,999,9,1,11,99,20,9,0,99,1,9,99,1,999,999,999,99,0,1,2,1,2,1,1,80,0,999,96,999,14,7,2020,3,1,2,8,1,1,1,3,1,9
360388,1,1,18,1,1,11,99,20,8,0,2,0,2,0,1,999,999,999,0,5,3,3,1,2,1,14,6,0,13,96,36,20,7,2020,2,23,2,30,1,1,3,3,1,4
360390,1,1,22,1,1,11,99,20,8,0,1,0,3,0,1,999,75,999,0,5,4,1,1,2,1,1,17,0,95,96,39,15,7,2020,4,9,2,12,2,2,1,1,1,0
360391,1,1,29,1,1,11,20,20,8,0,1,0,0,0,1,999,66,999,0,0,1,2,3,2,1,1,10,1,69,96,28,21,7,2020,3,14,2,12,1,1,1,1,1,4
360393,1,1,999,9,1,11,99,99,9,0,99,1,9,99,1,999,999,999,99,9,3,3,1,2,1,1,80,0,999,99,999,24,7,2020,6,3,2,8,1,1,1,3,10,9
360394,1,1,50,1,1,11,3,20,8,0,1,0,1,0,1,999,70,999,0,0,3,5,1,2,2,1,80,0,13,96,0,24,7,2020,6,3,2,8,1,1,1,3,2,0
360395,1,1,28,1,1,11,20,20,8,0,2,0,3,0,1,999,73,999,0,0,1,2,1,9,1,1,17,0,7,96,0,25,7,2020,7,21,2,12,2,2,1,3,1,0
360396,1,1,21,1,1,11,3,9,8,0,4,0,1,0,1,999,62,999,0,5,2,3,1,2,1,1,12,0,13,96,6,15,7,2020,4,0,2,30,1,1,3,3,1,3
360400,1,1,41,1,1,11,3,9,8,0,1,0,2,0,1,999,72,999,1,0,2,2,1,2,1,1,13,0,7,96,0,15,7,2020,4,15,2,12,20,1,1,1,1,4
360401,1,1,42,2,1,11,20,20,8,0,1,0,1,0,1,999,999,999,0,0,2,3,1,2,1,1,5,1,80,96,82,26,7,2020,1,19,2,33,1,1,4,1,1,4
360402,1,1,74,2,1,11,3,20,8,0,4,0,2,0,1,40,66,999,0,0,1,2,1,2,1,1,80,0,2,96,0,25,7,2020,7,12,2,8,1,1,1,1,1,0
360404,1,1,50,2,1,11,20,9,8,0,1,0,1,0,1,999,70,999,0,0,1,5,1,2,1,1,10,1,15,96,0,28,7,2020,3,15,2,12,1,1,1,1,1,4
360405,1,1,56,1,1,11,3,20,8,0,1,0,1,0,1,999,69,999,0,0,3,3,1,2,1,14,80,0,13,96,0,18,7,2020,7,23,2,8,1,1,1,3,1,0
360411,1,1,18,1,1,11,3,20,8,0,1,0,2,0,1,999,66,999,0,0,2,2,1,2,1,1,80,0,7,96,0,1,8,2020,7,2,2,8,1,1,1,3,1,0
360412,1,1,999,9,1,11,99,99,8,0,99,1,9,99,1,999,999,999,99,9,1,2,1,2,1,1,80,0,999,99,0,26,7,2020,1,23,2,8,3,2,1,3,1,9
360413,1,1,28,1,1,11,3,20,8,0,3,0,1,0,1,999,72,999,0,0,3,3,1,2,1,1,80,0,5,96,0,3,8,2020,2,20,2,8,1,1,1,2,1,0
360414,1,1,72,1,1,11,3,9,8,0,1,0,3,2,1,999,70,999,0,0,2,2,2,2,1,1,1,0,11,96,80,24,6,2020,4,15,2,42,1,1,4,1,1,4
360415,1,1,21,1,1,11,20,20,8,0,1,0,0,0,1,999,68,999,1,5,1,2,1,2,1,6,10,0,84,96,28,3,7,2020,6,16,2,12,8,1,1,1,1,4
360416,1,1,76,2,1,11,3,9,8,0,2,0,1,0,1,10,62,999,0,0,2,2,1,2,1,11,15,0,13,96,0,5,6,2020,6,11,2,12,2,2,1,1,1,4
360417,1,1,999,9,1,11,99,99,8,0,99,1,9,0,1,999,65,999,0,0,4,3,2,2,1,1,80,0,8,99,0,2,8,2020,1,5,2,8,3,2,1,3,1,9
360419,1,1,29,1,1,11,20,9,8,0,1,0,1,0,1,999,67,999,0,0,1,2,1,2,1,1,10,0,7,96,28,29,7,2020,4,22,2,12,3,3,1,2,1,4
360420,1,1,38,1,1,11,20,20,8,0,1,0,2,0,1,999,72,999,0,0,1,4,1,2,1,1,10,0,85,96,8,2,8,2020,1,20,2,12,2,2,1,1,1,4
360421,1,1,23,1,1,11,20,20,8,0,1,0,0,0,1,999,71,999,0,5,2,3,1,2,1,1,17,0,80,96,39,3,8,2020,2,13,2,12,2,2,1,1,1,4
360422,1,1,67,2,1,11,99,20,8,0,1,0,1,0,1,999,65,999,0,0,3,3,1,1,1,1,83,0,7,96,0,2,7,2020,5,14,2,9,1,1,1,1,1,0
360423,1,1,23,2,1,11,3,20,8,0,2,0,3,1,1,5,54,999,0,0,1,2,1,2,1,2,80,0,63,96,94,30,6,2020,3,18,2,8,3,2,1,5,1,0
360424,1,1,73,1,1,11,3,20,8,0,2,0,1,0,1,999,63,999,0,0,1,4,1,2,1,1,80,0,13,96,0,1,8,2020,7,20,2,8,3,2,1,5,1,0
360426,1,1,22,1,1,11,3,20,8,0,1,0,2,0,1,999,71,999,1,0,2,3,3,2,1,1,80,0,13,96,0,26,2,2020,4,20,2,8,1,1,1,2,10,0
360427,1,1,38,1,1,11,3,20,8,0,1,0,2,0,1,998,70,999,0,0,1,2,1,2,1,1,80,0,2,96,0,3,8,2020,2,20,2,8,1,1,1,3,1,0
360428,1,1,17,1,1,11,20,20,8,0,2,0,0,0,1,999,999,999,0,5,3,2,2,1,1,14,6,0,6,96,52,27,6,2020,7,15,2,24,1,1,3,1,10,4
360429,2,1,55,1,1,11,99,20,8,0,1,0,3,6,1,999,69,999,0,0,3,3,2,2,1,1,51,0,66,96,89,5,8,2020,4,0,2,12,1,1,1,2,1,0
360431,1,1,46,1,1,11,20,9,8,0,1,0,2,0,1,999,73,999,0,0,1,2,1,2,1,12,21,0,7,96,48,2,8,2020,1,2,2,12,1,1,1,3,1,0
360432,1,1,32,1,1,11,20,20,8,0,1,0,1,0,1,999,71,999,0,5,1,6,1,2,1,1,62,0,80,96,0,10,8,2020,2,20,2,12,2,2,1,5,1,4
360433,1,1,28,1,1,11,3,20,8,0,1,0,1,0,1,999,65,999,0,0,2,2,1,1,1,11,15,0,13,96,38,11,8,2020,3,18,2,12,2,3,1,1,10,1
360434,1,1,35,2,1,11,3,20,0,0,1,0,1,0,1,999,63,999,0,0,5,5,1,9,1,1,80,0,7,96,0,1,2,2020,7,18,2,8,1,1,1,3,1,0
360435,1,1,999,9,1,11,99,20,9,0,99,1,9,99,1,999,999,999,99,5,1,2,1,9,2,1,80,0,999,99,999,10,2,2020,2,6,2,8,1,1,1,4,2,9
360436,1,1,43,1,1,11,20,20,8,0,1,0,1,0,1,999,71,999,0,0,1,2,1,2,1,14,12,1,82,17,0,23,2,2020,1,14,2,24,1,1,4,1,1,4
360437,1,1,42,1,1,11,3,20,8,0,1,0,1,0,1,999,68,999,0,0,5,5,1,9,1,1,83,0,8,96,0,23,2,2020,1,21,2,9,1,1,1,2,1,0
360438,1,1,77,1,1,11,20,9,8,0,1,0,1,0,1,999,66,999,0,0,3,2,1,1,1,1,53,0,13,96,0,28,2,2020,6,21,2,12,1,1,1,2,1,1
360439,1,1,59,1,1,11,3,20,8,0,1,0,1,0,1,999,69,999,0,0,2,2,1,1,1,1,80,0,7,96,0,2,3,2020,2,5,2,8,1,1,1,4,1,0
360440,1,1,55,2,1,11,3,20,8,0,1,0,1,0,1,999,64,999,0,0,1,2,1,9,2,1,98,0,13,96,0,6,3,2020,6,18,2,8,1,1,1,3,2,0
360441,1,1,26,1,1,11,3,20,8,0,1,0,3,0,1,0,71,999,0,0,1,4,1,2,1,5,62,0,7,0,16,6,8,2020,5,4,2,12,1,1,1,3,1,1
360442,1,1,59,2,1,11,3,20,8,0,1,0,1,0,1,999,63,999,0,0,1,4,2,1,1,1,80,0,13,96,0,6,8,2020,5,5,2,8,3,2,1,4,1,0
360443,1,1,24,1,1,11,20,20,8,0,1,0,0,0,1,999,67,999,0,0,1,4,1,2,1,1,17,0,125,96,39,9,8,2020,1,22,2,12,2,2,1,3,1,4
360444,1,1,21,1,1,11,20,20,8,0,1,0,1,0,1,999,66,999,0,5,1,4,1,9,1,14,12,1,5,96,0,11,3,2020,4,1,2,30,1,1,4,2,1,4
360445,1,1,50,1,1,11,3,9,8,0,1,0,1,0,1,999,66,999,0,0,1,3,1,2,1,99,14,1,13,96,39,9,8,2020,1,4,2,30,3,3,4,3,1,4
360446,3,1,29,2,1,11,3,9,8,0,1,0,1,0,1,999,64,999,0,0,5,3,2,9,1,1,13,0,7,13,0,8,3,2020,1,10,2,14,1,1,7,1,1,2
360447,1,1,34,1,1,11,99,20,8,0,1,0,1,0,1,999,74,999,0,0,3,2,2,9,1,1,80,0,7,96,0,17,3,2020,3,0,2,8,1,1,1,2,10,0
360448,1,1,57,1,1,11,3,20,8,0,2,0,1,1,1,999,73,999,0,0,5,5,1,9,1,1,83,0,62,96,0,20,3,2020,6,20,2,9,1,1,1,3,1,0
360449,1,1,60,1,1,11,2,20,8,0,2,0,3,1,1,999,69,999,1,0,3,2,1,9,1,1,53,0,11,96,0,2,4,2020,5,7,2,12,1,1,1,1,1,0
360450,1,1,31,1,1,11,20,20,8,0,1,0,2,0,1,999,75,999,0,5,1,2,1,9,1,1,62,0,80,96,0,7,4,2020,3,20,2,12,2,3,1,3,1,4
360452,1,1,60,1,1,11,3,20,8,0,1,0,1,0,1,999,67,999,0,0,1,4,1,2,1,12,21,0,13,96,48,11,8,2020,3,7,2,12,3,3,1,1,1,1
360453,1,1,24,2,1,11,3,20,8,0,1,0,1,0,1,110,65,999,1,3,2,2,1,1,1,14,6,1,13,96,36,10,8,2020,2,3,2,30,1,1,4,2,1,4
360454,1,1,32,1,1,11,20,20,8,0,1,0,3,0,1,999,68,999,0,0,2,3,1,2,1,1,12,1,6,96,52,28,7,2020,3,3,2,30,1,1,3,3,1,4
360455,1,1,33,1,1,11,20,20,8,0,1,0,1,0,1,999,70,999,2,5,1,4,1,2,1,1,66,0,80,96,0,12,8,2020,4,17,2,12,2,2,1,1,1,4
360456,1,1,41,1,1,11,20,9,8,0,1,0,1,0,1,80,68,999,0,5,1,2,1,2,1,14,6,0,13,96,6,12,8,2020,4,16,2,42,1,1,4,1,1,4
360457,1,1,37,1,1,11,99,20,8,0,3,0,3,1,1,999,66,999,0,0,1,2,1,2,1,13,98,0,11,96,0,1,4,2020,4,9,2,5,1,1,1,1,1,0
360459,1,1,52,1,1,11,3,20,8,0,1,0,1,0,1,999,65,999,0,0,2,4,1,2,1,1,80,0,7,17,0,1,8,2020,7,20,2,8,1,1,1,3,10,0
360461,1,1,24,1,1,11,99,20,8,0,1,1,2,0,1,52,70,999,0,5,1,2,1,2,1,1,80,0,15,96,0,9,8,2020,1,1,2,8,1,1,1,3,1,0
360462,1,1,45,2,1,11,99,20,8,0,1,0,2,0,1,999,59,999,0,0,4,1,1,2,1,13,80,0,7,96,31,7,7,2020,3,9,2,8,3,2,1,1,1,0
360463,1,1,30,1,1,11,20,20,8,0,2,0,3,0,1,999,67,999,1,0,1,2,1,2,1,1,9,0,6,17,6,25,7,2020,7,4,2,1,1,1,1,3,1,4
360464,1,1,33,1,1,11,3,20,8,0,1,0,3,6,1,999,69,999,0,0,3,4,2,2,1,14,53,0,66,96,0,6,8,2020,5,15,2,12,1,1,1,1,1,2
360465,1,1,77,1,1,11,20,20,8,0,1,0,1,0,1,999,66,999,0,5,3,2,1,2,1,1,9,0,7,96,0,9,3,2020,2,9,2,1,1,1,4,1,1,4
360466,1,1,19,1,1,11,20,20,8,0,1,0,0,0,1,999,70,999,0,0,4,1,1,2,1,1,17,0,69,96,50,25,7,2020,7,16,2,12,2,2,1,1,1,4
360469,1,1,40,1,1,11,3,20,8,0,1,0,2,0,1,999,76,999,0,5,6,1,1,2,2,1,12,1,5,96,6,9,8,2020,1,5,2,32,3,2,4,2,1,4
360477,1,1,34,1,1,11,99,20,8,0,2,0,1,0,1,999,73,999,2,5,3,3,1,2,2,14,6,0,13,96,87,17,8,2020,2,22,2,25,1,1,3,3,2,4
360478,1,1,27,1,1,11,20,20,8,0,1,0,1,0,1,999,69,999,1,3,1,2,1,2,1,14,13,1,98,96,36,16,8,2020,1,0,2,14,1,1,7,3,1,4
360479,1,1,38,2,1,11,3,20,8,0,5,0,1,0,1,999,68,999,0,0,1,2,2,2,1,1,83,0,8,17,35,24,6,2020,4,12,2,9,1,1,1,1,1,0
360480,1,1,44,1,1,11,3,9,8,0,3,0,1,0,1,999,73,999,0,5,3,3,1,2,1,1,51,0,2,96,36,13,7,2020,2,13,2,12,1,1,1,1,1,1
360486,1,1,41,1,1,11,3,20,8,0,2,0,1,0,1,999,72,999,0,0,1,2,2,9,1,1,80,0,60,96,0,22,6,2020,2,21,2,8,1,1,1,2,1,0
360487,1,1,56,1,1,11,3,20,8,0,1,0,3,0,1,999,70,999,0,0,2,3,1,2,1,1,80,0,13,96,0,8,8,2020,7,5,2,8,1,1,1,3,10,0
360489,1,1,65,1,1,11,3,9,8,0,1,0,2,0,1,999,71,999,0,0,1,2,1,2,1,1,10,0,60,0,28,9,8,2020,1,9,2,12,1,1,1,1,1,0
360490,1,1,39,1,1,11,3,20,8,0,1,0,3,6,1,999,66,999,0,0,3,2,1,1,1,1,53,0,66,96,0,10,8,2020,2,5,2,12,1,1,1,1,1,1
360492,1,1,31,2,1,11,20,9,8,0,1,0,1,0,1,70,69,999,0,0,3,4,2,1,1,14,6,0,13,96,0,13,7,2020,2,2,2,24,1,1,3,3,1,4
360493,1,1,55,1,1,11,3,20,8,0,2,0,2,0,1,999,999,999,0,0,2,4,1,1,1,11,15,0,60,17,39,14,8,2020,6,19,2,12,2,2,1,1,1,0
360494,1,1,81,1,1,11,3,9,8,0,1,0,1,0,1,999,70,999,0,0,3,2,2,2,1,1,54,0,7,96,51,18,8,2020,3,1,2,12,1,1,1,3,1,4
360496,1,1,73,2,1,11,20,98,8,0,1,0,3,0,1,999,67,999,0,5,1,2,1,9,1,1,13,0,13,96,0,4,3,2020,4,5,2,30,1,1,4,2,10,4
360498,1,1,31,1,1,11,20,20,8,0,1,0,2,0,1,999,72,999,1,5,3,3,2,2,1,1,6,0,80,96,36,22,8,2020,7,4,2,25,1,1,4,4,1,4
360499,1,1,75,2,1,11,3,9,8,0,1,0,1,0,1,999,59,999,0,0,1,3,1,1,1,1,13,0,13,96,0,22,8,2020,7,9,2,30,1,1,4,1,10,4
360504,1,1,27,1,1,11,3,20,8,0,1,0,3,6,1,999,999,999,0,0,2,3,1,2,1,1,80,0,66,96,0,24,8,2020,2,11,2,8,3,2,1,1,1,0
360505,1,1,74,1,1,11,3,20,8,0,1,0,1,0,1,999,66,999,0,0,1,2,2,2,1,1,80,0,7,96,0,27,8,2020,5,8,2,8,3,2,1,1,1,1
360506,1,1,50,1,1,11,99,20,1,0,1,0,2,0,1,39,68,999,0,5,1,4,1,2,1,1,80,0,2,0,6,15,8,2020,7,23,2,8,1,1,1,3,1,0
360507,1,1,27,2,1,11,3,20,8,0,1,0,2,0,1,999,60,999,0,0,1,2,1,2,1,1,83,0,7,17,6,7,8,2020,6,14,2,9,2,2,1,1,1,0
360508,1,1,34,1,1,11,3,9,8,0,2,0,1,0,1,999,73,999,0,0,2,3,1,2,2,1,13,1,13,17,6,16,8,2020,1,6,2,30,3,2,4,4,2,1
360509,1,1,87,1,1,11,3,9,8,0,1,0,1,0,1,999,72,999,0,0,1,2,1,2,1,11,15,0,60,96,39,20,8,2020,5,15,2,12,2,2,1,1,1,4
360511,1,1,20,1,1,11,20,20,8,0,2,0,3,0,1,999,999,999,0,5,2,6,1,2,1,1,17,0,85,96,39,30,8,2020,1,20,2,12,2,2,1,3,1,1
360513,1,1,71,1,1,11,2,20,8,0,2,0,1,0,1,999,63,999,0,0,1,4,2,1,1,1,83,0,13,96,0,15,8,2020,7,5,2,9,2,3,1,4,1,0
360514,1,1,55,1,1,11,3,20,8,0,1,0,3,6,1,999,71,999,0,0,3,4,1,2,1,14,80,0,66,96,0,22,8,2020,7,4,2,8,1,1,1,2,1,0
360515,1,1,34,1,1,11,20,9,8,0,1,0,0,0,1,999,67,999,0,5,1,2,3,2,1,14,12,1,5,96,0,22,8,2020,7,23,2,30,1,1,4,3,10,4
360516,1,1,30,1,1,11,20,9,8,0,2,0,1,0,1,999,67,999,0,5,1,4,2,2,1,1,12,1,3,96,6,25,8,2020,3,22,2,24,1,1,4,2,1,4
360517,1,1,33,1,1,11,3,20,8,0,1,0,1,0,1,999,72,999,0,0,2,2,1,2,1,1,80,0,13,96,0,1,9,2020,3,19,2,8,3,3,1,5,1,0
360519,1,1,999,9,1,11,99,20,8,0,2,1,9,99,1,999,999,999,99,9,4,3,1,2,2,1,98,0,999,99,0,1,9,2020,3,4,2,5,3,3,1,3,10,0
360521,1,1,60,2,1,11,3,20,8,0,2,0,1,0,1,999,66,999,0,0,3,2,2,2,2,1,90,0,7,96,0,27,8,2020,5,16,2,18,1,1,1,1,2,0
360523,1,1,28,1,1,11,99,9,8,0,1,1,1,0,1,999,69,999,0,0,1,2,1,2,1,1,54,0,2,96,0,29,8,2020,7,4,2,12,1,1,1,3,1,0
360524,1,1,32,1,1,11,3,20,8,0,1,0,3,21,1,999,71,999,0,0,1,2,1,2,1,1,83,0,16,96,0,2,9,2020,4,23,2,9,3,2,1,3,1,0
360525,1,1,25,1,1,11,99,20,8,0,1,1,1,0,1,999,68,999,0,0,2,2,1,2,2,1,83,0,13,17,0,4,9,2020,6,9,2,9,3,2,1,1,1,0
360527,1,1,31,1,1,11,3,9,8,0,2,0,2,0,1,70,73,999,0,5,1,2,1,2,1,14,6,1,13,96,0,9,3,2020,2,22,2,12,1,1,1,3,1,4
360528,1,1,66,1,1,11,20,20,8,0,1,0,1,0,1,999,72,999,1,0,3,3,1,2,1,1,9,0,81,96,0,24,8,2020,2,11,2,25,1,1,3,1,1,4
360529,1,1,22,1,1,11,3,9,8,0,1,0,2,0,1,999,75,999,0,5,1,2,1,2,1,14,6,0,13,96,0,30,8,2020,1,8,2,42,1,1,4,1,1,4
360530,1,1,30,1,1,11,20,20,8,0,1,0,1,0,1,999,73,999,0,0,1,2,1,2,1,11,15,0,80,96,38,5,9,2020,7,11,2,12,2,2,1,1,1,3
360531,1,1,41,1,1,11,20,20,8,0,1,0,1,0,1,999,73,999,0,5,3,3,3,1,1,1,50,1,80,96,0,5,9,2020,7,1,2,12,1,1,1,3,1,4
360533,1,1,54,1,1,11,20,20,8,0,1,0,1,0,1,999,71,999,0,5,3,2,2,2,1,14,13,1,94,96,0,6,9,2020,1,0,2,24,1,1,4,3,1,4
360534,1,1,28,1,1,11,3,20,8,0,1,0,1,0,1,999,68,999,0,0,2,3,1,2,1,1,80,0,13,96,0,7,9,2020,2,21,2,8,1,1,1,3,10,0
360535,1,1,50,2,1,11,99,20,8,0,1,0,1,0,1,999,62,999,0,0,1,2,1,2,1,11,15,0,7,96,39,7,9,2020,2,0,2,12,2,3,1,3,1,0
360537,1,1,59,1,1,11,3,9,8,0,1,0,2,0,1,999,74,999,0,0,1,2,1,2,1,1,9,0,95,17,0,10,9,2020,5,16,2,42,1,1,4,1,1,4
360542,1,1,36,1,1,11,3,20,8,0,2,0,1,0,1,999,63,999,0,0,1,4,1,2,1,1,17,0,13,96,39,29,8,2020,7,18,2,12,2,2,1,1,1,0
360543,1,1,38,1,1,11,3,20,8,0,1,0,3,0,1,999,72,999,1,0,1,3,1,2,1,1,83,0,3,96,0,10,9,2020,5,0,2,9,3,2,1,3,1,0
360545,1,1,37,1,1,11,20,9,8,0,1,0,2,0,1,999,72,999,1,5,3,2,1,2,1,15,51,0,15,96,0,12,9,2020,7,19,2,12,1,1,1,1,1,4
360546,1,1,32,1,1,11,3,20,8,0,1,0,3,2,1,999,67,999,0,0,4,4,1,2,1,10,16,0,11,96,48,12,9,2020,7,8,2,12,8,1,1,1,1,0