ST_CASE,VEH_NO,PER_NO,AGE,SEX,PER_TYP,SEAT_POS,REST_USE,AIR_BAG,DRUGS,LOCATION,NUMOCCS,HIT_RUN,OWNER,V_CONFIG,HAZ_INV,TRAV_SP,DR_HGT,DR_WGT,PREV_SPD,SPEEDREL,VTRAFWAY,VNUM_LAN,VPROFILE,VPAVETYP,VSURCOND,P_CRASH1,P_CRASH2,DR_DRINK,VPICBODYCLASS,DRDISTRACT,DRIVERRF,DAY,MONTH,YEAR,DAY_WEEK,HOUR,RUR_URB,HARM_EV,RELJCT2,TYP_INT,REL_ROAD,LGT_COND,WEATHER,INJ_SEV
360547,1,1,47,1,1,11,3,20,8,0,1,0,3,6,1,999,72,999,0,0,2,5,1,9,1,1,17,0,66,96,39,12,5,2020,3,7,2,12,2,2,1,1,1,0
360548,1,1,69,1,1,11,3,9,8,0,1,0,1,0,1,999,68,999,0,0,1,2,1,2,1,1,12,0,7,96,0,30,8,2020,1,15,2,38,1,1,5,1,1,4
360549,1,1,77,1,1,11,3,9,8,0,1,0,1,0,1,999,67,999,1,0,4,2,1,2,1,14,13,0,3,96,0,1,9,2020,3,14,2,14,1,1,7,1,1,3
360551,1,1,22,1,1,11,3,9,8,0,2,0,2,0,1,999,63,999,0,5,1,2,1,2,1,1,12,1,13,96,6,22,4,2020,4,1,2,30,1,1,4,2,1,3
360552,1,1,73,1,1,11,3,20,8,0,1,0,1,0,1,10,67,999,0,0,1,2,1,2,1,4,66,0,13,96,38,14,8,2020,6,17,2,12,2,2,1,1,1,1
360557,1,1,72,1,1,11,3,20,8,0,1,0,1,0,1,998,67,999,0,0,1,4,1,2,1,1,13,0,13,96,999,3,9,2020,5,0,2,3,1,1,5,3,1,4
360558,1,1,43,2,1,11,99,20,8,0,1,0,1,0,1,999,62,999,0,0,1,2,1,2,1,11,80,0,7,96,38,4,9,2020,6,9,2,8,3,3,1,1,1,0
360559,1,1,23,1,1,11,20,20,8,0,1,0,1,0,1,999,66,999,1,5,1,2,1,2,1,14,12,0,80,96,6,5,9,2020,7,4,2,33,3,2,4,3,1,4
360563,1,1,45,1,1,11,20,9,8,0,1,0,2,0,1,999,72,999,0,0,2,2,1,2,1,1,54,0,13,96,50,9,9,2020,4,19,2,12,1,1,1,5,1,4
360564,1,1,55,1,1,11,3,20,8,0,1,1,3,6,1,0,72,999,0,0,1,2,2,2,1,5,80,0,66,96,0,10,9,2020,5,15,2,8,1,1,1,1,10,0
360565,1,1,26,1,1,11,3,9,8,0,1,0,1,0,1,999,73,999,1,5,3,3,1,2,1,1,50,0,13,96,26,10,9,2020,5,15,2,12,1,1,1,1,10,4
360566,1,1,51,1,1,11,20,20,8,0,1,0,0,0,1,999,999,999,0,0,4,1,1,2,1,1,17,0,69,96,39,10,9,2020,5,13,2,12,2,2,1,1,10,4
360569,1,1,62,1,1,11,20,20,8,0,1,0,1,0,1,999,71,999,0,0,3,3,1,2,1,16,10,0,94,96,38,12,9,2020,7,16,2,12,1,1,1,1,1,4
360570,1,1,33,1,1,11,20,20,8,0,2,1,0,0,1,112,72,999,0,3,3,3,1,2,1,1,12,1,80,96,36,29,8,2020,7,0,2,25,1,1,3,3,1,2
360571,1,1,19,2,1,11,3,9,8,0,2,0,2,0,1,999,64,999,0,0,1,2,1,1,1,1,17,0,13,96,39,22,8,2020,7,16,2,12,2,2,1,1,1,4
360572,1,1,56,1,1,11,20,9,8,0,1,0,1,0,1,999,72,999,0,0,1,2,2,2,1,1,12,0,15,96,0,12,5,2020,3,9,2,38,1,1,4,1,1,4
360573,1,1,22,1,1,11,99,20,8,0,2,0,2,0,1,999,69,999,0,0,3,4,1,2,1,15,11,0,8,96,27,6,9,2020,1,18,2,12,1,1,1,1,1,0
360574,1,1,57,1,1,11,99,20,8,0,6,0,0,1,1,998,74,999,0,0,1,2,1,2,1,1,66,0,11,96,95,17,9,2020,5,0,2,12,2,2,1,3,1,1
360577,1,1,21,1,1,11,3,9,8,0,4,0,1,0,1,999,72,999,0,5,3,3,1,2,1,14,13,0,13,96,8,25,9,2020,6,2,2,24,1,1,4,3,1,3
360578,1,1,51,1,1,11,3,20,8,0,1,0,2,0,1,999,74,999,0,0,3,2,3,2,1,2,53,0,60,96,0,8,9,2020,3,5,2,12,1,1,1,4,1,0
360579,1,1,59,2,1,11,3,20,8,0,1,0,1,0,1,999,62,999,0,0,1,2,2,2,1,1,80,0,7,96,0,8,9,2020,3,6,2,8,3,2,1,1,1,0
360580,1,1,29,1,1,11,20,9,8,0,2,0,2,0,1,999,69,999,0,0,1,2,1,2,1,1,13,0,5,96,999,10,9,2020,5,18,2,19,1,1,5,1,10,4
360581,1,1,35,1,1,11,99,9,8,0,2,0,2,0,1,999,68,999,0,5,3,3,1,2,1,1,6,1,3,96,36,26,9,2020,7,18,2,38,1,1,4,5,1,1
360582,1,1,34,2,1,11,3,20,8,0,1,0,1,0,1,999,63,999,1,0,1,4,1,2,1,12,21,0,7,17,0,5,9,2020,7,22,2,8,3,2,1,3,1,0
360583,1,1,53,2,1,11,3,9,8,0,3,0,1,0,1,999,62,999,0,0,1,4,2,2,1,1,13,0,7,17,6,12,9,2020,7,17,2,30,1,1,4,1,1,0
360584,1,1,33,1,1,11,3,20,8,0,1,0,3,21,1,999,72,999,0,0,4,1,1,2,1,1,83,0,16,96,0,7,9,2020,2,0,2,9,3,3,1,3,1,0
360586,1,1,64,1,1,11,99,9,8,0,1,0,2,0,1,999,72,999,0,0,2,3,1,2,1,1,9,0,7,17,51,18,9,2020,6,16,2,8,1,1,4,1,1,2
360587,1,1,76,1,1,11,3,20,8,0,1,0,1,0,1,999,68,999,0,0,1,2,1,2,1,11,80,0,7,96,0,21,9,2020,2,14,2,8,3,2,1,1,1,0
360588,1,1,27,1,1,11,3,9,8,0,2,0,1,0,1,999,68,999,0,0,3,3,1,2,1,98,90,0,7,96,81,21,9,2020,2,1,2,12,1,1,1,2,1,4
360589,1,1,73,1,1,11,20,20,8,0,1,0,1,0,1,999,71,999,0,0,3,3,1,1,1,1,54,0,7,96,89,13,8,2020,5,5,2,12,1,1,1,2,1,4
360591,1,1,30,1,1,11,3,9,1,0,1,0,1,0,1,999,72,999,4,0,1,4,1,2,1,1,10,1,7,96,0,22,9,2020,3,10,2,12,1,1,1,1,1,3
360592,1,1,29,1,1,11,99,20,8,0,2,0,2,0,1,999,69,999,0,0,1,4,1,2,1,1,80,0,13,96,0,19,9,2020,7,21,2,8,3,2,1,3,1,0
360594,1,1,27,1,1,11,20,20,8,0,1,0,2,0,1,999,69,999,1,5,2,4,1,2,1,1,80,0,80,96,39,19,9,2020,7,22,2,8,3,2,1,3,1,4
360595,1,1,58,1,1,11,3,20,8,0,2,0,1,0,1,999,70,999,1,0,1,4,1,9,1,1,83,0,13,96,0,27,4,2020,2,22,2,9,3,2,1,3,1,0
360596,1,1,29,1,1,11,3,9,8,0,1,0,2,0,1,999,69,999,0,0,3,4,1,2,1,1,13,0,13,12,6,23,9,2020,4,12,2,8,1,1,8,1,1,0
360597,1,1,73,1,1,11,99,20,8,0,1,0,1,0,1,999,65,999,0,0,4,1,1,2,1,1,66,0,2,96,38,23,9,2020,4,21,2,12,2,2,1,3,1,0
360598,1,1,43,1,1,11,20,9,1,0,1,0,3,10,2,999,67,999,1,0,1,2,1,2,1,1,10,0,60,96,28,23,9,2020,4,11,2,12,2,3,1,1,1,1
360601,1,1,56,2,1,11,3,20,8,0,1,0,1,0,1,999,64,999,0,0,1,4,2,2,1,15,10,0,13,17,38,24,9,2020,5,17,2,12,1,1,1,1,1,0
360605,1,1,30,1,1,11,99,20,8,0,1,0,1,0,1,999,70,999,0,0,4,1,1,2,1,1,17,0,13,96,0,18,9,2020,6,19,2,12,2,2,1,3,1,0
360606,1,1,41,1,1,11,3,20,8,0,1,0,3,0,1,999,66,999,0,0,4,4,1,2,1,11,80,0,7,17,89,24,9,2020,5,12,2,8,3,2,1,1,1,0
360607,1,1,23,1,1,11,20,20,8,0,1,0,9,0,1,999,999,999,1,5,1,2,1,2,1,1,62,0,6,96,0,15,9,2020,3,18,2,12,2,2,1,3,1,4
360610,1,1,18,2,1,11,20,20,8,0,2,0,9,0,1,999,999,999,0,0,2,2,1,2,1,1,50,0,6,96,0,21,9,2020,2,21,2,12,1,1,1,3,1,4
360612,1,1,47,1,1,11,20,20,8,0,1,0,1,0,1,999,71,999,0,5,6,1,2,2,1,16,13,1,81,96,36,15,9,2020,3,3,2,31,5,1,4,2,1,4
360613,1,1,57,2,1,11,3,20,8,0,1,0,3,21,1,5,77,999,0,0,5,3,1,2,1,99,80,0,16,96,0,25,9,2020,6,14,2,8,98,1,1,1,1,0
360614,1,1,38,1,1,11,3,9,8,0,1,0,1,0,1,999,70,999,0,0,3,2,1,2,1,15,51,0,1,96,26,25,9,2020,6,21,2,12,1,1,1,2,1,1
360616,1,1,52,1,1,11,3,20,8,0,1,0,1,0,1,999,68,999,0,0,1,2,1,2,1,1,11,1,7,0,0,26,9,2020,7,22,2,14,1,1,7,3,1,4
360618,1,1,32,2,1,11,20,9,8,0,6,0,1,0,1,999,61,999,1,0,3,2,1,2,1,14,12,1,13,96,58,8,8,2020,7,23,2,59,1,1,4,2,1,4
360619,1,1,22,1,1,11,3,20,8,0,3,0,1,0,1,999,69,999,1,0,5,5,1,2,1,1,83,1,13,12,0,16,8,2020,1,21,2,9,1,1,1,2,1,0
360623,1,1,44,1,1,11,3,20,8,0,1,0,2,0,1,999,999,999,0,0,4,1,1,2,1,10,80,0,13,96,36,6,9,2020,1,13,2,8,3,2,1,1,1,0
360624,1,1,63,2,1,11,3,9,8,0,1,0,1,0,1,999,65,999,0,5,1,2,2,2,1,1,11,0,7,17,0,27,9,2020,1,16,2,42,1,1,4,1,1,4
360625,1,1,36,1,1,11,3,20,8,0,99,1,9,6,1,999,71,999,0,0,2,4,1,2,2,8,80,0,66,96,0,28,9,2020,2,2,2,8,1,1,7,3,10,0
360626,1,1,55,1,1,11,3,20,8,0,1,0,1,0,1,999,71,999,0,0,1,2,1,2,1,1,83,0,7,17,0,22,9,2020,3,15,2,15,1,1,1,1,1,0
360627,1,1,17,2,1,11,3,20,8,0,1,0,2,0,1,999,63,999,0,0,1,4,1,2,1,11,80,0,13,96,52,22,9,2020,3,14,2,8,8,1,1,1,1,0
360628,1,1,999,9,1,11,99,20,8,0,99,1,9,99,1,999,999,999,99,9,4,1,1,2,1,1,17,0,999,96,0,23,9,2020,4,19,2,12,2,3,1,3,1,9
360629,1,1,20,1,1,11,3,20,8,0,1,0,1,0,1,999,69,999,0,0,1,4,1,9,1,11,15,0,7,96,38,30,7,2020,5,13,2,12,2,3,1,1,1,0
360631,1,1,26,1,9,99,3,9,8,0,4,0,3,0,1,999,999,999,99,5,3,3,1,1,1,1,13,0,7,96,36,11,7,2020,7,4,2,24,1,1,8,2,10,4
360633,1,1,37,1,1,11,3,9,8,0,1,0,2,1,1,50,66,999,0,0,3,4,1,1,1,1,80,0,63,96,0,28,9,2020,2,5,2,8,1,1,1,1,1,0
360634,1,1,60,1,1,11,20,20,8,0,1,0,1,0,1,999,70,999,0,0,1,4,1,2,1,1,50,0,95,17,0,9,9,2020,4,6,2,12,3,2,1,1,1,4
360635,1,1,39,1,1,11,3,20,8,0,1,0,1,0,1,999,76,999,0,0,3,2,1,9,1,1,52,0,60,96,26,28,2,2020,6,6,2,12,1,1,1,1,1,1
360636,1,1,20,1,1,11,20,20,8,0,1,0,1,0,1,999,65,999,0,0,2,2,1,2,1,1,17,0,80,17,39,5,10,2020,2,6,2,12,2,3,1,3,1,4
360637,1,1,65,1,1,11,20,20,8,0,1,0,1,0,1,999,71,999,0,5,3,3,1,1,1,15,51,0,81,96,27,15,7,2020,4,20,2,12,1,1,1,3,1,4
360638,1,1,998,1,1,11,3,20,8,0,1,0,3,0,1,999,999,999,99,0,4,3,1,2,1,1,80,0,13,96,38,5,10,2020,2,15,2,8,3,3,1,1,1,0
360639,1,1,24,1,1,11,20,9,8,0,4,0,2,0,1,999,69,999,0,5,4,4,1,2,1,14,12,0,13,96,6,6,10,2020,3,3,2,24,3,3,4,3,1,1
360640,1,1,999,9,1,11,99,20,8,0,99,1,9,99,1,999,999,999,99,9,2,2,1,2,1,1,80,0,999,17,6,23,9,2020,4,19,2,8,3,2,1,5,1,9
360642,1,1,25,1,1,11,3,20,8,0,2,0,1,0,1,999,67,999,0,0,1,2,2,2,1,1,87,0,13,96,0,28,9,2020,2,13,2,11,1,1,1,1,1,3
360646,1,1,20,2,1,11,3,9,8,0,1,0,2,0,1,999,61,999,0,0,2,2,1,2,1,1,17,0,13,96,39,6,10,2020,3,1,2,12,2,2,1,3,1,4
360647,1,1,45,1,1,11,3,9,8,0,3,0,3,0,1,999,69,999,1,0,1,2,1,2,1,1,62,0,13,96,0,4,10,2020,1,14,2,12,1,1,1,1,1,0
360648,1,1,24,1,1,11,99,9,8,0,2,0,2,0,1,999,68,999,0,5,1,6,1,2,2,1,6,0,13,96,87,30,9,2020,4,0,2,33,1,1,4,3,2,4
360652,1,1,48,1,1,11,3,9,8,0,1,0,1,0,1,999,67,999,0,0,1,2,1,2,1,11,15,0,8,96,0,6,10,2020,3,23,2,12,2,3,1,3,1,0
360654,1,1,28,1,1,11,3,20,8,0,3,0,1,0,1,999,65,999,1,5,6,2,2,2,2,15,13,1,13,96,27,7,10,2020,4,9,2,35,5,1,4,1,2,4
360655,1,1,48,1,1,11,3,20,8,0,2,0,3,1,1,999,69,999,0,0,4,1,1,2,1,1,83,0,11,17,0,28,9,2020,2,16,2,15,3,2,1,1,1,0
360656,1,1,24,1,1,11,3,9,8,0,2,0,2,0,1,20,63,999,0,0,1,4,1,2,1,11,15,0,13,96,38,12,9,2020,7,19,2,12,2,2,1,3,1,1
360657,1,1,67,1,1,11,3,20,8,0,2,0,2,0,1,999,69,999,0,0,3,4,1,2,2,1,80,0,13,96,0,29,9,2020,3,20,2,8,1,1,1,3,10,0
360658,1,1,23,1,1,11,20,20,8,0,1,0,3,0,1,999,77,999,0,0,4,3,1,2,1,1,80,0,6,96,52,29,9,2020,3,7,2,8,3,2,1,4,1,0
360661,1,1,29,1,1,11,20,20,8,0,1,0,1,0,1,999,71,999,2,5,2,2,1,2,1,1,83,0,80,96,0,3,10,2020,7,7,2,9,3,2,1,1,1,3
360662,1,1,67,1,1,11,99,20,8,0,1,0,3,0,1,999,76,999,0,0,2,2,1,2,1,1,83,0,65,96,0,3,10,2020,7,23,2,9,3,2,1,3,1,0
360663,1,1,24,1,1,11,3,20,8,0,1,0,1,0,1,35,72,999,1,0,1,2,1,2,2,1,98,0,13,96,0,7,10,2020,4,15,2,18,1,1,1,1,2,4
360664,1,1,42,1,1,11,3,20,8,0,1,0,2,0,1,998,65,999,0,0,1,2,2,2,1,1,80,0,5,96,0,7,10,2020,4,8,2,8,3,3,1,1,1,0
360665,1,1,27,1,1,11,99,20,8,0,2,0,1,0,1,999,74,999,0,0,4,5,1,2,1,1,9,0,13,96,0,24,9,2020,5,7,2,14,1,1,7,1,1,4
360666,1,1,61,1,1,11,20,9,8,0,1,0,1,0,1,999,65,999,0,0,1,2,1,2,1,1,12,0,7,0,0,8,10,2020,5,14,2,42,1,1,4,1,1,4
360668,1,1,999,9,1,11,99,98,8,0,99,1,9,99,1,999,999,999,99,9,2,3,1,2,1,99,80,0,999,96,999,8,10,2020,5,21,2,8,1,1,1,3,1,9
360670,1,1,75,1,1,11,99,9,8,0,1,0,1,0,1,999,68,999,0,5,1,4,1,2,1,1,51,0,13,96,0,3,10,2020,7,8,2,12,3,2,1,1,1,4
360672,1,1,29,1,1,11,20,20,8,0,1,0,1,0,1,999,69,999,0,5,3,3,1,2,1,1,51,1,80,96,0,4,10,2020,1,0,2,12,1,1,1,3,10,4
360675,1,1,49,1,1,11,20,9,8,0,1,0,1,0,1,999,74,999,0,5,2,2,1,2,1,1,51,1,7,96,0,20,6,2020,7,20,2,12,1,1,1,3,1,4
360676,1,1,63,2,1,11,3,9,8,0,1,0,1,0,1,999,66,999,0,0,0,0,0,0,0,11,15,0,7,96,48,11,8,2020,3,17,2,12,8,1,1,1,1,4
360677,1,1,30,1,1,11,3,9,8,0,3,0,1,0,1,999,71,999,0,5,3,3,2,1,1,1,50,0,7,12,26,5,8,2020,4,19,2,12,1,1,1,1,1,2
360678,1,1,47,1,1,11,3,20,8,0,1,0,3,0,1,999,66,999,0,0,1,2,1,9,1,1,80,0,7,96,0,28,9,2020,2,6,2,8,1,1,1,3,1,0
360680,1,1,39,2,1,11,3,20,8,0,2,0,1,0,1,55,65,999,0,0,3,4,1,2,1,1,80,1,7,96,0,12,9,2020,7,19,2,8,1,1,1,3,10,0
360681,1,1,37,1,1,11,20,20,8,0,1,0,1,0,1,999,72,999,0,5,1,2,1,2,1,14,13,0,80,96,6,10,10,2020,7,14,2,24,1,1,4,1,1,4
360683,1,1,50,1,1,11,20,20,8,0,1,0,1,0,1,999,71,999,0,0,1,4,2,2,1,14,12,1,81,96,28,10,10,2020,7,21,2,43,1,1,4,2,10,4
360684,1,1,59,1,1,11,20,20,8,0,1,0,1,0,1,999,66,999,0,0,1,2,2,2,11,14,8,0,82,96,81,6,10,2020,3,10,2,1,1,1,4,1,1,4
360685,1,1,69,1,1,11,3,9,8,0,1,0,1,0,1,999,74,999,0,0,2,3,1,2,1,1,12,1,7,96,0,22,8,2020,7,21,2,42,1,1,3,1,10,4
360686,1,1,23,1,1,11,20,20,8,0,1,0,0,0,1,999,68,999,0,5,1,2,1,2,1,1,17,0,69,96,36,12,9,2020,7,13,2,12,2,2,1,1,1,4
360688,1,1,62,1,1,11,20,20,8,0,1,0,1,0,1,999,68,999,0,0,1,2,1,2,1,6,50,0,6,96,28,30,9,2020,4,15,2,12,3,3,1,1,1,4
360689,1,1,64,1,1,11,3,9,8,0,1,0,3,0,1,58,69,999,1,5,1,2,2,2,1,1,14,1,7,96,39,11,10,2020,1,5,2,42,3,3,4,3,1,4
360690,1,1,34,1,1,11,3,20,8,0,1,0,1,0,1,999,71,999,0,0,3,3,1,2,1,15,80,0,7,96,0,7,10,2020,4,6,2,8,1,1,1,4,1,0
360692,1,1,24,1,1,11,20,20,8,0,1,0,0,0,1,999,72,999,0,5,1,4,2,2,1,1,62,0,80,96,36,14,10,2020,4,19,2,12,2,3,1,3,1,4
360693,1,1,999,9,1,11,99,99,8,0,99,1,9,0,1,999,999,999,99,5,1,2,1,2,1,1,80,0,3,96,0,10,10,2020,7,23,2,8,3,2,1,3,1,9
360695,1,1,58,2,1,11,99,9,8,0,1,0,1,0,1,999,69,999,0,5,1,2,1,2,1,1,13,0,7,96,36,15,10,2020,5,23,2,19,1,1,4,3,1,4
360696,1,1,30,1,1,11,20,20,8,0,1,0,0,0,1,999,67,999,0,0,4,1,2,2,1,1,17,0,6,96,51,15,10,2020,5,13,2,12,2,2,1,1,1,4
360698,1,1,61,1,1,11,20,20,8,0,1,0,1,0,1,999,71,999,0,0,1,2,1,2,1,1,13,0,1,96,0,18,10,2020,1,11,2,38,1,1,4,1,1,4
360699,1,1,32,1,1,11,20,9,8,0,1,0,2,0,1,999,69,999,0,5,1,2,2,2,2,1,13,0,13,96,36,19,10,2020,2,18,2,30,1,1,4,5,10,4
360700,1,1,86,1,1,11,3,20,8,0,1,0,1,0,1,10,67,999,0,0,2,3,1,2,1,11,80,0,13,17,0,15,10,2020,5,9,2,8,3,2,1,1,10,0
360701,1,1,51,1,1,11,99,20,8,0,1,0,1,0,1,999,68,999,1,0,1,2,1,2,2,1,80,1,7,96,6,27,10,2020,3,20,2,8,1,1,1,3,2,0
360702,1,1,57,1,1,11,3,20,8,0,1,0,1,0,1,999,68,999,0,4,4,2,1,2,2,1,80,0,2,96,0,16,10,2020,6,4,2,8,3,2,1,3,10,0
360704,1,1,26,1,1,11,3,20,8,0,1,0,2,0,1,999,70,999,3,0,3,3,1,2,1,1,80,0,13,96,0,18,10,2020,1,3,2,8,1,1,1,3,1,0
360706,1,1,63,2,1,11,3,9,8,0,1,0,2,0,1,999,67,999,0,0,1,2,2,2,2,14,62,0,7,96,0,16,10,2020,6,14,2,12,1,1,1,1,10,4
360709,1,1,51,1,1,11,20,20,8,0,1,0,1,0,1,999,67,999,0,5,4,1,1,2,2,1,10,0,80,96,36,22,10,2020,5,1,2,14,1,1,7,3,5,4
360711,1,1,33,1,1,11,3,9,8,0,1,0,3,0,1,999,72,999,0,0,1,2,1,2,1,1,83,0,95,96,28,22,8,2020,7,13,2,9,1,1,1,1,1,1
360713,1,1,52,1,1,11,20,20,8,0,1,0,3,21,1,14,70,999,1,0,1,2,2,2,1,1,83,0,67,96,0,13,10,2020,3,17,2,15,3,2,1,1,1,0
360714,1,1,71,1,1,11,3,20,8,0,1,0,1,0,1,999,69,999,0,0,1,2,1,2,1,11,15,0,7,96,38,10,10,2020,7,17,2,12,2,2,1,1,1,4
360715,1,1,28,2,1,11,3,9,8,0,2,0,2,0,1,999,70,999,0,0,1,2,1,2,2,14,5,0,7,96,87,6,5,2020,4,16,2,12,1,1,1,1,2,1
360716,1,1,22,1,1,11,3,98,8,0,1,0,1,0,1,998,66,999,0,0,1,2,1,8,1,1,17,0,3,96,0,7,5,2020,5,21,2,12,2,2,1,5,1,0
360717,1,1,998,8,1,11,98,98,8,0,99,1,3,0,1,998,999,999,99,9,3,3,1,8,1,1,80,0,13,96,0,9,5,2020,7,21,2,8,1,1,1,3,1,9
360718,1,1,19,1,1,11,98,20,1,0,2,0,2,0,1,998,67,999,0,0,1,2,1,8,1,1,80,0,5,96,0,26,5,2020,3,18,2,8,1,1,1,1,1,0
360719,1,1,22,1,1,11,99,20,8,0,1,1,2,0,1,999,70,999,0,5,1,2,1,2,1,1,80,0,13,96,38,30,5,2020,7,22,2,8,3,2,1,3,1,0
360720,1,1,999,9,1,11,99,99,8,0,99,1,9,99,1,70,999,999,99,3,1,2,1,9,2,1,80,0,999,99,0,28,10,2020,4,10,2,8,1,1,1,1,2,9
360721,1,1,24,2,1,11,3,2,8,0,1,0,2,0,1,999,59,999,0,0,1,2,1,2,2,1,80,0,7,96,0,29,10,2020,5,15,2,8,1,1,1,1,2,0
360724,1,1,31,1,1,11,3,9,8,0,1,0,2,0,1,999,70,999,0,5,1,2,1,2,2,1,67,1,60,96,36,1,11,2020,1,0,2,12,2,3,1,3,1,3
360725,1,1,47,2,1,11,3,20,8,0,2,0,2,0,1,999,62,999,0,0,2,2,1,2,2,11,8,0,7,96,55,30,10,2020,6,17,2,8,3,3,4,5,10,0
360726,1,1,78,1,1,11,3,98,8,0,1,0,1,0,1,998,68,999,0,0,1,4,1,8,2,11,15,0,9,96,39,30,5,2020,7,5,2,12,2,3,1,1,8,1
360727,1,1,999,9,1,11,99,98,8,0,99,1,9,99,1,998,999,999,99,9,2,2,1,2,1,99,82,0,999,99,999,31,5,2020,1,23,2,8,1,1,1,2,1,9
360728,1,1,999,9,1,11,99,20,8,0,99,1,9,99,1,998,999,999,99,0,1,4,1,8,1,1,80,0,999,17,0,5,10,2020,2,9,2,8,3,3,1,1,1,9
360731,1,1,52,2,1,11,3,20,8,0,2,0,1,0,1,999,64,999,0,0,1,2,1,2,1,1,80,0,8,96,0,17,10,2020,7,17,2,8,3,2,1,5,1,0
360732,1,1,32,1,1,11,3,20,8,0,1,0,1,0,1,999,72,999,0,0,4,3,1,2,1,1,83,0,13,96,38,20,10,2020,3,15,2,15,3,3,1,1,1,0
360733,1,1,18,2,1,11,3,9,8,0,3,0,2,0,1,34,58,999,0,0,2,2,2,2,1,1,17,0,5,96,39,12,10,2020,2,22,2,12,2,2,1,3,10,2
360735,1,1,50,1,1,11,20,9,8,0,1,0,1,0,1,999,73,999,0,0,1,2,1,2,1,1,62,0,13,96,0,25,10,2020,1,17,2,12,1,1,1,5,10,4
360736,1,1,81,1,1,11,99,9,8,0,2,0,1,0,1,999,64,999,0,0,1,4,1,2,2,1,8,0,13,0,0,26,10,2020,2,16,2,12,1,1,1,1,2,4
360737,1,1,25,1,1,11,20,9,8,0,1,0,1,0,1,999,66,999,2,5,2,2,1,2,2,1,13,0,13,96,89,28,10,2020,4,4,2,14,1,1,7,3,10,4
360741,1,1,26,1,1,11,99,9,8,0,1,0,2,0,1,999,72,999,1,5,6,1,1,2,1,14,13,0,13,96,36,10,10,2020,7,8,2,24,5,1,4,1,1,4
360744,1,1,18,1,1,11,99,9,8,0,6,0,2,0,1,999,72,999,0,5,1,2,1,2,1,14,12,1,13,96,0,1,11,2020,1,1,2,43,1,1,4,2,1,4
360745,1,1,25,1,1,11,20,20,8,0,1,0,0,0,1,999,999,999,0,5,1,4,1,2,1,1,6,0,80,96,36,2,11,2020,2,21,2,21,1,1,4,3,1,4
360746,1,1,43,1,1,11,3,20,8,0,1,1,1,0,1,999,67,999,1,0,4,1,1,2,1,1,80,0,7,96,0,5,11,2020,5,17,2,8,3,2,1,3,1,9
360747,1,1,34,1,1,11,3,20,8,0,1,0,3,6,1,999,66,999,0,0,1,4,2,2,1,1,83,0,66,96,0,5,11,2020,5,13,2,9,3,2,1,1,1,0
360748,1,1,999,9,1,11,99,99,8,0,99,1,9,99,1,999,999,999,99,9,1,2,1,9,1,11,80,0,999,17,38,3,11,2020,3,17,2,8,3,2,1,3,1,0
360749,1,1,58,1,1,11,3,9,8,0,1,0,1,0,1,998,71,999,0,0,1,2,1,2,1,1,10,0,7,96,28,10,6,2020,4,5,2,12,1,1,1,1,1,4
360753,1,1,22,2,1,11,3,9,8,0,4,0,3,0,1,999,63,999,1,5,3,3,1,2,1,1,53,0,13,96,45,4,10,2020,1,21,2,12,1,1,1,2,1,2
360755,1,1,33,2,1,11,3,9,8,0,2,0,1,0,1,999,61,999,0,0,2,2,1,2,1,1,17,1,13,96,0,7,11,2020,7,0,2,12,2,2,1,3,1,0
360756,1,1,999,9,1,11,99,99,8,0,99,1,9,0,1,999,999,999,99,0,1,2,1,2,1,1,66,0,7,96,0,1,11,2020,1,16,2,12,2,2,1,3,10,9
360757,1,1,74,1,1,11,3,9,8,0,2,0,1,0,1,46,73,999,0,0,1,2,1,2,1,14,10,0,60,17,28,20,9,2020,1,17,2,12,1,1,1,1,1,3
360758,1,1,26,1,1,11,20,9,8,0,5,0,1,0,1,999,70,999,0,5,1,2,1,2,1,14,12,1,7,96,91,12,6,2020,6,4,2,42,1,1,4,2,1,1
360759,1,1,29,1,1,11,3,9,1,0,1,0,1,0,1,37,68,999,0,4,1,2,1,2,1,1,13,0,13,99,28,15,7,2020,4,17,2,8,1,1,5,1,1,0
360761,1,1,33,1,1,11,20,9,8,0,1,0,1,0,1,999,72,999,0,0,3,3,1,2,1,1,54,1,13,96,51,15,9,2020,3,5,2,12,1,1,1,4,10,4
360762,1,1,19,1,1,11,20,9,8,0,1,0,1,0,1,60,67,999,0,3,1,2,1,2,1,6,10,0,13,96,38,21,9,2020,2,17,2,12,1,1,1,1,1,3
360763,1,1,45,1,1,11,20,20,8,0,1,0,3,21,1,999,71,999,0,0,1,2,1,2,2,1,80,0,16,96,0,29,10,2020,5,18,2,8,3,2,1,3,2,1
360764,1,1,43,2,1,11,3,20,8,0,1,0,3,21,1,999,65,999,0,0,1,3,2,2,1,10,16,0,73,96,0,4,11,2020,4,14,2,12,2,2,1,1,1,0
360765,1,1,95,1,1,11,3,20,8,0,1,0,1,0,1,999,71,999,0,0,0,0,0,0,0,13,80,0,15,17,55,10,6,2020,4,13,2,8,1,1,5,1,10,0