ST_CASE,VEH_NO,PER_NO,AGE,SEX,PER_TYP,SEAT_POS,REST_USE,AIR_BAG,DRUGS,LOCATION,NUMOCCS,HIT_RUN,OWNER,V_CONFIG,HAZ_INV,TRAV_SP,DR_HGT,DR_WGT,PREV_SPD,SPEEDREL,VTRAFWAY,VNUM_LAN,VPROFILE,VPAVETYP,VSURCOND,P_CRASH1,P_CRASH2,DR_DRINK,VPICBODYCLASS,DRDISTRACT,DRIVERRF,DAY,MONTH,YEAR,DAY_WEEK,HOUR,RUR_URB,HARM_EV,RELJCT2,TYP_INT,REL_ROAD,LGT_COND,WEATHER,INJ_SEV
360767,1,1,80,1,1,11,3,20,8,0,1,0,2,0,1,999,71,999,0,0,1,5,1,2,1,1,80,0,2,96,0,6,11,2020,6,20,2,8,1,1,1,3,1,1
360768,1,1,93,1,1,11,99,99,8,0,1,0,2,0,1,999,69,999,0,0,3,9,2,9,1,1,13,0,2,96,0,11,5,2020,2,23,2,24,1,1,4,3,1,4
360769,1,1,19,1,1,11,3,20,8,0,1,0,2,0,1,999,64,999,0,0,5,3,1,2,2,1,80,0,7,96,87,3,6,2020,4,21,2,8,1,1,1,3,2,0
360770,1,1,36,1,1,11,20,9,8,0,1,0,2,0,1,999,72,999,0,0,1,2,1,2,1,1,13,0,13,0,0,8,11,2020,1,1,2,19,1,1,5,3,1,4
360771,1,1,9,2,2,13,3,9,8,0,2,0,6,0,1,0,998,997,998,8,3,2,1,2,1,0,53,0,2,16,0,8,11,2020,1,18,2,8,1,1,1,2,10,1
360772,1,1,72,1,1,11,3,9,8,0,1,0,1,0,1,999,69,999,0,0,1,2,1,2,1,1,80,0,8,96,0,9,11,2020,2,19,2,8,3,3,1,3,1,0
360773,1,1,49,1,1,11,20,20,8,0,1,0,3,2,1,999,999,999,2,0,1,4,1,2,1,1,80,0,11,96,0,9,11,2020,2,7,2,8,1,1,1,4,1,0
360774,1,1,40,1,1,11,3,9,8,0,1,0,1,0,1,999,72,999,0,0,1,2,1,2,1,1,80,0,7,96,0,10,11,2020,3,17,2,8,1,1,1,2,1,0
360775,1,1,22,2,1,11,3,20,8,0,5,0,2,0,1,999,63,999,0,9,2,2,1,2,1,11,15,0,8,96,0,2,7,2020,5,21,2,12,2,3,1,1,1,0
360776,1,1,62,1,1,11,99,99,8,0,99,1,3,6,1,999,72,999,1,0,4,3,3,2,2,99,80,0,66,96,0,12,11,2020,5,15,2,8,3,2,1,1,2,9
360777,1,1,32,1,1,11,3,20,8,0,2,0,1,0,1,0,76,999,0,0,2,4,1,9,1,5,53,0,13,96,0,2,7,2020,5,17,2,12,2,2,1,1,1,0
360778,1,1,52,1,1,11,3,9,8,0,1,0,1,0,1,999,74,999,0,0,2,4,1,2,1,1,17,0,13,96,0,20,11,2020,6,4,2,12,2,2,1,3,1,4
360783,1,1,19,1,1,11,3,20,8,0,1,0,1,0,1,998,71,999,0,0,5,5,1,8,1,1,80,0,7,96,0,24,6,2020,4,23,2,8,1,1,1,2,1,0
360784,1,1,29,1,1,11,20,9,8,0,1,0,1,0,1,999,71,999,1,0,1,2,1,2,1,14,12,1,60,96,0,11,11,2020,4,22,2,33,1,1,4,3,10,4
360785,1,1,28,1,1,11,3,9,8,0,2,0,2,0,1,999,61,999,0,5,3,3,1,2,2,14,13,1,2,96,36,15,11,2020,1,6,2,42,1,1,8,4,10,4
360787,1,1,31,1,1,11,3,20,0,0,1,0,3,1,1,998,73,999,0,0,3,3,1,2,1,15,10,0,63,96,27,9,7,2020,5,1,2,12,8,1,1,2,10,1
360788,1,1,20,1,1,11,3,20,8,0,1,0,2,0,1,999,68,999,0,0,1,6,1,2,1,1,83,0,5,17,6,24,7,2020,6,1,2,9,2,2,1,2,10,0
360789,1,1,998,8,1,11,99,99,8,0,99,1,9,99,1,999,999,999,99,5,1,2,1,2,1,1,80,0,999,96,0,10,8,2020,2,3,2,8,1,1,1,3,1,9
360790,1,1,63,1,1,11,20,98,8,0,2,0,1,0,1,998,69,999,0,0,1,4,2,2,1,1,64,0,3,96,85,8,8,2020,7,14,2,1,1,1,1,1,10,2
360791,1,1,64,1,1,11,3,20,8,0,1,0,1,0,1,999,67,999,0,0,1,2,2,2,1,14,80,0,13,96,0,20,10,2020,3,19,2,8,1,1,1,2,1,0
360793,1,1,70,1,1,11,99,20,8,0,1,0,2,0,1,999,72,999,0,0,1,4,1,2,1,1,80,0,13,96,0,14,11,2020,7,17,2,8,3,2,1,3,1,0
360794,1,1,57,1,1,11,3,20,8,0,1,0,3,0,1,25,65,999,0,0,1,2,1,2,1,1,80,0,9,96,0,16,11,2020,2,4,2,8,1,1,1,3,1,0
360796,1,1,42,1,1,11,3,20,8,0,1,0,2,0,1,999,67,999,1,0,1,2,1,2,2,1,80,0,9,96,0,16,11,2020,2,2,2,8,1,1,1,2,10,0
360797,1,1,17,1,1,11,3,20,8,0,1,0,2,0,1,999,62,999,0,0,2,2,1,2,1,11,15,0,7,96,38,12,8,2020,4,23,2,12,2,3,1,3,10,0
360798,1,1,19,1,1,11,3,9,8,0,4,0,1,0,1,999,69,999,0,5,1,4,1,2,1,1,62,0,13,96,52,17,7,2020,6,15,2,12,8,1,1,1,1,2
360799,1,1,62,1,1,11,3,20,8,0,1,0,3,2,1,999,69,999,0,0,1,2,1,2,1,1,53,0,11,96,0,14,10,2020,4,13,2,12,1,1,1,1,1,0
360801,1,1,36,1,1,11,20,20,8,0,1,0,1,0,1,999,70,999,0,5,3,3,2,2,1,1,51,0,125,96,36,7,11,2020,7,23,2,12,1,1,1,2,1,4
360802,1,1,47,1,1,11,3,20,8,0,1,0,1,0,1,999,73,999,0,0,1,2,1,2,1,1,66,0,7,96,0,7,11,2020,7,0,2,12,2,2,1,3,1,0
360804,1,1,54,1,1,11,3,9,8,0,1,0,2,0,1,998,71,999,0,0,3,2,1,2,1,15,11,0,7,96,0,20,8,2020,5,6,2,12,1,1,1,4,1,0
360805,1,1,55,1,1,11,3,20,8,0,2,0,3,6,1,999,65,999,1,0,1,2,1,2,2,10,98,0,66,96,0,12,11,2020,5,8,2,12,2,2,1,1,2,0
360806,1,1,31,1,1,11,99,20,8,0,1,0,2,1,1,999,66,999,0,0,1,2,1,2,2,13,20,0,11,96,31,13,11,2020,6,12,2,8,1,1,7,1,2,0
360807,1,1,67,1,1,11,20,20,8,0,1,0,1,0,1,999,71,999,0,0,1,2,2,2,1,2,50,0,81,96,26,4,11,2020,4,17,2,12,1,1,1,5,1,4
360808,1,1,47,1,1,11,99,20,8,0,2,0,2,0,1,999,62,999,0,0,5,5,1,2,1,1,13,1,7,96,0,23,8,2020,1,13,2,38,1,1,4,1,10,4
360809,1,1,33,1,1,11,99,20,8,0,1,0,3,2,1,999,67,999,0,0,1,2,1,2,1,1,17,0,11,17,39,16,11,2020,2,7,2,12,2,2,1,1,1,0
360810,1,1,42,1,1,11,3,20,8,0,1,0,3,1,1,999,68,999,0,0,2,2,1,2,1,1,82,0,11,4,0,31,8,2020,2,15,2,8,1,1,4,1,1,0
360811,1,1,72,2,1,11,3,20,8,0,1,0,1,0,1,998,59,999,0,0,5,5,1,8,2,1,80,0,7,96,0,16,10,2020,6,23,2,8,1,1,1,3,2,0
360813,1,1,54,1,1,11,20,9,8,0,1,0,1,0,1,999,68,999,0,5,1,2,1,2,1,1,10,0,7,96,28,8,11,2020,1,7,2,12,1,1,1,1,1,3
360814,1,1,29,1,1,11,3,9,8,0,1,0,1,0,1,999,73,999,0,0,1,2,1,2,1,1,10,0,13,96,27,20,11,2020,6,16,2,12,1,1,1,1,1,3
360815,1,1,25,2,1,11,3,9,8,0,1,0,2,0,1,999,67,999,1,0,3,3,3,2,1,14,50,0,7,96,0,24,11,2020,3,23,2,12,1,1,1,3,1,2
360816,1,1,65,2,1,11,3,20,8,0,1,0,1,0,1,999,66,999,0,0,1,2,1,2,1,12,80,0,13,96,48,24,11,2020,3,17,2,8,3,2,1,3,1,0
360818,1,1,26,1,1,11,3,20,8,0,1,0,2,0,1,30,71,999,0,0,4,3,2,2,1,14,80,0,13,96,0,8,10,2020,5,7,2,8,1,1,1,1,1,0
360819,1,1,20,1,1,11,3,9,8,0,2,0,2,0,1,999,68,999,1,0,3,3,1,2,1,1,13,0,13,96,0,29,11,2020,1,22,2,21,1,1,4,3,1,3
360820,1,1,49,1,1,11,3,20,8,0,1,0,3,21,1,999,70,999,0,0,2,3,1,2,2,1,80,0,16,96,0,30,11,2020,2,22,2,8,3,2,1,3,2,0
360822,1,1,30,1,1,11,3,9,8,0,2,0,3,0,1,999,74,999,0,5,1,2,1,2,1,1,10,0,7,96,36,25,11,2020,4,1,2,12,1,1,1,3,1,1
360823,1,1,66,1,1,11,3,9,8,0,1,0,1,0,1,999,70,999,0,5,2,3,1,9,1,1,12,1,7,96,36,5,12,2020,7,21,2,30,1,1,4,3,1,4
360824,1,1,33,2,1,11,3,9,8,0,2,0,1,0,1,999,66,999,0,0,2,6,1,2,1,1,17,0,7,96,39,20,11,2020,6,12,2,12,2,2,1,1,1,1
360825,1,1,49,1,1,11,3,9,8,0,1,0,2,0,1,999,67,999,0,0,1,4,1,2,1,1,80,1,13,96,0,22,11,2020,1,19,2,8,1,1,1,3,1,0
360826,1,1,31,1,1,11,20,9,8,0,1,0,2,0,1,999,68,999,0,5,3,3,1,2,1,14,6,0,3,96,0,22,11,2020,1,0,2,42,1,1,4,3,1,4
360827,1,1,43,1,1,11,20,20,8,0,1,0,1,0,1,999,72,999,0,5,6,2,1,2,1,14,13,0,80,96,6,22,11,2020,1,1,2,24,5,1,4,3,1,4
360828,1,1,18,2,1,11,3,9,8,0,4,0,2,0,1,999,69,999,0,0,2,3,1,1,1,15,9,0,7,96,0,7,12,2020,2,20,2,33,1,1,4,3,1,2
360829,1,1,26,1,1,11,99,9,8,0,2,1,2,0,1,999,67,999,0,5,2,2,1,2,1,14,13,0,7,96,52,8,12,2020,3,9,2,42,1,1,4,1,1,0
360830,1,1,77,1,1,11,3,20,8,0,1,0,1,0,1,999,74,999,0,0,1,5,1,9,1,11,15,1,7,96,48,17,7,2020,6,19,2,12,2,2,1,1,10,4
360831,1,1,29,2,1,11,99,20,8,0,1,1,1,0,1,999,64,999,1,0,3,3,1,2,1,1,80,0,13,96,999,24,11,2020,3,0,2,8,1,1,1,3,1,0
360832,1,1,42,1,1,11,99,20,8,0,1,0,2,0,1,999,74,999,0,0,1,2,1,2,1,1,80,0,1,17,6,24,11,2020,3,6,2,8,1,1,1,1,1,0
360833,1,1,33,1,1,11,20,9,1,0,1,0,2,0,1,999,68,999,0,5,1,4,1,9,1,1,10,1,7,96,28,15,7,2020,4,20,2,12,1,1,1,5,1,4
360834,1,1,45,1,1,11,3,9,8,0,1,0,2,0,1,999,66,999,0,0,5,5,1,2,1,1,80,0,13,96,86,26,11,2020,5,21,2,8,1,1,1,5,1,0
360835,1,1,41,1,1,11,20,20,8,0,1,0,1,0,1,999,69,999,0,4,1,2,2,2,1,14,12,0,80,96,52,10,10,2020,7,15,2,24,1,1,4,1,1,4
360836,1,1,46,1,1,11,99,20,8,0,2,0,3,1,1,999,75,999,0,0,4,4,1,2,1,15,83,0,65,96,0,11,12,2020,6,7,2,9,1,1,1,1,1,0
360837,1,1,22,1,1,11,3,9,8,0,1,0,1,0,1,999,62,999,0,0,4,1,1,2,1,1,17,0,13,96,50,9,12,2020,4,10,2,12,2,2,1,1,1,0
360838,1,1,23,1,1,11,3,9,8,0,1,0,2,0,1,999,71,999,0,0,3,3,1,2,1,1,50,0,7,6,26,16,11,2020,2,20,2,12,1,1,1,2,10,4
360842,1,1,40,1,1,11,3,9,8,0,2,0,3,0,1,999,72,999,0,5,2,2,1,2,2,1,14,1,2,96,36,26,11,2020,5,7,2,43,3,6,4,4,2,3
360843,1,1,35,1,1,11,20,20,8,0,1,0,3,1,1,999,73,999,0,0,2,2,1,2,1,14,12,0,11,96,0,25,11,2020,4,5,2,43,1,1,3,2,10,4
360844,1,1,24,1,1,11,3,9,8,0,1,0,2,0,1,999,69,999,0,0,1,5,2,9,1,11,15,1,7,96,38,7,11,2020,7,15,2,12,2,2,1,1,1,0
360846,1,1,33,2,1,11,3,20,8,0,1,0,2,0,1,999,65,125,0,0,1,2,1,2,1,14,80,0,5,96,38,7,11,2020,7,12,2,8,1,1,1,1,1,0
360847,1,1,37,1,1,11,3,20,8,0,1,0,3,6,1,999,75,999,0,0,3,2,1,2,1,1,80,0,66,96,0,1,12,2020,3,5,2,8,1,1,1,2,10,0
360848,1,1,17,1,1,11,20,9,8,0,1,0,2,0,1,999,70,999,0,5,1,2,1,2,2,1,10,0,60,96,28,17,11,2020,3,13,2,12,1,1,1,1,10,1
360849,1,1,19,1,1,11,3,9,8,0,6,0,2,0,1,999,68,999,1,5,3,3,1,2,1,15,10,0,7,96,27,26,11,2020,5,20,2,12,1,1,1,3,1,0
360850,1,1,29,1,1,11,3,20,8,0,3,0,1,0,1,999,72,999,0,0,4,1,1,2,10,1,80,0,13,17,52,18,12,2020,6,18,2,8,3,2,1,3,1,0
360851,1,1,32,1,1,11,20,9,8,0,1,0,1,0,1,999,68,999,0,0,1,4,1,2,98,1,50,0,13,96,0,20,12,2020,1,3,2,12,3,2,1,3,1,4
360852,1,1,30,1,1,11,20,20,8,0,1,0,0,0,1,999,75,999,0,0,4,4,1,2,1,1,62,0,125,17,28,10,12,2020,5,15,2,12,2,2,1,1,1,4
360854,1,1,999,9,1,11,99,20,8,0,2,1,9,0,1,999,999,999,99,5,2,4,1,2,2,1,17,0,13,96,39,12,12,2020,7,22,2,12,2,2,1,3,1,0
360855,1,1,999,9,1,11,99,99,8,0,99,1,9,0,1,999,999,999,99,5,4,5,1,2,1,1,80,0,13,96,39,12,12,2020,7,0,2,8,3,2,1,3,1,0
360856,1,1,34,1,1,11,20,9,8,0,1,0,3,0,1,999,66,999,0,3,3,3,1,2,1,1,50,1,13,96,6,9,12,2020,4,0,2,12,1,1,1,3,1,3
360857,1,1,64,1,1,11,20,20,8,0,1,0,1,0,1,999,65,999,0,0,3,3,1,2,2,1,13,0,13,17,6,14,12,2020,2,16,2,38,1,1,4,5,2,4
360858,1,1,81,1,1,11,3,20,8,0,1,0,2,0,1,999,70,999,0,0,3,3,1,2,1,1,12,0,13,0,0,8,12,2020,3,7,2,25,1,1,3,1,1,4
360859,1,1,40,1,1,11,20,20,8,0,1,0,0,99,1,998,68,999,0,4,3,4,1,2,3,1,51,0,998,96,26,17,12,2020,5,2,2,12,1,1,1,2,4,4
360860,1,1,16,1,1,11,99,98,8,0,2,1,2,0,1,999,999,999,0,0,4,2,1,2,1,1,80,0,2,96,0,26,11,2020,5,0,2,8,1,1,1,3,1,0
360861,1,1,50,1,1,11,3,9,8,0,2,0,3,0,1,999,70,999,0,0,1,5,1,2,2,11,15,0,13,96,38,24,12,2020,5,19,2,12,2,2,1,3,10,2
360862,1,1,25,1,1,11,20,9,8,0,2,0,9,0,1,999,71,999,0,5,1,4,1,2,1,1,6,0,13,96,0,26,12,2020,7,21,2,30,3,2,4,3,1,4
360863,1,1,50,1,1,11,3,20,8,0,1,0,3,21,1,999,69,999,0,0,1,2,1,2,1,1,98,0,16,96,0,23,12,2020,4,19,2,12,1,1,1,3,1,0
360864,1,1,38,1,1,11,99,20,8,0,1,0,3,0,1,999,69,999,3,5,1,2,1,9,2,1,10,0,2,96,36,28,12,2020,2,12,2,12,1,1,1,1,10,4
360865,1,1,999,9,1,11,99,99,8,0,2,1,9,0,1,999,999,999,99,9,1,2,1,9,98,99,99,0,8,96,0,28,12,2020,2,22,2,42,1,1,4,3,1,9
360866,1,1,76,1,1,11,99,9,8,0,1,0,1,0,1,999,69,999,0,0,4,1,3,2,1,1,14,0,7,96,0,13,7,2020,2,21,2,39,3,3,4,3,1,4
360867,1,1,59,1,1,11,3,20,8,0,1,0,1,0,1,999,66,999,0,0,1,2,2,9,1,98,98,0,7,96,0,26,7,2020,1,12,2,12,1,1,1,1,1,4
360868,1,1,37,1,1,11,20,20,8,0,1,0,1,0,1,50,71,999,1,0,1,5,1,2,1,1,17,1,94,96,39,12,9,2020,7,18,2,12,2,2,1,1,1,4
360870,1,1,71,2,1,11,3,9,8,0,2,0,1,0,1,999,63,999,0,0,2,4,1,2,1,11,15,0,13,96,0,24,9,2020,5,13,2,12,2,2,1,1,10,1
360871,1,1,29,1,1,11,99,9,8,0,1,0,1,0,1,999,68,999,0,5,1,4,1,2,1,1,11,0,13,17,0,18,10,2020,1,0,2,12,1,1,1,3,1,2
360872,1,1,31,1,1,11,3,9,8,0,1,0,3,0,1,999,71,999,0,0,1,2,1,2,2,1,10,0,11,96,28,30,10,2020,6,7,2,12,1,1,1,2,2,4
360874,1,1,66,1,1,11,3,20,8,0,2,0,2,0,1,999,72,999,0,0,5,3,1,9,1,1,10,0,5,96,0,6,11,2020,6,22,2,12,1,1,1,3,1,4
360875,1,1,60,1,1,11,3,9,8,0,1,0,2,0,1,999,69,999,0,0,1,7,1,2,1,1,11,0,60,96,0,23,11,2020,2,13,2,12,2,2,1,1,10,4
360876,1,1,32,1,1,11,3,20,8,0,3,1,2,0,1,999,999,999,1,0,1,2,1,2,2,1,80,0,13,17,0,27,10,2020,3,20,2,8,1,1,1,3,2,0
360878,1,1,46,2,1,11,3,20,8,0,1,0,1,0,1,999,64,999,2,0,1,2,1,2,2,1,80,0,7,96,0,25,11,2020,4,19,2,8,3,2,1,3,2,0
360880,1,1,40,1,1,11,20,9,8,0,1,0,1,0,1,999,74,999,0,5,1,2,1,2,1,1,12,0,60,96,0,11,12,2020,6,15,2,32,1,1,4,1,10,4
360881,1,1,31,1,1,11,20,9,8,0,1,0,1,0,1,999,72,999,0,5,1,4,1,2,1,14,6,0,13,96,36,11,12,2020,6,13,2,33,1,1,4,1,1,2
360882,1,1,22,2,1,11,99,20,8,0,1,0,2,0,1,999,63,999,0,0,2,5,1,2,1,1,80,0,13,96,0,15,12,2020,3,17,2,8,1,1,1,2,1,0
360883,1,1,44,1,1,11,3,20,8,0,1,0,1,0,1,35,69,999,0,0,1,2,1,2,98,1,83,0,13,96,0,29,12,2020,3,18,2,9,3,2,1,3,1,1
360884,1,1,29,1,1,11,20,20,8,0,1,0,1,0,1,100,73,999,0,3,1,4,1,9,1,1,67,1,82,96,36,27,9,2020,1,18,2,12,2,3,1,1,1,4
360885,1,1,52,1,1,11,20,20,8,0,1,0,1,0,1,999,73,999,0,0,5,5,1,2,1,1,62,0,82,96,0,27,11,2020,6,16,2,12,2,3,1,1,10,4
360886,1,1,38,1,1,11,3,20,8,0,1,0,2,0,1,998,69,999,1,5,5,5,1,2,1,15,10,0,3,96,27,13,12,2020,1,16,2,12,1,1,1,1,1,4
360887,1,1,23,1,1,11,20,20,8,0,1,0,2,0,1,998,72,999,2,5,5,5,1,2,1,1,62,0,80,96,8,6,9,2020,1,10,2,12,8,1,1,1,1,4
360888,1,1,18,1,1,11,3,9,8,0,1,0,2,0,1,998,71,999,0,5,2,2,1,2,1,1,12,0,7,96,8,22,11,2020,1,13,2,21,1,1,4,1,1,4
360889,1,1,34,1,1,11,20,20,8,0,1,0,3,5,1,999,69,999,1,0,2,2,1,2,2,1,12,0,66,96,27,1,12,2020,3,10,2,42,1,1,8,1,2,4
360892,1,1,39,1,1,11,3,20,8,0,1,0,2,0,1,998,67,999,0,0,1,3,1,2,1,1,62,0,7,96,0,18,11,2020,4,17,2,12,2,2,1,3,1,4
360894,1,1,64,1,1,11,3,20,8,0,1,0,1,0,1,999,60,999,0,0,2,2,1,2,1,1,51,0,13,0,89,2,12,2020,4,15,2,12,1,1,1,1,1,4
360896,1,1,39,2,1,11,3,9,1,0,3,0,1,0,1,999,63,999,0,5,2,5,1,2,1,1,17,0,13,96,39,8,12,2020,3,15,2,12,2,2,1,1,1,4
360897,1,1,69,2,1,11,20,9,8,0,1,0,1,0,1,41,67,999,0,3,1,2,2,2,2,14,13,0,7,96,36,9,12,2020,4,16,2,30,1,1,4,1,10,4
360899,1,1,35,1,1,11,3,20,8,0,1,0,3,6,1,999,72,999,1,5,3,2,1,2,3,1,10,0,66,96,36,17,12,2020,5,1,2,24,1,1,3,2,4,4
360900,1,1,58,1,1,11,20,9,8,0,1,0,1,0,1,999,70,999,0,0,2,5,1,9,1,1,13,0,2,96,0,13,9,2020,1,9,2,59,1,1,4,1,1,4
360903,1,1,34,1,1,11,20,20,8,0,1,0,0,0,1,999,66,999,0,5,6,1,2,2,1,14,12,0,80,96,36,24,12,2020,5,4,2,25,5,1,4,3,10,4
360905,1,1,23,1,1,11,20,20,8,0,2,0,0,0,1,999,999,999,0,0,2,4,1,2,1,1,17,0,12,96,39,27,12,2020,1,16,2,12,2,2,1,3,1,4
360908,1,1,37,1,1,11,3,9,8,0,2,0,3,0,1,999,64,999,2,0,3,3,2,2,10,14,54,1,13,96,50,28,12,2020,2,1,2,12,1,1,1,2,1,4
360910,1,1,75,1,1,11,3,20,8,0,1,0,1,0,1,30,70,999,0,0,1,4,1,1,2,1,80,0,7,17,38,25,11,2020,4,18,2,8,3,2,1,3,2,0
360911,1,1,20,2,1,11,3,20,8,0,1,0,2,0,1,999,61,999,0,0,1,2,1,9,1,4,17,0,3,17,38,27,8,2020,5,19,2,12,2,2,1,3,1,1
360912,1,1,44,1,1,11,3,20,8,0,2,0,1,0,1,999,67,999,0,5,1,6,1,2,1,1,51,0,7,96,0,26,9,2020,7,10,2,12,18,1,1,1,10,1
360915,1,1,59,2,1,11,3,20,8,0,1,0,1,0,1,999,66,999,0,0,1,2,1,9,1,1,80,0,7,96,0,5,12,2020,7,18,2,8,1,1,1,2,10,9
360917,1,1,30,1,1,11,3,20,8,0,1,0,2,0,1,999,70,999,0,0,4,3,1,2,1,1,66,0,1,96,0,28,11,2020,7,20,2,12,2,2,1,3,1,0
360918,2,1,62,2,1,11,3,20,8,0,1,0,1,0,1,999,63,999,0,0,1,2,1,2,4,1,8,0,7,96,87,2,11,2020,2,7,2,24,1,1,4,1,10,4
360919,1,1,29,2,1,11,3,9,1,0,2,0,2,0,1,999,61,999,0,3,1,2,1,2,1,1,13,0,13,96,36,26,12,2020,7,10,2,30,1,1,4,1,10,3
360922,1,1,38,1,1,11,3,9,8,0,1,0,2,0,1,999,66,999,0,0,1,4,1,2,2,1,10,0,13,96,28,31,12,2020,5,7,2,12,1,1,1,1,10,4
360923,1,1,44,1,1,11,99,98,8,0,2,1,1,0,1,998,999,999,0,0,2,8,1,8,1,1,13,1,13,96,6,9,3,2020,2,1,2,30,3,2,4,3,1,9
360924,1,1,38,1,1,11,20,98,8,0,2,0,2,0,1,998,67,999,0,5,1,2,1,8,1,14,12,1,13,96,6,1,9,2020,3,21,2,38,1,1,4,3,1,4
360925,1,1,21,2,1,11,3,98,8,0,1,0,1,0,1,998,66,999,0,0,1,3,1,8,98,11,15,0,13,96,0,4,9,2020,6,4,2,12,2,2,1,3,1,0
360926,1,1,58,1,1,11,3,98,8,0,1,0,1,0,1,998,67,999,0,0,2,2,2,2,1,1,9,0,60,96,0,11,9,2020,6,13,2,24,19,1,4,1,1,4
360927,1,1,78,1,1,11,3,20,8,0,1,0,1,0,1,999,69,999,0,0,2,2,2,2,1,11,15,0,60,96,39,11,9,2020,6,12,2,12,2,3,1,1,1,4
360928,1,1,37,2,1,11,3,9,8,0,1,0,1,0,1,998,66,999,0,0,1,2,1,2,1,14,62,0,7,96,0,14,9,2020,2,14,2,12,8,1,1,1,1,2
360929,1,1,30,2,1,11,3,9,8,0,1,0,1,0,1,999,62,999,0,0,1,4,1,2,1,1,13,1,13,15,6,20,9,2020,1,3,2,8,1,1,4,3,1,1
360930,1,1,48,1,1,11,3,9,1,0,4,0,2,0,1,999,69,999,0,0,1,2,1,2,1,1,13,0,13,96,8,30,9,2020,4,11,2,14,1,1,2,1,1,2
360931,1,1,76,2,1,11,20,9,8,0,1,0,1,0,1,998,62,999,1,0,1,2,1,2,1,1,13,0,60,0,0,11,10,2020,1,18,2,30,3,3,4,3,10,4
360932,1,1,39,1,1,11,99,20,8,0,1,1,2,0,1,999,69,999,0,0,1,2,2,2,2,1,83,0,7,96,0,16,10,2020,6,19,2,9,1,1,1,3,2,0
360933,1,1,23,1,1,11,2,9,8,0,1,0,2,0,1,998,66,999,0,4,1,2,2,2,2,14,12,1,13,96,87,20,10,2020,3,23,2,42,1,1,4,3,5,4
360934,1,1,34,1,1,11,3,20,8,0,1,0,3,0,1,998,69,999,0,0,5,6,1,2,1,11,15,0,60,96,0,21,10,2020,4,18,2,12,8,1,1,2,1,0
360935,1,1,36,2,1,11,3,9,8,0,2,0,2,0,1,998,65,999,0,0,3,5,1,2,1,15,13,0,13,96,27,2,11,2020,2,8,2,31,1,1,4,1,1,4
360936,1,1,59,1,1,11,2,20,8,0,1,0,2,0,1,998,71,999,0,5,2,4,1,2,1,1,17,0,1,96,39,11,11,2020,4,8,2,12,2,2,1,1,10,4
360937,1,1,17,1,1,11,3,9,8,0,1,0,2,0,1,999,62,999,0,4,2,3,1,2,2,1,6,0,7,96,87,11,11,2020,4,20,2,12,1,1,1,3,2,0
360938,1,1,26,1,1,11,3,20,8,0,1,0,1,0,1,999,64,999,0,0,1,2,1,9,98,11,80,0,3,96,87,16,12,2020,4,23,2,8,3,2,1,3,4,0
360939,1,1,25,1,1,11,3,9,8,0,1,0,2,0,1,999,71,999,0,0,3,3,1,1,2,1,80,0,7,96,0,11,11,2020,4,19,2,8,1,1,1,3,2,1
360940,1,1,999,9,1,11,99,20,9,0,99,1,9,99,1,999,999,999,99,9,3,3,1,9,2,1,80,0,999,96,999,20,12,2020,1,6,2,8,3,2,1,4,10,0
360941,1,1,60,2,1,11,3,20,8,0,1,0,3,21,1,999,69,999,0,0,1,2,1,2,1,11,80,0,62,96,0,16,11,2020,2,18,2,8,3,3,1,2,1,0
360942,2,1,24,1,1,11,3,20,8,0,1,0,1,0,1,999,72,999,0,0,1,3,1,9,1,1,64,0,60,96,0,7,12,2020,2,11,2,41,1,1,4,1,1,0
360943,1,1,31,1,1,11,3,20,8,0,1,0,3,0,1,999,68,999,0,0,3,4,1,9,1,1,80,0,95,96,0,29,12,2020,3,18,2,8,3,2,1,3,1,0
360944,1,1,38,1,1,11,3,20,8,0,1,0,1,0,1,63,69,999,0,0,2,2,1,1,1,1,54,1,60,96,51,20,11,2020,6,19,2,12,1,1,1,3,10,3
360945,1,1,51,1,1,11,3,20,8,0,1,0,2,0,1,999,71,999,0,0,2,3,1,2,1,1,83,0,60,96,0,21,11,2020,7,18,2,9,3,3,1,3,10,0
360947,1,1,54,2,1,11,3,20,8,0,1,0,2,0,1,998,67,999,0,0,2,4,1,8,1,1,80,0,7,17,6,25,11,2020,4,0,2,8,1,1,1,3,1,0
360948,1,1,31,2,1,11,3,20,8,0,4,0,2,0,1,0,62,999,0,0,3,4,2,9,1,5,53,0,3,96,0,25,9,2020,6,17,2,12,18,1,1,1,1,4
360949,1,1,21,1,1,11,3,20,8,0,2,0,2,1,1,998,68,999,0,0,2,2,1,9,1,1,80,0,63,96,87,25,11,2020,4,4,2,8,1,1,1,2,1,0
360950,1,1,33,1,1,11,20,20,8,0,1,0,1,0,1,999,69,999,0,0,1,4,3,2,1,14,13,1,81,96,0,11,9,2020,6,23,2,33,1,1,4,3,1,4
360951,1,1,65,2,1,11,3,20,8,0,1,0,1,0,1,999,61,999,0,0,5,3,2,2,1,11,15,0,7,17,38,9,10,2020,6,8,2,9,2,3,1,1,1,0