ST_CASE,VEH_NO,PER_NO,AGE,SEX,PER_TYP,SEAT_POS,REST_USE,AIR_BAG,DRUGS,LOCATION,NUMOCCS,HIT_RUN,OWNER,V_CONFIG,HAZ_INV,TRAV_SP,DR_HGT,DR_WGT,PREV_SPD,SPEEDREL,VTRAFWAY,VNUM_LAN,VPROFILE,VPAVETYP,VSURCOND,P_CRASH1,P_CRASH2,DR_DRINK,VPICBODYCLASS,DRDISTRACT,DRIVERRF,DAY,MONTH,YEAR,DAY_WEEK,HOUR,RUR_URB,HARM_EV,RELJCT2,TYP_INT,REL_ROAD,LGT_COND,WEATHER,INJ_SEV
370232,1,1,34,2,1,11,3,20,0,0,1,0,2,0,1,60,68,999,1,0,3,5,1,2,1,1,80,0,13,96,0,7,3,2020,7,23,2,8,1,1,1,2,1,0
370236,1,1,69,2,1,11,3,9,0,0,1,0,2,0,1,48,63,999,0,0,2,2,2,2,1,1,17,0,7,96,39,20,3,2020,6,15,2,12,2,2,1,1,10,1
370238,1,1,35,1,1,11,20,20,0,0,1,0,1,0,1,94,75,999,1,3,2,2,2,2,1,1,67,0,80,96,36,8,3,2020,1,16,2,1,2,3,1,1,1,4
370242,1,1,33,1,1,11,20,9,0,0,1,0,3,0,1,80,75,999,0,3,3,2,1,2,1,1,11,0,13,96,58,16,3,2020,2,0,2,24,1,1,3,2,1,4
370248,1,1,24,1,1,11,3,8,0,0,1,0,1,0,1,0,999,999,99,0,3,2,1,1,2,5,53,0,13,96,91,13,3,2020,6,5,2,12,1,1,1,2,2,2
370249,1,1,58,2,1,11,3,8,0,0,1,0,1,0,1,3,58,999,2,0,1,2,8,8,98,4,17,0,13,96,38,10,3,2020,3,8,2,12,2,2,1,1,1,4
370250,1,1,54,2,1,11,20,9,9,0,1,0,2,0,1,5,66,999,0,0,1,2,8,8,98,4,17,0,7,96,38,4,3,2020,4,16,2,12,2,2,1,1,10,4
370251,1,1,22,1,1,11,3,20,0,0,1,0,2,1,1,55,70,999,0,0,5,5,1,2,1,1,83,0,60,96,0,20,3,2020,6,20,2,9,1,1,1,2,1,0
370252,1,1,44,1,1,11,3,20,0,0,2,0,1,0,1,35,63,999,0,0,5,5,1,2,2,1,80,0,7,96,0,5,3,2020,5,22,2,8,1,1,1,2,2,0
370254,1,1,50,1,1,11,3,20,0,0,1,0,3,7,1,35,66,999,0,0,1,2,1,2,1,14,62,0,66,96,0,4,3,2020,4,10,2,12,1,1,1,1,1,0
370255,1,1,46,1,1,11,20,8,8,0,1,0,2,0,1,998,70,230,4,3,1,2,1,2,2,1,12,1,13,96,36,22,3,2020,1,20,2,38,1,1,4,3,2,4
370256,1,1,43,1,1,11,20,20,1,0,1,0,0,0,1,25,68,999,0,0,1,3,8,8,98,11,15,0,12,96,39,12,3,2020,5,12,2,12,2,3,1,1,1,4
370258,1,1,998,8,1,11,99,99,8,0,99,1,9,99,1,998,999,999,99,9,1,2,1,2,2,14,13,0,998,96,999,5,3,2020,5,21,2,8,1,1,4,2,2,9
370260,1,1,21,1,1,11,20,9,8,0,4,0,1,0,1,65,67,999,0,0,1,2,1,2,1,1,13,1,13,96,91,28,3,2020,7,23,2,42,1,1,5,2,1,2
370261,1,1,45,2,1,11,3,8,0,0,1,0,1,0,1,52,65,999,0,0,2,3,2,2,1,1,65,0,7,92,0,20,3,2020,6,7,2,12,2,3,1,1,1,2
370263,1,1,43,1,1,11,20,20,9,0,1,0,1,0,1,118,72,999,0,3,4,2,1,2,1,1,70,0,80,0,36,18,3,2020,4,17,2,30,8,1,4,1,1,4
370265,1,1,51,1,1,11,20,20,8,0,1,0,1,0,1,35,68,999,1,0,1,3,1,2,1,1,13,1,12,96,0,19,3,2020,5,23,2,1,1,1,1,2,1,4
370266,1,1,32,1,1,11,3,20,0,0,1,0,3,6,1,45,72,999,0,0,5,5,1,2,1,1,62,0,66,96,0,25,3,2020,4,12,2,12,1,1,1,1,1,0
370270,1,1,29,2,1,11,20,8,0,0,1,0,1,0,1,100,69,999,1,3,5,3,1,2,1,14,10,0,7,96,36,24,3,2020,3,17,2,12,1,1,1,1,10,4
370272,1,1,20,1,1,11,20,8,1,0,1,0,2,0,1,92,69,999,0,5,5,3,1,2,1,14,6,0,13,96,36,25,3,2020,4,1,2,1,1,1,4,3,1,4
370274,1,1,56,1,1,11,20,9,1,0,1,0,0,0,1,54,71,999,0,0,5,3,2,2,1,1,10,1,60,96,91,18,3,2020,4,16,2,12,1,1,1,1,1,1
370275,1,1,54,1,1,11,3,20,0,0,1,0,2,0,1,35,70,240,0,0,1,2,1,2,1,1,80,0,60,96,0,10,3,2020,3,20,2,8,1,1,1,2,1,0
370278,1,1,21,2,1,11,3,8,0,0,2,0,2,0,1,15,67,999,0,9,1,2,8,8,1,1,17,0,7,96,0,16,3,2020,2,18,2,12,2,2,1,1,1,1
370280,1,1,23,1,1,11,20,20,9,0,1,0,1,0,1,45,68,999,0,0,1,2,1,2,1,1,12,0,80,96,36,28,3,2020,7,21,2,33,3,5,3,2,1,4
370281,1,1,66,2,1,11,3,9,0,0,1,0,1,0,1,45,66,999,0,0,0,0,0,0,0,11,15,0,3,96,38,10,3,2020,3,13,2,12,8,1,1,1,10,4
370286,1,1,26,2,1,11,3,9,0,0,2,0,1,0,1,65,999,999,0,0,2,3,1,2,1,1,54,1,13,96,50,28,3,2020,7,2,2,12,1,1,1,2,1,4
370288,1,1,39,1,1,11,20,9,9,0,1,0,1,0,1,55,71,999,0,0,1,2,1,2,1,1,13,0,13,96,36,1,3,2020,1,4,2,32,1,1,4,3,1,4
370292,1,1,21,2,1,11,3,9,9,0,1,0,1,0,1,90,60,999,0,5,3,2,1,2,1,6,6,0,7,96,58,22,3,2020,1,9,2,21,19,1,4,2,1,4
370300,1,1,82,1,1,11,3,20,0,0,2,0,1,0,1,10,69,999,0,0,5,3,1,2,1,11,15,0,13,96,38,10,3,2020,3,20,2,12,8,1,1,3,1,0
370301,1,1,27,1,1,11,3,9,1,0,1,0,1,0,1,80,68,999,0,0,5,5,1,2,2,14,51,1,13,96,91,5,3,2020,5,19,2,12,1,1,1,3,2,1
370306,1,1,55,1,1,11,20,9,0,0,1,0,1,0,1,43,70,999,0,4,1,2,2,2,6,1,12,0,60,96,999,29,4,2020,4,21,2,42,1,1,4,2,2,4
370312,1,1,26,2,1,11,3,20,0,0,1,0,1,0,1,37,66,999,5,0,1,2,1,2,1,1,80,0,7,96,0,9,4,2020,5,17,2,8,8,1,1,1,1,0
370314,1,1,24,2,1,11,3,9,0,0,1,0,1,0,1,9,62,999,0,0,3,8,1,2,1,11,15,0,13,96,38,10,4,2020,6,7,2,12,2,3,1,1,1,0
370317,1,1,19,2,1,11,99,20,9,0,2,1,2,0,1,45,66,999,0,9,1,4,2,2,2,14,80,0,7,96,91,12,4,2020,1,21,2,8,1,1,1,3,2,0
370318,1,1,60,1,1,11,20,20,0,0,1,0,1,0,1,43,69,999,0,4,5,5,3,2,2,14,6,0,7,96,87,20,4,2020,2,6,2,35,1,1,4,1,2,4
370319,1,1,66,2,1,11,3,8,0,0,1,0,1,0,1,20,65,999,0,0,1,2,8,8,98,11,15,0,13,96,0,14,4,2020,3,19,2,12,2,2,1,1,1,0
370320,1,1,40,2,1,11,3,98,1,0,3,0,4,0,1,70,64,999,1,3,1,2,1,2,1,14,12,0,7,96,91,25,4,2020,7,19,2,43,1,1,5,1,1,2
370321,1,1,57,2,1,11,3,20,0,0,2,0,1,0,1,70,60,999,0,0,3,2,1,2,1,1,60,0,13,96,0,25,4,2020,7,11,2,12,1,1,1,1,10,0
370322,1,1,60,1,1,11,3,20,0,0,1,0,3,2,1,45,74,999,0,0,1,2,1,2,1,1,62,0,11,96,0,7,4,2020,3,13,2,12,2,3,1,1,1,0
370324,1,1,25,2,1,11,3,8,8,0,2,0,1,0,1,70,63,999,0,5,1,2,1,2,1,6,54,1,7,96,39,18,4,2020,7,18,2,12,2,3,1,1,1,3
370325,1,1,52,1,1,11,3,20,8,0,1,0,1,0,1,55,72,999,0,3,1,2,1,2,1,14,13,1,7,96,0,22,4,2020,4,13,2,30,1,1,4,1,1,4
370326,1,1,80,1,1,11,3,8,0,0,1,0,1,0,1,10,71,999,0,0,1,2,1,2,1,11,15,0,3,96,38,24,4,2020,6,14,2,12,2,3,1,1,1,1
370327,1,1,53,1,1,11,3,8,0,0,1,0,1,0,1,60,65,999,1,0,5,5,1,2,1,14,11,0,7,93,28,28,4,2020,3,12,2,12,1,1,1,1,1,1
370329,1,1,42,1,1,11,20,20,0,0,1,0,2,0,1,60,999,999,0,0,1,2,1,2,1,14,12,0,1,96,36,18,4,2020,7,14,2,12,1,1,4,1,1,4
370330,1,1,34,1,1,11,20,9,0,0,1,0,2,0,1,90,68,999,0,5,1,2,1,2,1,14,6,0,13,96,36,22,4,2020,4,1,2,42,1,1,5,2,1,4
370331,1,1,24,1,1,11,20,9,1,0,1,1,2,0,1,55,72,999,0,0,1,2,2,2,1,14,10,0,7,96,91,25,4,2020,7,8,2,12,1,1,1,1,1,3
370332,1,1,41,1,1,11,20,20,9,0,1,0,2,0,1,60,78,999,0,3,1,2,2,2,1,1,10,0,81,96,28,20,4,2020,2,22,2,12,1,1,1,3,1,4
370333,1,1,36,1,1,11,20,20,0,0,1,0,2,0,1,45,68,999,0,0,1,2,1,2,1,14,12,1,13,96,0,25,4,2020,7,18,2,14,1,1,5,1,1,4
370337,1,1,24,2,1,11,20,20,0,0,3,0,2,0,1,55,63,999,0,3,4,2,1,1,1,1,13,1,7,96,36,24,4,2020,6,23,2,30,1,1,4,3,10,2
370344,1,1,32,2,1,11,20,8,0,0,1,0,1,0,1,60,68,999,0,4,1,2,2,2,1,14,6,0,13,96,0,23,4,2020,5,13,2,14,1,1,4,1,1,4
370346,1,1,55,1,1,11,20,20,9,0,1,0,1,0,1,60,71,999,0,3,1,2,1,2,1,1,12,1,98,93,6,11,4,2020,7,17,2,35,1,1,4,1,1,4
370348,1,1,22,2,1,11,3,8,1,0,3,0,2,0,1,70,999,999,99,0,1,2,1,2,1,14,6,1,7,96,91,2,4,2020,5,6,2,32,1,1,4,4,1,3
370349,1,1,41,1,1,11,3,20,9,0,1,0,2,0,1,10,999,999,99,0,1,2,1,8,98,1,17,0,7,96,38,21,4,2020,3,18,2,12,2,2,1,1,1,4
370355,1,1,17,2,1,11,3,9,9,0,3,0,2,0,1,100,66,999,0,3,1,2,2,2,1,14,6,0,13,96,36,6,4,2020,2,1,2,24,1,1,4,2,1,4
370356,1,1,23,1,1,11,20,8,8,0,1,0,1,0,1,89,67,999,1,3,1,2,1,2,1,6,54,1,13,96,33,9,4,2020,5,21,2,12,1,1,1,2,1,4
370357,1,1,26,1,1,11,20,20,8,0,1,0,1,0,1,42,70,999,2,3,1,2,1,2,1,14,6,1,94,96,36,17,4,2020,6,22,2,33,1,1,4,3,1,4
370358,1,1,17,1,1,11,3,8,9,0,4,0,1,0,1,65,999,999,99,3,1,2,2,2,1,6,54,0,13,96,36,19,4,2020,1,20,2,12,1,1,1,5,1,2
370359,1,1,26,2,1,11,1,20,0,0,1,1,1,0,1,51,66,999,0,0,5,5,1,2,1,1,80,0,13,93,6,26,4,2020,1,3,2,8,1,1,1,3,1,0
370360,1,1,52,2,1,11,3,20,0,0,1,0,1,0,1,65,60,999,0,0,3,4,1,2,2,1,80,0,7,96,0,23,4,2020,5,5,2,8,1,1,1,2,2,0
370361,1,1,23,2,1,11,3,8,0,0,1,0,2,0,1,100,65,999,0,0,3,4,1,2,2,1,54,1,13,96,50,26,4,2020,1,3,2,12,1,1,1,2,5,4
370362,1,1,44,1,1,11,99,20,0,0,1,0,3,0,1,998,71,999,1,0,1,2,8,8,98,11,80,0,60,93,38,27,4,2020,2,11,2,8,3,2,1,1,1,0
370365,1,1,25,1,1,11,20,9,0,0,1,0,2,0,1,65,68,999,0,3,1,2,1,2,1,14,6,0,13,96,0,29,4,2020,4,18,2,42,1,1,4,1,1,4
370367,1,1,20,1,1,11,20,9,9,0,1,0,1,0,1,60,70,999,0,3,4,2,1,2,1,14,6,0,13,96,0,27,4,2020,2,3,2,42,1,1,4,3,1,4
370368,1,1,27,2,1,11,3,8,0,0,2,0,2,0,1,103,66,999,1,3,1,2,1,2,1,1,12,1,13,96,36,15,4,2020,4,23,2,33,3,2,4,3,1,4
370372,1,1,21,1,1,11,3,20,0,0,1,0,2,0,1,10,70,999,0,0,1,3,1,2,1,11,80,0,60,96,38,15,4,2020,4,15,2,8,2,2,1,1,1,0
370374,1,1,58,2,1,11,3,20,0,0,2,0,1,0,1,15,64,999,0,0,1,3,1,2,1,12,21,0,60,96,38,18,4,2020,7,22,2,12,2,2,1,2,1,3
370382,1,1,998,8,1,11,98,98,8,0,99,1,9,99,1,40,999,999,99,9,1,2,1,2,1,1,99,0,999,96,0,17,4,2020,6,23,2,12,1,1,1,3,1,9
370384,1,1,30,2,1,11,3,20,0,0,1,0,1,0,1,70,67,999,1,5,6,2,8,8,98,1,83,0,7,96,39,12,4,2020,1,16,2,9,3,7,1,1,98,0
370385,1,1,23,2,1,11,3,20,0,0,1,0,1,0,1,48,64,999,2,0,3,3,2,2,1,14,80,0,5,96,0,8,4,2020,4,13,2,8,1,1,1,1,1,0
370388,1,1,33,1,1,11,99,20,1,0,1,0,1,99,1,0,75,999,0,0,1,2,2,2,1,5,53,0,999,96,54,30,4,2020,5,21,2,12,1,1,1,2,1,0
370389,1,1,60,1,1,11,3,20,0,0,1,0,3,6,1,45,73,999,0,0,1,2,1,2,1,1,62,1,66,96,0,27,4,2020,2,19,2,12,1,1,1,1,1,4
370390,1,1,40,1,1,11,3,20,0,0,1,0,3,2,1,60,72,999,0,0,3,2,1,2,1,1,62,0,11,96,0,9,4,2020,5,4,2,12,1,1,1,2,1,4
370391,1,1,29,1,1,11,3,9,8,0,1,0,2,0,1,65,999,999,0,3,1,2,1,2,1,14,6,1,7,96,58,7,4,2020,3,1,2,42,1,1,4,2,1,4
370392,1,1,998,8,1,11,98,98,9,0,99,1,9,99,1,45,999,999,99,9,1,2,1,2,1,1,80,0,998,96,0,22,4,2020,4,0,2,8,1,1,1,2,1,9
370393,1,1,34,1,1,11,3,20,0,0,1,0,2,0,1,48,71,999,0,0,2,4,2,2,1,1,80,0,13,93,39,27,4,2020,2,17,2,8,1,1,1,1,1,0
370394,1,1,19,1,1,11,3,8,9,0,1,0,2,0,1,60,72,999,0,3,2,3,4,2,1,14,10,0,13,96,29,30,4,2020,5,23,2,33,3,3,12,3,1,4
370397,1,1,17,2,1,11,3,20,0,0,4,0,2,0,1,25,60,999,0,0,1,2,1,2,1,11,15,0,13,96,38,1,4,2020,4,12,2,12,2,4,1,1,1,0
370399,1,1,65,2,1,11,3,20,0,0,1,0,1,0,1,998,65,999,0,0,1,5,1,2,1,1,80,0,7,96,0,13,4,2020,2,21,2,8,2,3,1,2,1,0
370402,1,1,44,1,1,11,3,9,8,0,1,0,2,0,1,55,73,999,0,0,1,2,2,2,1,1,13,1,13,96,58,4,5,2020,2,13,2,58,1,1,2,1,1,4
370404,1,1,36,2,1,11,3,20,0,0,1,0,1,0,1,55,64,999,6,4,1,2,1,2,2,1,6,0,60,96,87,27,5,2020,4,11,2,12,2,2,1,1,2,2
370406,1,1,48,1,1,11,3,20,0,0,1,0,2,0,1,55,70,999,0,0,1,2,2,2,1,14,13,0,7,96,58,22,5,2020,6,15,2,35,1,1,4,1,10,4
370407,1,1,55,1,1,11,20,20,0,0,1,0,1,0,1,30,72,999,0,0,1,2,1,2,1,14,10,0,94,96,28,1,5,2020,6,18,2,12,1,1,1,1,1,4
370409,1,1,89,2,1,11,3,20,0,0,1,0,1,0,1,40,65,999,0,0,5,5,2,2,1,1,17,0,13,93,39,15,5,2020,6,14,2,12,2,2,1,1,1,4
370414,1,1,34,1,1,11,3,9,0,0,1,0,1,0,1,10,70,999,0,0,1,2,8,8,98,4,17,0,13,96,38,17,5,2020,1,14,2,12,2,2,1,1,1,4
370416,1,1,54,1,1,11,3,20,0,0,1,0,3,2,1,45,75,999,0,0,1,6,2,2,1,1,80,0,11,96,0,18,5,2020,2,11,2,8,2,3,1,1,10,0
370417,1,1,998,8,1,11,98,98,9,0,99,1,9,99,1,55,999,999,99,0,2,2,2,2,2,14,80,0,999,96,0,21,5,2020,5,10,2,8,1,1,1,1,1,9
370419,1,1,29,1,1,11,20,20,0,0,1,0,1,0,1,70,64,999,0,0,1,2,1,2,1,1,13,1,80,96,0,3,5,2020,1,20,2,1,1,1,4,2,1,4
370420,1,1,58,2,1,11,3,8,0,0,4,0,2,0,1,70,999,999,0,0,2,3,2,2,1,14,13,0,13,0,36,30,5,2020,7,5,2,24,1,1,4,2,10,3
370423,1,1,18,1,1,11,20,9,1,0,1,0,3,0,1,75,67,999,0,3,5,5,2,2,1,1,6,1,15,96,58,3,5,2020,1,0,2,42,1,1,4,3,1,4
370424,1,1,40,1,1,11,20,20,0,0,1,0,1,0,1,75,72,999,0,0,1,2,1,2,1,6,10,1,80,96,36,5,5,2020,3,18,2,12,1,1,1,1,1,4
370425,1,1,26,1,1,11,3,20,0,0,1,0,1,0,1,25,70,999,0,0,1,2,3,2,1,1,80,0,13,96,0,10,5,2020,1,22,2,8,1,1,1,2,1,0
370426,1,1,32,1,1,11,20,20,9,0,1,0,1,0,1,80,71,999,0,3,1,5,1,2,1,6,62,0,80,96,36,2,5,2020,7,19,2,12,2,2,1,1,1,4
370427,1,1,42,1,1,11,20,9,0,0,1,0,1,0,1,95,72,999,0,3,2,3,1,2,2,14,6,0,3,96,0,21,5,2020,5,19,2,42,1,1,4,1,2,4
370429,1,1,22,2,1,11,20,8,9,0,1,0,2,0,1,110,65,999,0,3,5,5,1,2,1,14,6,0,13,96,36,16,5,2020,7,1,2,40,1,1,4,3,1,4
370430,1,1,48,1,1,11,3,20,0,0,1,0,1,0,1,5,73,999,0,0,0,0,0,0,0,11,15,0,7,96,38,15,5,2020,6,18,2,12,4,1,1,1,1,0
370435,1,1,998,8,1,11,98,98,9,0,99,1,9,99,1,55,999,999,99,9,2,4,1,2,1,1,80,0,999,96,0,3,5,2020,1,1,2,8,3,2,1,2,1,9
370436,1,1,38,1,1,11,20,20,0,0,1,0,1,0,1,60,74,999,0,3,2,1,2,2,1,1,12,1,80,96,58,16,5,2020,7,22,2,1,1,1,1,3,1,4
370437,1,1,29,1,1,11,3,8,0,0,1,0,3,0,1,65,68,999,0,0,3,2,1,1,1,1,13,0,60,96,0,15,5,2020,6,16,2,59,19,1,8,1,1,4
370438,1,1,73,1,1,11,20,20,9,0,1,0,1,0,1,30,68,999,0,0,1,2,2,2,1,1,50,0,104,96,0,26,5,2020,3,15,2,12,8,1,1,1,10,4
370441,1,1,33,2,1,11,3,20,0,0,1,0,1,0,1,60,62,999,0,3,2,2,1,2,2,1,51,0,2,93,6,22,5,2020,6,20,2,12,1,1,1,2,1,0
370442,1,1,33,2,1,11,3,20,0,0,2,0,1,0,1,10,65,999,0,0,1,2,2,2,2,11,15,0,9,96,38,21,5,2020,5,18,2,12,8,1,1,1,2,0
370443,1,1,84,1,1,11,3,9,0,0,2,0,1,0,1,10,75,999,0,0,1,2,8,8,2,11,15,0,7,93,38,29,5,2020,6,15,2,12,2,3,1,1,2,4
370444,1,1,53,1,1,11,3,20,0,0,1,0,1,0,1,50,71,999,1,3,1,3,3,2,1,1,83,0,7,96,0,15,5,2020,6,13,2,9,1,1,1,1,1,0
370445,1,1,45,1,1,11,3,8,9,0,1,0,1,0,1,35,66,999,1,0,5,5,1,2,1,1,10,0,60,96,28,6,5,2020,4,12,2,12,1,1,1,1,10,1
370446,1,1,21,1,1,11,3,9,9,0,1,0,2,0,1,55,65,999,0,4,1,2,2,2,1,14,12,1,13,96,0,31,5,2020,1,7,2,1,1,1,4,1,1,4
370449,1,1,34,1,1,11,20,20,9,0,1,0,2,0,1,70,71,999,0,0,1,2,1,2,1,6,10,1,80,96,38,2,5,2020,7,14,2,12,1,1,1,1,1,4
370450,1,1,70,1,1,11,20,9,9,0,1,0,2,0,1,60,68,999,0,0,1,2,1,2,1,14,6,0,60,96,58,2,5,2020,7,19,2,59,1,1,4,1,1,4
370452,1,1,28,1,1,11,3,20,0,0,1,0,3,0,1,50,69,999,0,0,2,4,1,2,1,1,80,0,13,96,0,4,5,2020,2,20,2,8,1,1,1,2,1,1
370454,1,1,41,1,1,11,20,20,9,0,1,0,1,0,1,80,71,999,0,3,2,1,1,2,1,1,13,1,80,96,36,3,5,2020,1,17,2,33,1,1,4,1,1,4
370455,1,1,31,1,1,11,3,20,0,0,1,0,3,6,1,60,999,999,0,0,3,4,1,2,1,1,80,0,66,96,0,2,5,2020,7,20,2,8,1,1,1,3,1,0
370456,1,1,54,2,1,11,3,8,9,0,2,0,1,0,1,998,70,999,0,0,5,5,1,2,1,11,15,0,13,93,38,4,5,2020,2,11,2,12,8,1,1,1,1,0
370457,1,1,21,2,1,11,3,8,0,0,2,0,2,0,1,75,66,999,2,0,3,5,1,2,1,1,80,0,7,96,0,6,5,2020,4,3,2,8,1,1,1,2,1,0
370458,1,1,78,2,1,11,3,9,0,0,1,0,1,0,1,47,66,999,0,3,1,2,2,2,1,1,14,0,2,96,39,18,5,2020,2,16,2,40,1,1,4,1,10,4
370459,1,1,24,1,1,11,20,8,8,0,1,0,2,0,1,47,68,999,0,0,1,2,1,2,1,1,13,1,13,96,0,21,5,2020,5,23,2,32,1,1,4,2,1,4
370460,1,1,38,1,1,11,3,8,0,0,1,0,1,0,1,75,65,999,4,0,3,3,1,2,1,1,53,0,3,96,58,24,5,2020,1,0,2,25,1,1,3,3,1,2
370461,1,1,54,1,1,11,3,20,0,0,1,1,3,21,1,5,65,999,0,0,5,6,1,2,1,4,80,0,16,93,6,26,5,2020,3,11,2,8,1,1,1,1,10,0
370462,1,1,20,1,1,11,20,20,0,0,1,0,2,0,1,65,65,999,0,0,3,4,1,2,1,1,80,0,13,96,0,16,5,2020,7,23,2,8,1,1,1,2,1,1
370463,1,1,49,1,1,11,3,9,1,0,1,0,1,0,1,37,71,999,0,0,2,2,8,8,98,11,15,1,7,96,47,5,5,2020,3,15,2,12,2,3,1,1,10,4
370471,1,1,43,1,1,11,3,20,0,0,1,0,1,0,1,40,70,999,0,0,1,2,1,2,2,1,80,0,60,96,0,6,5,2020,4,6,2,8,1,1,1,2,2,0
370475,1,1,77,2,1,11,3,8,0,0,1,0,1,0,1,45,68,999,0,0,1,2,1,2,1,1,50,0,13,93,6,19,5,2020,3,8,2,12,3,3,1,1,1,4
370478,1,1,29,1,1,11,20,9,9,0,4,0,2,0,1,70,73,999,0,3,1,2,1,2,2,1,99,0,13,96,36,19,5,2020,3,0,2,42,1,1,4,3,2,4
370479,1,1,25,1,1,11,20,20,9,0,1,0,0,0,1,85,71,999,1,3,5,5,1,2,1,1,67,0,80,96,36,17,5,2020,1,18,2,12,2,3,1,1,1,4
370480,1,1,24,1,1,11,3,9,0,0,1,0,2,0,1,55,75,999,9,0,2,4,1,2,1,1,66,1,60,96,0,22,5,2020,6,0,2,12,2,2,1,3,1,0
370482,1,1,20,2,1,11,20,9,9,0,1,0,2,0,1,70,66,999,1,0,1,2,1,2,1,1,10,0,13,96,28,3,5,2020,1,20,2,12,1,1,1,2,1,4
370489,1,1,49,2,1,11,20,20,1,0,1,0,1,0,1,65,68,999,0,9,3,2,1,2,1,1,12,0,60,96,0,23,5,2020,7,11,2,25,1,1,3,1,1,4
370492,1,1,54,1,1,11,20,9,0,0,1,0,2,0,1,70,68,999,0,0,1,2,2,2,1,1,12,0,7,96,0,9,5,2020,7,22,2,53,1,1,4,2,1,4
370493,1,1,32,1,1,11,20,20,9,0,1,0,2,0,1,115,67,999,0,3,1,3,2,2,1,14,6,0,80,96,37,30,5,2020,7,1,2,34,1,1,4,3,1,4
370496,1,1,37,1,1,11,20,20,9,0,1,0,1,0,1,998,72,999,0,5,1,2,3,2,1,1,62,0,80,96,36,24,5,2020,1,19,2,12,8,1,1,1,1,4
370497,1,1,29,1,1,11,3,20,0,0,1,0,1,0,1,70,66,999,0,0,3,4,1,2,1,1,80,0,13,96,0,11,5,2020,2,1,2,8,1,1,1,2,1,0
370499,1,1,55,1,1,11,3,20,0,0,1,0,1,0,1,30,65,999,0,4,1,2,4,2,1,1,80,0,13,96,0,25,5,2020,2,11,2,8,1,1,1,1,1,1
370502,1,1,41,1,1,11,20,98,9,0,1,0,1,0,1,55,66,999,3,9,1,5,3,2,1,1,17,0,13,96,0,15,5,2020,6,20,2,12,2,2,1,2,1,3
370506,1,1,60,1,1,11,3,20,0,0,1,0,1,0,1,20,71,999,0,0,3,2,1,2,1,98,13,0,60,96,0,2,5,2020,7,8,2,42,1,1,4,1,1,4
370508,1,1,40,2,1,11,3,8,0,0,3,0,1,0,1,75,63,999,0,0,3,4,1,2,1,1,80,0,13,96,0,12,5,2020,3,22,2,8,1,1,1,2,1,1
370509,1,1,19,1,1,11,3,20,9,0,2,0,2,0,1,50,72,999,0,4,1,3,1,2,2,1,6,0,7,96,58,18,5,2020,2,20,2,38,1,1,5,3,2,0
370510,1,1,32,1,1,11,3,9,0,0,1,0,2,0,1,70,69,999,1,0,6,1,1,2,1,1,80,0,7,96,0,9,5,2020,7,21,2,8,20,1,1,2,1,0
370511,1,1,20,2,1,11,20,9,0,0,1,0,1,0,1,70,63,999,0,3,1,2,1,2,2,14,6,0,60,96,58,8,5,2020,6,22,2,42,1,1,4,2,2,4
370514,1,1,81,1,1,11,20,98,0,0,1,0,1,0,1,65,68,999,0,0,3,3,2,2,1,1,9,0,81,96,0,31,5,2020,1,12,2,1,1,1,1,1,1,4
370516,1,1,14,1,1,11,20,20,0,0,1,0,0,0,1,25,999,999,99,0,1,2,1,2,1,1,14,0,69,96,39,15,2,2020,7,17,2,43,3,3,4,1,1,4
370517,1,1,43,1,1,11,20,20,8,0,1,0,0,0,1,45,71,999,0,0,4,1,1,8,5,14,12,1,69,96,36,28,2,2020,6,17,2,1,1,1,4,1,1,4
370518,1,1,71,1,1,11,20,20,9,0,1,0,1,0,1,35,999,999,99,9,1,2,1,2,1,14,6,0,83,96,999,1,3,2020,1,21,2,42,1,1,4,3,1,4
370527,1,1,46,2,1,11,20,8,9,0,1,0,1,0,1,75,64,999,2,3,1,4,1,2,1,1,10,0,7,96,36,1,5,2020,6,19,2,12,1,1,1,5,1,4
370528,1,1,998,1,1,11,3,20,0,0,1,0,1,0,1,60,999,999,99,0,3,3,1,2,1,1,80,0,7,96,0,4,5,2020,2,20,2,8,18,1,1,2,1,0
370529,1,1,17,1,1,11,3,9,9,0,1,0,2,0,1,80,72,999,1,3,6,1,2,2,1,1,54,0,7,96,51,5,5,2020,3,13,2,12,20,1,1,1,1,4
370531,1,1,31,1,1,11,3,8,9,0,1,0,2,0,1,70,67,999,0,0,3,2,1,2,1,1,13,0,2,5,6,1,6,2020,2,20,2,42,1,1,4,2,1,4
370532,1,1,30,1,1,11,3,20,0,0,2,0,1,0,1,998,76,999,2,9,3,2,1,2,1,1,13,1,13,96,0,2,6,2020,3,0,2,33,1,1,4,3,1,2
370533,1,1,27,1,1,11,20,9,0,0,1,0,2,0,1,80,999,999,0,0,3,3,1,2,1,1,12,1,13,96,36,6,6,2020,7,2,2,25,1,1,3,2,1,4
370534,1,1,26,1,1,11,20,8,0,0,1,0,1,0,1,80,72,999,3,3,1,2,1,2,1,1,17,0,13,96,39,4,6,2020,5,4,2,12,2,2,1,3,1,4
370535,1,1,44,1,1,11,20,20,0,0,1,0,2,0,1,35,68,999,0,9,1,2,1,2,1,1,99,0,12,96,0,4,6,2020,5,0,2,59,1,1,4,2,1,4