ST_CASE,VEH_NO,PER_NO,AGE,SEX,PER_TYP,SEAT_POS,REST_USE,AIR_BAG,DRUGS,LOCATION,NUMOCCS,HIT_RUN,OWNER,V_CONFIG,HAZ_INV,TRAV_SP,DR_HGT,DR_WGT,PREV_SPD,SPEEDREL,VTRAFWAY,VNUM_LAN,VPROFILE,VPAVETYP,VSURCOND,P_CRASH1,P_CRASH2,DR_DRINK,VPICBODYCLASS,DRDISTRACT,DRIVERRF,DAY,MONTH,YEAR,DAY_WEEK,HOUR,RUR_URB,HARM_EV,RELJCT2,TYP_INT,REL_ROAD,LGT_COND,WEATHER,INJ_SEV
370536,1,1,35,1,1,11,20,20,0,0,1,0,1,0,1,60,76,999,1,4,6,1,1,2,1,1,13,1,80,96,6,4,6,2020,5,17,2,38,5,1,8,1,1,4
370537,1,1,31,1,1,11,3,9,0,0,5,0,2,0,1,106,71,999,0,3,5,5,3,2,1,1,12,1,13,96,91,2,6,2020,3,20,2,59,1,1,4,3,1,3
370538,1,1,72,1,1,11,3,9,0,0,1,0,1,0,1,70,999,999,99,0,2,3,1,2,1,1,54,0,7,96,51,6,6,2020,7,2,2,12,18,1,1,2,10,4
370543,1,1,36,2,1,11,99,20,0,0,1,0,2,0,1,55,64,999,0,0,1,2,1,2,1,1,83,1,13,96,0,1,6,2020,2,23,2,9,1,1,1,2,1,0
370545,1,1,37,1,1,11,20,20,9,0,1,0,1,0,1,100,76,999,3,3,3,3,1,1,1,1,52,0,6,96,36,3,6,2020,4,18,2,12,18,1,1,1,1,4
370546,1,1,57,1,1,11,3,20,0,0,1,0,3,6,1,60,999,999,0,0,3,5,1,1,1,1,80,0,66,96,0,8,6,2020,2,23,2,8,1,1,1,2,1,0
370548,1,1,40,1,1,11,3,20,0,0,1,1,4,6,1,30,70,999,2,0,2,5,1,2,1,1,66,0,66,96,0,10,6,2020,4,12,2,12,2,2,1,1,1,0
370549,1,1,31,2,1,11,20,8,0,0,2,0,1,0,1,55,63,999,0,0,1,2,2,2,2,1,50,0,13,96,6,10,6,2020,4,17,2,12,1,1,1,1,2,4
370553,1,1,53,2,1,11,20,20,0,0,1,0,2,0,1,90,71,999,0,3,6,1,4,2,1,14,6,0,80,96,0,14,6,2020,1,20,2,1,5,1,4,1,1,4
370559,1,1,52,1,1,11,3,20,0,0,1,0,1,0,1,40,68,999,0,0,1,5,1,2,1,1,80,0,7,96,0,12,6,2020,6,23,2,8,3,2,1,3,1,0
370560,1,1,54,1,1,11,3,20,0,0,1,0,1,0,1,43,71,999,0,0,1,5,1,2,1,1,80,0,2,96,6,13,6,2020,7,22,2,8,3,2,1,3,1,0
370561,1,1,46,1,1,11,3,20,0,0,4,0,1,0,1,70,68,999,0,3,1,2,1,2,1,14,13,0,7,93,6,13,6,2020,7,18,2,32,1,1,4,1,1,3
370565,2,1,49,1,1,11,20,9,8,0,1,0,2,0,1,80,72,999,0,3,5,3,1,8,6,6,6,1,13,96,34,16,6,2020,3,4,2,14,1,1,5,2,2,4
370568,1,1,29,2,1,11,3,20,0,0,1,0,1,0,1,55,60,999,0,0,2,3,1,2,1,1,80,0,7,96,0,18,6,2020,5,4,2,8,1,1,1,2,1,0
370569,1,1,26,1,1,11,99,9,9,0,1,0,1,0,1,998,70,999,2,0,5,5,1,2,2,1,9,0,13,96,0,16,6,2020,3,16,2,12,1,1,1,1,2,4
370570,1,1,31,1,1,11,3,20,0,0,1,0,1,0,1,70,69,999,0,0,3,3,1,2,1,1,80,0,13,96,0,20,6,2020,7,23,2,8,1,1,1,2,1,0
370572,1,1,21,1,1,11,20,9,8,0,2,0,1,0,1,55,70,999,0,4,1,2,2,2,2,14,13,1,60,96,0,21,6,2020,1,18,2,42,1,1,4,1,2,4
370577,1,1,42,1,1,11,3,9,9,0,1,0,4,0,1,62,72,999,0,0,1,2,1,2,1,14,10,0,13,96,28,19,6,2020,6,10,2,12,1,1,1,1,1,4
370580,1,1,19,1,1,11,20,20,0,0,1,0,2,0,1,100,72,999,0,0,2,2,1,2,1,1,10,0,80,96,36,19,6,2020,6,17,2,12,3,3,1,1,1,4
370582,1,1,69,2,1,11,3,20,0,0,1,0,1,0,1,40,61,999,0,0,4,2,1,2,1,1,80,0,13,96,38,17,6,2020,4,16,2,8,1,1,1,1,1,0
370583,1,1,23,1,1,11,99,98,9,0,2,0,2,0,1,70,72,999,0,0,4,1,1,2,1,14,13,0,13,96,36,20,6,2020,7,12,2,21,1,1,4,1,1,3
370585,1,1,16,1,1,11,3,9,0,0,5,0,2,0,1,100,66,999,0,3,3,4,2,2,1,15,13,0,13,96,36,22,6,2020,2,18,2,34,1,1,4,1,1,4
370587,1,1,22,1,1,11,3,20,0,0,1,0,3,6,2,65,69,999,0,0,3,5,1,1,1,15,11,0,66,96,28,11,6,2020,5,12,2,12,1,1,1,1,10,0
370590,1,1,30,1,1,11,99,20,0,0,1,1,1,0,1,50,74,999,0,0,1,2,1,2,1,1,80,1,60,96,91,22,6,2020,2,21,2,8,1,1,1,2,1,0
370591,1,1,40,2,1,11,3,20,0,0,1,0,1,0,1,45,64,999,1,0,1,2,1,2,1,1,80,0,7,96,0,23,6,2020,3,22,2,8,1,1,1,2,1,0
370592,1,1,84,1,1,11,3,20,0,0,1,0,2,0,1,5,68,999,0,0,1,2,8,8,98,11,15,0,60,96,38,23,6,2020,3,19,2,12,2,2,1,1,1,4
370593,1,1,20,1,1,11,20,20,0,0,2,1,2,0,1,70,999,999,0,3,2,4,1,2,1,1,6,0,5,96,36,24,6,2020,4,2,2,33,1,1,4,2,10,2
370594,1,1,41,1,1,11,3,20,1,0,1,0,2,0,1,30,75,999,0,5,2,2,1,2,1,1,80,1,7,96,91,26,6,2020,6,22,2,8,2,3,1,3,1,0
370595,1,1,21,1,1,11,99,20,0,0,2,0,4,0,1,35,69,999,0,0,1,6,1,2,1,4,80,0,13,93,6,13,6,2020,7,22,2,8,3,2,1,3,1,0
370597,1,1,23,2,1,11,3,20,1,0,1,0,1,0,1,15,60,999,0,0,1,2,2,2,1,11,15,0,13,96,91,27,6,2020,7,20,2,1,4,1,1,2,1,0
370598,1,1,42,2,1,11,20,20,0,0,1,0,1,0,1,75,67,999,0,0,2,3,1,2,1,1,51,0,80,96,26,27,6,2020,7,23,2,12,18,1,1,2,1,4
370604,1,1,998,8,1,11,98,98,9,0,99,1,9,99,1,25,999,999,99,9,1,2,1,2,1,1,80,0,998,96,0,28,6,2020,1,1,2,8,1,1,1,2,1,9
370606,1,1,51,1,1,11,3,20,0,0,1,0,3,7,1,65,67,999,0,0,3,2,2,1,1,1,80,0,66,96,0,30,6,2020,3,5,2,8,1,1,1,2,10,0
370608,1,1,60,1,1,11,3,20,0,0,1,0,1,0,1,40,73,999,0,0,2,3,1,2,1,1,80,0,3,96,0,30,6,2020,3,3,2,8,1,1,1,3,1,0
370610,1,1,998,8,1,11,98,98,8,0,99,1,9,99,1,998,999,999,99,9,1,5,1,2,1,98,80,0,998,96,0,22,6,2020,2,0,2,8,1,1,1,3,1,9
370615,1,1,61,1,1,11,99,20,1,0,2,0,2,0,1,45,63,999,0,4,1,2,1,2,2,1,12,0,60,96,0,16,6,2020,3,14,2,30,1,1,4,1,2,4
370616,1,1,45,2,1,11,3,9,0,0,3,0,1,0,1,85,64,999,0,3,3,2,1,2,1,15,13,0,13,93,58,5,6,2020,6,19,2,59,1,1,4,1,1,2
370618,1,1,68,1,1,11,3,20,0,0,1,0,3,2,1,55,72,999,0,0,1,2,1,2,1,14,62,0,11,96,0,3,6,2020,4,9,2,12,1,1,1,1,1,0
370623,1,1,44,1,1,11,3,9,8,0,2,0,2,0,1,80,999,999,0,3,1,2,1,2,1,14,6,1,7,96,36,14,6,2020,1,20,2,42,1,1,4,5,1,4
370625,1,1,43,1,1,11,20,9,1,0,1,0,2,0,1,65,70,999,0,0,2,4,1,2,1,14,10,1,13,96,36,15,6,2020,2,21,2,12,1,1,1,3,10,4
370626,1,1,26,2,1,11,3,20,0,0,1,0,1,0,1,60,65,999,0,0,3,2,1,2,1,1,51,0,7,93,0,15,6,2020,2,1,2,12,1,1,1,2,10,0
370627,1,1,24,2,1,11,20,9,8,0,3,0,1,0,1,100,62,999,2,3,3,2,1,2,1,1,13,1,13,96,36,20,6,2020,7,21,2,31,1,1,4,2,1,2
370631,1,1,57,1,1,11,3,20,0,0,1,0,2,0,1,45,69,999,0,0,1,2,1,2,1,1,13,0,13,96,58,25,6,2020,5,10,2,34,1,1,4,1,10,4
370632,1,1,30,1,1,11,20,20,8,0,1,0,2,0,1,85,66,999,0,4,2,3,2,2,2,1,10,1,3,96,28,25,6,2020,5,5,2,12,1,1,1,3,2,4
370636,1,1,79,1,1,11,3,9,0,0,2,0,2,0,1,5,67,999,0,0,3,1,1,2,1,11,15,0,5,96,39,24,6,2020,4,13,2,12,2,2,1,1,1,3
370638,1,1,24,1,1,11,99,20,9,0,1,1,1,0,1,45,72,999,1,0,2,3,1,2,1,1,80,0,13,96,91,17,6,2020,4,23,2,8,2,3,1,2,1,0
370641,1,1,28,1,1,11,20,20,9,0,1,0,2,0,1,60,67,999,0,0,1,2,2,2,1,14,6,1,82,96,36,22,6,2020,2,19,2,12,1,1,1,1,1,4
370643,1,1,60,2,1,11,20,9,0,0,1,0,1,0,1,70,67,999,0,3,1,2,1,2,1,14,6,0,60,96,0,3,8,2020,2,7,2,34,1,1,4,1,10,4
370647,1,1,49,1,1,11,99,9,9,0,1,0,1,0,1,47,64,999,0,3,5,5,2,2,1,1,8,0,13,96,28,6,8,2020,5,13,2,12,1,1,1,1,1,3
370649,1,1,69,1,1,11,20,9,0,0,1,0,1,0,1,40,68,999,0,0,6,1,1,2,1,1,13,0,60,96,0,15,8,2020,7,23,2,42,5,1,4,2,1,4
370656,1,1,37,2,1,11,20,8,1,0,1,0,1,0,1,78,61,999,0,3,3,2,2,2,1,1,13,1,7,96,0,23,8,2020,1,23,2,59,19,1,8,3,1,4
370658,1,1,34,1,1,11,3,20,0,0,2,0,3,0,1,65,75,999,0,0,3,4,2,2,1,1,98,0,2,96,0,30,8,2020,1,22,2,5,18,1,1,3,1,0
370659,1,1,22,1,1,11,20,20,9,0,1,0,2,0,1,60,66,999,0,3,1,3,3,2,1,1,51,0,80,96,36,29,8,2020,7,14,2,12,2,2,1,1,1,4
370663,1,1,53,1,1,11,1,8,9,0,1,0,1,0,1,54,73,999,0,0,5,5,1,2,1,1,10,0,7,96,0,4,7,2020,7,7,2,12,1,1,1,1,1,3
370665,1,1,25,2,1,11,3,20,1,0,1,1,2,0,1,45,64,999,0,0,1,5,3,2,1,1,17,0,13,96,91,18,7,2020,7,19,2,9,3,2,1,1,1,0
370666,1,1,72,1,1,11,20,9,8,0,1,0,1,0,1,55,68,999,0,0,5,6,2,2,1,1,17,1,7,96,51,1,7,2020,4,19,2,12,3,3,1,1,10,4
370669,1,1,43,1,1,11,20,20,0,0,1,0,1,0,1,20,68,999,0,0,1,3,1,2,1,12,10,0,12,96,48,13,7,2020,2,13,2,12,1,1,1,1,1,4
370675,1,1,34,1,1,11,20,20,8,0,1,0,2,0,1,85,68,999,0,5,5,3,1,2,1,1,13,1,13,96,36,28,7,2020,3,20,2,59,1,1,4,5,10,4
370680,1,1,68,2,1,11,3,8,0,0,2,0,2,0,1,100,65,999,0,3,3,6,1,1,1,1,13,0,7,96,36,16,8,2020,1,3,2,24,1,1,4,3,1,4
370686,1,1,67,1,1,11,20,20,8,0,1,0,1,0,1,75,65,999,0,4,6,1,2,1,1,14,6,1,94,96,36,23,8,2020,1,19,2,23,5,1,4,1,10,4
370688,1,1,22,1,1,11,3,20,0,0,1,0,2,0,1,41,70,999,1,0,5,5,2,2,2,1,80,0,7,96,0,17,8,2020,2,22,2,8,2,3,1,2,2,0
370689,1,1,31,1,1,11,3,9,8,0,3,0,2,0,1,70,72,999,0,0,6,1,1,2,1,14,13,1,13,96,58,17,8,2020,2,16,2,42,5,1,4,1,1,4
370691,1,1,998,8,1,11,98,98,9,0,99,1,9,99,1,55,999,999,99,9,2,3,1,2,2,1,80,0,998,96,0,25,8,2020,3,1,2,8,1,1,1,2,2,9
370694,1,1,49,1,1,11,3,9,0,0,1,0,1,0,1,50,69,999,0,0,1,2,2,2,1,14,13,0,15,13,6,12,8,2020,4,23,2,38,1,1,5,2,10,4
370696,1,1,42,1,1,11,3,20,0,0,1,0,3,6,1,65,999,999,99,0,3,4,1,1,1,1,98,0,66,96,36,27,8,2020,5,20,2,14,1,1,2,2,1,0
370700,1,1,35,1,1,11,3,20,9,0,1,0,2,0,1,50,65,999,0,0,1,2,1,2,1,14,10,0,13,96,28,5,8,2020,4,8,2,12,1,1,1,1,1,4
370701,1,1,23,1,1,11,3,8,0,0,1,0,3,0,1,110,71,999,0,5,1,6,1,2,1,1,13,0,13,96,37,23,8,2020,1,23,2,14,1,1,2,3,1,2
370705,2,1,42,1,1,11,20,8,0,0,2,0,1,0,1,80,71,999,0,0,1,2,1,2,1,14,13,1,13,96,36,25,7,2020,7,6,2,32,1,1,4,2,1,4
370706,1,1,44,1,1,11,20,9,0,0,1,0,1,0,1,55,70,999,0,4,1,2,1,2,2,1,6,1,60,93,6,29,7,2020,4,16,2,42,1,1,4,1,2,4
370707,1,1,29,1,1,11,3,8,0,0,1,0,3,0,1,90,65,999,2,0,3,4,1,1,1,6,12,1,7,96,36,22,7,2020,4,18,2,12,1,1,3,1,1,4
370708,1,1,67,1,1,11,20,20,0,0,1,0,1,0,1,70,72,999,0,3,1,2,1,2,1,14,6,0,60,93,0,27,7,2020,2,9,2,30,1,1,4,1,1,4
370712,1,1,15,1,1,11,20,8,9,0,1,0,2,0,1,110,999,999,0,0,1,2,1,2,1,1,13,0,13,96,39,2,7,2020,5,0,2,59,1,1,4,2,1,4
370713,1,1,26,1,1,11,3,9,0,0,1,0,1,0,1,33,67,999,0,0,5,6,1,2,1,1,62,0,60,96,0,11,7,2020,7,7,2,12,1,1,1,1,1,2
370714,1,1,41,1,1,11,3,20,0,0,1,0,1,0,1,35,66,999,0,0,1,2,1,2,1,1,80,0,60,96,0,15,7,2020,4,8,2,8,1,1,1,1,1,0
370715,1,1,24,1,1,11,20,20,0,0,1,0,3,0,1,38,999,999,99,0,1,3,1,2,1,1,67,0,80,96,0,18,7,2020,7,20,2,12,2,2,1,1,1,4
370717,1,1,30,1,1,11,3,20,0,0,1,0,2,0,1,10,67,999,0,9,1,2,1,2,2,11,15,0,7,96,0,5,7,2020,1,21,2,12,2,3,1,3,2,0
370718,1,1,25,1,1,11,20,20,9,0,1,0,1,0,1,90,74,999,0,3,1,5,1,2,1,6,62,0,80,96,36,23,7,2020,5,13,2,12,8,1,1,1,10,4
370719,2,1,45,2,1,11,20,9,1,0,2,0,2,0,1,45,61,999,0,0,5,4,1,2,1,14,13,0,7,93,6,25,7,2020,7,12,2,14,1,1,4,1,1,4
370722,1,1,18,2,1,11,3,8,0,0,2,0,3,0,1,15,999,999,0,0,6,4,8,8,98,10,16,0,7,96,0,27,8,2020,5,10,2,12,2,3,1,1,1,3
370723,1,1,25,2,1,11,3,8,0,0,1,0,1,0,1,18,64,999,0,0,1,5,1,2,1,11,15,0,7,93,38,18,8,2020,3,21,2,12,2,3,1,3,1,1
370724,1,1,23,2,1,11,20,20,9,0,1,0,1,0,1,30,65,999,0,0,3,3,1,2,2,1,53,0,104,96,0,7,8,2020,6,0,2,12,1,1,1,2,2,4
370725,1,1,32,2,1,11,3,20,0,0,1,0,1,0,1,45,62,999,0,0,1,2,2,2,1,1,80,0,7,93,39,6,8,2020,5,13,2,8,1,1,1,1,1,0
370726,1,1,30,1,1,11,20,20,9,0,1,0,1,0,1,50,72,999,0,3,1,4,1,2,1,1,62,0,69,96,36,2,8,2020,1,21,2,12,2,2,1,3,1,4
370727,1,1,26,1,1,11,3,8,9,0,1,0,1,0,1,65,74,999,0,0,5,5,2,2,1,14,10,0,3,96,28,18,8,2020,3,10,2,12,1,1,1,1,1,4
370728,1,1,19,1,1,11,3,9,0,0,1,0,1,0,1,60,78,999,0,3,1,2,2,2,1,14,6,0,13,96,0,25,8,2020,3,10,2,42,1,1,5,1,1,4
370729,1,1,30,1,1,11,20,20,9,0,1,0,2,0,1,80,66,999,1,3,1,2,1,2,1,14,6,0,80,96,36,29,8,2020,7,22,2,53,1,1,4,3,1,4
370734,1,1,36,1,1,11,99,20,8,0,99,1,2,0,1,20,67,999,0,0,2,3,1,2,2,1,80,1,95,96,0,2,8,2020,1,22,2,8,1,1,1,3,10,9
370735,1,1,27,1,1,11,3,9,8,0,2,0,2,0,1,108,76,999,0,3,1,2,3,2,1,14,6,1,13,93,36,5,8,2020,4,0,2,41,1,1,4,3,1,2
370736,1,1,67,1,1,11,20,20,0,0,1,0,3,5,1,13,71,999,0,0,1,2,8,8,98,11,15,0,66,93,39,9,8,2020,1,8,2,12,2,3,1,1,1,2
370738,1,1,22,2,1,11,20,8,9,0,3,0,1,0,1,55,60,999,1,0,2,2,1,2,1,1,12,0,5,93,58,13,8,2020,5,9,2,59,19,1,3,1,1,4
370739,1,1,57,2,1,11,3,9,0,0,1,0,1,0,1,68,68,999,0,3,1,4,1,2,1,1,13,0,13,96,36,13,8,2020,5,12,2,53,1,1,4,1,1,4
370740,1,1,26,2,1,11,3,20,0,0,3,0,1,0,1,35,64,999,0,0,5,3,2,2,1,1,80,0,13,96,0,22,8,2020,7,21,2,8,1,1,1,3,10,0
370741,1,1,59,1,1,11,20,20,8,0,1,0,2,0,1,60,999,999,0,0,3,3,1,2,1,1,54,1,60,96,51,30,8,2020,1,0,2,12,1,1,1,3,1,4
370745,1,1,29,1,1,11,20,20,0,0,1,0,1,0,1,35,65,999,0,0,1,2,2,2,1,14,10,0,98,96,28,3,7,2020,6,20,2,12,1,1,1,1,1,4
370751,1,1,23,1,1,11,20,20,9,0,1,0,2,0,1,55,64,999,0,4,1,3,4,2,2,6,13,0,7,96,33,17,7,2020,6,15,2,43,1,1,4,1,2,4
370754,1,1,55,1,1,11,20,9,9,0,1,0,1,0,1,75,72,999,0,0,2,2,1,2,2,1,13,0,60,96,58,17,7,2020,6,18,2,42,1,1,4,1,10,4
370759,1,1,33,1,1,11,3,20,0,0,1,0,3,1,1,45,74,999,0,0,1,3,1,2,1,1,17,0,74,96,39,27,7,2020,2,11,2,12,2,2,1,1,1,1
370760,1,1,30,1,1,11,20,9,9,0,1,0,3,0,1,90,67,999,0,0,1,2,2,2,1,14,12,0,13,96,37,9,7,2020,5,13,2,30,1,1,4,1,1,4
370761,1,1,21,2,1,11,3,8,8,0,1,0,4,0,1,110,62,999,0,0,1,2,1,2,2,14,13,1,13,96,36,29,7,2020,4,0,2,42,1,1,4,2,2,4
370762,1,1,31,1,1,11,99,9,9,0,4,0,1,0,1,75,67,250,1,9,3,2,1,2,1,99,1,0,7,96,0,8,8,2020,7,14,2,34,1,1,3,1,1,4
370771,1,1,20,1,1,11,3,20,0,0,1,0,2,0,1,55,72,999,0,0,3,2,1,2,2,1,81,0,7,96,0,14,8,2020,6,22,2,8,1,1,1,2,2,2
370773,1,1,34,1,1,11,3,8,9,0,1,0,1,0,1,112,69,999,4,3,3,2,2,2,1,1,6,0,3,96,36,1,8,2020,7,10,2,34,1,1,3,1,1,3
370774,1,1,42,2,1,11,3,20,0,0,1,0,2,0,1,53,66,999,0,0,2,4,1,2,1,1,80,0,13,96,0,21,8,2020,6,21,2,8,1,1,1,3,1,0
370777,1,1,61,1,1,11,20,20,8,0,1,0,1,0,1,20,67,999,0,0,1,3,1,2,2,11,15,1,104,96,38,15,8,2020,7,19,2,12,2,2,1,3,2,4
370783,1,1,998,8,1,11,20,20,8,0,99,1,9,99,1,45,999,999,99,0,2,2,1,2,1,1,80,0,998,96,0,2,8,2020,1,4,2,8,1,1,1,3,1,9
370784,1,1,31,1,1,11,3,8,9,0,1,0,1,0,1,72,74,999,0,3,2,2,1,2,1,1,13,0,7,96,36,1,7,2020,4,19,2,53,1,1,4,1,1,0
370786,1,1,24,1,1,11,3,9,0,0,1,0,2,0,1,120,65,999,0,3,3,3,1,2,1,15,11,1,13,96,74,3,7,2020,6,19,2,12,18,1,1,1,1,3
370788,1,1,67,1,1,11,3,20,0,0,1,0,1,0,1,55,75,999,0,0,1,4,1,2,1,1,80,0,13,96,0,7,7,2020,3,5,2,8,1,1,1,2,1,0
370792,1,1,15,2,1,11,99,8,1,0,3,0,2,0,1,75,65,999,0,3,1,2,2,2,1,14,13,1,7,96,36,12,7,2020,1,23,2,30,1,1,4,3,1,2
370794,1,1,43,1,1,11,99,98,1,0,1,0,1,0,1,50,69,999,0,0,3,5,2,2,1,14,13,1,7,96,0,15,7,2020,4,15,2,34,1,1,4,1,1,4
370795,1,1,39,1,1,11,3,20,0,0,1,0,1,0,1,65,74,999,1,3,2,3,2,2,2,1,12,1,13,96,36,18,7,2020,7,23,2,12,1,1,1,2,2,4
370796,1,1,31,1,1,11,20,20,0,0,1,0,1,0,1,43,70,999,1,0,1,4,1,2,2,14,80,0,13,96,0,17,7,2020,6,23,2,8,1,1,1,3,2,0
370797,1,1,20,1,1,11,20,20,9,0,1,0,1,0,1,90,68,999,0,0,3,5,1,1,1,15,51,0,98,96,36,16,7,2020,5,16,2,12,1,1,1,1,1,4
370798,1,1,46,1,1,11,3,20,0,0,1,0,1,0,1,35,78,999,0,0,1,2,1,2,1,14,80,0,13,96,0,17,7,2020,6,2,2,8,1,1,1,2,1,0
370799,2,1,66,1,1,11,3,9,0,0,1,0,1,0,1,47,70,999,0,9,2,2,1,2,1,1,50,0,5,93,36,20,7,2020,2,11,2,8,1,1,1,1,1,2
370800,1,1,22,1,1,11,20,20,0,0,1,0,1,0,1,50,72,999,1,0,1,2,1,2,1,1,13,0,60,96,36,21,7,2020,3,6,2,17,1,1,4,4,1,4
370801,1,1,18,1,1,11,3,9,0,0,1,0,1,0,1,62,68,999,0,4,2,2,1,2,2,14,6,1,13,96,36,22,7,2020,4,22,2,42,1,1,4,3,2,4
370802,1,1,26,1,1,11,20,20,0,0,2,0,3,4,1,33,74,999,0,0,2,2,2,2,1,1,62,0,11,96,0,25,7,2020,7,12,2,12,2,3,1,1,10,0
370804,1,1,27,1,1,11,20,20,9,0,1,0,1,0,1,83,64,999,0,3,1,2,1,2,1,1,12,0,3,96,6,5,8,2020,4,18,2,42,1,1,4,1,10,4
370805,1,1,26,1,1,11,3,20,9,0,1,0,2,0,1,998,74,999,0,3,5,5,1,2,1,15,51,0,119,96,6,8,8,2020,7,15,2,12,1,1,1,1,1,1
370806,1,1,49,1,1,11,3,20,0,0,1,0,2,0,1,38,64,999,0,0,5,5,1,2,1,1,80,0,13,96,0,8,8,2020,7,6,2,8,1,1,1,2,5,0
370807,1,1,79,1,1,11,3,20,0,0,1,0,1,0,1,44,73,999,0,0,5,3,1,2,2,1,80,0,60,96,0,13,8,2020,5,20,2,8,1,1,1,2,2,0
370808,1,1,55,1,1,11,3,9,0,0,2,0,1,0,1,70,62,999,0,3,2,2,1,2,1,6,12,0,13,96,36,20,8,2020,5,7,2,33,1,1,3,1,1,2
370811,1,1,31,1,1,11,20,20,0,0,3,0,2,0,1,60,72,999,0,3,1,2,8,8,1,1,13,0,13,96,58,3,8,2020,2,9,2,33,1,1,4,1,10,4
370814,1,1,43,1,1,11,20,9,0,0,1,0,4,0,1,87,68,999,0,3,2,4,2,2,2,14,6,1,60,96,36,22,8,2020,7,0,2,59,1,1,4,3,10,4
370815,1,1,30,1,1,11,20,20,9,0,1,0,2,0,1,47,66,999,0,3,1,2,3,2,1,1,62,0,80,96,36,22,8,2020,7,12,2,12,8,1,1,1,10,4
370816,1,1,33,1,1,11,3,20,0,0,2,0,2,0,1,104,66,999,0,3,2,2,1,2,1,1,80,1,13,96,36,27,8,2020,5,23,2,8,1,1,1,3,1,2
370817,1,1,37,1,1,11,20,8,0,0,1,0,2,0,1,80,68,999,0,3,6,2,3,2,1,14,6,1,13,96,36,29,8,2020,7,0,2,25,5,1,4,3,10,4
370818,1,1,16,1,1,11,3,20,0,0,3,0,2,0,1,15,69,999,0,0,2,2,8,8,1,11,66,0,13,96,0,2,8,2020,1,16,2,1,2,4,1,1,1,0
370825,1,1,36,2,1,11,20,9,8,0,1,0,2,0,1,62,64,999,0,4,3,3,1,2,2,1,12,1,13,96,36,15,8,2020,7,3,2,21,1,1,3,2,2,4
370828,1,1,33,1,1,11,3,20,8,0,3,0,0,0,1,90,999,999,0,3,3,2,1,2,1,14,11,1,60,96,91,22,8,2020,7,16,2,12,1,1,1,1,10,0
370836,1,1,998,8,1,11,20,98,8,0,99,1,9,0,1,40,999,999,99,9,2,2,1,2,1,1,13,0,7,96,0,10,7,2020,6,23,2,8,1,1,4,3,1,9
370837,1,1,33,1,1,11,3,9,1,0,1,0,2,0,1,75,76,999,1,3,1,2,1,2,1,1,13,1,13,96,39,27,7,2020,2,2,2,30,1,1,4,2,1,4
370848,1,1,20,1,1,11,3,20,0,0,2,0,2,0,1,55,67,999,0,0,1,2,2,2,1,1,80,0,13,96,0,12,8,2020,4,5,2,8,1,1,1,2,1,0
370849,1,1,44,1,1,11,3,20,0,0,1,0,2,0,1,45,72,999,1,0,2,3,2,2,1,1,80,0,13,96,0,30,8,2020,1,23,2,8,1,1,1,2,1,0
370857,1,1,60,1,1,11,3,9,1,0,1,0,3,4,1,60,69,999,0,4,1,2,2,2,1,1,50,0,63,96,6,17,7,2020,6,9,2,12,1,1,1,1,1,1
370861,1,1,73,1,1,11,3,9,9,0,1,0,1,0,1,45,69,999,0,3,1,2,2,2,1,14,12,0,7,96,58,15,7,2020,4,14,2,43,1,1,4,1,10,4
370868,1,1,23,1,1,11,3,8,0,0,2,0,2,0,1,125,999,999,0,5,1,2,1,2,2,14,6,0,13,96,36,15,8,2020,7,19,2,42,1,1,4,1,10,2
370872,1,1,33,1,1,11,3,9,8,0,1,0,2,0,1,70,69,999,0,4,6,1,1,2,1,14,6,1,13,96,0,9,8,2020,1,1,2,42,5,1,8,3,1,4
370873,1,1,73,1,1,11,3,9,0,0,1,0,2,0,1,60,68,999,0,5,2,2,1,2,1,1,12,0,2,96,51,15,8,2020,7,11,2,12,1,1,1,1,10,4
370874,1,1,41,1,1,11,3,9,8,0,1,0,1,0,1,70,67,999,0,0,3,4,1,2,1,1,98,1,7,96,51,21,8,2020,6,22,2,12,1,1,1,2,1,4
370876,1,1,15,1,1,11,3,8,0,0,2,0,2,0,1,55,63,999,0,0,1,2,1,2,1,14,10,0,13,96,0,13,8,2020,5,9,2,12,1,1,1,1,10,4
370878,1,1,36,1,1,11,3,9,0,0,1,0,1,0,1,40,70,999,0,0,1,2,1,2,1,14,10,0,60,93,6,16,8,2020,1,15,2,12,1,1,1,1,1,0
370879,1,1,46,1,1,11,1,20,0,0,2,0,3,6,1,45,72,999,0,0,1,2,2,2,1,1,62,0,66,96,0,14,8,2020,6,11,2,12,1,1,1,1,1,0
370880,1,1,93,1,1,11,3,20,0,0,1,0,1,0,1,10,68,999,0,0,1,3,8,8,98,11,15,0,13,96,38,8,8,2020,7,9,2,12,2,3,1,1,1,4
370881,1,1,998,1,1,11,20,8,9,0,2,0,2,0,1,100,999,999,99,3,1,2,1,2,1,1,6,0,13,96,58,24,8,2020,2,1,2,42,1,1,4,2,1,4
370892,1,1,31,1,1,11,20,20,0,0,1,0,2,0,1,55,75,999,0,0,1,2,1,2,1,14,12,0,13,96,58,22,7,2020,4,8,2,34,1,1,4,1,1,4
370893,1,1,89,2,1,11,3,9,0,0,2,0,1,0,1,25,62,999,0,0,1,2,2,2,1,1,13,0,13,93,6,23,7,2020,5,13,2,30,1,1,4,1,1,0