ST_CASE,VEH_NO,PER_NO,AGE,SEX,PER_TYP,SEAT_POS,REST_USE,AIR_BAG,DRUGS,LOCATION,NUMOCCS,HIT_RUN,OWNER,V_CONFIG,HAZ_INV,TRAV_SP,DR_HGT,DR_WGT,PREV_SPD,SPEEDREL,VTRAFWAY,VNUM_LAN,VPROFILE,VPAVETYP,VSURCOND,P_CRASH1,P_CRASH2,DR_DRINK,VPICBODYCLASS,DRDISTRACT,DRIVERRF,DAY,MONTH,YEAR,DAY_WEEK,HOUR,RUR_URB,HARM_EV,RELJCT2,TYP_INT,REL_ROAD,LGT_COND,WEATHER,INJ_SEV
370894,1,1,42,1,1,11,99,20,9,0,99,1,1,0,1,55,68,999,0,0,1,2,1,2,1,1,80,0,95,96,91,15,7,2020,4,1,2,8,1,1,1,2,1,0
370895,1,1,35,1,1,11,3,20,8,0,1,0,2,0,1,65,70,999,0,4,3,5,1,2,2,1,6,1,3,96,87,5,7,2020,1,16,2,12,1,1,1,1,2,0
370896,1,1,40,1,1,11,3,1,0,0,1,0,2,0,1,70,68,999,0,0,6,2,1,2,1,14,80,0,7,96,0,15,7,2020,4,15,2,8,20,1,1,1,1,0
370897,1,1,19,1,1,11,20,98,0,0,2,0,2,0,1,100,70,999,1,3,3,3,2,1,1,14,6,1,13,96,36,21,7,2020,3,10,2,12,18,1,1,1,1,4
370898,1,1,47,2,1,11,3,9,0,0,1,0,2,0,1,7,999,999,0,0,1,2,8,8,1,11,15,0,7,96,38,25,7,2020,7,11,2,12,2,3,1,1,1,1
370899,1,1,24,1,1,11,20,8,0,0,1,0,2,0,1,45,999,999,0,0,2,3,1,2,1,1,8,0,3,96,0,24,7,2020,6,18,2,12,1,1,1,1,1,4
370903,1,1,60,1,1,11,20,20,0,0,1,0,1,0,1,55,66,999,0,3,1,2,1,2,1,14,6,1,81,96,0,11,7,2020,7,23,2,35,1,1,4,2,1,4
370904,1,1,30,2,1,11,99,9,9,0,1,1,1,0,1,50,66,999,0,0,5,5,1,2,1,1,13,0,13,96,58,13,7,2020,2,12,2,12,1,1,4,3,1,4
370908,1,1,62,1,1,11,3,20,0,0,1,0,1,0,1,45,71,999,0,0,5,5,2,2,1,1,80,0,60,96,0,23,9,2020,4,22,2,8,1,1,1,2,1,0
370913,1,1,51,1,1,11,3,20,0,0,1,0,3,0,1,45,71,999,0,0,1,2,2,2,1,1,83,0,60,96,0,10,9,2020,5,22,2,9,1,1,1,2,1,0
370915,1,1,18,2,1,11,3,9,1,0,1,0,2,0,1,73,63,999,0,3,1,4,3,2,1,1,10,0,7,96,28,10,9,2020,5,6,2,12,1,1,1,4,1,3
370916,1,1,76,1,1,11,3,20,0,0,1,0,1,0,1,40,66,999,0,0,1,2,2,2,2,1,1,0,60,96,0,25,9,2020,6,12,2,12,1,1,1,1,2,1
370917,1,1,61,1,1,11,20,20,0,0,1,0,1,0,1,45,999,999,99,0,1,2,1,2,1,14,13,1,125,96,58,5,9,2020,7,18,2,32,1,1,4,1,1,4
370919,1,1,47,2,1,11,3,8,0,0,1,0,1,0,1,90,67,999,0,3,3,2,1,2,1,1,12,1,7,96,36,21,9,2020,2,3,2,24,1,1,3,2,1,4
370925,1,1,31,1,1,11,20,20,9,0,1,0,1,0,1,85,72,999,1,5,2,4,1,2,1,1,13,0,80,96,36,4,9,2020,6,23,2,1,1,1,4,2,1,4
370926,1,1,66,2,1,11,3,20,0,0,1,0,1,0,1,35,64,999,0,0,1,2,1,2,1,1,80,0,13,96,0,8,8,2020,7,20,2,8,1,1,1,2,1,0
370927,1,1,29,1,1,11,20,8,1,0,1,0,4,0,1,75,72,999,1,3,1,2,1,2,2,14,6,1,13,96,0,6,8,2020,5,4,2,30,1,1,4,3,10,4
370930,1,1,42,1,1,11,20,8,8,0,1,0,1,0,1,70,999,999,0,0,3,2,2,2,1,14,13,1,7,96,36,6,10,2020,3,22,2,30,1,1,4,3,1,4
370931,1,1,24,1,1,11,20,8,1,0,1,0,2,0,1,63,66,999,0,4,1,2,1,2,2,1,13,1,13,96,0,11,10,2020,1,4,2,42,1,1,4,2,2,4
370933,2,1,37,1,1,11,3,8,0,0,1,0,3,0,1,85,71,999,0,3,3,4,2,2,2,1,12,0,13,93,6,13,10,2020,3,7,2,14,1,1,3,1,2,4
370935,1,1,57,1,1,11,3,20,1,0,1,0,3,1,1,45,76,999,0,0,2,2,1,2,1,1,98,0,11,96,0,20,10,2020,3,10,2,54,1,1,1,1,1,0
370936,1,1,33,1,1,11,20,9,0,0,1,0,2,0,1,60,69,999,0,3,1,2,1,2,1,14,13,0,3,93,0,13,10,2020,3,21,2,18,1,1,4,2,1,4
370937,1,1,19,1,1,11,3,20,0,0,2,0,2,0,1,35,70,999,0,0,1,2,1,2,1,1,80,0,7,96,0,18,10,2020,1,19,2,8,1,1,1,2,1,0
370938,1,1,30,1,1,11,3,20,8,0,1,1,1,0,1,40,66,999,0,0,2,3,1,2,2,1,80,1,13,93,91,11,10,2020,1,20,2,8,18,1,1,2,2,0
370939,1,1,33,1,1,11,99,98,0,0,1,0,2,0,1,100,69,999,0,3,3,2,1,2,1,1,6,1,13,96,36,20,10,2020,3,23,2,52,1,1,3,2,1,4
370941,1,1,54,2,1,11,3,20,0,0,2,0,2,0,1,50,64,999,0,0,5,5,2,2,1,1,80,0,7,96,0,24,10,2020,7,19,2,8,1,1,1,5,1,0
370942,1,1,70,2,1,11,3,20,0,0,99,1,4,0,1,70,62,999,0,0,3,2,1,2,1,1,80,0,7,96,91,27,10,2020,3,0,2,8,1,1,1,2,1,0
370946,1,1,50,2,1,11,3,9,0,0,1,0,1,0,1,15,68,999,0,0,2,3,1,2,1,11,15,0,7,96,38,15,10,2020,5,7,2,12,2,3,1,1,1,3
370947,1,1,83,2,1,11,3,8,9,0,1,0,1,0,1,998,64,999,0,0,1,5,1,2,1,11,15,0,7,96,38,30,10,2020,6,10,2,12,2,2,1,1,1,3
370948,1,1,58,1,1,11,20,9,0,0,1,0,1,0,1,25,999,999,99,0,2,3,1,2,1,11,15,0,60,96,38,13,10,2020,3,6,2,12,2,3,1,4,10,4
370949,1,1,48,2,1,11,3,9,1,0,2,0,2,0,1,36,72,999,0,0,2,2,1,2,1,1,54,1,13,96,51,2,9,2020,4,5,2,12,1,1,1,2,1,3
370950,1,1,32,1,1,11,20,9,9,0,1,0,2,0,1,124,70,999,0,0,2,2,1,2,1,1,9,0,13,96,36,5,9,2020,7,12,2,30,1,1,4,1,1,4
370951,1,1,62,1,1,11,3,8,0,0,1,0,2,0,1,55,65,999,0,3,1,6,1,2,1,1,17,0,13,93,39,8,9,2020,3,17,2,12,2,2,1,1,10,1
370952,1,1,57,2,1,11,20,9,0,0,1,0,2,0,1,998,69,999,0,0,5,6,3,2,1,11,15,0,3,96,38,22,9,2020,3,18,2,12,4,1,1,5,1,4
370953,1,1,30,2,1,11,3,20,0,0,1,0,1,0,1,35,69,999,0,0,2,3,1,2,2,1,81,0,13,96,0,25,9,2020,6,4,2,8,1,1,1,3,2,0
370955,1,1,19,1,1,11,2,9,0,0,1,0,2,0,1,75,63,999,0,4,3,2,1,1,2,1,6,0,13,96,87,12,9,2020,7,7,2,42,1,1,4,4,2,4
370957,1,1,20,2,1,11,3,20,0,0,1,0,3,0,1,70,69,999,0,0,3,3,1,2,2,1,80,0,13,96,0,25,9,2020,6,15,2,8,18,1,1,1,2,0
370962,1,1,40,1,1,11,3,20,0,0,1,0,2,0,1,65,69,999,0,0,3,3,1,2,1,1,53,0,60,96,0,4,9,2020,6,6,2,12,1,1,1,4,1,1
370963,1,1,33,1,1,11,3,9,0,0,1,0,2,0,1,49,70,999,1,4,5,5,1,2,1,1,50,0,2,98,6,12,9,2020,7,8,2,8,1,1,1,1,10,1
370964,1,1,60,2,1,11,3,20,0,0,4,0,3,21,1,35,999,999,99,0,2,2,1,2,1,14,62,0,16,96,0,20,9,2020,1,15,2,12,2,2,1,1,1,2
370965,1,1,28,1,1,11,99,20,0,0,99,1,2,0,1,30,71,999,1,0,2,1,8,8,1,10,16,0,13,96,0,21,9,2020,2,19,2,12,3,2,1,3,1,0
370966,1,1,32,1,1,11,20,20,0,0,2,0,1,0,1,0,71,999,0,0,1,3,1,2,1,5,53,0,94,96,0,18,9,2020,6,23,2,12,3,3,1,3,1,4
370967,1,1,20,1,1,11,3,9,0,0,1,0,3,0,1,46,999,999,0,0,1,4,1,2,2,1,62,0,7,96,0,25,9,2020,6,21,2,12,2,2,1,3,10,0
370968,1,1,24,1,1,11,3,8,0,0,1,0,1,0,1,997,67,999,0,3,3,3,1,2,1,1,1,0,7,96,36,22,9,2020,3,7,2,24,19,1,4,1,1,4
370971,1,1,90,1,1,11,3,9,8,0,1,0,1,0,1,26,72,999,0,0,1,6,1,2,1,1,17,0,9,96,39,24,10,2020,7,9,2,12,2,2,1,1,98,4
370973,1,1,28,1,1,11,20,8,9,0,3,0,4,0,1,80,67,999,0,5,1,2,1,2,1,1,13,0,13,96,37,10,10,2020,7,21,2,53,1,1,4,2,10,4
370974,1,1,40,1,1,11,3,98,8,0,1,1,2,0,1,35,69,999,0,0,1,5,2,2,2,14,80,1,60,96,0,10,10,2020,7,20,2,8,2,3,1,3,2,0
370977,1,1,43,1,1,11,3,8,0,0,1,1,2,0,1,55,66,999,0,0,2,2,1,2,1,1,50,0,5,96,0,14,10,2020,4,5,2,12,3,2,1,2,1,4
370979,1,1,48,1,1,11,20,9,9,0,1,0,1,0,1,60,69,999,0,0,1,2,2,2,1,1,12,0,1,96,0,13,10,2020,3,15,2,38,1,1,5,1,1,4
370980,1,1,32,2,1,11,3,20,0,0,3,0,1,0,1,44,65,999,0,0,1,2,1,2,1,1,83,0,13,96,0,16,10,2020,6,18,2,9,1,1,1,5,1,0
370984,1,1,23,1,1,11,3,20,0,0,1,0,3,6,1,35,72,999,0,0,1,2,1,2,1,1,62,0,66,96,0,22,10,2020,5,9,2,12,1,1,1,1,1,0
370986,1,1,55,1,1,11,3,20,0,0,1,0,1,0,1,45,76,999,0,0,5,5,4,2,1,1,80,0,7,96,0,30,10,2020,6,22,2,8,1,1,1,2,1,0
370987,1,1,998,8,1,11,98,98,8,0,99,1,9,99,1,998,999,999,99,0,1,7,2,2,1,1,80,0,998,96,0,24,10,2020,7,20,2,8,1,1,1,3,1,9
370988,1,1,42,1,1,11,3,9,0,0,1,0,1,0,1,35,72,999,0,0,1,2,1,2,1,1,10,0,60,96,28,30,10,2020,6,6,2,12,1,1,1,2,1,3
370989,1,1,998,8,1,11,98,98,8,0,99,1,9,99,1,45,999,999,99,0,1,2,3,2,1,1,51,0,998,96,0,30,10,2020,6,21,2,12,1,1,1,2,1,9
370993,1,1,30,2,1,11,3,20,0,0,2,0,3,21,1,36,66,999,1,0,1,2,1,2,1,1,66,0,16,96,0,1,10,2020,5,20,2,12,2,2,1,3,1,0
370994,1,1,21,1,1,11,20,9,9,0,1,0,2,0,1,998,75,999,0,3,1,2,1,2,1,1,6,0,7,96,36,1,10,2020,5,22,2,42,1,1,4,3,10,4
370998,1,1,32,1,1,11,2,20,1,0,2,0,2,0,1,15,70,999,0,0,5,3,1,2,1,13,20,1,7,96,91,17,10,2020,7,0,2,12,1,1,1,2,1,0
371000,1,1,52,1,1,11,3,9,0,0,1,0,2,0,1,50,67,999,0,0,1,2,1,2,1,6,10,0,60,96,33,18,10,2020,1,19,2,12,1,1,1,2,1,4
371001,1,1,60,1,1,11,20,8,0,0,1,0,2,0,1,55,69,999,0,0,1,2,1,2,1,1,10,0,13,96,58,16,10,2020,6,15,2,12,1,1,1,1,1,4
371002,1,1,25,1,1,11,20,8,8,0,1,0,2,0,1,65,71,200,0,0,1,2,1,2,1,1,80,1,13,96,0,17,10,2020,7,3,2,8,1,1,1,2,1,3
371003,1,1,20,1,1,11,3,8,0,0,4,0,2,0,1,95,66,999,0,3,1,3,2,2,1,16,10,0,13,96,36,21,10,2020,4,14,2,12,1,1,1,1,1,4
371004,1,1,19,2,1,11,20,8,0,0,1,0,2,0,1,65,65,999,1,3,1,2,1,2,1,14,13,0,7,96,58,19,10,2020,2,8,2,42,1,1,4,1,1,4
371005,1,1,18,1,1,11,3,9,0,0,1,0,1,0,1,80,70,999,0,3,1,2,1,2,1,6,12,0,3,96,36,24,10,2020,7,22,2,34,1,1,4,2,1,4
371006,1,1,33,1,1,11,3,20,0,0,1,1,2,0,1,45,999,999,0,0,1,4,1,2,1,1,80,0,7,96,91,27,10,2020,3,7,2,8,8,1,1,4,5,0
371008,1,1,72,1,1,11,3,20,0,0,1,0,1,0,1,5,71,999,0,0,1,2,1,2,1,11,15,0,60,96,0,31,10,2020,7,19,2,12,2,2,1,3,1,0
371009,1,1,32,1,1,11,3,20,0,0,1,0,3,6,1,65,73,999,0,0,3,4,1,1,1,1,54,0,66,96,0,31,10,2020,7,4,2,12,1,1,1,3,1,1
371011,1,1,21,1,1,11,3,9,0,0,1,0,2,0,1,78,68,165,1,3,1,2,1,2,1,1,6,0,5,96,36,9,10,2020,6,6,2,1,1,1,4,2,1,4
371012,1,1,24,1,1,11,3,9,0,0,1,0,1,0,1,48,67,999,0,0,1,4,1,2,1,1,80,0,13,96,0,17,10,2020,7,21,2,8,1,1,1,3,1,0
371013,1,1,59,2,1,11,3,9,0,0,1,0,2,0,1,70,65,999,0,0,3,3,1,1,1,1,50,0,7,96,0,13,10,2020,3,5,2,12,1,1,1,2,1,3
371014,1,1,23,2,1,11,3,20,0,0,1,0,1,0,1,25,58,999,0,0,1,2,1,2,1,1,80,0,13,96,0,6,10,2020,3,20,2,8,1,1,1,3,1,0
371015,1,1,23,2,1,11,3,20,0,0,1,0,1,0,1,60,62,999,0,0,3,5,1,2,1,1,80,0,13,96,0,26,10,2020,2,2,2,8,1,1,1,2,1,1
371016,1,1,23,1,1,11,3,20,0,0,1,0,1,6,1,55,67,999,0,0,2,2,1,2,1,1,62,0,66,96,0,27,10,2020,3,17,2,12,2,3,1,1,1,2
371018,1,1,24,1,1,11,20,20,9,0,1,0,3,0,1,90,62,999,0,3,3,2,1,2,1,14,12,0,60,96,0,31,10,2020,7,0,2,1,1,1,1,2,10,4
371019,1,1,45,1,1,11,3,20,0,0,99,1,3,0,1,998,69,999,0,0,5,5,1,2,1,15,80,0,60,96,0,7,10,2020,4,5,2,8,1,1,1,2,1,0
371023,1,1,29,1,1,11,3,20,0,0,4,0,2,0,1,40,66,999,1,0,2,3,1,2,1,1,80,0,7,96,0,3,10,2020,7,20,2,8,1,1,1,5,1,0
371025,1,1,39,1,1,11,20,20,9,0,1,0,2,0,1,65,68,999,0,0,1,2,1,2,1,1,13,0,60,96,36,1,10,2020,5,15,2,59,1,1,4,1,1,4
371026,1,1,66,1,1,11,20,20,0,0,1,0,1,0,1,20,71,999,0,9,1,2,8,8,98,11,99,0,60,96,0,4,10,2020,1,10,2,1,3,3,4,1,1,4
371032,1,1,30,1,1,11,20,9,9,0,2,0,2,0,1,70,69,999,1,0,2,2,1,1,1,1,12,0,7,96,0,2,10,2020,6,15,2,12,1,1,1,1,1,2
371034,1,1,24,1,1,11,3,20,0,0,99,1,2,20,1,45,65,999,0,0,1,2,1,2,1,1,80,0,62,92,6,9,10,2020,6,6,2,8,1,1,1,2,1,0
371037,1,1,23,2,1,11,20,9,0,0,2,0,1,0,1,60,66,999,1,0,1,2,2,2,2,14,10,0,13,96,28,12,10,2020,2,8,2,12,1,1,1,1,10,4
371041,1,1,15,1,1,11,20,20,0,0,4,0,2,0,1,70,999,999,0,0,1,2,1,2,1,14,13,0,13,96,36,30,10,2020,6,19,2,1,1,1,4,2,1,4
371044,1,1,39,2,1,11,3,8,9,0,1,0,2,0,1,45,69,999,0,0,5,5,2,2,1,1,10,0,60,96,28,23,9,2020,4,22,2,12,1,1,1,3,1,4
371045,1,1,67,1,1,11,3,20,0,0,1,0,1,0,1,70,70,999,0,0,1,2,1,2,1,1,12,0,60,96,0,4,11,2020,4,12,2,34,1,1,4,1,1,4
371047,1,1,44,1,1,11,20,8,0,0,1,0,1,0,1,55,68,999,0,0,3,3,1,2,1,1,52,1,3,96,6,20,11,2020,6,7,2,12,17,1,1,1,1,4
371049,1,1,51,2,1,11,3,20,0,0,1,0,2,0,1,15,59,999,0,0,1,2,8,8,98,1,17,0,13,96,38,19,11,2020,5,13,2,12,2,2,1,1,1,4
371052,1,1,51,1,1,11,3,9,9,0,1,0,2,0,1,45,72,999,0,0,1,2,1,2,1,1,13,0,13,96,0,10,11,2020,3,15,2,38,1,1,5,1,1,4
371055,1,1,66,2,1,11,3,20,0,0,1,0,3,6,1,65,63,999,0,0,3,2,1,2,1,1,61,0,66,96,0,23,11,2020,2,17,2,52,1,1,3,2,1,0
371057,1,1,86,1,1,11,20,9,0,0,2,0,1,0,1,12,72,999,0,0,1,3,8,8,98,11,15,0,7,96,38,20,11,2020,6,7,2,12,2,3,1,1,1,4
371058,1,1,54,2,1,11,20,8,0,0,2,0,2,0,1,49,63,99,1,0,2,2,2,2,1,1,12,0,2,96,0,29,11,2020,1,4,2,21,1,1,3,3,1,4
371059,1,1,34,1,1,11,20,8,9,0,1,0,1,0,1,55,71,999,0,4,1,2,1,2,1,14,12,0,13,92,6,24,11,2020,3,21,2,34,1,1,4,2,1,4
371060,1,1,30,2,1,11,20,20,0,0,1,0,1,0,1,70,64,999,0,0,2,2,1,2,1,14,6,0,3,96,36,16,11,2020,2,7,2,17,1,1,4,2,1,4
371061,1,1,60,1,1,11,3,9,0,0,1,0,2,0,1,55,72,999,0,0,1,2,1,2,1,14,13,0,7,96,58,8,11,2020,1,15,2,34,1,1,4,1,1,4
371064,1,1,30,1,1,11,20,8,9,0,1,0,1,0,1,80,69,999,0,4,1,3,1,2,1,1,13,0,13,96,58,29,11,2020,1,6,2,59,1,1,4,3,5,4
371065,1,1,38,1,1,11,20,9,1,0,1,0,1,0,1,60,64,999,0,0,1,2,2,2,1,14,99,1,13,96,58,24,11,2020,3,0,2,24,1,1,4,3,1,4
371066,1,1,21,1,1,11,3,9,0,0,2,0,2,0,1,96,67,999,0,4,3,2,1,2,2,15,6,0,13,96,0,26,11,2020,5,7,2,34,1,1,4,1,2,4
371069,1,1,34,2,1,11,3,9,1,0,1,0,1,0,1,70,62,999,1,0,2,3,2,2,1,1,12,0,13,96,91,4,11,2020,4,14,2,12,1,1,1,1,1,3
371071,1,1,68,1,1,11,3,20,0,0,1,0,1,0,1,35,67,999,0,0,5,6,2,2,1,14,83,0,7,10,6,3,11,2020,3,15,2,15,1,1,1,1,1,0
371072,1,1,21,1,1,11,20,9,9,0,1,0,1,0,1,86,71,999,0,3,3,6,1,2,1,1,52,0,3,96,36,21,11,2020,7,8,2,24,1,1,4,1,1,4
371074,1,1,40,2,1,11,3,9,0,0,1,0,1,0,1,55,63,999,0,0,1,2,1,2,1,6,10,0,13,92,33,5,11,2020,5,18,2,12,1,1,1,2,1,4
371076,1,1,85,1,1,11,3,20,0,0,1,0,1,0,1,998,68,999,0,0,5,5,1,2,1,11,15,0,60,96,38,13,11,2020,6,8,2,12,8,1,1,1,1,0
371079,1,1,49,2,1,11,20,8,9,0,2,0,2,0,1,65,64,999,0,0,3,2,1,2,1,1,13,0,7,96,0,26,11,2020,5,18,2,35,1,1,4,2,1,4
371082,1,1,20,2,1,11,20,20,9,0,1,0,1,0,1,75,60,999,0,4,1,2,1,2,2,14,12,1,13,96,0,10,11,2020,3,20,2,1,1,1,4,2,1,4
371084,1,1,24,1,1,11,20,9,0,0,1,0,2,0,1,105,67,999,0,0,5,3,1,2,1,1,13,0,13,96,0,17,11,2020,3,4,2,12,1,1,1,2,1,4
371085,1,1,24,1,1,11,20,8,1,0,2,0,1,0,1,53,72,999,2,4,1,2,2,2,2,14,10,0,13,96,28,25,9,2020,6,16,2,12,1,1,1,1,2,3
371088,1,1,31,1,1,11,20,20,0,0,1,0,1,0,1,50,73,999,1,0,4,3,1,2,1,1,17,1,13,96,39,15,9,2020,3,23,2,12,2,2,1,3,1,4
371090,1,1,41,1,1,11,20,9,0,0,1,0,1,0,1,74,999,999,99,3,1,2,2,2,1,1,13,1,13,96,0,24,9,2020,5,0,2,59,1,1,4,6,1,4
371091,1,1,50,1,1,11,20,20,0,0,1,1,1,0,1,30,66,999,0,0,1,2,2,2,1,98,80,0,60,96,36,20,9,2020,1,12,2,8,1,1,1,1,1,0
371098,1,1,17,1,1,11,20,9,0,0,1,0,2,0,1,95,999,999,99,3,1,2,1,2,1,1,12,0,13,93,6,30,9,2020,4,11,2,42,1,1,4,1,1,4
371099,1,1,38,1,1,11,20,20,9,0,1,0,1,0,1,65,66,999,0,0,1,2,1,2,1,1,10,0,82,96,36,1,9,2020,3,18,2,12,2,3,1,1,1,4
371103,1,1,45,1,1,11,3,20,9,0,1,1,1,0,1,70,73,999,0,0,3,2,1,2,1,1,51,0,13,93,36,3,9,2020,5,1,2,12,1,1,1,2,1,0
371108,1,1,33,1,1,11,3,8,0,0,1,0,1,0,1,70,76,999,0,0,3,3,1,2,2,1,13,0,7,93,6,1,11,2020,1,8,2,42,19,1,4,1,2,4
371109,1,1,41,1,1,11,3,20,0,0,1,0,3,6,1,0,65,999,0,0,3,3,1,2,1,5,53,0,66,96,0,19,11,2020,5,4,2,12,1,1,1,3,1,0
371110,1,1,26,1,1,11,3,9,0,0,1,0,1,0,1,60,71,999,0,4,1,2,2,2,1,14,13,1,5,96,6,28,11,2020,7,1,2,35,1,1,4,2,10,4
371111,1,1,21,2,1,11,3,20,0,0,2,0,4,0,1,70,59,999,2,0,3,4,1,2,1,1,80,0,60,96,0,29,11,2020,1,8,2,8,18,1,1,1,1,0
371118,1,1,42,1,1,11,3,9,9,0,3,0,2,0,1,55,69,999,0,0,1,2,1,2,1,1,10,0,13,96,28,4,11,2020,4,18,2,12,1,1,1,2,1,4
371119,1,1,998,8,1,11,98,98,9,0,99,1,9,99,1,55,999,999,99,0,1,2,1,2,1,1,12,0,998,96,36,28,11,2020,7,23,2,8,1,1,2,2,1,9
371120,1,1,26,1,1,11,20,8,0,0,1,0,3,0,1,86,72,999,0,3,2,4,1,2,1,1,17,0,7,96,39,26,11,2020,5,19,2,12,2,2,1,2,1,4
371121,1,1,48,2,1,11,3,9,1,0,1,0,2,0,1,45,64,999,0,0,2,2,1,2,1,1,10,0,7,96,91,10,11,2020,3,22,2,12,1,1,1,2,1,3
371122,1,1,63,1,1,11,3,9,0,0,2,0,1,0,1,24,66,999,0,0,1,4,1,2,1,11,15,0,7,96,48,5,11,2020,5,11,2,12,2,3,1,1,1,1
371123,1,1,21,1,1,11,99,9,9,0,3,0,2,0,1,60,69,999,0,0,1,2,2,2,1,1,12,0,13,96,0,1,11,2020,1,4,2,42,1,1,4,2,1,3
371124,1,1,29,1,1,11,20,20,1,0,3,0,1,0,1,74,72,999,1,5,2,2,1,2,1,6,61,1,13,96,91,5,9,2020,7,16,2,12,2,3,1,1,1,2
371125,1,1,29,1,1,11,20,20,9,0,1,0,2,0,1,70,72,999,2,3,2,1,1,2,1,1,62,0,98,96,36,5,9,2020,7,17,2,12,2,3,1,1,1,4
371126,1,1,22,1,1,11,20,20,9,0,1,0,2,0,1,83,74,999,1,3,2,3,1,2,1,1,72,0,98,96,36,4,9,2020,6,20,2,12,8,1,1,3,1,4
371129,1,1,33,1,1,11,3,9,8,0,1,1,1,0,1,21,999,999,0,0,1,2,1,2,1,14,10,1,7,96,91,6,9,2020,1,4,2,12,1,1,1,3,1,3
371130,1,1,62,1,1,11,3,20,0,0,2,0,1,0,1,60,71,999,0,0,3,4,1,2,1,1,80,0,60,96,0,11,9,2020,6,23,2,8,2,2,1,2,1,0
371131,1,1,52,1,1,11,20,9,8,0,1,0,2,0,1,998,65,999,0,3,1,3,1,2,1,14,6,1,13,96,58,11,9,2020,6,19,2,12,1,1,1,5,1,4
371134,1,1,43,1,1,11,20,9,9,0,1,0,1,0,1,998,62,999,0,3,1,2,1,2,1,1,12,0,60,96,36,19,9,2020,7,18,2,42,1,1,4,1,1,4
371138,1,1,19,2,1,11,3,8,8,0,2,0,2,0,1,68,999,999,99,5,3,4,1,1,1,1,9,1,3,96,36,27,9,2020,1,3,2,24,19,1,4,3,1,4
371139,1,1,27,1,1,11,20,9,8,0,1,0,0,0,1,87,65,999,1,4,3,2,1,2,2,14,6,1,3,96,58,25,9,2020,6,21,2,12,1,1,1,3,10,4
371140,1,1,44,2,1,11,3,20,0,0,1,0,1,0,1,52,60,999,0,0,1,2,1,2,2,1,83,0,7,96,0,28,9,2020,2,4,2,9,1,1,1,2,10,0
371141,1,1,25,2,1,11,3,20,0,0,3,0,3,1,1,46,62,999,0,0,2,3,2,2,1,1,17,0,11,93,91,30,9,2020,4,7,2,12,2,2,1,1,1,0
371143,1,1,25,1,1,11,3,20,0,0,1,1,2,0,1,45,999,999,0,0,1,2,1,2,1,1,80,0,13,96,0,19,11,2020,5,1,2,8,1,1,1,2,1,0
371144,1,1,50,2,1,11,3,20,0,0,1,0,1,0,1,65,64,999,0,9,3,2,1,2,1,14,99,0,13,96,999,23,11,2020,2,18,2,8,1,1,99,2,1,0
371148,1,1,47,1,1,11,99,20,9,0,1,1,2,0,1,45,69,999,0,0,2,3,1,2,1,1,83,0,3,96,91,13,11,2020,6,19,2,9,1,1,1,3,1,0
371154,1,1,35,1,1,11,3,20,8,0,1,0,1,0,1,35,72,999,0,0,1,2,1,2,1,1,83,1,13,96,91,26,11,2020,5,16,2,9,1,1,1,1,1,0
371157,1,1,33,1,1,11,3,20,0,0,1,0,3,6,1,40,70,999,0,0,3,4,1,1,1,1,53,0,66,96,0,20,11,2020,6,6,2,12,1,1,1,2,1,1
371164,1,1,24,1,1,11,20,20,8,0,1,0,1,0,1,75,66,999,2,0,1,2,1,2,1,1,13,1,60,96,58,21,11,2020,7,0,2,1,1,1,4,2,1,4
371167,1,1,36,1,1,11,3,20,0,0,1,0,1,0,1,45,73,999,0,0,2,3,2,2,1,1,80,0,9,96,0,21,11,2020,7,17,2,8,1,1,1,2,10,0
371174,1,1,36,2,1,11,20,9,0,0,1,0,2,0,1,60,66,999,0,9,2,2,1,2,1,1,13,0,13,96,0,19,11,2020,5,21,2,34,1,1,4,2,1,4
371176,1,1,18,1,1,11,99,98,0,0,3,0,2,0,1,45,999,999,0,0,3,3,1,2,1,15,11,0,7,96,91,20,12,2020,1,17,2,12,1,1,1,1,1,0
371183,1,1,23,1,1,11,3,20,9,0,2,1,1,0,1,35,70,999,0,0,1,2,2,2,1,1,80,0,7,96,0,5,12,2020,7,19,2,8,1,1,1,2,1,0
371184,1,1,47,1,1,11,3,9,1,0,1,0,1,0,1,60,75,999,0,0,3,2,1,2,1,1,54,1,60,96,51,12,12,2020,7,23,2,12,1,1,1,2,1,4
371185,1,1,71,1,1,11,3,20,0,0,2,0,2,0,1,45,69,999,1,0,5,5,1,2,1,1,80,0,8,96,0,14,12,2020,2,18,2,8,1,1,1,2,1,0
371187,1,1,47,2,1,11,99,98,9,0,1,1,2,0,1,40,65,999,0,0,2,2,1,2,1,1,11,0,60,96,0,1,12,2020,3,18,2,8,1,1,2,3,1,0
371188,1,1,24,1,1,11,20,8,9,0,1,0,1,0,1,70,68,999,1,5,1,5,1,2,1,1,10,0,13,14,28,5,12,2020,7,7,2,12,3,2,1,1,1,4
371189,1,1,59,1,1,11,3,8,9,0,2,0,3,0,1,70,999,999,99,9,3,4,2,2,1,1,13,0,7,0,0,15,12,2020,3,18,2,32,1,1,4,2,1,4
371190,1,1,67,2,1,11,3,8,9,0,2,0,1,0,1,55,66,999,0,0,2,4,1,2,1,1,17,0,13,96,39,1,12,2020,3,12,2,12,2,2,1,1,1,4