ST_CASE,VEH_NO,PER_NO,AGE,SEX,PER_TYP,SEAT_POS,REST_USE,AIR_BAG,DRUGS,LOCATION,NUMOCCS,HIT_RUN,OWNER,V_CONFIG,HAZ_INV,TRAV_SP,DR_HGT,DR_WGT,PREV_SPD,SPEEDREL,VTRAFWAY,VNUM_LAN,VPROFILE,VPAVETYP,VSURCOND,P_CRASH1,P_CRASH2,DR_DRINK,VPICBODYCLASS,DRDISTRACT,DRIVERRF,DAY,MONTH,YEAR,DAY_WEEK,HOUR,RUR_URB,HARM_EV,RELJCT2,TYP_INT,REL_ROAD,LGT_COND,WEATHER,INJ_SEV
371197,1,1,77,1,1,11,3,8,0,0,2,0,1,0,1,55,72,999,0,0,1,2,1,2,1,11,15,0,13,93,38,8,12,2020,3,13,2,12,2,3,1,1,1,3
371198,1,1,39,1,1,11,3,20,0,0,1,0,2,0,1,35,67,999,0,0,5,6,1,2,1,1,80,0,13,96,0,2,12,2020,4,19,2,8,1,1,1,3,1,0
371200,1,1,37,1,1,11,3,20,0,0,2,0,2,0,1,38,79,999,0,0,2,5,1,2,1,1,80,0,7,96,0,29,12,2020,3,19,2,8,1,1,1,2,1,0
371201,1,1,17,1,1,11,20,9,8,0,1,0,2,0,1,80,999,999,0,3,1,2,1,2,2,1,12,1,3,96,36,25,12,2020,6,0,2,19,1,1,5,3,2,4
371204,1,1,37,1,1,11,20,8,0,0,1,0,2,0,1,60,74,999,0,0,3,2,1,1,2,1,50,0,13,96,0,16,12,2020,4,6,2,12,18,1,1,3,2,4
371210,1,1,24,1,1,11,20,20,0,0,1,0,2,0,1,60,75,999,0,0,1,2,1,2,1,14,12,1,13,96,36,4,9,2020,6,4,2,34,1,1,4,2,1,4
371211,1,1,16,2,1,11,20,20,0,0,2,0,2,0,1,45,63,999,0,0,1,2,1,2,1,1,80,1,13,96,0,3,9,2020,5,20,2,8,1,1,1,2,1,0
371212,1,1,28,1,1,11,3,8,0,0,1,0,2,0,1,55,72,999,1,0,5,5,1,2,1,1,10,0,13,96,28,1,9,2020,3,16,2,12,1,1,1,1,1,4
371215,1,1,41,1,1,11,20,9,0,0,2,0,1,0,1,70,78,999,0,0,3,2,1,2,1,15,10,0,60,96,0,30,9,2020,4,16,2,12,1,1,1,1,1,4
371218,1,1,35,1,1,11,99,20,9,0,1,1,1,0,1,50,74,999,1,0,2,2,2,2,2,14,80,0,7,96,91,24,12,2020,5,1,2,8,1,1,1,3,10,0
371219,1,1,41,1,1,11,99,20,9,0,2,1,2,0,1,35,73,999,0,0,1,5,1,2,1,1,80,0,13,96,0,1,12,2020,3,20,2,8,1,1,1,2,1,0
371220,1,1,27,1,1,11,3,20,1,0,3,0,2,0,1,65,74,999,0,4,3,2,2,2,2,14,6,0,60,96,91,31,12,2020,5,11,2,42,19,1,4,1,10,2
371222,1,1,50,1,1,11,20,20,0,0,1,0,3,6,1,65,72,999,0,0,0,0,0,0,0,1,14,1,66,92,6,28,9,2020,2,2,2,45,1,1,1,2,1,4
371226,1,1,48,1,1,11,3,8,9,0,1,0,2,0,1,73,74,240,1,0,2,2,1,2,1,1,13,0,1,96,58,30,9,2020,4,5,2,42,1,1,4,2,1,4
371229,1,1,20,1,1,11,3,9,8,0,3,0,2,0,1,50,999,999,0,0,1,2,1,2,1,14,10,1,60,96,91,6,9,2020,1,14,2,12,1,1,1,1,1,3
371232,1,1,26,1,1,11,20,9,0,0,2,0,2,0,1,60,69,999,1,0,3,2,2,2,1,1,12,0,7,3,0,2,12,2020,4,20,2,24,1,1,3,2,1,4
371234,1,1,43,1,1,11,3,20,0,0,1,0,3,2,1,45,72,999,0,0,1,2,1,2,1,1,62,0,11,96,0,2,12,2020,4,11,2,12,1,1,1,1,1,2
371235,1,1,39,1,1,11,20,9,8,0,3,0,1,0,1,70,75,999,0,0,1,2,1,2,1,14,6,1,7,96,58,12,12,2020,7,16,2,12,1,1,1,1,1,3
371236,1,1,73,1,1,11,3,9,0,0,1,0,1,0,1,55,999,999,1,0,1,5,1,2,1,1,8,0,119,96,28,28,12,2020,2,18,2,12,2,2,1,5,1,2
371240,1,1,62,1,1,11,3,9,8,0,1,0,1,0,1,96,72,999,0,4,1,2,1,2,1,1,50,1,2,96,91,1,12,2020,3,18,2,12,3,3,1,3,1,0
371241,1,1,18,1,1,11,20,9,9,0,1,0,2,0,1,50,72,999,0,3,1,2,1,2,1,1,12,1,7,96,0,6,12,2020,1,2,2,42,1,1,4,2,1,4
371242,1,1,57,2,1,11,3,20,0,0,1,0,3,21,1,40,67,999,0,0,1,5,1,2,1,1,62,0,71,96,0,11,12,2020,6,8,2,12,1,1,1,1,1,1
371243,1,1,49,1,1,11,3,20,0,0,1,0,1,0,1,42,69,999,0,0,1,5,1,2,1,1,80,0,2,96,0,15,12,2020,3,0,2,8,8,1,1,3,1,0
371244,1,1,71,1,1,11,20,8,8,0,1,0,1,0,1,78,69,999,0,3,1,2,4,2,1,14,13,1,7,96,36,27,12,2020,1,21,2,30,1,1,4,3,1,4
371245,1,1,46,1,1,11,3,9,8,0,1,0,2,0,1,17,73,999,0,4,2,1,1,2,1,12,21,1,7,96,91,23,12,2020,4,21,2,12,3,2,1,3,1,0
371246,1,1,998,8,1,11,20,20,8,0,99,1,9,99,1,60,999,999,99,3,1,4,1,2,1,1,80,0,998,96,36,20,12,2020,1,22,2,8,1,1,1,3,1,9
371247,1,1,39,1,1,11,3,8,0,0,1,0,1,0,1,70,70,999,2,4,3,3,1,2,2,1,6,0,13,96,0,24,12,2020,5,14,2,57,1,1,3,1,2,4
371248,1,1,28,1,1,11,20,20,0,0,1,0,3,6,1,55,999,999,99,0,3,3,1,2,1,2,64,0,66,96,0,25,12,2020,6,9,2,57,19,1,3,1,1,1
371249,1,1,21,1,1,11,20,8,9,0,1,0,2,0,1,998,67,999,2,4,1,2,1,2,2,1,10,0,3,96,36,31,12,2020,5,19,2,12,1,1,1,2,2,4
371251,1,1,34,1,1,11,20,9,9,0,2,0,2,0,1,100,67,999,0,3,3,2,1,2,2,1,12,0,5,96,58,24,12,2020,5,22,2,24,19,1,3,2,2,4
371254,1,1,61,2,1,11,3,8,0,0,3,0,2,0,1,25,62,999,0,0,2,2,1,2,1,11,15,0,8,96,38,23,12,2020,4,15,2,12,4,1,1,1,1,0
371259,1,1,57,1,1,11,3,20,0,0,1,0,3,6,1,70,72,999,0,0,3,4,1,2,1,1,80,0,66,96,0,16,9,2020,4,16,2,8,18,1,1,1,10,0
371260,1,1,44,1,1,11,3,20,0,0,1,1,1,0,1,45,74,999,0,0,1,2,1,2,1,1,80,0,7,96,91,24,9,2020,5,3,2,8,1,1,1,2,10,0
371265,1,1,48,2,1,11,3,20,0,0,3,0,2,0,1,55,62,999,0,0,2,3,2,2,1,14,80,0,13,96,0,27,9,2020,1,0,2,8,1,1,1,2,1,0
371270,1,1,62,2,1,11,3,20,0,0,1,1,1,0,1,20,66,999,0,0,3,3,1,2,1,1,53,0,13,96,91,18,9,2020,6,23,2,12,18,1,1,2,1,0
371275,1,1,36,2,1,11,3,20,0,0,2,0,2,0,1,60,62,999,0,0,3,2,1,2,1,1,98,0,2,96,0,9,9,2020,4,6,2,5,1,1,1,2,1,0
371276,1,1,88,1,1,11,99,9,0,0,1,0,1,0,1,10,68,999,0,9,3,3,8,8,98,11,15,0,13,96,999,27,9,2020,1,7,2,12,2,3,1,1,1,4
371283,1,1,36,1,1,11,3,20,0,0,1,0,3,6,1,55,71,999,0,0,2,2,2,2,2,1,54,0,66,96,0,17,12,2020,5,22,2,12,1,1,1,2,2,1
371284,1,1,22,1,1,11,20,9,0,0,2,0,2,0,1,15,71,999,0,0,1,2,8,8,98,1,17,0,7,93,38,5,12,2020,7,11,2,12,2,2,1,1,1,1
371285,1,1,38,2,1,11,20,8,8,0,2,0,4,0,1,56,999,999,1,3,1,2,1,2,2,1,12,1,13,96,36,30,12,2020,4,19,2,42,1,1,5,3,10,4
371287,1,1,36,1,1,11,20,8,8,0,2,0,2,0,1,90,65,999,0,3,1,2,1,2,1,1,13,1,13,96,36,20,12,2020,1,2,2,42,1,1,4,2,1,4
371289,1,1,30,2,1,11,20,9,9,0,3,0,1,0,1,10,67,999,0,0,1,2,8,8,98,11,15,0,13,96,38,26,12,2020,7,9,2,12,2,2,1,1,1,4
371293,1,1,19,1,1,11,3,8,1,0,4,0,1,0,1,50,69,999,1,0,5,5,1,2,1,14,13,0,7,0,58,27,12,2020,1,6,2,33,1,1,4,4,1,2
371304,1,1,48,1,1,11,20,9,0,0,3,0,2,0,1,55,70,999,1,0,1,2,1,2,2,14,13,1,7,96,36,7,12,2020,2,14,2,32,1,1,4,1,10,4
371305,1,1,77,2,1,11,3,9,0,0,1,0,1,0,1,10,68,999,0,0,2,4,1,2,1,11,15,0,60,96,38,10,12,2020,5,7,2,12,2,2,1,1,1,4
371306,1,1,44,1,1,11,20,9,8,0,1,0,2,0,1,91,71,999,0,0,3,3,1,1,1,1,13,1,15,96,36,13,12,2020,1,19,2,24,1,1,4,2,1,4
371307,1,1,35,1,1,11,3,20,0,0,1,0,3,2,1,60,68,999,0,0,3,4,1,2,1,1,80,0,11,96,86,23,12,2020,4,16,2,8,1,1,1,1,1,1
371308,1,1,63,2,1,11,3,20,0,0,1,0,1,0,1,45,61,999,0,0,2,3,1,2,2,1,80,0,13,96,0,24,12,2020,5,6,2,8,1,1,1,3,2,0
371309,1,1,34,1,1,11,20,9,0,0,2,0,2,0,1,60,65,999,0,4,1,2,1,2,1,14,13,0,2,96,58,3,12,2020,5,21,2,34,1,1,4,2,1,4
371313,1,1,23,1,1,11,3,8,0,0,1,0,1,0,1,70,72,999,0,0,3,2,2,2,1,1,9,0,13,96,0,11,6,2020,5,14,2,57,1,1,3,1,1,2
371315,1,1,47,1,1,11,3,9,1,0,1,0,3,0,1,75,72,999,0,4,2,4,1,2,1,1,50,0,62,96,0,14,6,2020,1,17,2,12,3,2,1,1,1,1
371316,1,1,52,1,1,11,3,9,0,0,1,0,1,0,1,50,68,999,0,0,1,4,2,2,2,1,62,0,60,96,0,16,6,2020,3,15,2,12,1,1,1,1,2,2
371318,1,1,21,1,1,11,3,8,0,0,4,0,4,0,1,104,69,999,0,3,5,3,2,2,1,14,10,0,7,96,58,27,6,2020,7,16,2,33,1,1,3,1,1,2
371320,1,1,29,2,1,11,3,20,9,0,3,1,2,0,1,45,63,999,0,9,1,2,2,2,1,1,80,0,13,96,91,15,7,2020,4,9,2,8,1,1,1,2,1,0
371321,1,1,39,1,1,11,3,8,8,0,1,0,2,0,1,998,999,999,0,0,1,4,1,2,1,14,10,1,7,96,28,19,7,2020,1,23,2,12,1,1,1,3,1,0
371322,1,1,27,1,1,11,20,8,0,0,1,0,2,0,1,96,69,999,0,4,1,2,1,2,1,14,6,0,13,96,36,21,7,2020,3,22,2,34,1,1,4,2,1,4
371324,1,1,22,1,1,11,20,20,8,0,2,0,2,0,1,60,999,999,0,0,1,8,1,2,1,2,9,1,80,96,36,12,9,2020,7,0,2,42,1,1,5,3,1,4
371325,1,1,63,1,1,11,20,20,0,0,1,0,3,1,1,45,70,999,0,0,1,4,1,2,1,1,13,0,111,96,58,4,10,2020,1,17,2,42,1,1,4,1,1,4
371326,1,1,62,1,1,11,3,20,0,0,1,0,3,6,1,45,67,999,0,0,1,2,2,2,1,1,80,0,66,96,0,16,10,2020,6,22,2,8,1,1,1,2,1,0
371327,1,1,19,2,1,11,3,8,0,0,1,0,2,0,1,60,69,999,0,0,1,2,1,2,1,1,50,0,5,96,36,17,10,2020,7,17,2,12,2,3,1,1,1,3
371329,1,1,29,1,1,11,20,20,0,0,1,0,2,0,1,99,75,999,0,3,3,3,2,2,1,1,62,0,80,96,36,24,10,2020,7,16,2,12,2,3,1,1,1,4
371330,1,1,23,1,1,11,20,8,8,0,2,0,1,0,1,55,67,999,1,0,2,2,1,2,2,1,13,1,60,96,91,1,11,2020,1,3,2,23,1,1,4,6,2,1
371332,1,1,32,1,1,11,3,20,0,0,1,0,3,0,1,35,70,999,0,0,5,5,1,2,1,1,80,0,65,96,0,3,11,2020,3,18,2,8,1,1,1,2,1,0
371337,1,1,25,2,1,11,3,20,0,0,1,0,1,0,1,35,64,999,1,0,1,2,1,2,1,1,80,0,5,96,0,16,11,2020,2,19,2,8,1,1,1,3,1,0
371339,1,1,27,2,1,11,3,8,0,0,1,0,1,0,1,65,64,999,0,0,3,4,1,1,1,1,50,0,13,96,0,22,11,2020,1,16,2,12,18,1,1,1,10,3
371343,1,1,62,2,1,11,3,8,9,0,2,0,1,0,1,55,64,999,1,3,2,1,1,2,1,1,9,0,13,96,0,12,12,2020,7,18,2,33,1,1,4,3,1,3
371345,1,1,24,2,1,11,3,20,0,0,2,0,2,0,1,53,60,999,0,0,2,4,1,2,1,1,80,0,13,96,0,18,12,2020,6,21,2,8,2,2,1,2,1,0
371348,1,1,45,2,1,11,20,8,0,0,1,0,1,0,1,55,63,999,1,4,1,2,1,2,2,1,6,0,60,96,91,23,12,2020,4,20,2,12,1,1,1,2,2,3
371349,1,1,40,1,1,11,20,9,9,0,2,0,2,0,1,65,65,999,0,0,3,2,1,2,2,1,10,0,60,96,91,25,12,2020,6,0,2,12,1,1,1,2,1,0
371350,1,1,19,1,1,11,3,9,9,0,1,0,2,0,1,55,66,999,0,9,2,2,1,2,1,1,12,0,3,96,999,31,12,2020,5,2,2,42,1,1,3,2,1,4
371351,1,1,57,2,1,11,3,20,0,0,1,0,2,0,1,55,65,999,1,0,1,2,2,2,1,1,80,0,8,96,0,10,7,2020,6,21,2,8,1,1,1,2,1,0
371352,1,1,27,1,1,11,3,20,0,0,1,1,1,0,1,55,999,999,99,3,1,5,1,2,1,1,80,0,13,96,91,3,11,2020,3,18,2,8,2,3,1,3,1,0
371354,1,1,21,1,1,11,20,8,9,0,1,0,2,0,1,75,72,999,99,3,2,3,1,2,1,1,12,0,3,96,58,30,5,2020,7,8,2,1,3,2,1,1,1,4
371355,1,1,18,1,1,11,20,9,0,0,3,0,2,0,1,35,69,999,0,0,1,2,8,8,98,1,17,0,13,96,39,31,5,2020,1,20,2,12,2,2,1,3,1,4
371357,1,1,36,1,1,11,3,20,0,0,1,0,2,0,1,45,70,999,0,0,1,5,1,2,2,1,80,0,7,96,0,29,5,2020,6,4,2,8,1,1,1,3,10,0
371358,1,1,26,1,1,11,20,20,0,0,1,0,1,0,1,55,72,999,0,3,1,5,3,2,1,14,13,0,94,96,0,29,5,2020,6,0,2,30,1,1,4,3,10,4
371359,1,1,32,1,1,11,20,9,8,0,1,0,2,0,1,55,71,999,0,0,1,2,1,2,1,14,12,1,8,96,6,28,4,2020,3,3,2,1,1,1,4,2,1,4
371360,1,1,88,1,1,11,3,9,0,0,1,0,1,0,1,20,68,999,0,5,1,2,1,2,1,1,13,0,60,93,55,23,5,2020,7,11,2,33,1,1,4,1,1,2
371361,1,1,44,1,1,11,99,99,0,0,1,0,3,6,1,55,74,350,0,0,2,2,1,2,1,1,12,0,66,93,0,1,7,2020,4,12,2,12,1,1,1,1,1,4
371362,1,1,20,1,1,11,20,20,0,0,1,0,1,0,1,75,74,999,0,3,2,8,1,2,1,1,60,0,80,96,6,1,6,2020,2,19,2,1,2,2,1,1,1,4
371363,1,1,36,2,1,11,3,20,8,0,1,0,2,0,1,20,68,999,0,0,1,2,2,2,1,11,15,1,2,96,38,12,3,2020,5,17,2,12,2,2,1,1,1,1
371364,1,1,17,1,1,11,20,9,9,0,3,0,2,0,1,70,999,999,0,3,5,5,1,2,1,1,10,0,13,96,28,5,6,2020,6,11,2,12,1,1,1,1,1,3
371365,1,1,19,1,1,11,99,9,0,0,3,0,1,0,1,40,76,999,0,0,1,2,2,2,1,1,10,0,7,96,28,26,6,2020,6,17,2,12,1,1,1,1,1,2
371367,1,1,22,2,1,11,3,20,8,0,1,0,1,0,1,40,63,999,0,0,1,2,1,2,1,1,80,1,13,96,0,20,7,2020,2,5,2,8,1,1,1,2,1,0
371373,1,1,18,1,1,11,3,9,0,0,1,0,2,1,1,80,71,999,0,4,3,5,1,2,1,1,10,0,60,96,6,9,12,2020,4,7,2,14,19,1,2,1,1,0
371374,1,1,29,2,1,11,3,20,0,0,1,0,1,0,1,20,70,999,0,0,1,4,8,8,98,11,82,0,7,96,48,20,12,2020,1,21,2,8,3,2,1,3,1,0
371375,1,1,15,1,1,11,3,20,0,0,2,1,2,0,1,45,69,999,0,0,2,2,1,2,1,1,82,0,7,96,0,22,12,2020,3,18,2,8,1,1,1,2,1,0
371378,1,1,25,2,1,11,3,20,0,0,1,0,1,0,1,31,61,999,0,0,5,6,1,2,1,1,83,0,13,96,0,27,4,2020,2,17,2,9,2,2,1,1,1,0
371380,1,1,70,1,1,11,20,20,0,0,1,0,0,0,1,15,74,999,0,0,1,2,2,2,1,14,12,0,69,96,58,29,11,2020,1,15,2,42,1,1,4,1,1,4
371383,1,1,31,1,1,11,20,8,9,0,1,0,2,0,1,66,71,999,1,0,5,5,1,2,1,14,10,0,13,96,36,3,10,2020,7,12,2,12,1,1,1,1,1,4
371384,1,1,27,1,1,11,3,20,0,0,1,0,1,0,1,998,61,999,0,0,3,2,1,2,1,15,80,0,7,96,0,28,3,2020,7,16,2,8,1,1,1,1,1,0
371386,1,1,69,1,1,11,3,9,0,0,1,0,1,0,1,10,69,999,0,0,1,2,1,2,1,1,17,0,2,93,38,16,3,2020,2,9,2,12,2,2,1,1,1,4
371388,1,1,48,1,1,11,3,9,0,0,1,0,1,0,1,45,61,999,0,0,1,2,1,2,1,14,12,0,7,96,0,10,7,2020,6,22,2,42,1,1,4,2,1,4
371389,1,1,30,1,1,11,99,8,0,0,2,1,2,0,1,90,66,999,0,0,1,2,3,3,1,1,9,0,13,96,58,29,7,2020,4,11,2,42,1,1,4,1,10,2
371390,1,1,80,2,1,11,3,20,0,0,1,0,1,0,1,5,64,999,0,0,0,0,0,0,0,13,83,0,7,96,31,27,7,2020,2,14,2,9,8,1,1,1,1,0
371391,1,1,86,2,1,11,3,20,0,0,1,0,1,0,1,10,64,999,0,0,1,2,8,8,98,4,17,0,13,96,38,24,7,2020,6,9,2,12,2,2,1,1,1,4
371392,1,1,67,1,1,11,99,20,0,0,1,0,1,0,1,10,71,999,0,0,0,0,0,0,0,11,15,0,60,96,38,27,3,2020,6,15,2,12,8,1,1,1,1,4
371393,1,1,22,1,1,11,20,8,9,0,1,0,1,0,1,40,73,999,0,9,1,2,2,2,1,14,12,0,13,96,999,26,3,2020,5,22,2,35,1,1,4,3,1,4
371394,1,1,998,8,1,11,98,98,8,0,99,1,9,99,1,35,999,999,99,0,5,5,3,2,1,1,80,0,998,96,0,14,4,2020,3,23,2,8,1,1,1,3,10,5
371395,1,1,16,1,1,11,3,9,9,0,2,0,2,0,1,40,70,999,0,0,1,2,8,8,98,1,17,0,60,96,91,7,5,2020,5,15,2,12,2,2,1,1,1,1
371396,1,1,70,2,1,11,3,9,0,0,2,0,1,0,1,5,67,999,0,0,2,1,1,2,1,11,15,0,13,96,38,27,6,2020,7,10,2,12,8,1,1,1,1,0
371397,1,1,22,1,1,11,3,9,9,0,1,0,3,0,1,100,69,999,1,3,2,4,1,2,1,1,62,0,13,96,39,27,6,2020,7,4,2,12,2,2,1,3,1,4
371398,1,1,33,1,1,11,20,20,9,0,1,0,2,0,1,75,63,999,0,0,1,2,2,2,2,1,13,0,80,96,58,18,6,2020,5,11,2,53,1,1,4,1,1,4
371400,1,1,45,1,1,11,99,20,0,0,1,0,1,0,1,55,69,999,0,0,1,2,2,2,1,6,54,0,7,96,38,11,6,2020,5,18,2,12,3,2,1,1,1,1
371401,1,1,27,1,1,11,99,20,9,0,1,1,2,0,1,60,68,999,0,3,1,2,1,2,1,1,83,0,13,96,0,7,6,2020,1,18,2,9,2,2,1,1,1,0
371402,1,1,20,1,1,11,3,8,0,0,1,0,2,0,1,45,74,180,0,0,5,5,1,2,1,14,10,0,7,96,28,15,6,2020,2,17,2,12,1,1,1,1,1,1
371403,1,1,24,2,1,11,20,9,9,0,1,0,2,0,1,50,64,999,0,0,1,2,2,2,1,1,13,0,13,96,58,3,7,2020,6,21,2,34,1,1,5,3,1,4
371404,1,1,64,1,1,11,20,9,1,0,1,0,1,0,1,60,73,999,0,3,1,2,4,2,1,11,6,0,13,96,0,22,7,2020,4,9,2,42,3,10,4,1,1,4
371405,1,1,17,1,1,11,20,20,8,0,1,0,0,0,1,40,999,999,0,0,2,2,1,2,1,1,17,1,125,96,36,4,7,2020,7,22,2,12,2,2,1,2,1,4
371406,1,1,46,2,1,11,3,20,0,0,1,0,1,0,1,45,60,999,0,0,2,3,2,2,1,1,80,0,7,96,91,23,6,2020,3,6,2,8,1,1,1,4,1,0
371407,1,1,57,1,1,11,20,20,9,0,1,0,2,0,1,35,75,999,0,0,1,2,1,2,1,6,51,0,12,96,34,18,7,2020,7,16,2,12,1,1,1,1,1,4
371408,1,1,73,1,1,11,20,9,0,0,1,0,2,0,1,45,67,999,1,0,1,2,2,2,1,1,10,0,13,96,28,16,7,2020,5,11,2,12,1,1,1,1,1,4
371409,1,1,51,1,1,11,3,8,1,0,2,0,1,0,1,15,73,999,0,0,2,1,1,2,1,11,15,1,5,93,39,4,7,2020,7,21,2,12,8,1,1,3,1,1
371410,1,1,37,1,1,11,3,20,0,0,1,0,1,0,1,45,70,999,1,0,5,5,1,2,1,15,80,0,7,96,0,26,6,2020,6,21,2,8,1,1,1,2,1,0
371411,1,1,64,1,1,11,3,9,0,0,1,0,1,0,1,35,70,999,0,0,1,4,1,2,1,1,8,0,13,96,0,16,9,2020,4,0,2,30,1,1,4,6,1,4
371412,1,1,72,1,1,11,3,8,9,0,1,0,1,0,1,35,69,999,0,9,1,2,2,2,1,1,8,0,13,96,999,12,9,2020,7,19,2,23,1,1,4,3,1,4
371413,1,1,43,1,1,11,3,20,1,0,1,0,2,0,1,35,71,999,1,9,1,2,1,2,1,1,12,0,7,96,999,19,10,2020,2,12,2,34,1,1,4,1,1,4
371414,1,1,78,1,1,11,99,8,0,0,1,0,2,0,1,35,999,999,1,9,1,2,4,2,1,14,13,0,13,96,0,20,6,2020,7,21,2,42,1,1,4,2,1,4
371416,1,1,46,2,1,11,20,20,0,0,1,0,2,0,1,15,62,999,0,0,5,5,2,2,1,11,8,0,83,96,58,30,5,2020,7,12,2,34,8,1,4,1,10,4
371417,1,1,54,1,1,11,3,20,0,0,1,0,3,6,1,0,70,999,0,0,2,2,1,2,1,5,53,0,66,96,0,21,5,2020,5,22,2,12,1,1,1,2,1,0
371419,1,1,17,1,1,11,3,20,0,0,1,0,1,0,1,30,70,999,0,0,1,4,2,2,1,1,17,0,60,96,39,3,6,2020,4,13,2,12,2,2,1,1,1,0
371420,1,1,72,2,1,11,3,9,0,0,1,0,1,0,1,45,63,999,0,0,1,2,1,2,1,14,10,0,7,96,28,30,6,2020,3,19,2,12,1,1,1,1,1,4
380003,1,1,36,1,1,11,3,1,0,0,2,0,1,1,1,55,71,195,0,9,1,2,1,2,1,14,67,0,60,0,0,1,2,2020,7,15,2,12,2,3,1,1,1,1
380004,1,1,26,1,1,11,20,8,0,0,1,0,2,0,1,998,74,210,0,9,1,2,1,1,2,14,9,1,60,99,0,3,3,2020,3,0,2,1,1,1,4,2,1,4
380006,1,1,35,2,1,11,3,1,0,0,2,0,3,0,1,998,69,170,1,0,2,4,1,1,3,1,68,0,7,0,0,18,3,2020,4,22,2,12,2,2,1,2,4,3
380009,1,1,43,1,1,11,20,20,9,0,1,0,2,0,1,998,66,200,0,3,1,5,1,1,1,1,55,0,94,99,0,23,4,2020,5,16,2,12,4,1,1,1,10,4
380013,1,1,30,1,1,11,20,20,0,0,1,0,1,0,1,998,68,195,2,3,1,2,1,1,1,1,6,1,94,0,6,3,5,2020,1,19,2,33,2,6,1,1,1,4
380014,1,1,81,1,1,11,20,20,0,0,2,0,1,0,1,998,70,240,0,0,1,4,1,2,1,1,55,0,60,0,39,5,5,2020,3,9,2,12,2,2,1,1,10,0
380022,1,1,16,1,1,11,99,20,9,0,2,1,2,0,1,999,70,200,0,9,1,5,1,1,1,1,80,0,60,99,36,20,5,2020,4,22,2,8,3,2,1,3,1,0
380028,1,1,84,2,1,11,3,20,0,0,1,1,1,0,1,998,60,125,0,0,0,0,0,0,0,10,80,0,7,0,6,3,6,2020,4,15,2,8,8,1,1,1,10,0
380035,1,1,64,2,1,11,3,20,0,0,1,0,1,0,1,75,68,270,0,0,3,2,1,2,1,1,60,0,7,0,0,27,6,2020,7,9,2,12,7,1,1,1,1,2
380038,1,1,24,2,1,11,3,1,0,0,1,0,2,0,1,998,66,115,0,0,2,4,1,1,1,1,62,0,7,0,0,22,5,2020,6,11,2,12,2,2,1,1,1,0
380040,1,1,66,1,1,11,3,1,0,0,1,0,1,0,1,33,72,175,0,0,1,2,1,2,1,1,62,0,60,0,0,4,7,2020,7,18,2,12,1,1,1,1,1,0
380041,1,1,34,2,1,11,99,20,0,0,1,0,1,0,1,998,68,175,0,0,1,4,1,2,1,11,15,0,13,0,38,6,7,2020,2,16,2,12,8,1,1,1,10,0
380048,1,1,19,1,1,11,3,8,0,0,1,0,1,0,1,998,67,165,0,9,1,3,1,2,1,1,55,0,60,0,0,31,7,2020,6,17,2,12,2,2,1,1,1,3
380055,1,1,30,1,1,11,20,20,9,0,2,0,2,0,1,998,999,999,99,3,1,2,1,1,1,1,13,1,13,99,6,12,8,2020,4,6,2,42,1,1,5,4,10,4
380056,1,1,22,1,1,11,20,20,0,0,1,0,1,0,1,998,999,999,99,0,1,2,1,1,1,1,66,0,6,0,0,15,8,2020,7,22,2,12,2,2,1,3,1,4
380059,1,1,21,1,1,11,99,20,0,0,1,0,1,0,1,999,999,999,99,9,3,4,1,2,1,14,83,0,13,99,0,2,9,2020,4,17,2,9,1,1,1,1,1,0
380060,1,1,28,1,1,11,99,7,0,0,2,0,2,0,1,998,999,999,99,3,1,4,1,2,1,1,80,1,5,99,6,11,9,2020,6,1,2,8,2,3,1,3,10,0
380063,1,1,39,1,1,11,3,1,0,0,1,0,1,0,1,998,70,230,0,0,3,6,1,1,1,1,62,0,60,0,0,16,9,2020,4,12,2,12,2,2,1,1,1,0
380068,1,1,18,2,1,11,3,1,1,0,1,0,1,0,1,998,64,120,0,3,1,2,1,2,1,14,6,1,7,99,6,6,10,2020,3,20,2,42,1,1,4,3,1,4
380074,1,1,58,1,1,11,20,20,0,0,1,0,2,0,1,998,72,220,0,3,1,2,1,2,1,14,13,1,6,99,6,1,8,2020,7,21,2,39,1,1,4,1,1,4
380078,1,1,51,1,1,11,3,20,0,0,1,0,1,0,1,999,70,190,0,9,1,2,3,2,1,1,80,0,60,7,6,3,11,2020,3,11,2,8,1,1,1,1,1,0
380085,1,1,19,1,1,11,99,20,0,0,1,1,1,0,1,999,74,237,0,3,2,4,1,2,1,1,80,1,13,92,6,17,11,2020,3,5,2,8,1,1,4,3,1,0
390001,1,1,27,1,1,11,20,8,0,0,1,0,1,99,1,998,72,280,3,4,1,4,1,2,2,1,6,1,13,96,0,6,1,2020,2,2,2,33,1,1,4,3,1,4
390002,1,1,77,1,1,11,3,8,8,0,1,0,1,0,1,35,76,250,0,0,6,1,2,2,1,14,13,0,60,0,0,6,1,2020,2,7,2,52,5,1,4,4,10,4
390005,1,1,59,2,1,11,3,8,8,0,1,0,2,0,1,999,67,320,1,0,1,4,1,2,1,6,10,1,13,96,0,2,1,2020,5,13,2,12,2,2,1,1,10,4
390008,1,1,85,2,1,11,3,20,0,0,1,0,1,0,1,999,62,150,0,0,5,3,1,2,2,1,80,0,13,0,0,3,1,2020,6,20,2,8,1,1,1,3,2,0
390010,1,1,38,1,1,11,99,8,1,0,2,0,1,0,1,999,73,225,2,4,1,2,1,2,1,3,98,0,13,96,37,8,1,2020,4,19,2,42,1,1,5,2,10,2