ST_CASE,VEH_NO,PER_NO,AGE,SEX,PER_TYP,SEAT_POS,REST_USE,AIR_BAG,DRUGS,LOCATION,NUMOCCS,HIT_RUN,OWNER,V_CONFIG,HAZ_INV,TRAV_SP,DR_HGT,DR_WGT,PREV_SPD,SPEEDREL,VTRAFWAY,VNUM_LAN,VPROFILE,VPAVETYP,VSURCOND,P_CRASH1,P_CRASH2,DR_DRINK,VPICBODYCLASS,DRDISTRACT,DRIVERRF,DAY,MONTH,YEAR,DAY_WEEK,HOUR,RUR_URB,HARM_EV,RELJCT2,TYP_INT,REL_ROAD,LGT_COND,WEATHER,INJ_SEV
390011,1,1,49,2,1,11,3,9,8,0,4,0,2,0,1,20,67,170,0,0,1,2,1,2,1,1,17,0,60,0,38,8,1,2020,4,20,2,12,2,2,1,3,1,3
390012,1,1,24,1,1,11,3,20,8,0,1,0,3,1,1,40,73,205,1,0,5,5,1,2,1,1,17,0,63,0,39,6,1,2020,2,13,2,12,2,2,1,1,1,0
390013,1,1,24,1,1,11,20,8,8,0,1,0,2,0,1,998,69,210,0,0,1,4,1,2,1,1,10,0,7,96,28,14,1,2020,3,14,2,12,1,1,1,1,10,4
390014,1,1,51,1,1,11,20,8,8,0,1,0,2,0,1,45,68,180,0,0,1,2,1,2,1,2,12,0,13,96,0,16,1,2020,5,14,2,30,3,3,4,1,1,4
390015,1,1,30,1,1,11,20,20,8,0,1,0,1,0,1,998,73,170,0,0,1,2,1,2,1,6,6,1,80,96,34,14,1,2020,3,16,2,33,3,2,4,1,1,4
390016,1,1,51,1,1,11,20,9,8,0,2,0,2,0,1,50,74,260,0,0,6,2,1,2,1,1,6,1,7,96,0,19,1,2020,1,1,2,42,5,1,4,3,1,4
390017,1,1,40,1,1,11,20,8,8,0,1,0,1,0,1,999,72,235,0,4,1,2,2,2,1,1,13,1,60,5,0,7,1,2020,3,22,2,34,1,1,4,2,1,4
390019,1,1,38,1,1,11,3,20,8,0,1,0,3,1,1,70,82,210,0,0,3,2,1,2,1,1,51,0,65,96,26,8,1,2020,4,22,2,12,1,1,1,2,1,1
390020,1,1,42,1,1,11,20,20,8,0,1,0,1,0,1,999,72,240,3,0,1,2,1,2,2,14,6,0,2,96,0,10,1,2020,6,4,2,30,1,1,4,2,2,4
390021,1,1,67,1,1,11,3,20,8,0,2,0,1,0,1,35,67,160,0,0,5,6,2,2,1,1,80,0,7,0,0,12,1,2020,1,18,2,8,1,1,1,3,1,0
390023,1,1,67,1,1,11,3,20,8,0,1,0,1,0,1,45,74,210,0,0,1,2,2,2,2,1,80,0,13,0,0,10,1,2020,6,19,2,8,1,1,1,2,2,0
390025,1,1,75,1,1,11,3,20,8,0,2,0,1,0,1,998,70,215,0,0,1,4,1,2,2,1,80,0,60,0,0,11,1,2020,7,18,2,8,1,1,1,3,2,0
390027,1,1,18,1,1,11,3,8,8,0,2,0,2,0,1,999,74,175,0,0,1,2,2,2,2,14,13,1,3,96,0,4,1,2020,7,2,2,52,1,1,4,2,2,4
390029,1,1,27,2,1,11,20,9,8,0,1,0,2,0,1,999,65,170,1,0,1,2,6,2,2,1,10,1,13,96,28,18,1,2020,7,19,2,12,1,1,1,2,2,4
390036,1,1,18,1,1,11,99,20,8,0,2,0,1,0,1,999,68,123,0,0,4,2,1,2,2,99,12,0,13,96,999,4,1,2020,7,16,2,30,1,1,4,5,2,4
390037,1,1,33,1,1,11,3,20,8,0,1,0,1,0,1,20,999,999,0,0,5,6,1,2,2,1,80,0,7,0,0,24,1,2020,6,19,2,8,1,1,1,3,5,0
390038,1,1,33,2,1,11,20,9,8,0,1,1,1,0,1,999,61,170,0,0,1,5,1,1,1,11,15,0,13,0,38,1,1,2020,4,2,2,12,2,4,1,3,10,0
390040,1,1,26,1,1,11,3,20,8,0,1,0,1,0,1,55,68,180,1,0,2,2,1,2,2,1,80,0,13,96,0,14,1,2020,3,6,2,8,1,1,1,2,2,0
390041,1,1,33,1,1,11,20,8,8,0,1,0,1,0,1,50,69,212,0,0,1,2,1,2,2,1,10,1,13,96,0,2,1,2020,5,23,2,33,1,1,4,3,1,4
390042,1,1,82,1,1,11,3,8,8,0,2,0,1,0,1,999,74,230,1,0,3,3,1,2,1,1,50,0,13,0,26,30,1,2020,5,16,2,12,18,1,1,1,10,4
390043,1,1,23,1,1,11,20,8,1,0,4,0,2,0,1,998,71,130,4,5,3,4,1,2,1,1,17,1,13,0,39,19,1,2020,1,2,2,12,2,2,1,3,1,1
390052,1,1,36,1,1,11,20,9,1,0,1,0,2,0,1,999,72,204,0,0,1,2,1,2,1,14,13,1,13,0,6,29,1,2020,4,13,2,34,1,1,4,1,10,4
390054,1,1,37,1,1,11,20,20,8,0,1,0,1,0,1,999,67,170,0,4,1,2,1,2,1,14,12,1,60,0,0,30,1,2020,5,0,2,59,3,4,8,2,1,4
390056,1,1,38,1,1,11,20,20,8,0,1,0,1,0,1,65,75,270,0,4,3,4,1,2,1,1,6,0,7,96,0,28,1,2020,3,3,2,25,1,1,4,3,1,4
390057,1,1,66,1,1,11,20,9,8,0,1,0,3,6,1,999,73,230,0,0,3,2,1,2,1,15,11,0,66,0,27,22,1,2020,4,23,2,12,1,1,1,3,1,4
390058,1,1,23,2,1,11,20,9,1,0,1,0,2,0,1,60,65,109,1,0,1,5,1,2,1,1,6,1,7,0,0,15,1,2020,4,2,2,33,1,1,4,3,10,4
390061,1,1,20,2,1,11,20,9,8,0,2,0,1,0,1,998,64,145,0,0,1,4,1,2,2,1,10,1,7,0,27,26,1,2020,1,2,2,12,1,1,1,2,1,3
390062,1,1,44,1,1,11,99,9,8,0,1,0,1,0,1,999,74,230,1,0,2,2,1,2,2,1,19,1,7,0,0,25,1,2020,7,6,2,12,1,1,1,2,5,4
390064,1,1,56,2,1,11,98,20,8,0,1,0,1,0,1,998,63,170,0,0,1,2,1,2,2,14,13,0,13,96,6,8,2,2020,7,11,2,30,1,1,4,1,2,4
390065,1,1,42,1,1,11,20,9,8,0,1,0,2,0,1,92,71,230,0,4,1,2,1,2,4,1,6,1,13,96,37,8,2,2020,7,1,2,30,1,1,4,3,1,4
390066,1,1,33,1,1,11,98,20,8,0,1,0,2,0,1,999,73,209,0,0,1,2,1,2,3,98,98,1,60,96,87,8,2,2020,7,1,2,30,3,3,4,2,4,4
390069,1,1,24,1,1,11,20,20,8,0,1,0,2,0,1,998,70,165,0,0,1,4,2,2,2,14,13,1,13,96,58,1,2,2020,7,19,2,30,1,1,4,3,10,4
390072,1,1,38,1,1,11,20,20,1,0,2,0,2,0,1,999,70,265,0,0,1,2,2,2,1,14,13,1,7,96,0,1,2,2020,7,1,2,24,3,3,4,2,1,4
390073,1,1,39,2,1,11,20,8,8,0,1,0,2,0,1,40,66,104,1,0,5,3,8,2,1,1,17,0,7,0,38,2,2,2020,1,9,2,12,2,2,1,1,1,1
390074,1,1,72,1,1,11,3,8,8,0,1,0,1,0,1,53,70,206,0,0,1,2,2,2,2,1,10,0,7,96,27,5,2,2020,4,17,2,12,1,1,1,2,2,4
390075,1,1,78,1,1,11,20,9,8,0,1,0,3,0,1,999,71,186,0,0,2,2,2,2,1,1,60,0,5,0,0,22,1,2020,4,16,2,12,1,1,1,1,10,4
390076,1,1,34,2,1,11,20,8,8,0,1,0,1,0,1,999,67,183,1,0,1,2,1,2,2,11,15,0,3,96,38,23,1,2020,5,15,2,12,2,3,1,1,10,4
390077,1,1,52,1,1,11,20,20,8,0,1,0,1,0,1,998,66,150,0,0,3,3,2,1,2,14,6,1,60,96,999,17,2,2020,2,1,2,25,19,1,3,3,1,4
390078,1,1,22,1,1,11,3,20,8,0,1,0,1,0,1,55,68,163,0,0,2,2,1,2,1,1,80,0,13,0,10,14,2,2020,6,23,2,8,1,1,1,2,1,0
390082,1,1,42,2,1,11,99,9,1,0,1,0,2,0,1,999,64,175,0,0,1,2,2,2,1,1,10,0,13,0,27,17,2,2020,2,17,2,12,1,1,1,1,1,4
390083,1,1,37,2,1,11,3,20,8,0,1,0,1,0,1,67,63,175,0,0,2,2,1,2,1,1,80,0,13,96,0,22,2,2020,7,3,2,8,1,1,1,3,1,0
390085,1,1,40,1,1,11,3,20,8,0,1,0,3,6,1,999,68,250,0,0,3,3,1,2,1,1,12,0,66,96,0,21,2,2020,6,21,2,26,1,1,3,3,1,2
390086,1,1,20,2,1,11,3,9,8,0,1,0,1,0,1,35,63,115,2,0,3,3,1,2,2,1,11,0,13,0,38,25,2,2020,3,10,2,12,18,1,1,1,2,2
390087,1,1,100,1,1,11,3,8,8,0,2,0,1,0,1,25,69,180,0,0,1,5,1,2,3,1,62,0,5,0,0,26,2,2020,4,19,2,12,1,1,1,3,4,2
390089,1,1,28,2,1,11,99,9,8,0,1,0,2,0,1,999,63,110,0,0,1,2,2,2,1,1,14,1,13,0,39,29,2,2020,7,2,2,42,3,3,4,2,1,4
390090,1,1,34,1,1,11,20,9,8,0,2,0,1,0,1,998,72,200,2,9,3,4,1,2,1,1,13,0,7,96,0,29,2,2020,7,6,2,25,1,1,4,1,1,4
390091,1,1,29,2,1,11,3,20,8,0,1,0,1,0,1,45,70,200,4,0,2,2,1,2,1,1,80,0,13,0,0,17,2,2020,2,18,2,8,1,1,1,2,10,1
390094,2,1,42,2,1,11,3,9,8,0,1,0,2,0,1,60,60,119,1,0,6,2,2,2,1,15,50,0,13,92,26,18,2,2020,3,20,2,14,20,1,1,3,10,2
390097,1,1,17,1,1,11,20,9,8,0,4,0,1,0,1,999,67,150,0,0,1,2,1,2,2,1,12,0,13,96,6,9,2,2020,1,19,2,30,1,1,4,2,10,4
390098,1,1,39,2,1,11,3,20,8,0,2,0,2,0,1,50,66,148,0,0,1,7,1,2,2,1,80,0,7,0,0,9,2,2020,1,19,2,8,3,2,1,2,4,0
390100,1,1,53,2,1,11,3,9,8,0,2,0,1,0,1,999,63,170,0,4,1,4,1,1,4,11,6,1,13,96,87,13,2,2020,5,23,2,59,3,2,4,3,4,4
390101,1,1,998,1,1,11,99,9,8,0,2,1,9,0,1,998,999,999,99,9,1,2,1,2,1,1,50,0,13,96,999,2,3,2020,2,5,2,14,1,1,2,3,1,1
390106,1,1,24,2,1,11,20,8,8,0,1,0,1,0,1,999,67,140,2,0,5,5,1,2,1,11,15,0,13,5,38,31,1,2020,6,19,2,12,2,3,1,2,1,4
390107,1,1,34,1,1,11,20,9,1,0,3,0,1,0,1,35,73,140,2,0,1,5,2,2,1,1,13,0,60,0,0,16,2,2020,1,19,2,30,1,1,4,3,10,0
390108,1,1,57,1,1,11,20,9,8,0,2,0,2,1,1,998,70,999,0,0,3,3,1,2,3,1,13,1,60,96,0,26,2,2020,4,21,2,24,1,1,4,2,4,4
390109,1,1,75,1,1,11,3,8,8,0,1,0,1,0,1,998,73,150,0,0,1,2,2,2,1,14,62,0,60,0,0,21,2,2020,6,10,2,12,1,1,1,1,1,4
390110,1,1,17,2,1,11,3,9,8,0,1,0,2,0,1,999,67,210,0,0,1,7,2,2,1,1,66,0,13,0,0,29,1,2020,4,7,2,12,2,2,1,3,10,2
390111,1,1,37,1,1,11,3,20,8,0,2,0,3,0,1,35,69,180,1,0,1,4,1,2,1,1,80,0,60,0,0,6,1,2020,2,12,2,8,1,1,1,1,1,0
390113,1,1,53,1,1,11,3,20,8,0,1,0,1,0,1,15,73,215,0,0,1,4,1,2,2,11,80,0,60,0,38,25,2,2020,3,10,2,8,3,2,1,1,2,0
390114,1,1,57,1,1,11,3,20,8,0,1,0,2,0,1,999,66,329,0,0,1,4,1,2,2,1,80,0,13,0,0,11,1,2020,7,22,2,8,3,2,1,3,2,0
390115,1,1,998,8,1,11,99,99,8,0,99,1,9,99,1,999,999,999,99,9,4,2,1,2,2,11,99,0,999,96,38,3,1,2020,6,13,2,8,3,3,1,1,2,0
390116,1,1,20,1,1,11,3,20,8,0,2,0,1,0,1,55,68,140,0,4,6,2,1,2,2,14,13,0,13,0,6,27,2,2020,5,8,2,30,5,1,4,1,10,0
390117,1,1,51,1,1,11,20,8,8,0,3,0,2,0,1,999,74,180,1,0,1,4,2,1,1,6,10,0,13,96,34,14,2,2020,6,20,2,12,3,3,1,3,10,3
390118,1,1,24,1,1,11,20,8,8,0,2,0,2,0,1,999,74,200,0,0,1,2,1,2,1,6,12,1,13,0,28,6,3,2020,6,23,2,42,1,1,4,2,10,4
390119,1,1,34,2,1,11,3,20,8,0,2,0,1,0,1,10,56,90,1,0,2,3,1,2,1,11,15,0,7,0,38,9,3,2020,2,13,2,12,2,2,1,1,1,0
390121,1,1,71,1,1,11,20,99,8,0,1,0,3,0,1,998,71,185,0,0,1,2,2,2,2,1,13,0,60,96,87,8,2,2020,7,18,2,42,1,1,4,5,4,4
390122,1,1,20,1,1,11,3,8,8,0,1,0,1,0,1,998,69,140,3,4,1,2,1,2,1,1,6,0,3,96,27,22,2,2020,7,21,2,91,1,1,4,2,1,4
390123,1,1,45,1,1,11,3,9,8,0,1,0,2,0,1,999,68,150,1,0,1,2,1,2,4,1,13,1,9,96,87,29,2,2020,7,0,2,42,1,1,4,2,1,4
390124,1,1,40,1,1,11,20,20,8,0,1,0,1,0,1,999,70,170,0,3,3,3,1,2,1,1,6,1,81,0,0,1,3,2020,1,17,2,33,1,1,4,5,1,4
390127,1,1,61,1,1,11,20,20,8,0,1,0,1,0,1,999,69,230,0,0,6,2,2,2,1,14,13,1,6,96,6,5,3,2020,5,17,2,24,5,1,4,1,1,4
390129,1,1,53,1,1,11,3,20,8,0,1,0,3,21,1,998,74,345,0,0,4,4,2,2,2,11,80,0,16,0,38,10,3,2020,3,6,2,8,3,2,1,1,2,0
390131,1,1,21,1,1,11,20,9,8,0,2,0,2,0,1,55,72,230,1,0,1,4,1,2,1,1,62,0,60,0,0,29,2,2020,7,13,2,12,2,2,1,1,10,2
390132,1,1,27,2,1,11,20,9,8,0,1,0,1,0,1,60,62,173,0,0,5,5,1,2,1,1,10,1,13,96,28,16,3,2020,2,3,2,12,3,3,1,3,1,4
390134,1,1,61,1,1,11,20,20,8,0,2,0,1,0,1,35,73,230,0,0,1,2,1,2,1,1,67,1,81,96,0,15,3,2020,1,21,2,12,2,2,1,3,1,4
390136,1,1,36,2,1,11,3,8,8,0,2,0,2,0,1,60,69,175,1,0,2,2,1,2,1,1,80,0,7,0,0,10,3,2020,3,21,2,8,1,1,1,2,1,0
390140,1,1,33,2,1,11,20,20,8,0,1,0,1,0,1,998,66,165,0,0,6,1,2,2,1,1,12,0,7,0,58,18,3,2020,4,8,2,24,5,1,8,1,1,4
390141,1,1,42,1,1,11,20,9,8,0,1,0,2,0,1,998,67,168,0,4,1,4,1,2,2,14,10,1,13,96,6,19,3,2020,5,2,2,12,3,3,1,3,2,4
390142,1,1,46,1,1,11,3,8,8,0,1,0,3,0,1,999,69,135,0,0,1,2,1,2,1,14,10,0,13,96,27,21,1,2020,3,14,2,12,1,1,1,1,1,4
390143,1,1,49,1,1,11,3,20,8,0,2,0,1,0,1,40,69,195,0,0,4,3,1,2,1,1,80,0,13,0,38,15,3,2020,1,17,2,8,3,2,1,5,1,0
390146,1,1,54,1,1,11,3,9,8,0,2,0,1,0,1,5,71,230,0,0,1,2,1,2,2,11,15,0,60,12,38,31,3,2020,3,16,2,12,2,2,1,1,2,1
390147,1,1,67,2,1,11,3,9,8,0,1,0,1,0,1,15,64,150,0,0,1,2,1,2,1,1,91,0,13,0,999,22,2,2020,7,14,2,10,6,1,1,1,1,4
390148,1,1,59,2,1,11,3,20,8,0,1,0,1,0,1,25,67,125,0,0,1,2,1,2,1,1,50,0,13,0,26,29,2,2020,7,11,2,12,1,1,1,1,1,4
390149,1,1,34,2,1,11,3,20,8,0,1,0,1,0,1,27,60,170,0,0,1,2,2,2,1,1,80,0,7,0,0,8,3,2020,1,11,2,8,1,1,1,1,1,0
390150,1,1,62,1,1,11,3,20,8,0,1,0,1,0,1,18,999,999,99,0,5,5,1,2,1,1,80,0,7,0,0,7,3,2020,7,20,2,8,1,1,1,2,1,0
390152,1,1,58,1,1,11,20,20,8,0,1,0,1,0,1,999,70,300,0,4,1,2,1,2,1,14,12,1,12,96,0,8,3,2020,1,16,2,24,1,1,4,1,1,4
390155,1,1,75,2,1,11,3,20,8,0,1,0,1,0,1,999,61,150,0,0,1,2,1,2,1,13,12,1,15,0,31,15,3,2020,1,20,2,34,8,1,4,2,1,4
390157,1,1,48,1,1,11,3,8,8,0,1,0,1,0,1,999,70,250,0,9,5,5,2,2,2,1,10,0,13,0,27,14,3,2020,7,11,2,12,2,3,1,1,4,4
390158,1,1,34,1,1,11,3,9,1,0,2,0,2,0,1,999,72,250,0,0,1,8,1,2,1,1,50,0,7,96,26,20,3,2020,6,19,2,12,3,2,1,1,10,1
390161,1,1,33,2,1,11,20,9,8,0,1,0,1,0,1,999,67,290,0,0,1,2,1,2,2,1,10,0,60,96,27,14,3,2020,7,14,2,12,1,1,1,1,2,4
390163,1,1,47,1,1,11,3,20,8,0,1,0,1,0,1,10,71,200,1,0,4,4,1,2,1,10,16,0,7,96,38,25,3,2020,4,19,2,9,3,2,1,1,1,0
390165,1,1,27,1,1,11,20,9,8,0,1,0,1,0,1,80,70,200,4,3,1,2,1,2,1,1,6,1,13,96,27,23,2,2020,1,2,2,14,1,1,1,3,1,4
390166,1,1,71,2,1,11,3,20,8,0,2,0,1,0,1,35,63,165,0,0,1,5,1,2,1,1,92,0,13,0,0,29,3,2020,1,13,2,18,3,3,1,1,1,4
390167,1,1,67,1,1,11,3,9,8,0,1,0,1,0,1,31,70,182,0,0,1,4,1,1,1,1,17,0,13,0,39,8,3,2020,1,11,2,12,2,2,1,1,1,3
390170,1,1,58,1,1,11,99,9,8,0,1,0,1,0,1,999,66,175,1,0,6,2,1,2,1,14,13,0,3,96,999,9,4,2020,5,19,2,30,5,1,4,1,1,4
390171,1,1,58,2,1,11,20,9,1,0,1,0,2,0,1,999,68,240,0,4,1,2,1,2,1,10,6,1,7,96,0,29,3,2020,1,18,2,42,3,4,4,5,6,4
390172,1,1,19,2,1,11,20,99,8,0,2,0,2,0,1,999,61,113,1,0,2,2,2,2,1,1,67,1,13,96,39,16,3,2020,2,1,2,12,2,2,1,2,1,3
390173,1,1,40,1,1,11,3,9,8,0,3,0,2,0,1,998,67,250,0,9,1,5,2,2,3,1,99,0,13,96,999,29,2,2020,7,3,2,26,1,1,4,3,4,3
390174,1,1,57,1,1,11,3,20,8,0,1,0,3,1,1,999,65,170,0,5,1,3,6,2,1,14,8,0,11,0,6,13,3,2020,6,11,2,1,1,1,1,1,1,0
390175,1,1,998,8,1,11,99,98,8,0,99,1,9,99,1,999,999,999,99,0,1,4,1,2,1,1,80,0,999,96,999,8,3,2020,1,0,2,8,3,3,1,3,1,0
390176,1,1,26,2,1,11,20,9,8,0,2,0,1,0,1,998,62,165,0,0,1,4,1,2,3,98,99,1,13,96,0,29,2,2020,7,4,2,12,1,1,1,3,4,4
390177,1,1,26,2,1,11,3,8,8,0,1,0,1,0,1,998,67,145,2,0,3,3,1,1,1,1,19,1,13,96,51,14,3,2020,7,4,2,12,1,1,1,3,1,4
390178,1,1,32,2,1,11,20,20,8,0,1,0,1,0,1,999,62,138,2,0,1,2,1,2,1,1,6,0,13,96,0,3,3,2020,3,23,2,24,3,2,4,3,1,4
390179,1,1,998,8,1,11,99,98,8,0,1,1,9,99,1,999,999,999,99,9,1,2,1,2,1,1,80,0,999,96,999,2,4,2020,5,21,2,8,3,2,1,2,1,1
390180,1,1,17,1,1,11,20,9,8,0,1,0,2,0,1,79,75,170,0,5,1,2,2,2,1,14,6,0,7,96,58,3,4,2020,6,11,2,1,1,1,1,1,1,4
390181,1,1,36,1,1,11,20,8,8,0,1,0,1,0,1,25,71,250,2,0,1,2,9,2,1,2,91,1,13,0,36,23,2,2020,1,1,2,10,6,1,1,2,1,4
390184,1,1,48,1,1,11,20,20,8,0,1,0,2,0,1,999,67,245,1,5,1,2,1,2,1,14,12,0,81,0,0,8,3,2020,1,16,2,1,1,1,4,1,10,4
390185,1,1,20,1,1,11,20,20,0,0,1,0,1,0,1,39,66,145,1,0,5,3,2,2,1,1,80,1,60,0,0,7,3,2020,7,22,2,8,3,2,1,3,1,0
390187,1,1,73,2,1,11,3,8,8,0,1,0,1,0,1,55,63,195,0,0,1,2,1,2,1,14,13,1,7,96,30,7,3,2020,7,19,2,59,1,1,4,2,1,4
390189,1,1,29,1,1,11,20,20,8,0,1,0,2,0,1,998,999,999,99,0,1,2,1,2,1,1,13,0,3,96,6,24,3,2020,3,19,2,38,1,1,4,2,1,4
390190,1,1,58,1,1,11,3,20,8,0,1,0,3,6,1,998,67,200,0,0,3,3,1,2,2,1,64,0,66,0,0,29,3,2020,1,4,2,12,1,1,1,2,2,0
390191,1,1,82,1,1,11,20,20,8,0,1,0,1,0,1,999,65,240,0,0,1,2,2,2,2,1,13,0,13,0,6,23,3,2020,2,12,2,59,1,1,4,1,10,4
390193,1,1,41,1,1,11,20,9,8,0,1,0,2,0,1,999,66,165,0,5,1,2,1,2,1,14,12,0,60,0,6,24,3,2020,3,4,2,35,1,1,4,2,10,4
390196,1,1,41,1,1,11,20,20,8,0,1,0,2,0,1,998,68,175,0,0,1,2,1,2,98,1,12,0,60,96,6,29,3,2020,1,15,2,42,1,1,5,1,98,4
390199,1,1,66,2,1,11,3,20,8,0,1,0,1,0,1,32,66,160,0,0,1,2,2,2,1,1,54,0,7,0,0,4,4,2020,7,17,2,12,1,1,1,1,1,0
390200,1,1,998,9,1,11,99,20,8,0,1,1,9,0,1,999,999,999,99,0,5,5,1,2,1,1,51,0,3,96,26,5,4,2020,1,18,2,12,1,1,1,5,1,9
390202,1,1,998,8,1,11,99,98,8,0,99,1,9,99,1,998,999,999,99,9,1,2,1,2,1,1,80,0,999,96,38,13,4,2020,2,12,2,8,1,1,2,1,10,9
390203,1,1,21,1,1,11,20,9,8,0,2,0,1,0,1,998,63,140,1,0,1,2,1,2,1,15,51,0,13,0,35,16,4,2020,5,16,2,12,1,1,1,1,1,4
390204,1,1,33,1,1,11,20,8,8,0,1,0,2,0,1,42,66,210,1,0,2,2,1,2,1,1,13,1,60,96,6,8,4,2020,4,22,2,39,1,1,4,3,10,4
390206,1,1,69,1,1,11,3,9,8,0,4,0,1,0,1,65,72,223,0,0,3,3,2,2,2,1,50,0,2,12,26,12,3,2020,5,18,2,12,1,1,1,1,2,2
390208,1,1,19,1,1,11,20,20,1,0,2,0,1,0,1,80,70,999,0,3,3,2,1,2,1,1,98,0,7,3,6,5,3,2020,5,0,2,57,1,1,3,3,1,1
390209,1,1,998,8,1,11,99,98,8,0,99,1,9,99,1,999,999,999,99,9,1,2,1,1,1,99,99,0,999,96,999,2,2,2020,1,12,2,8,3,2,1,1,1,9
390210,1,1,50,1,1,11,20,99,8,0,1,0,1,0,1,999,70,160,0,9,2,2,1,2,2,6,51,0,13,96,35,3,1,2020,6,8,2,26,1,1,4,1,2,4
390212,1,1,23,2,1,11,3,20,8,0,1,0,1,0,1,30,64,155,3,0,1,2,1,2,2,11,80,0,7,0,0,13,2,2020,5,7,2,8,3,2,1,3,10,1
390213,1,1,29,1,1,11,3,9,8,0,2,0,1,0,1,35,73,190,0,0,1,4,2,1,4,14,62,0,60,0,0,12,2,2020,4,18,2,33,1,1,4,3,10,0
390214,1,1,56,1,1,11,20,20,8,0,2,0,2,0,1,80,71,230,1,4,2,2,2,2,4,14,6,1,81,0,0,8,3,2020,1,16,2,59,3,2,4,1,1,4
390215,1,1,62,1,1,11,3,20,8,0,2,0,1,0,1,0,64,140,0,0,3,6,1,2,1,5,53,0,7,96,24,21,4,2020,3,7,2,12,1,1,1,1,10,4
390216,1,1,46,1,1,11,98,20,1,0,1,1,2,0,1,999,73,189,1,0,1,4,1,2,2,1,83,1,60,96,86,9,2,2020,1,21,2,9,1,1,1,3,4,0
390219,1,1,51,1,1,11,20,9,8,0,1,0,1,0,1,999,75,200,0,0,1,2,1,2,2,1,8,1,60,96,6,25,1,2020,7,21,2,42,1,1,4,2,4,4
390220,2,1,49,2,1,11,3,9,8,0,1,0,1,0,1,998,66,150,0,4,1,4,2,2,4,1,80,0,7,0,87,7,2,2020,6,18,2,8,1,1,1,2,4,0
390221,1,1,39,2,1,11,3,8,1,0,1,0,2,0,1,999,65,140,0,0,3,3,1,2,2,1,54,0,13,0,51,13,4,2020,2,12,2,12,1,1,1,1,10,4
390223,1,1,49,2,1,11,20,9,8,0,1,0,1,0,1,998,66,180,0,5,3,3,2,2,2,1,12,0,13,96,0,19,3,2020,5,15,2,14,7,1,3,1,2,4
390225,1,1,998,9,1,11,98,99,8,0,1,1,9,99,1,999,999,999,99,9,4,3,1,2,1,1,80,0,999,96,999,18,4,2020,7,3,2,8,3,2,1,3,1,9
390226,1,1,49,1,1,11,3,9,8,0,2,0,2,0,1,35,72,270,0,0,1,2,1,2,1,1,14,1,7,0,60,13,4,2020,2,21,2,34,3,3,4,2,1,0
390227,1,1,36,1,1,11,99,20,8,0,2,1,2,0,1,35,67,165,1,9,1,2,1,2,1,1,19,0,7,96,38,20,4,2020,2,22,2,15,3,3,1,1,1,0
390229,1,1,32,1,1,11,99,99,8,0,3,0,2,0,1,999,70,153,0,4,5,5,1,2,2,6,51,0,13,96,35,28,3,2020,7,19,2,12,2,3,1,3,2,3
390230,1,1,41,1,1,11,20,99,8,0,1,0,1,0,1,96,63,240,0,4,1,6,2,2,1,1,17,0,13,96,0,2,4,2020,5,11,2,19,3,2,4,1,1,4
390231,1,1,61,1,1,11,3,20,8,0,1,0,2,0,1,35,69,200,0,0,1,2,1,2,1,1,80,0,7,12,38,22,4,2020,4,8,2,8,1,1,1,1,10,0
390232,1,1,41,1,1,11,99,99,8,0,2,0,1,0,1,998,72,240,0,2,6,3,1,1,1,1,6,0,7,96,58,18,4,2020,7,21,2,43,5,1,4,3,1,2
390233,1,1,55,1,1,11,20,20,8,0,1,0,1,0,1,45,72,155,0,0,1,2,2,2,2,1,13,1,82,96,30,25,4,2020,7,18,2,35,1,1,4,1,2,4
390235,1,1,21,1,1,11,3,9,8,0,1,0,3,0,1,75,74,170,0,4,2,3,1,2,2,14,19,1,13,96,0,26,4,2020,1,8,2,1,1,1,5,4,2,4
390236,1,1,32,1,1,11,20,20,8,0,1,0,9,0,1,999,38,161,1,0,1,2,1,2,1,1,17,1,69,96,39,28,4,2020,3,20,2,12,2,2,1,1,1,4
390238,1,1,32,1,1,11,98,99,8,0,2,0,1,0,1,998,76,190,0,3,1,2,1,2,2,14,6,1,13,96,36,20,3,2020,6,0,2,31,1,1,4,3,10,3
390239,1,1,28,1,1,11,3,20,8,0,1,0,1,0,1,65,66,195,1,0,3,5,1,2,2,1,80,0,13,0,0,30,4,2020,5,1,2,8,1,1,1,3,2,0
390241,1,1,66,1,1,11,3,20,0,0,1,0,1,0,1,35,66,200,0,0,1,4,1,2,2,1,80,0,60,0,0,5,5,2020,3,22,2,8,1,1,1,2,2,0
390242,1,1,78,2,1,11,3,20,8,0,2,1,1,0,1,5,68,150,0,0,1,2,1,2,1,11,15,0,13,0,38,3,5,2020,1,14,2,12,3,3,1,1,1,0
390244,1,1,44,2,1,11,3,9,8,0,1,0,2,0,1,999,61,98,0,5,2,3,1,2,1,1,13,1,13,96,0,28,4,2020,3,21,2,39,1,1,4,2,10,4
390246,1,1,18,2,1,11,3,20,8,0,1,0,2,0,1,30,62,124,0,0,2,4,2,2,1,1,80,0,13,0,0,7,5,2020,5,13,2,8,3,2,1,1,1,0
390247,1,1,54,2,1,11,3,20,8,0,1,0,2,0,1,40,65,135,0,0,1,2,1,2,1,1,13,0,13,96,6,23,4,2020,5,0,2,8,1,1,2,2,1,0