ST_CASE,VEH_NO,PER_NO,AGE,SEX,PER_TYP,SEAT_POS,REST_USE,AIR_BAG,DRUGS,LOCATION,NUMOCCS,HIT_RUN,OWNER,V_CONFIG,HAZ_INV,TRAV_SP,DR_HGT,DR_WGT,PREV_SPD,SPEEDREL,VTRAFWAY,VNUM_LAN,VPROFILE,VPAVETYP,VSURCOND,P_CRASH1,P_CRASH2,DR_DRINK,VPICBODYCLASS,DRDISTRACT,DRIVERRF,DAY,MONTH,YEAR,DAY_WEEK,HOUR,RUR_URB,HARM_EV,RELJCT2,TYP_INT,REL_ROAD,LGT_COND,WEATHER,INJ_SEV
390537,1,1,26,1,1,11,20,8,8,0,1,1,2,0,1,100,68,175,2,2,1,4,2,2,2,1,17,0,60,0,39,28,7,2020,3,22,2,12,2,2,1,3,1,0
390538,1,1,35,2,1,11,20,9,8,0,2,0,1,0,1,35,65,302,1,0,1,2,1,2,1,1,62,1,7,0,0,8,7,2020,4,1,2,12,2,3,1,3,1,4
390539,1,1,54,1,1,11,20,20,8,0,1,0,1,0,1,35,71,245,0,4,1,2,2,2,1,14,6,0,12,0,0,29,7,2020,4,14,2,1,1,1,1,1,1,4
390541,1,1,37,1,1,11,3,8,8,0,4,0,1,0,1,35,70,220,1,0,1,4,1,1,1,1,10,0,7,0,0,6,6,2020,7,12,2,12,1,1,1,1,1,3
390545,1,1,68,1,1,11,20,20,1,0,1,0,1,0,1,999,70,190,0,4,6,2,2,2,1,14,13,0,6,96,0,3,7,2020,6,1,2,24,5,1,4,3,1,4
390546,1,1,57,2,1,11,99,20,8,0,1,0,1,0,1,999,63,165,0,0,1,3,1,2,1,1,9,0,7,96,6,4,7,2020,7,19,2,12,3,3,1,1,1,4
390547,1,1,998,8,1,11,99,99,8,0,99,1,9,99,1,999,999,999,99,9,1,2,2,2,1,1,80,0,999,96,999,16,7,2020,5,2,2,8,18,1,1,3,10,0
390548,1,1,20,1,1,11,98,9,8,0,1,0,1,0,1,998,73,200,6,0,3,3,1,2,1,1,17,0,3,0,39,7,6,2020,1,16,2,12,2,2,1,5,10,0
390549,1,1,32,1,1,11,20,8,1,0,1,0,2,0,1,999,72,220,0,4,1,4,1,2,1,1,9,1,13,96,0,9,6,2020,3,2,2,33,1,1,4,3,1,4
390550,1,1,21,1,1,11,20,20,8,0,1,0,2,0,1,999,70,180,0,4,1,3,1,2,1,1,68,0,80,0,36,10,8,2020,2,14,2,12,2,3,1,1,1,4
390552,1,1,50,1,1,11,3,9,0,0,1,0,1,0,1,999,67,170,0,0,1,2,1,2,1,1,10,0,13,96,28,22,7,2020,4,14,2,12,1,1,1,1,10,4
390553,1,1,33,1,1,11,20,20,8,0,1,0,1,0,1,56,66,145,0,4,1,2,2,1,1,14,6,1,94,96,0,17,7,2020,6,22,2,33,1,1,4,2,1,4
390555,1,1,17,1,1,11,3,9,8,0,1,0,1,0,1,10,64,140,0,0,1,2,1,2,2,11,17,0,13,0,38,21,7,2020,3,21,2,12,2,2,1,3,1,1
390556,1,1,22,1,1,11,20,20,8,0,1,0,1,0,1,40,63,110,1,0,1,2,1,2,1,1,66,0,7,0,0,16,5,2020,7,15,2,12,2,2,1,1,1,2
390557,1,1,49,2,1,11,20,9,8,0,1,0,1,0,1,998,63,180,1,0,1,2,1,2,1,98,12,1,7,0,30,18,7,2020,7,1,2,33,1,1,4,3,1,4
390558,1,1,55,2,1,11,3,20,8,0,1,0,1,0,1,5,65,130,0,0,0,0,0,0,0,11,15,0,13,0,38,17,7,2020,6,16,2,12,8,1,1,1,1,0
390562,1,1,58,2,1,11,20,20,8,0,1,0,3,0,1,999,69,220,0,4,3,3,1,2,1,1,9,0,95,96,6,13,8,2020,5,2,2,1,19,1,4,3,10,4
390563,1,1,65,1,1,11,98,20,8,0,1,0,1,0,1,2,66,160,0,0,0,0,0,0,0,4,19,0,7,0,38,5,8,2020,4,8,2,12,8,1,1,1,1,0
390565,1,1,998,9,1,11,98,99,8,0,1,1,9,99,1,999,999,999,99,0,1,2,1,2,1,1,80,0,999,96,0,10,8,2020,2,20,2,8,1,1,1,3,10,9
390568,1,1,17,1,1,11,3,9,8,0,5,0,2,0,1,99,69,140,0,0,1,2,1,2,2,1,13,1,7,96,30,2,8,2020,1,23,2,53,1,1,4,2,2,3
390569,1,1,25,2,1,11,99,9,8,0,3,0,1,0,1,998,69,165,1,4,1,5,1,2,1,6,10,0,13,96,6,5,8,2020,4,17,2,12,2,2,1,1,1,0
390570,1,1,38,1,1,11,20,20,8,0,1,0,2,0,1,999,68,172,0,0,2,2,1,2,1,1,12,0,84,96,30,1,8,2020,7,1,2,33,1,1,3,3,1,4
390571,1,1,31,1,1,11,3,20,8,0,1,0,3,0,1,998,72,260,0,0,2,2,1,2,1,1,83,0,95,0,0,4,8,2020,3,9,2,9,1,1,1,1,10,0
390572,1,1,19,1,1,11,20,8,8,0,2,0,1,0,1,109,68,140,2,4,3,2,1,2,1,1,6,0,7,0,6,6,8,2020,5,18,2,35,19,1,3,1,1,3
390573,1,1,33,1,1,11,3,8,8,0,1,0,3,0,1,999,71,290,0,0,3,3,1,2,1,15,53,0,5,0,27,11,8,2020,3,14,2,12,18,1,1,1,1,0
390574,1,1,23,1,1,11,20,8,1,0,1,0,1,0,1,998,71,210,0,0,1,5,1,2,1,1,10,1,7,0,27,8,8,2020,7,19,2,12,1,1,1,1,1,3
390575,1,1,51,1,1,11,20,20,8,0,1,0,1,0,1,999,69,190,0,4,1,4,1,2,2,1,10,1,82,0,79,1,8,2020,7,21,2,1,1,1,1,3,2,4
390581,1,1,27,2,1,11,3,20,1,0,1,0,1,0,1,40,71,225,3,0,2,2,1,2,1,1,80,0,13,0,0,5,8,2020,4,23,2,8,1,1,1,3,1,2
390582,1,1,18,1,1,11,99,20,8,0,1,0,2,0,1,998,69,155,0,0,1,2,2,2,1,1,80,1,13,96,0,8,8,2020,7,19,2,8,1,1,1,1,1,2
390585,1,1,67,1,1,11,99,8,8,0,2,0,1,0,1,15,68,150,0,0,1,6,1,2,1,11,17,0,13,0,38,5,8,2020,4,16,2,12,2,2,1,1,10,4
390586,1,1,62,1,1,11,3,9,8,0,1,0,1,0,1,999,68,148,0,5,1,4,1,2,2,1,12,0,7,0,0,30,7,2020,5,13,2,33,1,1,4,1,2,4
390587,1,1,33,1,1,11,20,9,8,0,2,0,2,0,1,97,72,145,0,0,1,2,2,2,1,1,12,1,3,0,6,12,8,2020,4,23,2,42,1,1,5,2,1,4
390588,1,1,28,1,1,11,3,9,8,0,1,0,2,0,1,5,72,160,2,0,1,6,1,2,1,11,15,0,8,0,38,16,8,2020,1,22,2,12,2,3,1,3,1,0
390589,1,1,25,1,1,11,99,9,8,0,1,0,1,0,1,999,999,999,99,0,3,3,1,2,1,1,19,1,13,96,50,10,8,2020,2,8,2,12,18,1,1,1,1,4
390590,1,1,40,1,1,11,3,20,8,0,1,0,1,0,1,999,69,140,0,0,1,3,1,2,1,1,19,1,7,96,28,18,8,2020,3,21,2,12,1,1,1,3,1,1
390591,1,1,40,1,1,11,20,20,8,0,1,0,1,0,1,999,70,250,0,0,2,2,1,2,1,1,12,1,81,96,0,6,6,2020,7,0,2,1,1,1,4,3,1,4
390592,1,1,57,2,1,11,3,20,8,0,8,1,1,0,1,5,66,162,0,0,1,2,1,2,1,1,80,0,2,12,86,21,7,2020,3,22,2,8,1,1,1,3,10,0
390593,1,1,27,1,1,11,20,20,8,0,1,0,1,0,1,999,68,160,0,4,1,2,1,1,6,1,5,1,3,96,87,27,6,2020,7,4,2,33,1,1,4,3,2,4
390594,1,1,25,1,1,11,3,20,8,0,1,0,1,0,1,50,64,175,3,0,3,3,1,1,1,1,81,0,13,0,0,16,6,2020,3,4,2,8,18,1,1,3,1,0
390598,1,1,18,1,1,11,20,9,8,0,1,0,2,0,1,999,67,137,2,5,1,2,1,2,1,1,17,1,60,96,39,9,8,2020,1,0,2,12,2,2,1,2,1,4
390600,1,1,29,1,1,11,20,20,8,0,1,0,9,0,1,999,76,280,0,0,1,4,1,2,1,1,13,0,86,96,30,16,8,2020,1,19,2,30,1,1,4,1,1,4
390601,1,1,37,1,1,11,20,20,1,0,1,0,2,0,1,80,68,195,0,3,3,3,1,2,98,1,13,1,80,0,6,17,7,2020,6,10,2,14,1,1,2,1,1,4
390604,1,1,58,1,1,11,3,9,8,0,1,0,2,0,1,50,72,220,0,0,1,2,1,2,1,1,13,1,13,96,999,21,8,2020,6,21,2,30,1,1,4,2,1,4
390605,1,1,26,1,1,11,3,20,8,0,1,0,1,0,1,45,76,350,0,0,2,1,1,2,1,1,80,0,13,0,10,22,8,2020,7,0,2,8,3,3,1,2,1,0
390608,1,1,31,1,1,11,20,20,8,0,1,0,1,0,1,998,70,300,0,5,5,5,1,2,1,1,62,0,82,96,0,2,7,2020,5,15,2,12,2,2,1,1,1,4
390609,1,1,25,2,1,11,3,20,1,0,1,0,2,0,1,40,999,999,0,0,1,4,1,2,1,1,80,0,13,10,38,3,7,2020,6,9,2,8,3,3,1,1,1,0
390613,1,1,998,8,1,11,98,98,8,0,99,1,9,99,1,999,999,999,99,9,5,4,1,2,1,11,15,0,999,96,38,20,7,2020,2,21,2,12,2,2,1,3,1,9
390615,1,1,35,1,1,11,3,20,8,0,1,0,1,0,1,10,73,230,1,0,1,2,1,2,1,11,15,0,3,0,0,26,7,2020,1,19,2,12,8,1,1,1,1,1
390616,1,1,48,1,1,11,3,8,8,0,1,0,1,0,1,999,69,180,0,0,3,2,1,2,1,1,54,0,13,0,51,26,7,2020,1,0,2,12,1,1,1,2,1,4
390618,1,1,28,2,1,11,20,8,8,0,1,0,2,0,1,999,64,220,2,0,1,2,1,2,1,14,13,1,13,96,30,20,7,2020,2,23,2,32,1,1,4,2,1,4
390619,1,1,31,1,1,11,20,20,8,0,1,0,2,0,1,998,70,168,1,0,3,4,1,2,1,1,90,1,82,96,81,26,6,2020,6,12,2,18,1,1,2,1,10,4
390620,1,1,60,1,1,11,3,9,8,0,3,0,2,0,1,35,67,177,0,0,1,2,2,2,1,14,10,0,13,0,27,20,7,2020,2,13,2,12,1,1,1,1,1,2
390622,1,1,998,8,1,11,99,99,8,0,99,1,9,99,1,999,999,999,99,9,1,3,1,2,1,1,80,0,999,96,0,24,8,2020,2,1,2,8,1,1,1,3,1,0
390623,1,1,24,2,1,11,3,8,8,0,3,0,1,0,1,998,64,160,0,0,1,2,1,2,1,1,12,0,13,96,30,22,8,2020,7,6,2,42,1,1,4,4,1,4
390624,1,1,22,1,1,11,20,20,8,0,1,0,1,99,1,999,72,200,0,0,1,2,2,2,1,1,10,0,999,96,28,21,8,2020,6,3,2,12,1,1,1,3,1,4
390626,1,1,22,1,1,11,20,20,8,0,1,0,1,0,1,998,74,213,1,0,1,2,2,2,1,14,13,1,80,96,30,20,8,2020,5,13,2,33,1,1,4,1,1,4
390627,1,1,49,1,1,11,20,20,8,0,1,0,2,0,1,999,65,132,0,0,1,2,1,1,1,1,14,1,98,12,36,26,8,2020,4,20,2,38,1,1,4,2,1,4
390629,1,1,56,1,1,11,20,20,8,0,1,0,1,0,1,999,68,180,0,0,1,2,1,2,1,1,13,0,82,0,30,10,8,2020,2,13,2,24,1,1,4,1,1,4
390631,1,1,45,2,1,11,20,8,8,0,1,0,1,0,1,999,64,170,1,0,5,6,1,2,1,11,15,0,13,96,0,13,8,2020,5,16,2,12,8,1,1,1,1,4
390633,1,1,23,1,1,11,20,8,8,0,1,0,5,0,1,998,999,999,0,4,1,4,1,2,1,14,10,1,7,0,91,14,8,2020,6,15,2,12,1,1,1,1,1,3
390637,1,1,17,2,1,11,20,8,8,0,2,0,2,0,1,999,66,165,0,0,1,2,1,2,1,1,12,0,13,96,30,17,8,2020,2,4,2,42,1,1,4,2,1,4
390639,1,1,29,1,1,11,3,20,8,0,1,0,1,0,1,35,74,180,0,0,1,4,1,2,1,1,81,0,13,0,0,22,8,2020,7,21,2,8,1,1,1,2,1,0
390640,1,1,56,1,1,11,20,20,8,0,1,0,1,0,1,999,75,192,0,0,1,2,1,2,1,1,13,0,60,96,58,21,8,2020,6,15,2,34,1,1,4,1,1,4
390641,1,1,27,1,1,11,20,20,8,0,1,0,1,0,1,999,66,155,1,0,1,2,1,2,1,1,51,0,13,0,27,23,8,2020,1,12,2,24,1,1,4,1,1,4
390643,1,1,25,2,1,11,99,8,8,0,3,0,2,0,1,65,61,125,0,0,3,3,1,1,2,1,50,1,7,96,26,28,8,2020,6,21,2,12,1,1,1,3,1,3
390646,1,1,18,2,1,11,3,8,8,0,2,0,2,0,1,11,63,999,0,0,0,0,0,0,0,4,19,0,7,0,38,17,8,2020,2,15,2,12,8,1,1,1,10,3
390647,1,1,88,2,1,11,3,9,8,0,1,0,1,0,1,55,63,115,0,0,1,3,1,2,1,1,66,0,13,0,0,21,8,2020,6,10,2,12,2,2,1,1,1,4
390651,1,1,44,2,1,11,20,9,8,0,1,0,3,0,1,999,61,115,0,0,1,2,1,1,2,14,10,0,13,0,28,3,9,2020,5,7,2,12,1,1,1,1,2,4
390653,1,1,62,1,1,11,20,20,8,0,1,0,1,0,1,65,71,220,0,0,6,3,1,2,1,16,5,1,94,96,6,27,7,2020,2,20,2,1,5,1,8,5,1,4
390654,1,1,69,1,1,11,20,20,8,0,1,0,1,0,1,999,72,999,0,0,1,2,1,2,1,14,13,1,81,96,0,21,8,2020,6,13,2,32,1,1,4,1,1,4
390656,1,1,36,2,1,11,3,20,8,0,2,0,2,0,1,10,62,140,3,0,2,2,1,2,1,11,17,0,60,0,38,19,8,2020,4,12,2,12,2,3,1,1,1,0
390661,1,1,44,1,1,11,98,20,8,0,1,1,1,0,1,55,72,185,0,0,1,2,1,2,1,1,80,1,60,0,0,25,8,2020,3,23,2,8,1,1,1,2,10,0
390663,1,1,53,1,1,11,3,20,0,0,1,0,1,0,1,25,77,250,0,0,1,2,1,2,1,1,83,0,7,0,0,25,8,2020,3,16,2,9,8,1,1,1,1,0
390665,1,1,23,1,1,11,20,8,8,0,2,0,3,0,1,65,72,180,1,0,5,5,4,1,1,1,17,1,13,0,39,27,8,2020,5,7,2,12,2,2,1,1,10,4
390666,1,1,42,1,1,11,3,20,8,0,1,0,1,0,1,35,71,220,0,0,1,2,1,2,1,1,81,0,60,0,0,24,8,2020,2,16,2,8,1,1,1,1,1,0
390667,1,1,52,1,1,11,99,9,8,0,1,0,2,0,1,998,72,220,0,0,1,2,1,2,1,1,17,0,60,96,39,28,8,2020,6,22,2,12,2,2,1,3,1,2
390669,1,1,22,2,1,11,3,20,8,0,1,0,2,0,1,998,66,140,3,0,1,5,2,2,2,1,80,0,7,0,0,2,9,2020,4,6,2,8,1,1,1,3,2,0
390670,1,1,31,1,1,11,20,20,8,0,1,0,1,0,1,60,67,180,0,0,1,2,2,2,1,14,13,0,80,0,30,30,8,2020,1,16,2,59,1,1,4,1,1,4
390671,1,1,45,1,1,11,3,20,8,0,1,0,2,0,1,999,76,200,0,4,6,1,2,1,1,14,51,1,13,12,37,4,9,2020,6,0,2,25,5,1,4,3,1,4
390675,1,1,30,1,1,11,20,8,8,0,1,0,3,0,1,999,72,240,0,0,5,5,1,2,1,1,10,0,95,0,28,3,9,2020,5,12,2,12,2,3,1,1,10,4
390676,1,1,998,1,1,11,99,9,8,0,1,1,9,0,1,999,999,999,99,9,3,3,1,2,2,15,10,0,7,0,35,2,8,2020,1,1,2,12,18,1,1,3,2,9
390677,1,1,29,1,1,11,3,20,8,0,1,0,1,0,1,35,71,195,0,0,1,4,2,1,1,1,80,1,13,0,0,5,9,2020,7,5,2,8,1,1,1,2,1,0
390680,1,1,26,1,1,11,98,9,8,0,1,0,2,0,1,999,999,999,99,0,1,2,1,2,1,1,12,1,13,96,28,6,9,2020,1,5,2,14,1,1,4,3,1,4
390681,1,1,19,1,1,11,3,20,8,0,1,0,2,0,1,70,71,150,0,0,3,5,1,1,1,1,80,0,13,0,0,12,9,2020,7,13,2,8,1,1,1,1,10,0
390682,1,1,57,2,1,11,3,9,8,0,1,0,1,0,1,999,61,164,0,0,1,2,2,2,1,1,10,0,7,96,28,7,9,2020,2,11,2,12,1,1,1,1,1,3
390683,1,1,31,1,1,11,20,20,8,0,1,0,2,0,1,999,73,250,0,4,1,3,1,2,1,1,6,0,81,96,6,20,8,2020,5,18,2,33,1,1,4,1,1,4
390685,1,1,28,2,1,11,20,9,1,0,1,0,1,0,1,65,64,160,1,3,1,4,1,2,1,1,6,1,7,96,0,5,7,2020,1,2,2,18,1,1,5,3,1,4
390686,1,1,32,2,1,11,20,9,8,0,2,0,2,0,1,50,66,314,0,4,1,3,1,1,1,1,13,0,13,0,0,5,7,2020,1,7,2,33,3,2,4,4,1,3
390687,1,1,36,1,1,11,98,8,8,0,3,0,3,0,1,999,70,250,0,0,5,5,1,2,1,1,12,0,13,96,28,30,7,2020,5,16,2,33,1,1,4,1,1,4
390688,1,1,19,1,1,11,20,20,8,0,1,0,9,0,1,66,70,175,1,3,1,4,1,2,1,1,62,0,80,96,0,30,7,2020,5,16,2,12,8,1,1,1,1,4
390690,1,1,46,1,1,11,98,20,8,0,1,0,1,0,1,65,66,150,1,0,3,4,2,2,1,1,53,0,60,0,0,1,6,2020,2,21,2,12,1,1,1,3,1,2
390691,1,1,999,9,1,11,99,99,8,0,99,1,9,0,1,998,999,999,99,9,2,2,1,2,1,1,80,0,7,96,0,2,5,2020,7,6,2,8,2,3,1,2,1,0
390692,1,1,33,1,1,11,20,20,8,0,1,0,1,0,1,999,73,280,0,0,3,3,2,2,1,1,51,1,80,96,26,8,9,2020,3,21,2,12,1,1,1,3,10,4
390693,1,1,57,2,1,11,3,8,8,0,2,0,1,0,1,998,64,125,0,0,4,2,1,2,1,11,15,1,3,0,39,3,9,2020,5,22,2,12,2,3,1,3,1,4
390695,1,1,52,1,1,11,98,8,8,0,1,0,2,0,1,998,999,999,0,0,1,2,1,2,1,99,13,1,119,96,999,11,9,2020,6,15,2,53,1,1,4,1,1,4
390698,1,1,32,1,1,11,3,20,8,0,1,0,3,6,1,10,71,999,0,0,1,2,1,2,1,1,17,0,66,0,38,26,8,2020,4,14,2,12,2,3,1,1,10,0
390701,1,1,35,1,1,11,3,9,8,0,1,0,1,0,1,998,77,210,2,0,2,2,1,2,1,1,50,0,13,96,26,28,8,2020,6,9,2,12,1,1,1,1,10,4
390702,1,1,46,1,1,11,3,20,8,0,1,0,3,6,1,5,69,999,0,0,1,3,1,2,1,11,15,0,66,0,38,27,8,2020,5,16,2,12,2,2,1,1,1,1
390703,1,1,998,9,1,11,99,99,8,0,1,1,9,99,1,999,999,999,99,0,1,4,1,2,1,1,80,0,999,96,0,26,8,2020,4,21,2,8,1,1,1,3,1,9
390704,1,1,39,2,1,11,20,9,8,0,1,0,2,0,1,999,60,220,99,0,3,2,1,2,1,1,13,0,13,96,999,8,9,2020,3,9,2,24,1,1,4,1,1,4
390706,1,1,21,1,1,11,3,9,8,0,2,0,1,0,1,55,68,160,0,0,1,2,1,2,1,1,17,0,5,0,0,17,8,2020,2,19,2,12,2,2,1,1,1,0
390708,1,1,53,1,1,11,20,8,8,0,1,0,3,0,1,998,67,140,0,0,1,4,1,2,1,6,51,1,13,96,27,22,8,2020,7,18,2,33,1,1,4,1,1,4
390710,1,1,85,2,1,11,3,8,8,0,2,0,1,0,1,999,62,125,1,0,1,4,1,2,1,11,15,0,7,0,38,11,9,2020,6,17,2,12,2,2,1,1,1,3
390711,1,1,60,2,1,11,3,20,8,0,2,0,2,0,1,30,62,150,1,0,1,5,1,2,1,1,80,0,7,0,0,11,9,2020,6,20,2,8,1,1,1,3,1,0
390714,1,1,998,8,1,11,98,99,8,0,1,1,9,99,1,998,999,999,99,0,1,4,1,2,1,1,80,0,999,0,0,14,9,2020,2,20,2,8,3,3,1,3,1,0
390716,1,1,40,1,1,11,98,20,0,0,4,0,1,0,1,999,73,265,1,0,1,2,1,2,1,1,17,0,13,96,39,20,8,2020,5,18,2,12,2,2,1,1,1,1
390718,1,1,29,2,1,11,20,9,8,0,2,0,2,0,1,50,61,180,0,0,1,2,1,2,1,1,10,0,13,0,0,5,9,2020,7,14,2,12,1,1,1,1,1,3
390720,1,1,22,1,1,11,98,99,8,0,2,0,2,0,1,999,73,155,0,0,2,2,1,2,1,6,53,0,3,96,35,5,9,2020,7,20,2,12,1,1,1,2,1,4
390723,1,1,49,1,1,11,3,20,1,0,1,0,1,0,1,999,68,175,1,0,3,2,2,2,1,1,19,1,13,96,51,6,9,2020,1,0,2,12,18,1,1,3,1,4
390724,1,1,49,1,1,11,20,20,1,0,1,0,1,0,1,50,69,235,0,4,1,2,1,2,1,14,12,1,98,0,6,21,6,2020,1,0,2,30,1,1,4,2,1,4
390725,1,1,37,1,1,11,20,9,8,0,1,0,2,0,1,55,68,182,0,0,3,4,1,2,1,1,51,1,13,0,26,14,5,2020,5,1,2,12,1,1,1,3,1,4
390726,1,1,39,2,1,11,98,8,8,0,1,0,1,0,1,35,59,100,1,0,1,2,1,2,1,1,12,0,5,0,0,18,9,2020,6,5,2,30,1,1,4,3,1,4
390727,1,1,34,1,1,11,3,8,1,0,1,0,1,0,1,75,69,180,2,4,1,4,2,2,2,1,6,1,13,96,0,28,8,2020,6,23,2,33,3,2,4,3,10,4
390730,1,1,65,1,1,11,3,8,8,0,1,0,1,0,1,999,74,290,0,4,1,2,1,2,1,11,14,0,3,96,39,20,6,2020,7,4,2,35,3,3,4,3,1,4
390732,1,1,33,2,1,11,20,9,8,0,2,0,2,0,1,70,65,120,3,0,3,4,1,2,1,15,51,0,5,96,58,6,7,2020,2,12,2,25,19,1,3,1,1,4
390733,1,1,32,1,1,11,20,20,8,0,1,0,2,0,1,66,72,215,2,3,1,4,2,2,1,1,71,0,80,96,0,3,8,2020,2,17,2,12,8,1,1,1,10,4
390734,1,1,31,1,1,11,20,20,8,0,1,0,2,0,1,90,75,185,0,3,1,5,1,2,1,1,67,1,94,0,36,8,8,2020,7,2,2,1,2,2,1,3,1,4
390735,1,1,22,2,1,11,20,9,8,0,2,0,1,0,1,78,64,160,0,3,1,4,1,2,1,6,6,1,3,0,35,9,8,2020,1,23,2,33,1,1,4,3,1,0
390736,1,1,29,1,1,11,20,9,8,0,1,0,2,0,1,998,72,165,0,0,1,4,1,2,1,1,17,0,7,96,60,18,9,2020,6,1,2,12,2,2,1,3,1,1
390740,1,1,26,2,1,11,20,20,8,0,2,0,2,0,1,43,60,165,1,5,1,2,1,2,1,1,6,0,13,0,0,25,5,2020,2,8,2,30,1,1,4,1,1,3
390741,1,1,38,1,1,11,98,20,8,0,4,0,1,0,1,66,69,160,0,3,1,3,1,2,1,1,67,1,13,96,39,19,8,2020,4,0,2,12,2,3,1,3,10,0
390742,1,1,57,1,1,11,3,9,8,0,1,0,1,0,1,70,75,190,0,4,1,4,1,2,1,14,10,0,7,0,0,10,7,2020,6,10,2,12,3,3,1,1,1,4
390743,1,1,51,1,1,11,3,20,8,0,2,0,1,0,1,55,74,255,0,0,2,1,2,2,1,14,50,0,60,0,26,19,9,2020,7,13,2,12,1,1,1,1,1,0
390744,1,1,18,1,1,11,3,20,8,0,1,0,1,0,1,65,72,200,2,0,3,3,1,2,1,1,80,0,13,0,0,4,8,2020,3,22,2,8,1,1,1,2,10,2
390746,1,1,49,1,1,11,3,9,1,0,2,0,1,0,1,35,68,215,0,0,1,2,2,2,1,1,10,0,3,0,28,19,9,2020,7,3,2,12,1,1,1,3,1,2
390748,1,1,999,9,1,11,98,20,8,0,1,1,9,99,1,30,999,999,99,0,1,2,1,1,1,1,80,0,999,96,38,20,7,2020,2,22,2,8,3,2,1,3,10,0
390754,1,1,52,2,1,11,20,8,8,0,1,0,1,0,1,999,65,135,0,0,5,3,1,2,1,11,15,1,7,96,39,20,9,2020,1,21,2,12,2,3,1,3,1,4
390755,1,1,46,1,1,11,3,20,8,0,1,0,3,6,2,32,77,280,0,0,1,2,1,2,1,1,62,0,66,0,0,18,9,2020,6,4,2,12,1,1,1,3,1,2
390756,1,1,49,1,1,11,98,20,8,0,1,0,1,0,1,998,65,158,0,0,5,3,1,2,1,1,80,0,7,0,0,11,9,2020,6,20,2,8,3,7,1,3,1,0
390759,1,1,51,2,1,11,3,9,8,0,2,0,1,0,1,999,68,150,0,0,5,5,1,2,1,1,13,0,7,0,36,8,6,2020,2,13,2,31,1,1,4,1,10,4
390760,1,1,38,1,1,11,99,20,1,0,1,0,2,0,1,999,69,170,1,4,1,4,1,2,1,1,51,1,7,96,36,23,9,2020,4,19,2,12,3,3,1,3,1,4
390761,1,1,60,1,1,11,20,20,8,0,1,0,1,0,1,35,78,280,1,0,2,2,1,2,1,1,12,1,81,0,30,24,9,2020,5,23,2,33,3,6,4,3,1,4
390762,1,1,39,1,1,11,3,20,8,0,1,0,1,0,1,50,69,172,0,0,3,2,2,2,1,1,83,0,2,0,0,14,9,2020,2,16,2,9,2,2,1,1,1,0
390767,1,1,65,1,1,11,3,9,8,0,1,0,1,0,1,999,70,180,1,0,1,2,1,2,1,12,21,0,7,0,38,21,6,2020,1,9,2,12,3,3,1,1,1,4
390768,1,1,24,1,1,11,20,20,8,0,1,0,2,0,1,999,74,210,1,0,1,2,1,2,1,1,62,0,94,96,999,9,8,2020,1,19,2,12,2,3,1,1,10,4
390770,1,1,42,1,1,11,20,9,8,0,1,0,2,0,1,999,77,300,0,0,2,2,1,2,1,98,12,0,7,96,30,28,8,2020,6,22,2,59,1,1,3,3,10,4
390772,1,1,998,8,1,11,99,98,8,0,99,1,9,99,1,999,999,999,99,0,1,2,1,2,1,99,80,0,999,96,999,27,9,2020,1,20,2,8,1,1,1,2,1,9
390773,1,1,53,1,1,11,99,20,8,0,99,1,2,0,1,25,76,185,0,0,1,2,1,2,1,1,84,1,60,0,0,29,8,2020,7,20,2,9,2,2,1,3,1,0
390775,1,1,59,1,1,11,20,8,8,0,1,0,1,0,1,998,66,180,0,0,1,2,1,2,1,1,53,0,60,0,0,16,9,2020,4,9,2,12,3,3,1,1,1,4
390776,1,1,76,2,1,11,3,8,8,0,2,0,1,0,1,999,58,215,0,0,3,2,2,2,1,1,12,0,7,96,30,16,9,2020,4,15,2,14,1,1,3,1,10,4
390780,1,1,34,1,1,11,20,20,8,0,2,0,1,0,1,999,69,200,0,4,1,2,1,2,1,14,13,1,94,0,0,26,9,2020,7,23,2,42,1,1,4,2,1,4
390781,1,1,31,2,1,11,3,9,8,0,1,0,2,0,1,29,71,185,1,0,1,2,1,2,1,6,10,0,2,0,27,18,9,2020,6,12,2,12,1,1,1,1,1,0
390782,1,1,46,1,1,11,98,99,8,0,1,0,1,0,1,65,74,260,0,0,3,4,1,2,1,1,98,0,60,0,0,14,9,2020,2,8,2,12,1,1,1,1,1,4
390783,1,1,59,1,1,11,20,9,1,0,1,0,1,0,1,25,69,283,0,0,5,6,1,2,1,1,70,0,7,0,39,29,8,2020,7,12,2,30,8,1,4,1,10,4
390784,1,1,57,1,1,11,3,20,8,0,1,0,1,0,1,45,67,172,0,0,1,7,1,2,1,1,80,0,60,0,0,5,10,2020,2,20,2,8,1,1,1,2,1,0
390785,1,1,40,1,1,11,20,20,8,0,1,0,3,6,1,45,999,999,1,0,1,2,2,2,1,1,10,0,66,0,28,29,9,2020,3,11,2,12,1,1,1,1,10,0
390786,1,1,51,1,1,11,20,20,8,0,1,0,1,0,1,998,70,190,0,4,1,4,2,2,1,14,10,0,94,0,0,3,10,2020,7,17,2,12,1,1,1,1,1,4
390788,1,1,38,1,1,11,3,20,8,0,1,0,3,1,1,5,71,200,0,0,6,1,1,2,1,4,19,0,11,0,6,24,9,2020,5,8,2,59,5,1,4,1,10,0
390791,1,1,56,2,1,11,3,8,8,0,1,0,1,0,1,5,72,235,0,0,1,2,1,2,1,11,15,0,13,0,38,6,9,2020,1,19,2,12,2,3,1,2,10,4