ST_CASE,VEH_NO,PER_NO,AGE,SEX,PER_TYP,SEAT_POS,REST_USE,AIR_BAG,DRUGS,LOCATION,NUMOCCS,HIT_RUN,OWNER,V_CONFIG,HAZ_INV,TRAV_SP,DR_HGT,DR_WGT,PREV_SPD,SPEEDREL,VTRAFWAY,VNUM_LAN,VPROFILE,VPAVETYP,VSURCOND,P_CRASH1,P_CRASH2,DR_DRINK,VPICBODYCLASS,DRDISTRACT,DRIVERRF,DAY,MONTH,YEAR,DAY_WEEK,HOUR,RUR_URB,HARM_EV,RELJCT2,TYP_INT,REL_ROAD,LGT_COND,WEATHER,INJ_SEV
391052,1,1,70,2,1,11,3,20,8,0,1,0,1,0,1,998,62,180,0,0,1,2,2,2,1,11,15,0,13,96,38,6,11,2020,6,19,2,12,2,2,1,3,1,0
391055,1,1,16,2,1,11,3,9,0,0,3,0,2,0,1,45,66,115,0,0,1,2,1,2,1,1,17,0,7,0,39,2,11,2020,2,13,2,12,2,2,1,1,10,0
391057,1,1,35,1,1,11,20,9,8,0,1,0,1,0,1,998,73,175,1,5,1,2,3,2,1,1,64,0,13,96,0,1,10,2020,5,11,2,12,1,1,1,1,1,4
391059,1,1,39,2,1,11,3,20,8,0,3,0,1,0,1,5,59,125,0,0,0,0,0,0,0,11,15,0,15,0,38,25,7,2020,7,22,2,12,8,1,1,3,1,0
391060,1,1,46,1,1,11,20,20,1,0,1,0,1,0,1,50,72,245,1,5,1,4,2,2,2,1,6,0,80,0,0,3,9,2020,5,14,2,1,2,3,1,1,1,4
391061,1,1,44,1,1,11,20,9,1,0,1,0,2,0,1,998,72,180,0,4,1,4,1,2,1,1,13,1,1,0,999,11,9,2020,6,19,2,33,1,1,4,3,1,4
391062,1,1,42,1,1,11,20,20,8,0,1,0,1,0,1,30,71,280,99,0,1,4,1,2,1,1,53,0,94,0,0,15,7,2020,4,17,2,12,3,2,1,1,1,4
391063,1,1,34,1,1,11,20,20,1,0,1,0,1,0,1,50,70,180,0,5,5,5,2,2,2,1,72,1,81,0,0,11,10,2020,1,17,2,12,8,1,1,1,1,4
391064,1,1,31,1,1,11,99,8,8,0,1,0,1,0,1,999,70,180,0,4,1,3,1,2,2,1,12,1,13,96,6,21,11,2020,7,4,2,35,1,1,4,3,10,4
391065,1,1,25,2,1,11,20,8,8,0,1,0,2,0,1,999,60,170,4,0,5,5,2,2,6,1,5,1,13,96,87,23,10,2020,6,20,2,30,1,1,4,3,2,4
391066,1,1,33,2,1,11,20,20,8,0,2,0,2,0,1,5,63,177,0,0,1,2,1,2,1,1,91,1,13,96,40,31,10,2020,7,21,2,10,6,1,1,3,1,4
391067,1,1,20,1,1,11,99,8,8,0,1,0,1,0,1,999,69,180,3,4,3,3,1,2,1,14,13,0,3,96,6,13,11,2020,6,1,2,24,1,1,4,3,1,4
391069,1,1,22,1,1,11,3,9,8,0,1,0,2,0,1,998,74,210,0,0,3,2,1,2,2,1,54,1,13,96,51,19,12,2020,7,23,2,12,1,1,1,3,2,3
391070,1,1,72,1,1,11,99,9,8,0,1,0,2,0,1,998,72,235,4,0,1,6,1,2,2,1,10,0,13,96,28,21,12,2020,2,16,2,12,1,1,1,1,2,4
391074,1,1,36,1,1,11,99,20,8,0,1,1,1,0,1,999,70,160,1,9,1,2,2,2,1,1,82,0,13,96,0,23,12,2020,4,14,2,8,1,1,2,1,10,0
391077,1,1,21,1,1,11,20,9,1,0,4,1,2,0,1,75,63,155,0,3,1,2,1,2,1,1,6,1,3,0,0,5,10,2020,2,21,2,53,1,1,4,2,1,2
391078,1,1,16,1,1,11,98,9,8,0,6,0,2,0,1,80,999,999,99,4,2,2,1,2,2,1,6,0,7,0,0,10,11,2020,3,22,2,30,1,1,4,3,2,1
391081,1,1,60,2,1,11,3,20,8,0,1,0,1,0,1,5,65,155,0,0,1,2,1,1,1,10,98,0,13,0,38,7,11,2020,7,15,2,9,8,1,98,1,1,0
391084,1,1,74,2,1,11,3,8,8,0,2,0,1,0,1,999,64,165,0,0,6,1,2,2,2,1,13,0,7,9,26,17,11,2020,3,6,2,14,5,1,2,3,10,3
391086,1,1,998,8,1,11,99,20,8,0,99,1,9,99,1,30,999,999,99,9,4,2,1,2,1,1,99,0,999,96,0,5,12,2020,7,17,2,8,3,2,1,3,10,0
391087,1,1,31,1,1,11,99,20,8,0,1,0,2,0,1,999,72,215,0,0,4,2,1,2,1,1,12,1,7,96,0,8,11,2020,1,4,2,14,1,1,2,3,1,0
391088,1,1,999,8,1,11,99,98,8,0,99,1,9,99,1,999,999,999,99,9,2,4,1,2,1,99,19,0,999,96,0,12,12,2020,7,22,2,8,1,1,1,3,10,9
391089,1,1,40,2,1,11,3,20,8,0,2,0,1,0,1,35,63,236,0,0,1,4,1,2,1,1,80,0,13,0,0,6,11,2020,6,20,2,8,3,3,1,3,1,0
391090,1,1,998,8,1,11,98,98,8,0,1,1,9,0,1,999,999,999,99,0,5,5,1,2,1,11,15,0,13,96,38,29,11,2020,1,20,2,1,2,2,1,3,1,9
391091,1,1,41,1,1,11,20,9,8,0,1,0,1,0,1,75,72,195,0,0,1,4,1,2,1,1,13,1,13,96,30,19,12,2020,7,3,2,30,3,2,4,3,1,4
391095,1,1,26,2,1,11,3,20,8,0,2,0,1,0,1,999,999,999,99,4,3,3,6,2,3,1,6,0,13,96,0,5,12,2020,7,14,2,14,1,1,2,1,12,4
391097,1,1,41,1,1,11,20,20,1,0,1,0,1,0,1,999,69,200,0,5,1,4,2,1,1,14,6,1,80,0,0,12,10,2020,2,2,2,33,1,1,4,3,1,4
391098,1,1,40,1,1,11,3,8,8,0,2,0,3,0,1,110,68,173,0,3,3,3,1,2,1,14,6,1,7,96,6,16,10,2020,6,22,2,33,1,1,4,3,10,2
391099,1,1,16,1,1,11,3,9,1,0,3,0,2,0,1,999,999,999,99,4,1,2,1,1,2,1,6,0,7,96,30,17,12,2020,5,0,2,42,1,1,4,3,4,3
391100,1,1,30,1,1,11,20,8,8,0,1,0,1,0,1,60,70,220,0,4,1,2,2,2,2,14,6,1,13,0,0,17,12,2020,5,22,2,42,1,1,4,2,10,4
391101,1,1,28,2,1,11,3,8,8,0,2,0,2,0,1,55,64,155,0,4,1,4,2,2,1,14,6,1,1,96,58,4,12,2020,6,6,2,42,1,1,4,3,10,4
391104,1,1,64,1,1,11,20,20,8,0,1,0,2,1,1,999,71,185,0,4,1,2,2,2,1,14,6,0,11,5,6,10,12,2020,5,14,2,53,1,1,4,1,1,4
391105,1,1,28,2,1,11,20,20,8,0,1,0,2,0,1,999,61,280,1,9,3,3,1,2,2,15,11,1,7,96,27,16,12,2020,4,22,2,12,1,1,1,2,1,4
391109,1,1,34,1,1,11,20,9,0,0,4,0,2,0,1,35,74,240,0,0,1,2,2,2,1,1,12,0,13,3,58,15,12,2020,3,19,2,43,1,1,4,2,10,0
391113,1,1,58,1,1,11,20,9,8,0,1,0,2,0,1,998,69,150,2,9,2,3,1,2,1,1,13,0,60,96,0,18,10,2020,1,19,2,35,1,1,8,3,10,4
391116,1,1,60,1,1,11,3,20,8,0,1,0,3,1,1,40,70,235,0,0,1,2,1,2,1,1,62,0,11,0,0,31,10,2020,7,13,2,12,1,1,1,1,1,0
391119,1,1,42,1,1,11,3,20,8,0,2,0,2,0,1,999,63,140,0,4,3,2,2,2,3,1,5,0,60,96,87,16,12,2020,4,4,2,23,1,1,4,2,4,4
391120,1,1,77,2,1,11,3,8,8,0,1,0,1,0,1,999,65,190,0,0,1,2,1,2,1,1,10,0,7,96,28,15,12,2020,3,13,2,12,1,1,1,1,10,4
391123,1,1,54,1,1,11,20,20,1,0,1,0,1,0,1,22,65,230,0,0,1,2,2,2,1,1,13,1,94,0,30,10,10,2020,7,16,2,99,1,1,4,1,1,4
391124,1,1,70,1,1,11,3,20,8,0,2,0,1,0,1,998,999,999,99,0,1,6,1,2,1,15,11,0,13,0,27,13,12,2020,1,15,2,12,1,1,1,1,10,4
391128,1,1,53,1,1,11,20,8,8,0,1,0,3,0,1,999,70,240,0,0,1,2,2,2,2,1,12,0,60,96,30,21,12,2020,2,14,2,34,1,1,4,1,10,4
391130,1,1,28,1,1,11,99,9,8,0,99,1,2,0,1,25,999,999,99,9,1,2,1,2,3,1,13,1,13,96,0,25,12,2020,6,5,2,30,1,1,4,1,4,4
391131,1,1,39,2,1,11,3,8,8,0,2,0,2,0,1,42,60,187,1,0,1,4,1,1,2,14,10,1,2,0,28,24,12,2020,5,6,2,12,1,1,1,3,2,0
391134,1,1,20,1,1,11,3,9,8,0,2,0,2,0,1,45,68,175,0,0,5,5,1,2,1,14,13,0,13,96,30,19,12,2020,7,15,2,32,1,1,4,1,10,2
391135,1,1,61,1,1,11,20,20,0,0,1,0,2,0,1,999,71,165,0,0,1,2,1,2,1,1,12,1,13,0,30,23,12,2020,4,22,2,30,1,1,4,3,10,4
391136,1,1,23,2,1,11,20,9,1,0,2,0,1,0,1,999,68,165,2,4,1,2,1,2,4,14,6,0,13,96,0,26,12,2020,7,19,2,1,1,1,4,2,1,4
391139,1,1,44,1,1,11,20,9,1,0,1,0,2,0,1,999,71,200,0,0,1,2,2,2,2,1,12,1,7,96,58,26,10,2020,2,23,2,30,1,1,4,2,2,4
391142,1,1,27,1,1,11,99,8,8,0,1,0,1,0,1,998,67,110,0,9,3,2,1,2,1,1,54,1,13,0,0,28,10,2020,4,20,2,12,18,1,1,3,10,4
391143,1,1,26,1,1,11,3,20,8,0,4,0,1,0,1,40,72,155,0,0,1,4,1,2,1,1,80,0,3,0,0,23,12,2020,4,19,2,8,1,1,1,2,1,0
391144,1,1,30,1,1,11,20,20,1,0,1,0,3,0,1,998,71,170,0,0,1,2,1,1,1,1,17,1,60,0,39,4,12,2020,6,22,2,12,2,2,1,3,1,4
391145,2,1,44,2,1,11,3,20,8,0,1,0,2,0,1,0,60,135,0,0,1,4,1,2,1,5,91,0,7,0,0,25,9,2020,6,20,2,30,1,1,4,3,1,0
391149,2,1,25,2,1,11,3,20,8,0,1,0,1,0,1,0,64,200,3,0,3,4,1,2,1,5,53,0,13,0,0,24,12,2020,5,23,2,12,1,1,1,3,10,0
391152,1,1,29,1,1,11,99,20,8,0,99,1,2,0,1,998,76,170,0,9,1,2,1,2,1,1,19,0,60,0,0,20,9,2020,1,3,2,5,1,1,1,3,1,0
391153,1,1,77,1,1,11,3,20,8,0,1,0,1,0,1,35,70,165,0,0,1,5,1,2,1,1,50,0,60,0,26,11,9,2020,6,21,2,12,3,2,1,3,10,4
391154,1,1,20,1,1,11,3,20,8,0,2,0,1,0,1,999,74,178,0,9,1,4,2,2,2,1,9,0,15,96,28,15,10,2020,5,16,2,12,1,1,1,1,2,3
391156,1,1,47,2,1,11,3,9,8,0,1,0,1,0,1,60,64,180,0,0,3,3,2,2,3,1,54,0,7,96,51,24,12,2020,5,17,2,12,18,1,1,5,4,3
391160,1,1,21,1,1,11,20,20,8,0,2,0,1,0,1,80,65,140,0,4,6,2,2,1,2,14,6,0,5,0,6,4,12,2020,6,13,2,35,5,1,4,1,1,4
391161,1,1,44,2,1,11,3,20,8,0,2,0,1,0,1,35,64,230,0,0,1,4,1,2,1,1,80,0,7,0,0,8,12,2020,3,7,2,8,3,2,1,4,10,0
391162,1,1,30,2,1,11,20,9,8,0,1,0,2,0,1,999,67,239,1,3,1,2,1,2,2,1,6,1,7,96,8,8,12,2020,3,4,2,42,1,1,4,3,10,4
391163,1,1,88,2,1,11,98,9,8,0,1,0,1,0,1,999,62,140,1,0,1,2,1,2,2,1,13,0,13,96,30,18,12,2020,6,16,2,42,3,2,4,3,10,4
391165,1,1,16,2,1,11,20,9,8,0,2,0,3,0,1,40,64,155,0,0,1,2,2,2,1,14,62,0,13,0,0,3,8,2020,2,22,2,33,1,1,4,3,1,3
391166,1,1,27,1,1,11,20,9,1,0,1,0,2,0,1,50,77,280,0,0,1,2,8,2,1,1,17,1,7,0,39,24,10,2020,7,17,2,12,2,2,1,1,10,2
391167,1,1,63,1,1,11,20,20,8,0,1,0,1,0,1,999,75,220,0,0,6,2,1,2,1,14,98,0,98,96,999,15,8,2020,7,18,2,1,20,1,1,1,1,4
391169,1,1,48,1,1,11,99,8,8,0,1,0,2,0,1,89,70,175,0,4,1,2,1,2,2,1,62,0,7,98,39,22,11,2020,1,12,2,12,2,2,1,1,2,3
391170,1,1,29,1,1,11,20,8,8,0,1,0,2,0,1,999,999,999,1,0,1,2,1,2,2,98,12,0,5,96,36,19,10,2020,2,23,2,53,1,1,4,2,2,4
391171,1,1,19,1,1,11,20,20,8,0,1,0,2,0,1,999,67,150,0,4,3,3,1,2,4,14,5,0,1,96,87,2,11,2020,2,3,2,24,1,1,4,3,4,4
391173,1,1,67,2,1,11,20,9,8,0,1,0,1,0,1,998,69,160,0,4,1,2,2,2,2,1,13,0,13,0,999,31,12,2020,5,16,2,33,3,2,4,1,10,4
391174,1,1,998,9,1,11,99,99,8,0,1,1,9,99,1,998,999,999,99,0,1,2,1,2,1,99,80,0,999,0,999,23,11,2020,2,18,2,8,1,1,1,3,10,0
391175,1,1,24,2,1,11,3,9,8,0,3,0,2,0,1,35,66,150,0,0,2,4,2,2,2,1,62,0,7,0,0,12,11,2020,5,22,2,12,1,1,1,3,10,2
391176,1,1,21,1,1,11,98,9,8,0,1,0,1,0,1,35,72,160,2,5,5,5,1,2,2,1,6,0,5,0,6,30,12,2020,4,14,2,19,1,1,4,1,2,1
391177,1,1,39,2,1,11,3,20,8,0,1,0,1,0,1,5,63,160,0,0,1,2,1,2,2,6,83,0,8,0,0,28,12,2020,2,8,2,9,1,1,1,4,10,0
391178,1,1,34,1,1,11,3,9,8,0,1,0,2,0,1,60,63,180,1,0,3,4,1,2,1,1,50,1,3,0,26,22,10,2020,5,21,2,12,1,1,1,3,10,2
391179,1,1,29,1,1,11,3,20,8,0,1,0,1,0,1,60,71,180,0,0,3,5,1,2,1,15,51,0,7,96,27,20,11,2020,6,10,2,25,1,1,3,1,1,4
391180,1,1,21,2,1,11,3,9,8,0,1,0,1,0,1,999,61,106,0,9,3,2,1,2,1,1,54,1,13,96,51,2,12,2020,4,21,2,12,1,1,1,3,1,3
391183,1,1,35,2,1,11,3,8,8,0,1,0,1,0,1,999,70,230,1,0,3,2,1,2,2,1,13,1,7,96,30,22,12,2020,3,0,2,33,3,2,4,3,2,4
391185,1,1,61,1,1,11,20,9,1,0,1,0,2,0,1,999,64,120,0,0,2,2,1,2,1,1,12,0,13,96,30,16,6,2020,3,16,2,32,1,1,3,1,1,4
391186,1,1,998,8,1,11,98,98,8,0,1,1,9,99,1,999,999,999,99,9,1,2,2,2,1,99,80,0,999,96,999,11,12,2020,6,21,2,8,1,1,1,3,1,9
391188,1,1,30,1,1,11,3,9,8,0,4,1,2,0,1,42,71,170,0,0,5,5,1,2,1,1,13,0,7,96,30,5,8,2020,4,0,2,30,1,1,4,3,10,2
391189,1,1,53,2,1,11,98,9,8,0,1,0,1,0,1,20,62,158,0,0,1,4,1,2,1,11,15,0,7,96,48,30,9,2020,4,15,2,12,3,3,1,1,10,4
391190,1,1,31,1,1,11,20,9,8,0,1,0,1,0,1,999,72,140,0,5,1,2,1,2,2,1,13,0,60,96,0,23,12,2020,4,0,2,53,1,1,4,2,2,4
391191,1,1,32,1,1,11,99,8,8,0,99,1,2,0,1,998,73,150,0,0,3,4,1,2,1,1,50,0,60,96,999,26,12,2020,7,0,2,14,1,1,1,3,1,0
391192,1,1,49,2,1,11,20,9,8,0,2,0,1,0,1,998,62,175,2,0,1,2,2,2,2,1,12,0,13,96,28,22,12,2020,3,1,2,40,1,1,4,2,2,3
391193,1,1,24,1,1,11,3,8,8,0,1,0,1,0,1,71,74,260,0,3,1,5,1,2,1,1,62,0,13,0,6,19,10,2020,2,15,2,12,2,2,1,1,1,2
391194,1,1,68,1,1,11,20,9,8,0,1,0,1,0,1,55,71,175,0,4,1,2,2,2,2,14,51,0,7,0,26,27,12,2020,1,17,2,12,1,1,1,3,1,4
391196,1,1,26,2,1,11,3,20,8,0,1,0,1,0,1,35,68,160,1,0,1,4,1,2,1,1,80,1,13,0,0,5,12,2020,7,19,2,8,3,3,1,3,1,0
391199,1,1,56,1,1,11,3,9,8,0,1,0,1,0,1,999,70,200,0,3,1,2,1,2,1,1,13,0,60,0,0,2,6,2020,3,8,2,10,1,1,4,1,1,4
391200,1,1,21,1,1,11,20,1,8,0,3,0,1,0,1,998,65,135,0,4,1,2,1,2,1,1,12,0,3,0,0,13,6,2020,7,0,2,42,1,1,4,3,1,3
400002,1,1,29,2,1,11,3,8,0,0,1,0,2,0,1,998,66,148,0,0,1,2,1,1,1,10,16,0,13,0,38,8,1,2020,4,13,2,12,2,3,1,1,1,1
400003,1,1,33,1,1,11,3,20,0,0,1,0,1,0,1,998,72,140,2,0,3,3,1,2,1,1,80,0,13,0,0,2,1,2020,5,18,2,8,1,1,1,2,1,0
400004,1,1,52,1,1,11,3,20,0,0,1,0,3,0,1,998,72,200,0,0,3,3,1,1,1,1,80,0,13,0,0,2,1,2020,5,21,2,8,1,1,1,2,10,0
400005,1,1,55,1,1,11,3,20,0,0,1,0,3,6,1,998,71,240,0,0,3,3,1,2,1,1,80,0,66,0,0,3,1,2020,6,8,2,8,1,1,1,1,1,0
400011,1,1,15,2,1,11,3,20,0,0,3,0,3,0,1,0,999,999,0,0,6,1,5,2,1,5,53,0,13,0,52,15,1,2020,4,12,2,12,20,1,1,1,1,2
400013,1,1,35,2,1,11,20,1,8,0,1,0,1,0,1,998,68,150,1,0,3,3,1,2,1,14,12,0,7,99,28,25,1,2020,7,4,2,12,1,1,1,3,1,4
400015,1,1,48,1,1,11,3,1,8,0,1,0,2,0,1,998,74,260,0,0,2,3,1,2,1,1,50,0,2,99,0,23,1,2020,5,3,2,12,2,2,1,3,10,4
400018,1,1,24,1,1,11,3,1,1,0,1,0,2,0,1,998,66,140,0,0,1,3,1,1,1,1,10,0,60,99,28,28,1,2020,3,7,2,12,1,1,1,4,10,1
400026,1,1,37,1,1,11,20,20,0,0,1,0,1,0,1,998,72,240,0,0,4,3,1,2,1,1,90,1,82,99,0,27,1,2020,2,20,2,33,1,1,4,3,10,4
400027,1,1,999,9,1,11,99,20,8,0,99,1,9,0,1,998,999,999,99,0,3,2,6,1,1,1,13,0,7,99,0,1,2,2020,7,0,2,8,1,1,4,3,10,9
400029,1,1,80,1,1,11,99,8,8,0,1,0,1,0,1,998,72,180,0,0,3,2,1,2,1,1,54,0,7,99,51,7,1,2020,3,12,2,12,1,1,1,1,1,4
400030,1,1,22,2,1,11,20,8,8,0,1,0,1,0,1,998,999,999,0,0,3,3,1,2,2,1,9,1,13,99,999,17,1,2020,6,3,2,25,1,1,3,3,2,4
400036,1,1,58,2,1,11,3,8,8,0,1,0,3,0,1,998,62,128,0,3,2,4,1,2,1,1,10,0,13,99,28,14,2,2020,6,9,2,12,1,1,1,1,1,4
400042,1,1,64,1,1,11,3,20,0,0,1,0,1,0,1,998,73,165,0,0,2,3,5,2,1,1,83,0,3,99,0,1,2,2020,7,22,2,9,1,1,1,2,1,0
400044,1,1,45,1,1,11,3,1,8,0,1,1,3,0,1,998,68,180,1,0,2,4,6,2,1,1,80,0,60,0,0,7,2,2020,6,18,2,8,1,1,1,2,10,0
400046,1,1,25,2,1,11,3,8,8,0,1,0,1,0,1,998,62,180,0,0,3,3,5,2,1,99,14,1,7,12,39,22,2,2020,7,99,2,43,1,1,5,9,1,4
400047,1,1,16,1,1,11,3,20,0,0,2,0,1,0,1,998,66,146,0,0,3,2,1,2,1,1,50,0,60,0,0,8,2,2020,7,17,2,12,1,1,1,5,1,0
400055,1,1,18,2,1,11,3,1,8,0,1,0,2,0,1,998,63,110,0,0,1,2,1,2,1,1,10,0,60,99,28,18,1,2020,7,18,2,12,1,1,1,2,1,4
400062,1,1,22,2,1,11,2,8,8,0,1,0,1,0,1,998,65,142,0,0,2,5,1,2,1,1,17,1,13,0,39,20,2,2020,5,13,2,12,2,2,1,1,10,4
400067,1,1,48,1,1,11,20,20,0,0,1,0,2,0,1,0,67,170,0,0,1,4,1,2,1,5,50,1,13,0,0,3,3,2020,3,6,2,12,1,1,1,2,10,4
400071,1,1,25,1,1,11,99,20,8,0,2,0,1,0,1,998,72,180,0,0,1,2,6,2,2,1,13,1,13,0,0,10,2,2020,2,16,2,8,1,1,6,1,2,0
400073,1,1,69,2,1,11,20,1,8,0,1,0,1,0,1,998,63,230,0,0,3,3,1,1,1,14,13,0,60,0,58,19,2,2020,4,14,2,25,1,1,3,1,10,4
400076,1,1,999,9,1,11,99,20,9,0,99,1,9,99,1,998,999,999,99,9,1,2,1,2,2,99,80,0,999,99,999,25,2,2020,3,23,2,8,1,1,1,2,4,9
400077,1,1,18,1,1,11,20,8,1,0,2,0,1,0,1,998,70,135,0,0,1,2,1,2,1,6,10,0,13,99,33,29,2,2020,7,10,2,12,8,1,1,1,1,2
400078,1,1,43,2,1,11,3,20,0,0,1,0,1,0,1,998,71,165,0,0,1,2,1,1,1,1,80,0,13,0,0,29,2,2020,7,4,2,8,1,1,1,2,1,0
400079,1,1,31,1,1,11,20,20,0,0,1,0,1,0,1,998,75,275,3,0,1,2,6,2,1,1,17,0,80,99,38,29,2,2020,7,15,2,12,2,2,1,1,10,4
400081,1,1,49,1,1,11,20,8,1,0,2,0,3,0,1,998,66,150,0,0,3,2,1,2,1,1,12,0,13,99,0,2,3,2020,2,23,2,24,1,1,3,3,1,3
400083,1,1,51,1,1,11,20,20,8,0,1,0,1,0,1,998,71,195,0,0,3,3,1,1,1,1,13,1,98,0,0,6,3,2020,6,19,2,59,1,1,8,3,1,4
400084,1,1,38,2,1,11,3,20,0,0,8,0,1,0,1,998,64,160,0,0,3,3,1,2,1,15,11,0,7,0,0,7,3,2020,7,18,2,12,1,1,1,1,1,1
400085,1,1,51,2,1,11,3,8,0,0,3,0,2,0,1,998,63,145,0,3,3,5,1,2,2,14,6,0,13,99,0,8,3,2020,1,21,2,25,1,1,3,2,2,4
400088,1,1,52,1,1,11,20,20,1,0,1,0,1,0,1,998,999,999,0,4,1,2,1,2,1,14,6,1,94,99,0,12,3,2020,5,13,2,1,1,1,1,1,5,4
400089,1,1,36,1,1,11,3,20,0,0,3,0,1,0,1,998,65,167,0,0,1,4,1,2,1,11,15,0,7,0,48,14,3,2020,7,15,2,12,2,2,1,1,10,0
400092,1,1,19,2,1,11,3,8,8,0,2,0,1,0,1,998,67,110,0,0,1,4,6,2,1,1,13,0,7,99,0,1,1,2020,4,22,2,32,1,1,4,2,1,4
400096,1,1,49,1,1,11,3,20,0,0,3,0,1,0,1,998,68,140,1,0,1,2,1,1,2,10,16,0,60,0,0,27,1,2020,2,17,2,5,3,3,1,3,1,0
400101,1,1,72,1,1,11,3,1,0,0,1,0,1,0,1,998,71,140,0,0,3,2,1,1,1,1,54,0,60,99,51,17,3,2020,3,11,2,12,1,1,1,1,10,4
400104,1,1,16,1,1,11,20,20,0,0,1,0,2,0,1,998,70,130,2,4,1,4,1,1,1,1,17,0,80,99,0,24,3,2020,3,16,2,12,2,3,1,1,1,4
400105,1,1,49,2,1,11,20,1,8,0,1,0,2,0,1,998,64,135,0,0,1,2,1,1,1,1,13,1,7,99,999,4,3,2020,4,18,2,33,1,1,4,1,10,4
400108,1,1,20,1,1,11,20,20,8,0,1,0,1,0,1,998,68,155,0,3,2,2,1,2,1,14,98,0,80,99,0,27,3,2020,6,21,2,1,1,1,1,3,10,4
400109,1,1,33,2,1,11,20,20,1,0,1,0,2,0,1,998,63,115,1,5,3,3,4,2,1,14,12,0,80,99,0,3,4,2020,6,15,2,25,1,1,3,1,10,4
400112,1,1,18,2,1,11,3,20,0,0,1,0,2,0,1,998,67,140,0,0,2,2,1,2,1,1,80,0,8,0,0,25,3,2020,4,6,2,8,1,1,1,4,1,0
400119,1,1,51,1,1,11,20,20,8,0,1,0,2,0,1,998,70,175,0,0,2,2,1,2,1,1,12,1,60,0,0,7,4,2020,3,18,2,1,1,1,3,1,1,4
400121,1,1,19,1,1,11,3,8,0,0,2,0,1,0,1,998,70,150,2,3,3,2,1,1,1,1,66,0,60,99,0,28,3,2020,7,12,2,12,2,2,1,1,1,0
400127,1,1,50,1,1,11,3,20,0,0,1,0,1,0,1,998,65,180,1,0,1,4,1,2,2,1,80,0,60,0,0,31,3,2020,3,5,2,8,1,1,1,2,1,0
400128,1,1,62,1,1,11,3,20,0,0,2,0,3,6,1,998,73,400,0,0,2,2,1,2,1,1,66,0,66,0,0,31,3,2020,3,13,2,12,2,2,1,1,1,1
400130,1,1,47,1,1,11,20,20,8,0,1,0,1,0,1,998,72,180,0,0,2,2,3,1,99,14,12,1,81,99,999,20,2,2020,5,6,2,52,1,1,4,2,99,4
400133,1,1,33,1,1,11,20,1,1,0,1,0,2,0,1,998,74,190,0,0,1,2,1,2,1,1,10,1,7,99,28,8,4,2020,4,3,2,12,1,1,1,2,10,3
400137,1,1,59,1,1,11,20,1,0,0,1,0,1,0,1,998,68,180,0,4,3,3,1,2,1,1,13,0,60,99,0,20,4,2020,2,3,2,23,1,1,4,3,1,4
400138,1,1,57,1,1,11,3,1,0,0,1,0,1,0,1,998,72,235,0,0,1,2,1,2,1,1,13,0,2,12,0,20,4,2020,2,22,2,59,3,3,4,3,1,4
400142,1,1,64,2,1,11,20,8,8,0,1,0,1,0,1,998,64,140,1,0,3,2,1,1,1,14,13,1,7,99,0,27,4,2020,2,17,2,25,1,1,4,1,1,4
400143,1,1,22,1,1,11,3,20,0,0,2,0,1,0,1,998,74,160,1,0,2,2,1,2,1,11,15,0,60,3,6,28,4,2020,3,10,2,1,3,2,1,1,1,0
400151,1,1,45,1,1,11,99,20,8,0,1,0,3,0,1,998,72,270,0,0,1,4,1,1,1,11,15,1,60,0,38,8,4,2020,4,13,2,12,2,3,1,1,1,4
400157,1,1,72,2,1,11,20,8,8,0,1,0,1,0,1,998,62,275,0,0,1,4,1,2,1,14,10,0,7,99,28,30,4,2020,5,11,2,12,1,1,1,1,1,4
400164,1,1,33,1,1,11,3,1,1,0,3,0,1,0,1,998,64,145,0,5,1,4,1,1,1,1,17,0,13,99,39,11,5,2020,2,16,2,12,2,7,1,1,10,3
400166,1,1,43,1,1,11,20,20,8,0,1,0,3,0,1,998,69,185,1,0,3,2,1,2,1,1,1,0,60,0,80,22,5,2020,6,18,2,59,1,1,3,1,1,4
400167,1,1,20,1,1,11,3,20,8,0,2,0,3,0,1,998,73,171,0,5,1,2,1,2,1,11,15,0,3,99,38,22,5,2020,6,21,2,12,2,3,1,3,1,0
400175,1,1,53,1,1,11,3,20,8,0,1,0,1,0,1,998,68,200,0,0,1,4,1,2,2,15,9,1,60,0,28,25,5,2020,2,19,2,12,1,1,1,1,2,3
400177,1,1,43,2,1,11,20,8,1,0,2,0,2,0,1,998,60,135,0,0,3,3,1,1,2,1,13,0,13,0,0,24,4,2020,6,17,2,59,1,1,4,1,2,4
400178,1,1,40,1,1,11,20,1,1,0,1,0,3,0,1,998,69,180,0,0,6,1,1,2,1,1,12,0,60,0,0,29,4,2020,4,6,2,12,20,1,1,4,1,2
400179,1,1,45,2,1,11,20,1,0,0,1,0,2,0,1,998,66,160,0,0,2,2,1,2,1,11,15,0,3,99,38,4,5,2020,2,15,2,12,2,3,1,1,10,4
400187,1,1,20,1,1,11,3,1,8,0,4,0,2,0,1,998,68,150,0,0,1,4,1,2,1,1,12,0,13,0,0,18,1,2020,7,21,2,33,1,1,4,3,1,2