ST_CASE,VEH_NO,PER_NO,AGE,SEX,PER_TYP,SEAT_POS,REST_USE,AIR_BAG,DRUGS,LOCATION,NUMOCCS,HIT_RUN,OWNER,V_CONFIG,HAZ_INV,TRAV_SP,DR_HGT,DR_WGT,PREV_SPD,SPEEDREL,VTRAFWAY,VNUM_LAN,VPROFILE,VPAVETYP,VSURCOND,P_CRASH1,P_CRASH2,DR_DRINK,VPICBODYCLASS,DRDISTRACT,DRIVERRF,DAY,MONTH,YEAR,DAY_WEEK,HOUR,RUR_URB,HARM_EV,RELJCT2,TYP_INT,REL_ROAD,LGT_COND,WEATHER,INJ_SEV
400561,1,1,50,2,1,11,20,20,8,0,3,0,2,0,1,998,66,140,0,5,3,3,1,1,1,1,13,1,13,99,0,17,12,2020,5,12,2,1,1,1,4,1,1,4
400563,1,1,24,2,1,11,3,1,8,0,3,0,1,0,1,998,66,267,1,0,3,2,6,1,1,1,53,0,13,99,999,19,12,2020,7,20,2,12,1,1,1,2,1,4
400564,1,1,28,2,1,11,20,8,8,0,1,0,1,0,1,998,65,128,0,3,3,2,1,1,1,14,13,1,13,99,73,17,12,2020,5,23,2,25,1,1,4,3,1,4
400565,1,1,46,1,1,11,3,8,8,0,2,0,2,0,1,998,71,160,0,4,1,2,1,2,1,1,6,1,3,92,0,10,12,2020,5,22,2,43,1,1,4,3,10,4
400566,1,1,81,1,1,11,99,8,8,0,1,0,1,0,1,998,71,210,0,0,3,2,1,2,1,1,17,0,60,99,38,9,12,2020,4,8,2,12,2,2,1,1,1,4
400567,1,1,34,1,1,11,3,1,0,0,1,0,1,0,1,998,73,195,0,0,1,4,1,2,1,1,65,0,7,0,0,19,12,2020,7,17,2,12,2,2,1,5,1,0
400568,1,1,27,1,1,11,20,20,8,0,1,0,1,0,1,998,69,195,0,3,1,2,3,2,1,6,11,1,94,99,0,25,4,2020,7,17,2,12,2,2,1,1,1,4
400569,1,1,63,1,1,11,20,20,8,0,1,0,1,0,1,998,68,170,0,0,1,2,1,2,1,1,13,0,7,99,999,5,7,2020,1,14,2,42,1,1,6,1,1,4
400571,1,1,58,1,1,11,20,1,8,0,1,0,1,0,1,998,73,260,0,0,1,4,1,1,1,1,12,0,7,99,999,23,8,2020,1,13,2,33,1,1,4,1,1,4
400572,1,1,42,1,1,11,8,1,0,0,1,0,1,0,1,998,70,185,0,0,2,2,3,2,1,1,54,1,7,99,51,5,9,2020,7,0,2,12,1,1,1,2,1,4
400573,1,1,19,1,1,11,20,8,1,0,1,0,1,0,1,998,67,175,0,0,2,2,1,2,1,99,52,0,13,99,0,5,10,2020,2,4,2,12,1,1,1,3,1,2
400574,1,1,58,2,1,11,99,1,8,0,1,0,2,0,1,998,66,230,0,0,1,2,1,2,1,1,10,0,5,99,28,19,11,2020,5,9,2,12,1,1,1,1,1,4
400576,1,1,24,1,1,11,3,20,0,0,2,0,2,0,1,998,68,130,0,0,1,4,1,2,1,1,59,0,13,0,0,22,12,2020,3,17,2,8,1,1,1,3,1,0
400577,1,1,16,1,1,11,3,20,0,0,3,0,1,0,1,998,66,160,0,3,2,2,4,2,1,1,17,0,60,92,39,27,12,2020,1,23,2,12,2,2,1,3,1,2
400578,1,1,68,1,1,11,20,1,0,0,1,0,2,0,1,998,69,212,0,0,2,2,1,1,1,1,54,0,60,99,51,28,12,2020,2,6,2,12,1,1,1,2,1,4
400579,1,1,26,1,1,11,20,1,8,0,1,0,1,0,1,998,76,200,0,5,1,2,1,1,1,1,17,0,7,99,39,31,12,2020,5,6,2,12,2,2,1,2,10,4
400582,1,1,17,1,1,11,3,1,8,0,2,0,2,0,1,998,73,180,0,3,1,4,1,1,1,1,6,1,1,0,58,22,12,2020,3,23,2,43,1,1,4,2,1,2
400585,1,1,60,1,1,11,20,20,0,0,1,0,2,0,1,998,69,170,0,0,1,2,1,2,1,1,9,1,60,99,0,25,12,2020,6,17,2,34,1,1,4,1,1,4
400586,1,1,63,2,1,11,3,20,0,0,1,0,2,0,1,998,63,215,1,0,3,4,3,1,1,1,80,0,7,0,0,25,12,2020,6,21,2,8,1,1,1,2,1,0
400589,1,1,23,1,1,11,3,20,0,0,1,1,1,0,1,998,68,140,1,0,6,1,1,1,1,14,80,0,13,0,999,27,12,2020,1,0,2,8,20,1,1,3,1,0
400595,1,1,30,1,1,11,3,8,8,0,1,0,1,0,1,998,75,210,2,0,3,2,1,1,1,1,13,0,7,99,0,24,12,2020,5,8,2,18,1,1,4,1,10,4
400597,1,1,47,1,1,11,3,20,8,0,1,0,1,0,1,998,71,225,0,0,1,2,1,2,1,1,80,1,7,0,0,11,11,2020,4,19,2,8,1,1,1,3,1,0
400598,1,1,32,2,1,11,3,20,0,0,1,0,1,0,1,998,70,130,0,0,1,2,1,2,2,1,80,0,5,0,0,11,12,2020,6,6,2,8,1,1,1,2,10,0
400599,1,1,29,1,1,11,3,20,0,0,1,0,1,0,1,998,71,250,0,0,1,2,1,1,1,1,83,0,3,0,0,20,8,2020,5,19,2,9,2,2,1,1,10,0
400600,1,1,31,1,1,11,3,8,1,0,1,0,2,0,1,998,73,180,0,0,1,4,1,2,1,1,10,0,7,99,91,7,10,2020,4,19,2,12,1,1,1,2,1,2
400601,1,1,46,1,1,11,3,20,8,0,1,0,2,0,1,998,999,999,0,0,1,2,1,2,1,1,13,0,60,99,0,12,12,2020,7,7,2,1,1,1,5,4,10,4
400604,1,1,28,2,1,11,3,20,0,0,1,0,1,0,1,998,71,195,0,0,2,2,1,2,1,1,80,0,13,7,6,9,3,2020,2,22,2,8,3,3,1,2,10,0
400605,1,1,73,2,1,11,3,1,0,0,1,0,1,0,1,998,62,150,0,0,1,2,1,2,1,1,12,0,7,0,999,21,5,2020,5,16,2,38,1,1,5,1,10,4
400608,1,1,70,1,1,11,99,1,0,0,2,0,3,0,1,998,69,180,0,0,3,4,1,2,1,1,17,0,5,0,39,11,12,2020,6,15,2,12,2,2,1,1,1,1
400609,1,1,75,1,1,11,3,8,0,0,2,0,1,0,1,998,64,190,0,0,1,4,1,2,1,1,10,0,7,0,28,23,11,2020,2,11,2,12,1,1,1,1,10,0
410005,1,1,29,1,1,11,3,9,8,0,1,0,3,0,1,65,66,215,0,9,3,2,1,2,2,14,51,0,60,96,27,1,2,2020,7,7,2,12,1,1,2,1,2,2
410007,1,1,25,1,1,11,3,9,9,0,1,0,1,0,1,100,66,150,0,4,3,4,2,1,2,1,51,1,13,96,0,8,2,2020,7,1,2,12,1,1,1,3,2,4
410010,1,1,48,1,1,11,20,98,9,0,1,0,2,0,1,999,74,180,0,5,1,2,1,8,1,1,6,1,80,96,0,1,3,2020,1,20,2,42,1,1,4,3,1,4
410012,1,1,21,1,1,11,3,98,8,0,2,0,2,0,1,35,71,250,0,0,1,2,1,2,2,1,80,0,2,96,0,14,1,2020,3,18,2,8,1,1,1,2,2,0
410013,1,1,56,1,1,11,3,9,9,0,1,0,1,0,1,998,71,180,0,0,1,2,1,2,2,1,10,0,7,96,0,16,1,2020,5,7,2,12,1,1,1,4,1,4
410014,1,1,48,1,1,11,99,98,9,0,1,1,2,0,1,999,67,155,1,9,1,2,1,2,1,99,82,0,7,99,91,3,3,2020,3,23,2,8,1,1,2,2,1,0
410016,1,1,63,1,1,11,3,20,8,0,1,0,3,2,2,5,70,178,0,0,1,5,1,2,1,10,83,0,11,96,0,17,3,2020,3,15,2,9,3,2,1,1,1,0
410019,1,1,23,1,1,11,99,99,1,0,1,0,1,0,1,998,72,160,1,5,1,2,1,2,2,1,80,0,13,96,91,4,1,2020,7,1,2,15,1,1,1,3,1,0
410022,1,1,89,1,1,11,3,20,9,0,2,0,1,0,1,998,70,155,0,0,1,2,1,2,1,1,66,0,15,96,0,31,1,2020,6,18,2,12,2,2,1,2,10,4
410024,1,1,28,1,1,11,3,9,9,0,2,0,4,0,1,998,68,165,1,4,3,3,1,2,2,1,51,1,13,96,0,24,3,2020,3,3,2,12,1,1,1,3,2,4
410026,1,1,48,2,1,11,3,20,9,0,1,0,1,0,1,998,63,170,0,4,1,5,1,2,1,1,67,0,13,96,0,16,4,2020,5,19,2,12,2,2,1,1,1,4
410029,1,1,73,2,1,11,3,20,8,0,1,0,0,0,1,10,64,196,0,0,1,2,2,2,1,11,80,0,7,96,38,4,3,2020,4,6,2,8,3,2,1,1,10,0
410030,1,1,21,1,1,11,99,20,1,0,1,0,1,0,1,999,999,999,0,0,1,2,1,2,2,1,66,0,60,96,0,18,4,2020,7,9,2,12,2,2,1,1,2,0
410034,1,1,36,1,1,11,3,9,9,0,2,0,1,0,1,999,69,325,0,0,1,2,1,1,1,14,10,1,10,93,6,17,5,2020,1,14,2,12,1,1,1,1,10,4
410037,1,1,59,1,1,11,1,20,8,0,1,0,1,0,1,32,77,225,0,0,1,4,1,2,1,1,80,0,7,96,0,21,5,2020,5,22,2,8,1,1,1,2,10,0
410044,1,1,26,1,1,11,3,20,8,0,1,0,1,0,1,65,71,180,0,0,3,2,2,2,1,1,80,0,5,96,0,4,5,2020,2,0,2,8,1,1,1,2,1,0
410046,1,1,18,2,1,11,99,99,9,0,1,0,1,0,1,999,66,130,1,9,1,2,2,2,1,1,12,1,13,96,999,9,5,2020,7,23,2,42,1,1,4,2,1,4
410050,1,1,43,1,1,11,20,98,9,0,1,0,1,0,1,998,999,999,0,9,3,8,1,1,1,1,13,0,5,96,0,6,6,2020,7,17,2,35,1,1,4,1,1,4
410052,1,1,42,2,1,11,3,20,9,0,1,0,1,0,1,998,63,315,0,0,1,2,1,2,1,10,80,0,60,96,38,5,6,2020,6,10,2,8,3,3,1,1,10,0
410063,1,1,47,1,1,11,3,98,8,0,1,0,2,0,1,10,69,200,0,0,1,5,1,2,2,10,80,0,7,96,0,1,1,2020,4,18,2,8,3,2,1,3,10,0
410065,1,1,45,1,1,11,3,98,8,0,1,0,1,0,1,998,72,160,0,0,3,3,1,2,1,14,80,0,13,96,0,9,1,2020,5,1,2,8,1,1,1,3,10,0
410069,1,1,63,1,1,11,3,9,8,0,1,0,1,0,1,998,68,155,0,0,1,5,1,2,2,99,19,0,2,96,0,17,1,2020,6,20,2,12,2,2,1,3,2,4
410070,1,1,50,1,1,11,20,20,9,0,1,0,2,0,1,998,71,165,1,4,1,2,1,2,2,1,17,0,80,96,51,18,1,2020,7,16,2,12,2,2,1,5,2,4
410071,1,1,36,2,1,11,3,20,8,0,1,0,2,0,1,70,63,95,0,0,3,3,1,2,2,1,80,0,13,96,0,18,1,2020,7,22,2,8,1,1,1,2,10,3
410072,1,1,56,1,1,11,3,9,8,0,1,0,1,0,1,45,72,200,0,0,1,2,1,2,1,1,55,0,60,96,0,23,1,2020,5,16,2,12,2,2,1,1,10,0
410074,1,1,28,1,1,11,98,98,8,0,2,0,1,0,1,998,71,230,0,5,1,8,1,2,2,1,17,1,13,96,91,25,1,2020,7,9,2,12,2,2,1,1,10,1
410077,1,1,70,1,1,11,3,20,9,0,1,0,1,0,1,999,71,250,0,9,3,2,1,2,1,1,12,0,7,96,58,23,2,2020,1,10,2,1,1,1,3,1,1,4
410079,1,1,26,2,1,11,3,9,8,0,2,0,1,0,1,998,64,169,0,0,1,2,1,2,2,11,15,0,7,96,38,29,2,2020,7,18,2,12,2,2,1,3,1,0
410082,1,1,30,1,1,11,3,20,8,0,1,0,1,0,1,55,74,225,0,0,3,4,1,2,1,1,80,0,5,96,0,4,2,2020,3,20,2,8,1,1,1,2,1,0
410091,1,1,24,1,1,11,3,20,8,0,1,0,1,0,1,998,67,130,0,4,1,2,2,2,98,14,6,1,13,96,0,29,2,2020,7,23,2,14,1,1,4,2,98,4
410097,1,1,54,2,1,11,20,9,8,0,1,0,1,0,1,998,64,150,0,3,1,2,1,2,98,1,13,0,13,96,0,2,7,2020,5,3,2,19,1,1,5,3,1,4
410100,1,1,63,1,1,11,3,98,9,0,1,0,1,0,1,998,68,216,0,0,3,3,1,2,1,1,13,0,7,96,0,1,6,2020,2,12,2,14,1,1,2,1,1,4
410107,1,1,71,2,1,11,3,20,9,0,2,0,2,0,1,55,63,168,0,0,1,2,2,2,1,11,15,0,13,96,39,5,3,2020,5,14,2,12,2,3,1,1,1,3
410114,1,1,42,1,1,11,99,9,1,0,4,0,2,0,1,60,67,215,0,4,1,2,1,2,1,17,6,0,13,96,58,21,5,2020,5,2,2,38,1,1,5,2,10,2
410117,1,1,79,1,1,11,3,9,8,0,2,0,1,0,1,50,67,150,0,9,3,4,1,2,1,1,13,0,60,96,0,13,7,2020,2,13,2,1,1,1,4,1,1,2
410122,1,1,40,1,1,11,20,20,8,0,1,0,2,0,1,70,71,180,2,5,1,2,8,2,1,1,55,0,80,96,0,5,7,2020,1,18,2,12,8,1,1,1,1,4
410124,1,1,21,1,1,11,3,9,9,0,1,0,1,0,1,999,74,275,0,9,1,4,2,2,1,14,10,0,13,96,51,6,7,2020,2,22,2,12,1,1,1,2,1,4
410126,1,1,19,1,1,11,99,20,8,0,3,1,1,0,1,998,70,170,0,0,1,3,1,2,1,11,15,0,13,96,91,14,4,2020,3,15,2,12,2,2,1,1,1,0
410130,1,1,75,1,1,11,3,9,8,0,1,0,1,0,1,999,63,135,0,0,1,2,2,2,1,14,12,0,13,96,51,20,7,2020,2,17,2,26,1,1,4,1,1,4
410136,1,1,39,2,1,11,3,9,9,0,3,0,2,0,1,998,999,999,0,0,1,4,1,2,1,1,17,0,13,96,39,28,7,2020,3,17,2,12,2,2,1,1,1,4
410137,1,1,19,1,1,11,20,98,9,0,1,0,1,0,1,999,74,155,1,4,1,4,1,2,1,1,50,0,94,96,6,20,9,2020,1,17,2,12,3,3,1,1,5,4
410138,1,1,29,1,1,11,20,9,9,0,1,0,2,0,1,998,70,170,0,4,1,4,2,2,2,14,13,0,7,96,0,23,9,2020,4,20,2,59,3,2,4,5,2,4
410139,1,1,27,1,1,11,99,99,1,0,1,0,2,0,1,50,67,135,0,4,1,2,2,2,1,1,10,0,95,96,91,11,7,2020,7,21,2,12,1,1,1,5,1,1
410146,1,1,29,1,1,11,2,20,8,0,2,0,1,0,1,40,73,160,0,0,1,5,1,2,1,1,80,0,3,96,0,30,7,2020,5,21,2,8,3,3,1,2,1,0
410148,1,1,49,1,1,11,20,20,9,0,1,0,1,0,1,998,71,220,0,5,4,4,2,2,1,14,6,0,94,96,0,31,7,2020,6,17,2,23,1,1,4,1,1,4
410149,1,1,53,1,1,11,3,9,9,0,2,0,1,0,1,998,75,195,1,9,1,2,1,2,1,1,17,0,2,99,38,1,8,2020,7,13,2,12,2,2,1,1,1,4
410154,1,1,38,1,1,11,3,98,8,0,1,0,1,1,1,30,74,200,0,0,4,4,1,2,1,1,80,0,60,96,0,14,8,2020,6,13,2,8,3,2,1,1,98,0
410160,1,1,43,2,1,11,3,20,8,0,1,1,1,0,1,999,71,155,0,0,1,2,1,2,1,1,80,1,60,17,91,26,8,2020,4,17,2,8,1,1,2,1,1,0
410161,1,1,30,1,1,11,3,98,8,0,1,0,2,0,1,65,66,150,2,0,3,2,1,2,1,1,80,0,60,96,0,26,8,2020,4,4,2,8,1,1,1,2,1,0
410164,1,1,33,1,1,11,3,98,9,0,1,0,1,0,1,998,74,180,2,5,5,5,1,2,2,1,13,1,3,93,0,15,5,2020,6,1,2,30,1,1,4,2,2,4
410165,1,1,53,1,1,11,20,20,9,0,1,0,1,0,1,999,76,280,0,4,5,3,1,2,1,1,52,0,85,96,26,8,7,2020,4,19,2,12,1,1,1,1,1,4
410166,1,1,90,2,1,11,3,9,8,0,1,0,1,0,1,999,64,144,0,0,1,3,1,2,1,1,17,0,7,96,38,9,7,2020,5,13,2,12,2,2,1,1,1,4
410167,1,1,32,1,1,11,3,9,8,0,2,0,1,0,1,999,69,183,0,9,1,2,1,2,98,1,19,0,3,3,999,10,7,2020,6,19,2,1,1,1,4,1,98,4
410168,1,1,21,1,1,11,3,9,8,0,1,0,1,0,1,60,67,175,0,0,1,2,1,2,1,1,10,0,65,17,6,2,9,2020,4,16,2,12,1,1,1,1,1,2
410170,1,1,59,2,1,11,98,98,0,0,2,0,2,0,1,998,67,140,0,0,4,2,1,2,2,1,80,0,13,96,0,4,9,2020,6,2,2,8,1,1,1,3,1,0
410171,1,1,67,1,1,11,20,98,8,0,2,0,2,0,1,998,69,185,0,9,1,2,1,2,1,1,19,0,7,96,0,5,9,2020,7,5,2,14,1,1,2,3,1,4
410172,1,1,16,1,1,11,99,9,1,0,2,0,2,0,1,999,74,170,0,4,1,2,2,2,1,14,6,0,3,96,51,6,9,2020,1,20,2,12,1,1,1,2,1,3
410175,1,1,59,2,1,11,3,9,9,0,1,0,2,0,1,998,67,390,0,9,4,4,1,1,1,1,19,0,13,96,0,7,9,2020,2,19,2,23,1,1,4,1,10,4
410179,1,1,34,1,1,11,3,9,8,0,1,0,4,0,1,10,999,999,0,0,1,2,1,2,1,11,15,0,13,96,38,16,9,2020,4,20,2,12,2,3,1,2,5,1
410180,1,1,35,1,1,11,3,9,1,0,1,0,1,0,1,999,73,180,1,0,1,2,1,2,1,1,13,1,60,96,0,19,9,2020,7,21,2,12,2,3,1,2,1,0
410182,1,1,45,1,1,11,98,9,8,0,1,0,1,0,1,999,999,999,0,0,3,3,2,2,1,14,54,1,1,96,50,22,9,2020,3,3,2,12,1,1,1,3,1,4
410183,1,1,73,1,1,11,3,9,8,0,2,0,2,0,1,55,71,200,0,9,1,4,2,2,1,14,50,0,7,0,999,12,6,2020,6,15,2,12,1,1,1,1,1,1
410184,1,1,66,1,1,11,98,98,8,0,1,0,1,0,1,999,69,155,0,0,1,3,1,2,1,11,15,0,7,96,0,12,7,2020,1,18,2,12,2,2,1,1,1,0
410185,1,1,52,1,1,11,20,20,9,0,1,0,0,0,1,20,70,235,0,0,1,2,1,2,1,1,19,0,104,96,0,17,7,2020,6,0,2,34,1,1,4,2,1,4
410188,1,1,82,2,1,11,3,9,9,0,1,0,1,0,1,998,62,195,0,9,1,2,2,2,1,14,19,0,13,96,999,1,8,2020,7,16,2,42,1,1,4,1,1,4
410189,1,1,67,1,1,11,20,20,9,0,1,1,0,0,1,998,999,999,99,5,1,2,1,2,1,1,51,0,996,96,0,2,8,2020,1,18,2,12,2,3,1,1,1,0
410194,1,1,56,1,1,11,3,20,9,0,1,0,1,0,1,65,76,250,2,0,1,2,1,2,1,1,80,0,13,96,0,10,8,2020,2,20,2,8,1,1,1,5,1,0
410201,1,1,66,1,1,11,3,9,8,0,1,0,1,0,1,999,74,260,0,0,1,3,1,2,1,11,15,0,13,93,38,20,8,2020,5,15,2,12,2,3,1,1,1,4
410205,1,1,67,2,1,11,3,20,8,0,2,0,1,0,1,70,61,190,0,9,2,2,2,2,1,1,80,0,13,96,999,5,9,2020,7,23,2,8,1,1,1,2,1,0
410208,1,1,18,1,1,11,98,98,8,0,3,0,2,0,1,998,70,160,0,0,1,2,1,2,1,1,17,1,7,96,91,11,9,2020,6,18,2,12,2,2,1,1,5,0
410210,1,1,34,1,1,11,20,20,9,0,2,0,1,0,1,998,69,180,1,5,1,2,1,2,1,1,10,0,80,96,0,29,9,2020,3,13,2,12,2,2,1,1,1,4
410215,1,1,89,2,1,11,99,99,8,0,1,0,1,0,1,999,63,149,0,0,1,2,1,2,1,11,15,0,13,96,38,5,10,2020,2,9,2,12,2,3,1,1,1,4
410219,1,1,33,1,1,11,99,99,8,0,1,0,1,0,1,999,70,150,0,9,1,2,1,2,1,1,19,1,7,96,999,8,10,2020,5,21,2,17,1,1,4,2,1,4
410221,1,1,91,1,1,11,3,20,9,0,1,0,1,0,1,998,70,240,0,9,1,2,1,2,1,1,19,0,7,96,0,27,9,2020,1,15,2,3,1,1,5,1,1,4
410223,1,1,35,1,1,11,20,98,9,0,1,0,5,0,1,50,68,180,0,3,1,2,1,2,1,1,17,0,80,96,0,28,9,2020,2,13,2,12,2,3,1,1,1,4
410224,1,1,35,2,1,11,3,98,8,0,2,0,1,0,1,10,64,125,0,0,1,5,1,2,1,10,16,0,3,96,0,30,9,2020,4,18,2,12,8,1,1,5,1,0
410225,1,1,31,1,1,11,20,9,9,0,1,0,1,0,1,998,67,220,0,0,1,4,2,2,1,1,10,0,13,96,51,1,10,2020,5,22,2,12,1,1,1,2,1,4
410227,1,1,25,1,1,11,3,98,1,0,1,0,1,0,1,998,73,220,1,5,1,2,1,2,1,10,9,1,3,99,0,3,10,2020,7,23,2,42,3,10,4,2,1,4
410228,1,1,40,1,1,11,20,98,9,0,1,0,2,0,1,999,69,200,0,4,3,4,2,2,1,1,6,0,94,96,0,4,10,2020,1,14,2,1,1,1,1,1,1,4
410229,1,1,25,1,1,11,99,98,8,0,1,0,1,0,1,50,68,150,0,3,3,2,1,2,2,14,80,1,13,96,91,10,10,2020,7,2,2,8,1,1,1,3,2,0
410233,1,1,56,1,1,11,3,98,8,0,1,0,1,0,1,35,72,215,0,9,1,2,5,2,1,1,83,0,60,96,999,8,10,2020,5,13,2,15,1,1,1,1,10,0
410234,1,1,93,1,1,11,99,99,8,0,1,1,1,0,1,999,64,148,0,0,1,2,1,2,1,1,83,0,9,96,35,9,10,2020,6,12,2,9,1,1,1,1,10,0
410235,1,1,24,1,1,11,20,20,9,0,1,0,1,0,1,998,69,155,0,9,3,3,1,2,1,1,50,0,80,96,999,9,10,2020,6,17,2,12,1,1,1,1,1,4
410238,1,1,27,1,1,11,20,20,9,0,1,0,1,0,1,998,999,999,0,9,5,5,1,2,2,1,12,0,60,96,999,6,11,2020,6,22,2,33,1,1,4,3,10,4
410240,1,1,53,1,1,11,3,9,8,0,1,0,1,0,1,30,72,185,0,0,1,5,1,2,1,6,11,0,5,96,91,2,1,2020,5,14,2,12,1,1,1,1,1,0
410241,1,1,998,8,1,11,98,98,8,0,1,1,9,99,1,998,999,999,99,0,3,8,8,8,98,99,80,0,998,96,0,5,1,2020,1,3,2,8,1,1,1,6,98,0
410242,1,1,999,1,1,11,98,98,8,0,1,0,9,99,1,998,999,999,99,0,8,8,8,8,98,99,80,1,998,96,39,6,1,2020,2,8,2,8,3,98,1,1,98,0
410243,1,1,45,1,1,11,98,98,8,0,1,0,9,0,1,998,999,999,99,0,2,2,8,2,98,99,80,0,5,96,0,8,1,2020,4,18,2,8,1,1,1,6,98,0
410245,1,1,44,2,1,11,3,98,8,0,1,0,1,0,1,50,64,180,0,0,1,4,2,2,2,1,81,0,2,96,0,14,1,2020,3,6,2,8,3,3,1,2,10,0
410246,1,1,53,1,1,11,98,98,8,0,1,1,9,99,1,998,999,999,99,0,8,8,8,8,98,99,85,0,998,96,0,15,1,2020,4,20,2,15,1,1,98,8,98,0
410247,1,1,47,1,1,11,98,98,8,0,1,1,3,6,1,998,999,999,99,0,1,4,8,8,98,1,80,0,66,96,91,21,1,2020,3,18,2,8,3,3,1,8,98,0
410250,1,1,86,2,1,11,98,98,8,0,1,1,9,99,1,998,62,126,0,0,8,8,8,8,98,99,80,0,998,96,999,24,1,2020,6,18,2,8,1,1,1,8,98,0
410251,1,1,52,1,1,11,98,98,8,0,1,0,9,99,1,998,999,999,99,0,8,8,8,8,98,99,80,0,999,96,0,28,1,2020,3,2,2,8,1,1,1,6,98,0
410253,1,1,43,2,1,11,3,20,8,0,1,0,1,0,1,998,66,220,0,9,5,5,1,2,98,1,80,0,7,96,999,11,2,2020,3,22,2,8,1,1,1,3,1,0
410254,1,1,53,1,1,11,98,98,8,0,1,0,1,0,1,998,68,185,0,0,8,8,8,8,98,99,19,0,60,96,0,14,2,2020,6,19,2,8,8,1,4,6,98,0
410256,1,1,24,1,1,11,3,98,8,0,1,0,2,0,1,998,69,145,0,0,1,2,2,2,1,1,83,0,60,96,0,17,2,2020,2,0,2,9,2,2,1,3,1,0
410258,1,1,998,8,1,11,98,98,8,0,1,1,9,99,1,998,999,999,99,0,8,8,8,8,98,99,80,0,998,96,0,29,2,2020,7,21,2,8,3,2,1,6,98,0
410259,1,1,61,2,1,11,20,1,9,0,1,0,1,0,1,40,67,180,0,9,1,2,1,2,2,1,13,0,7,5,999,2,3,2020,2,8,2,42,1,1,4,1,2,4
410260,1,1,52,2,1,11,20,9,8,0,3,0,9,0,1,998,67,130,2,0,8,8,8,8,98,99,19,0,999,96,0,4,3,2020,4,11,2,42,1,1,4,1,98,4
410263,1,1,998,8,1,11,98,98,8,0,2,0,9,99,1,998,999,999,99,0,8,8,8,8,98,99,17,0,998,96,39,9,3,2020,2,18,2,12,2,2,1,8,98,2
410264,1,1,30,1,1,11,98,98,8,0,1,0,9,99,1,998,999,999,99,0,8,8,8,8,1,99,19,0,998,96,91,17,3,2020,3,0,2,8,1,1,2,6,10,0
410266,1,1,44,2,1,11,3,9,9,0,1,0,1,0,1,998,64,112,0,0,3,3,1,2,1,1,50,1,7,96,36,19,3,2020,5,15,2,12,1,1,1,1,1,4
410272,1,1,20,1,1,11,98,98,8,0,2,0,1,0,1,998,65,149,1,5,1,2,1,2,1,1,67,0,3,96,0,13,4,2020,2,11,2,12,2,3,1,1,1,1
410273,1,1,88,2,1,11,99,20,8,0,1,0,1,0,1,999,63,170,0,9,1,2,1,2,1,12,21,0,3,99,48,15,4,2020,4,17,2,12,2,2,1,1,1,4
410274,1,1,50,1,1,11,20,98,9,0,1,0,2,0,1,55,71,185,0,4,2,2,1,2,1,14,19,0,82,96,0,17,4,2020,6,20,2,34,1,1,4,2,1,4
410277,1,1,22,1,1,11,20,9,1,0,2,0,1,0,1,998,74,215,1,4,1,2,2,2,1,1,19,1,5,96,0,6,5,2020,4,22,2,53,1,1,4,3,1,4
410278,1,1,32,2,1,11,98,98,8,0,2,0,1,0,1,998,69,225,0,9,1,3,1,2,98,99,99,0,7,96,38,6,5,2020,4,7,2,12,2,2,1,8,98,0
410281,1,1,999,9,1,11,98,98,9,0,1,1,2,0,1,998,999,999,99,9,1,3,2,2,2,1,80,0,2,96,0,12,5,2020,3,4,2,8,1,1,1,2,2,0
410282,1,1,26,1,1,11,98,98,8,0,1,0,9,99,1,998,999,999,99,0,8,8,8,8,98,99,13,0,998,96,0,17,5,2020,1,5,2,3,1,1,4,8,98,4
410283,1,1,76,2,1,11,98,98,8,0,1,0,9,99,1,998,65,180,0,0,8,8,8,8,98,99,17,1,998,96,0,20,5,2020,4,12,2,12,2,2,1,1,98,4
410284,1,1,998,1,1,11,99,98,9,0,1,1,2,0,1,40,999,999,99,9,1,2,1,2,2,1,82,0,60,96,0,21,5,2020,5,1,2,8,1,1,98,2,2,0
410291,1,1,49,1,1,11,20,9,8,0,1,0,1,0,1,999,68,200,0,0,1,2,2,2,1,99,9,1,13,96,0,4,6,2020,5,0,2,42,1,1,4,3,1,4
410292,1,1,30,1,1,11,98,98,8,0,1,1,1,0,1,998,72,167,0,0,8,8,8,8,98,99,82,0,2,96,91,4,6,2020,5,23,2,8,1,1,98,6,98,0
410294,1,1,22,1,1,11,98,98,8,0,2,0,9,99,1,998,73,180,2,5,8,8,8,8,98,99,12,1,998,96,999,7,6,2020,1,20,2,24,1,1,4,6,98,4
410298,1,1,32,1,1,11,3,20,8,0,1,0,1,0,1,998,68,140,1,0,1,3,1,2,1,1,83,0,3,96,0,22,6,2020,2,14,2,9,2,2,1,1,1,0
410299,1,1,999,9,1,11,98,98,8,0,99,1,9,99,1,998,999,999,99,0,1,2,8,8,98,99,80,0,999,96,999,2,7,2020,5,12,2,8,1,1,1,8,98,9
410302,1,1,36,1,1,11,98,98,8,0,1,0,9,99,1,998,999,999,99,0,8,8,8,8,98,99,19,0,998,96,0,6,7,2020,2,23,2,30,1,1,4,6,98,4