ST_CASE,VEH_NO,PER_NO,AGE,SEX,PER_TYP,SEAT_POS,REST_USE,AIR_BAG,DRUGS,LOCATION,NUMOCCS,HIT_RUN,OWNER,V_CONFIG,HAZ_INV,TRAV_SP,DR_HGT,DR_WGT,PREV_SPD,SPEEDREL,VTRAFWAY,VNUM_LAN,VPROFILE,VPAVETYP,VSURCOND,P_CRASH1,P_CRASH2,DR_DRINK,VPICBODYCLASS,DRDISTRACT,DRIVERRF,DAY,MONTH,YEAR,DAY_WEEK,HOUR,RUR_URB,HARM_EV,RELJCT2,TYP_INT,REL_ROAD,LGT_COND,WEATHER,INJ_SEV
410303,1,1,998,8,1,11,98,98,8,0,99,1,9,99,1,998,999,999,99,9,1,2,1,2,1,99,80,0,999,96,999,7,7,2020,3,22,2,8,1,1,1,2,1,0
410304,1,1,21,1,1,11,98,98,8,0,2,0,2,0,1,998,67,130,0,3,4,2,8,8,98,1,13,1,7,96,91,9,7,2020,5,2,2,24,1,1,4,6,98,5
410305,1,1,57,1,1,11,8,98,8,0,1,0,9,99,1,998,70,180,0,0,8,8,8,8,98,99,99,0,998,96,0,11,7,2020,7,16,2,12,1,1,1,8,98,4
410307,1,1,91,1,1,11,3,98,8,0,1,0,1,0,1,998,74,188,0,4,1,2,1,2,98,14,12,0,2,96,0,6,7,2020,2,8,2,42,1,1,4,1,98,4
410308,1,1,34,2,1,11,98,98,8,0,2,0,9,99,1,998,69,130,0,5,8,8,8,8,98,99,12,0,998,96,0,18,7,2020,7,18,2,14,1,1,4,8,98,4
410310,1,1,27,8,1,11,98,98,8,0,3,0,9,99,1,998,999,999,99,0,8,8,8,8,98,99,17,1,998,96,91,22,7,2020,4,22,2,12,2,2,1,8,98,2
410311,1,1,36,1,1,11,98,98,8,0,1,0,9,99,1,998,74,215,1,0,8,8,8,8,98,99,99,0,998,96,0,30,7,2020,5,19,2,8,98,98,98,8,98,0
410315,1,1,28,1,1,11,98,98,8,0,1,0,9,0,1,998,74,185,0,9,1,2,1,2,98,1,12,0,7,96,0,5,8,2020,4,19,2,32,1,1,4,1,98,4
410318,1,1,56,2,1,11,3,9,9,0,1,0,2,1,1,998,65,175,0,4,0,0,0,0,0,11,15,0,60,96,38,7,8,2020,6,14,2,12,8,1,1,1,1,2
410319,1,1,40,1,1,11,3,9,8,0,2,0,1,0,1,998,70,280,0,0,1,3,1,2,1,1,66,0,3,96,0,7,8,2020,6,22,2,12,2,2,1,3,1,3
410320,1,1,35,1,1,11,20,98,9,0,1,0,1,0,1,998,65,200,1,9,1,3,1,2,1,1,13,0,80,96,0,7,8,2020,6,14,2,33,1,1,4,1,1,4
410325,1,1,28,1,1,11,98,98,8,0,2,0,9,0,1,998,79,240,0,9,1,2,2,2,98,14,19,0,3,96,91,24,8,2020,2,23,2,24,1,1,4,6,98,3
410326,1,1,27,1,1,11,20,20,8,0,1,0,9,0,1,998,71,190,0,2,1,5,1,2,98,1,80,0,6,96,999,28,8,2020,6,23,2,8,1,1,1,6,98,4
410329,1,1,999,9,1,11,98,98,8,0,1,1,9,99,1,998,999,999,99,9,1,4,1,2,98,1,80,0,999,96,999,30,8,2020,1,19,2,8,3,2,1,1,98,0
410331,1,1,25,1,1,11,98,98,8,0,2,0,9,99,1,998,999,999,99,9,1,2,1,2,98,1,99,0,999,96,999,1,9,2020,3,5,2,42,1,1,4,9,98,4
410332,1,1,84,1,1,11,3,20,8,0,1,0,1,0,1,20,68,205,0,0,1,2,2,2,1,1,83,0,13,96,0,3,9,2020,5,9,2,9,16,1,1,1,1,0
410333,1,1,88,2,1,11,3,98,8,0,1,0,1,0,1,998,64,158,0,9,1,2,1,2,1,99,17,0,13,96,0,27,8,2020,5,8,2,12,2,2,1,1,1,4
410338,1,1,20,1,1,11,20,20,8,0,1,0,9,0,1,998,65,110,1,9,1,2,8,2,98,14,19,0,6,96,999,16,9,2020,4,17,2,24,1,1,4,1,98,4
410339,1,1,999,9,1,11,98,98,8,0,99,1,9,99,1,998,999,999,99,9,5,5,1,2,98,1,80,0,999,96,999,19,9,2020,7,18,2,8,1,1,1,1,98,0
410340,1,1,999,9,1,11,98,98,8,0,1,1,9,99,1,998,999,999,99,9,1,2,1,2,98,1,80,0,999,96,999,24,9,2020,5,22,2,8,1,1,1,6,98,0
410341,1,1,49,1,1,11,3,9,9,0,1,0,1,0,1,111,70,230,2,3,3,2,2,2,1,1,19,0,3,96,0,27,9,2020,1,22,2,25,1,1,3,3,10,4
410343,1,1,17,1,1,11,98,98,8,0,1,0,1,0,1,998,76,158,0,0,8,8,8,8,98,1,80,0,60,96,0,3,10,2020,7,20,2,8,1,1,1,2,1,0
410344,1,1,26,1,1,11,20,20,8,0,1,0,2,0,1,998,79,170,0,0,1,2,1,2,98,1,5,0,98,96,0,4,10,2020,1,22,2,1,1,1,1,6,98,4
410345,1,1,25,1,1,11,20,98,1,0,1,0,2,0,1,999,71,180,0,0,1,2,1,2,1,1,13,0,3,96,91,6,10,2020,3,16,2,9,1,1,1,1,1,2
410346,1,1,41,1,1,11,20,98,8,0,1,0,9,99,1,998,999,999,99,9,1,3,1,2,98,99,99,0,98,96,999,9,10,2020,6,5,2,30,3,2,4,6,98,4
410348,1,1,37,1,1,11,98,98,8,0,1,0,9,99,1,998,71,205,0,9,1,5,1,2,98,99,19,0,999,96,999,10,10,2020,7,0,2,35,3,3,4,6,98,4
410350,1,1,64,1,1,11,3,20,8,0,1,0,1,0,1,998,72,270,0,0,8,8,8,8,2,1,80,0,13,96,0,13,10,2020,3,22,2,8,1,1,1,3,5,0
410352,1,1,18,1,1,11,98,98,8,0,2,0,9,99,1,998,67,135,0,5,8,8,8,8,1,14,10,0,998,96,0,18,10,2020,1,16,2,12,1,1,1,1,1,4
410353,1,1,47,1,1,11,20,98,8,0,1,0,9,0,1,998,999,999,99,0,8,8,8,8,98,99,9,0,6,96,0,22,10,2020,5,21,2,59,1,1,4,8,98,4
410355,1,1,20,1,1,11,98,98,8,0,1,0,9,99,1,998,999,999,99,0,8,8,8,8,98,99,80,0,998,96,0,25,10,2020,1,0,2,8,1,1,1,2,98,0
410356,1,1,60,1,1,11,98,98,8,0,1,0,9,99,1,998,999,999,99,0,1,8,8,8,98,1,83,0,998,96,0,29,10,2020,5,2,2,15,3,2,1,6,98,0
410357,1,1,26,1,1,11,3,9,8,0,1,0,1,0,1,998,77,200,0,0,1,2,2,2,2,14,10,0,60,96,28,30,10,2020,6,12,2,12,1,1,1,1,2,4
410358,1,1,27,1,1,11,98,98,8,0,2,0,9,99,1,998,999,999,0,0,8,8,8,8,98,99,99,0,998,96,0,31,10,2020,7,22,2,12,98,98,98,3,98,4
410360,1,1,26,2,1,11,3,20,1,0,1,0,1,0,1,998,999,999,99,0,1,2,2,2,2,14,10,0,7,17,51,4,11,2020,4,10,2,12,1,1,1,1,10,0
410361,1,1,40,1,1,11,3,20,8,0,1,0,1,0,1,25,72,180,1,0,1,3,2,1,2,1,80,0,3,96,0,6,11,2020,6,6,2,8,1,1,1,3,2,0
410365,1,1,998,8,1,11,98,98,8,0,1,0,9,99,1,998,999,999,99,0,8,8,8,8,98,99,83,0,998,96,0,12,11,2020,5,20,2,9,1,1,1,8,98,0
410367,1,1,998,8,1,11,98,98,8,0,1,1,9,99,1,998,999,999,99,0,8,8,8,8,98,99,99,0,998,96,0,17,11,2020,3,18,2,8,3,2,98,8,98,0
410368,1,1,39,1,1,11,3,9,8,0,1,0,1,0,1,45,72,185,0,0,4,4,1,2,1,15,11,0,13,96,27,19,11,2020,5,17,2,12,1,1,1,3,1,0
410370,1,1,26,1,1,11,20,98,8,0,1,0,9,99,1,998,73,167,1,0,8,8,2,8,2,14,19,0,998,96,0,20,11,2020,6,0,2,42,1,1,4,6,10,4
410371,1,1,68,2,1,11,98,98,8,0,1,0,1,0,1,998,59,178,0,0,1,2,1,2,1,11,15,0,7,96,38,21,11,2020,7,14,2,12,2,3,1,1,1,1
410372,1,1,44,2,1,11,8,98,8,0,2,0,9,99,1,998,71,225,1,0,8,8,8,8,98,99,10,0,998,96,0,22,11,2020,1,17,2,12,1,1,1,8,98,4
410373,1,1,20,1,1,11,20,98,1,0,2,0,5,0,1,67,68,155,0,3,1,4,1,2,2,1,55,0,3,96,36,22,11,2020,1,20,2,12,8,1,1,3,2,4
410375,1,1,34,1,1,11,3,20,8,0,1,0,3,2,1,998,72,220,4,0,5,5,1,2,1,1,17,0,11,96,0,25,11,2020,4,8,2,12,2,3,1,1,1,0
410376,1,1,26,1,1,11,3,9,8,0,1,0,1,0,1,45,72,185,2,0,1,2,1,2,2,1,10,0,3,7,28,30,11,2020,2,11,2,12,1,1,1,1,2,3
410377,1,1,74,1,1,11,3,20,8,0,1,0,1,0,1,998,70,190,0,0,8,8,8,8,98,99,80,0,7,96,0,4,12,2020,6,17,2,15,3,3,1,2,2,0
410378,1,1,18,1,1,11,3,20,8,0,1,0,1,0,1,44,68,125,0,0,4,2,1,2,1,14,83,0,3,96,0,4,12,2020,6,16,2,9,1,1,1,2,1,0
410380,1,1,47,1,1,11,8,98,8,0,2,0,9,99,1,998,999,999,99,0,8,8,8,8,98,99,99,0,998,96,0,12,12,2020,7,22,2,12,1,1,1,8,98,4
410381,1,1,57,1,1,11,98,98,8,0,1,0,2,0,1,35,68,165,0,0,5,5,2,2,2,1,80,0,2,96,0,16,12,2020,4,20,2,15,3,2,1,3,10,0
410382,1,1,25,1,1,11,98,98,8,0,1,0,9,99,1,998,999,999,0,0,8,8,8,8,98,99,10,0,998,96,0,17,12,2020,5,7,2,12,1,1,1,8,98,4
410384,1,1,50,1,1,11,20,20,8,0,1,0,2,0,1,998,70,190,1,9,1,2,2,2,1,1,66,0,13,96,0,22,12,2020,3,20,2,12,2,2,1,3,1,4
410385,1,1,998,8,1,11,98,98,8,0,1,0,9,99,1,998,999,999,99,0,8,8,8,8,98,99,19,0,998,96,0,23,12,2020,4,20,2,8,1,1,2,6,98,0
410386,1,1,19,1,1,11,3,9,9,0,1,0,2,0,1,998,66,140,0,9,1,5,1,2,1,1,10,0,13,96,51,24,12,2020,5,9,2,12,1,1,1,1,1,4
410389,1,1,31,1,1,11,98,98,1,0,1,0,2,0,1,30,72,187,0,0,1,8,1,2,2,1,80,0,13,96,0,31,12,2020,5,19,2,8,1,1,1,3,2,0
410390,1,1,57,1,1,11,3,9,8,0,1,0,1,0,1,998,71,208,0,0,1,2,1,2,3,1,10,0,7,19,51,30,12,2020,4,8,2,12,3,2,1,1,4,4
410394,1,1,30,1,1,11,20,98,9,0,1,0,1,0,1,998,73,165,0,4,1,2,1,2,2,14,12,0,3,96,0,12,12,2020,7,23,2,42,1,1,4,3,2,4
410395,1,1,16,1,1,11,3,9,8,0,6,0,1,0,1,998,72,145,0,0,1,2,1,2,2,1,10,0,13,96,28,6,11,2020,6,20,2,12,1,1,1,3,2,4
410399,1,1,998,8,1,11,98,98,8,0,1,1,9,99,1,998,999,999,99,9,8,8,8,8,98,99,99,0,998,96,0,4,9,2020,6,18,2,8,1,1,98,8,98,0
410401,1,1,19,1,1,11,20,98,8,0,1,0,1,0,1,998,75,156,0,0,3,8,1,8,1,1,80,0,80,96,0,5,10,2020,2,16,2,15,3,2,1,1,1,3
410402,1,1,41,1,1,11,20,20,8,0,1,0,9,0,1,998,999,999,99,9,1,4,1,2,98,1,17,0,81,96,999,6,10,2020,3,21,2,12,2,2,1,6,98,4
410405,1,1,999,9,1,11,98,98,8,0,1,0,9,99,1,998,999,999,99,9,1,4,1,2,98,99,80,0,999,96,999,17,10,2020,7,19,2,8,3,3,1,6,98,0
410407,1,1,998,8,1,11,98,98,8,0,1,0,9,99,1,998,999,999,99,0,8,8,8,8,98,99,80,0,998,96,0,18,11,2020,4,18,2,8,1,1,1,8,98,0
410408,1,1,19,1,1,11,3,98,1,0,2,1,2,0,1,40,67,145,0,0,1,3,1,2,1,1,80,0,7,93,91,20,11,2020,6,18,2,8,1,1,1,3,99,0
410412,1,1,38,2,1,11,3,9,8,0,2,0,1,0,1,5,68,160,0,0,6,6,1,2,2,11,15,0,7,92,39,7,12,2020,2,7,2,12,2,2,1,4,5,0
410414,1,1,35,1,1,11,3,98,8,0,1,0,1,2,1,45,73,220,0,0,1,2,1,2,2,1,50,0,65,96,26,15,12,2020,3,14,2,12,1,1,1,1,2,2
410415,1,1,35,1,1,11,3,20,8,0,1,0,3,6,1,60,66,240,0,0,3,4,2,2,1,1,80,0,66,96,0,12,10,2020,2,19,2,8,1,1,1,3,10,0
410417,1,1,53,1,1,11,3,20,8,0,1,0,1,0,1,998,73,210,0,0,1,2,1,2,1,1,13,1,60,96,91,13,10,2020,3,19,2,8,1,1,4,2,1,0
410418,1,1,38,1,1,11,3,9,9,0,1,0,1,0,1,998,69,200,0,0,1,2,1,2,1,1,19,0,13,96,40,15,10,2020,5,14,2,10,6,1,1,1,1,4
410419,1,1,17,2,1,11,3,98,8,0,1,0,1,0,1,999,999,999,0,0,1,2,1,2,1,6,10,0,13,96,34,16,10,2020,6,14,2,12,1,1,1,1,1,4
410421,1,1,50,1,1,11,20,98,0,0,1,0,1,0,1,25,69,150,0,0,1,2,1,2,1,1,83,0,6,96,0,17,10,2020,7,14,2,9,1,1,1,1,1,2
410425,1,1,57,2,1,11,3,98,8,0,1,0,2,0,1,25,61,150,0,0,1,2,1,8,98,1,80,0,13,96,0,19,10,2020,2,17,2,8,1,1,1,1,98,0
410427,1,1,28,1,1,11,3,98,9,0,1,0,2,0,1,998,75,235,2,9,3,3,1,2,2,14,54,1,60,99,91,22,10,2020,5,3,2,12,1,1,1,3,1,1
410429,1,1,48,1,1,11,99,98,9,0,1,0,1,0,1,998,72,241,1,4,1,5,2,2,1,14,51,0,13,96,91,29,10,2020,5,14,2,12,3,3,1,1,1,0
410436,1,1,53,1,1,11,20,9,8,0,1,0,1,0,1,999,65,175,0,9,3,6,1,2,2,1,50,1,15,99,0,4,11,2020,4,20,2,12,1,1,1,3,10,4
410442,1,1,49,1,1,11,20,9,9,0,1,0,1,0,1,999,72,185,0,4,3,4,1,2,1,6,6,0,7,96,999,11,11,2020,4,16,2,1,1,1,1,1,1,4
410444,1,1,27,1,1,11,3,9,9,0,1,0,2,0,1,998,69,165,0,9,1,5,2,2,2,14,10,0,3,96,999,13,11,2020,6,7,2,12,1,1,1,1,2,4
410448,1,1,58,1,1,11,3,20,8,0,3,0,1,0,1,40,67,160,2,9,1,2,2,2,1,1,80,0,7,96,0,1,12,2020,3,17,2,8,3,3,1,3,1,0
410449,1,1,74,2,1,11,3,9,8,0,3,0,1,0,1,30,61,170,0,0,1,8,1,2,2,1,13,0,7,96,0,8,12,2020,3,15,2,14,1,1,2,1,2,2
410454,1,1,24,1,1,11,99,9,9,0,1,0,1,0,1,998,68,230,0,0,1,2,1,2,2,14,10,0,15,96,73,19,12,2020,7,1,2,12,2,3,1,2,1,4
410457,1,1,62,2,1,11,3,9,9,0,1,0,1,0,1,999,65,167,0,0,1,2,1,2,1,11,15,0,7,96,38,28,12,2020,2,5,2,12,2,3,1,2,1,4
410458,1,1,28,1,1,11,99,9,8,0,1,0,2,0,1,998,73,210,0,3,1,4,1,2,2,1,55,1,13,96,0,24,11,2020,3,22,2,12,2,3,1,3,2,3
410462,1,1,44,1,1,11,3,98,8,0,1,0,1,0,1,35,71,190,0,0,1,4,1,2,2,1,80,0,7,96,0,17,11,2020,3,21,2,8,1,1,1,2,2,0
410465,1,1,54,1,1,11,3,20,8,0,1,0,1,0,1,40,72,230,1,0,1,5,1,2,2,1,80,0,60,96,0,19,11,2020,5,19,2,8,1,1,1,3,2,0
410468,1,1,18,1,1,11,99,98,9,0,1,0,2,0,1,998,67,126,0,3,1,4,1,2,2,1,6,0,3,96,0,19,11,2020,5,2,2,35,1,1,4,3,2,4
410470,1,1,60,2,1,11,3,9,8,0,2,0,1,0,1,45,66,152,0,0,1,2,1,2,2,1,17,0,13,96,39,20,11,2020,6,19,2,12,2,2,1,2,10,1
410471,1,1,37,1,1,11,99,98,8,0,1,0,2,0,1,998,67,153,1,9,3,2,2,2,1,14,13,0,5,96,0,21,11,2020,7,10,2,33,1,1,4,1,10,4
410472,1,1,39,2,1,11,3,20,8,0,2,0,2,0,1,65,65,170,1,0,3,3,2,2,2,1,80,0,60,96,0,22,11,2020,1,17,2,8,1,1,1,2,2,0
420001,1,1,42,2,1,11,3,20,0,0,1,0,1,0,1,999,62,999,1,0,1,6,1,2,2,1,80,0,8,96,0,3,1,2020,6,7,2,8,1,1,1,1,2,0
420004,1,1,19,1,1,11,99,99,9,0,1,0,2,0,1,55,72,999,0,4,3,2,1,2,10,1,6,0,60,96,87,8,1,2020,4,12,2,25,1,1,3,1,4,4
420005,1,1,22,1,1,11,99,1,0,0,4,0,4,0,1,999,65,999,0,0,5,5,1,2,2,14,10,1,60,96,28,11,1,2020,7,5,2,12,1,1,1,3,2,5
420009,1,1,60,2,1,11,20,20,9,0,1,0,0,0,1,999,66,999,0,0,0,0,0,0,0,99,19,0,12,96,38,9,1,2020,5,8,2,12,8,1,1,1,98,4
420010,1,1,72,1,1,11,99,99,9,0,1,0,1,0,1,999,71,999,0,5,1,2,1,2,1,1,12,1,7,96,999,15,1,2020,4,16,2,42,1,1,5,1,98,4
420011,1,1,39,1,1,11,99,20,0,0,1,0,1,0,1,50,74,999,1,9,1,2,1,2,1,99,10,1,2,96,28,11,1,2020,7,5,2,12,1,1,1,3,98,4
420014,1,1,40,1,1,11,20,8,1,0,1,0,2,0,1,999,73,999,1,9,1,2,1,2,4,1,12,1,8,96,87,19,1,2020,1,4,2,42,1,1,4,2,5,4
420015,1,1,41,1,1,11,20,1,9,0,1,0,1,0,1,80,69,999,0,4,3,4,5,1,1,1,50,0,13,96,0,22,1,2020,4,14,2,12,18,1,1,1,1,4
420016,1,1,59,1,1,11,20,20,0,0,1,0,1,1,1,999,73,999,0,4,1,2,1,2,4,14,6,1,60,96,87,18,1,2020,7,3,2,24,1,1,4,2,98,4
420020,1,1,35,2,1,11,3,20,1,0,1,0,1,0,1,999,64,999,0,0,5,5,1,2,1,1,80,1,7,96,0,7,2,2020,6,20,2,8,3,3,1,3,98,0
420021,1,1,32,1,1,11,20,20,0,0,1,1,1,0,1,35,72,999,1,0,1,2,1,2,2,1,80,0,7,96,999,6,2,2020,5,17,2,8,1,1,1,3,2,0
420022,1,1,38,1,1,11,20,3,1,0,1,0,2,0,1,999,68,999,0,0,1,3,1,2,1,6,54,0,3,96,35,3,2,2020,2,16,2,12,1,1,1,1,98,4
420024,1,1,53,2,1,11,3,20,0,0,2,0,1,0,1,40,57,999,0,0,1,2,1,2,2,1,8,0,13,96,0,7,2,2020,6,19,2,39,1,1,5,3,98,4
420029,1,1,39,1,1,11,1,20,0,0,1,0,1,0,1,30,74,999,0,9,2,2,1,2,1,1,80,0,7,96,999,14,2,2020,6,19,2,8,3,2,1,3,98,0
420031,1,1,34,2,1,11,3,20,0,0,2,0,1,0,1,999,59,999,0,0,1,4,3,2,1,1,80,0,13,96,0,20,2,2020,5,23,2,8,1,1,1,3,98,0
420032,1,1,67,2,1,11,3,3,0,0,1,0,1,0,1,10,64,999,0,0,2,3,1,2,1,11,15,0,3,0,38,24,2,2020,2,16,2,12,2,4,1,1,98,5
420033,1,1,47,1,1,11,20,20,9,0,1,0,1,0,1,70,73,999,0,3,1,2,1,2,1,1,17,0,80,96,0,19,2,2020,4,14,2,12,2,3,1,1,98,4
420034,1,1,22,1,1,11,99,20,0,0,1,0,2,0,1,30,69,999,0,0,2,3,1,2,2,1,80,0,13,96,0,10,2,2020,2,16,2,8,1,1,1,1,98,0
420035,1,1,79,2,1,11,3,20,0,0,2,0,1,0,1,999,64,999,0,0,1,4,1,2,1,11,15,0,13,96,48,14,2,2020,6,11,2,12,2,2,1,1,98,4
420041,1,1,64,1,1,11,20,1,0,0,2,0,3,0,1,999,70,999,0,5,1,2,1,2,1,14,10,0,2,96,28,5,2,2020,4,8,2,12,1,1,1,1,98,4
420042,1,1,38,1,1,11,20,1,9,0,1,0,2,0,1,999,69,999,0,4,1,2,1,2,1,1,13,1,13,96,999,28,2,2020,6,1,2,42,1,1,4,2,98,4
420043,1,1,54,2,1,11,20,8,0,0,1,0,1,0,1,999,62,999,0,0,1,2,6,2,2,1,10,0,13,96,87,4,2,2020,3,19,2,12,2,2,1,3,2,4
420045,1,1,53,1,1,11,99,99,0,0,1,0,3,21,1,25,69,999,0,0,2,4,1,2,2,4,80,0,16,96,38,3,3,2020,3,5,2,8,3,4,1,4,2,0
420046,1,1,998,9,1,11,99,99,9,0,99,1,9,99,1,55,999,999,99,9,3,2,6,2,1,1,80,0,999,99,999,2,3,2020,2,3,2,8,1,1,1,2,98,9
420047,1,1,73,2,1,11,3,1,0,0,1,0,1,0,1,999,63,999,0,0,6,1,1,2,2,11,15,0,13,96,38,10,3,2020,3,7,2,12,2,3,1,1,10,4
420053,1,1,31,2,1,11,3,20,0,0,1,0,2,0,1,45,65,999,0,0,2,3,1,2,2,1,80,0,2,96,0,5,4,2020,1,23,2,8,3,2,1,2,2,0
420056,1,1,49,1,1,11,20,20,1,0,2,0,0,0,1,999,72,999,0,0,2,2,1,2,1,1,87,1,82,96,52,12,4,2020,1,21,2,11,1,1,1,2,98,4
420058,1,1,999,9,1,11,99,99,9,0,99,1,9,0,1,25,999,999,99,9,4,2,1,2,1,1,80,0,13,99,50,24,2,2020,2,20,2,8,3,2,1,3,98,9
420060,1,1,38,1,1,11,3,1,0,0,1,0,1,0,1,80,72,999,0,3,1,2,1,2,1,14,12,1,13,96,0,27,2,2020,5,23,2,42,1,1,4,2,98,4
420062,1,1,39,2,1,11,20,20,9,0,1,0,1,0,1,45,64,999,0,9,2,3,1,2,2,14,12,0,13,96,999,3,3,2020,3,7,2,30,1,1,3,4,2,4
420064,1,1,24,1,1,11,3,1,0,0,1,0,1,0,1,55,69,999,0,0,3,2,1,1,2,1,50,0,60,0,0,12,2,2020,4,22,2,12,1,1,1,2,4,2
420067,1,1,73,1,1,11,20,1,0,0,1,0,1,0,1,999,66,999,0,0,2,2,1,2,1,99,12,0,3,96,28,7,3,2020,7,12,2,12,18,1,1,1,98,4
420069,1,1,24,2,1,11,8,20,0,0,1,0,1,0,1,79,64,999,0,3,1,2,3,2,1,1,14,0,13,96,73,19,4,2020,1,0,2,24,3,3,4,3,98,4
420072,1,1,31,1,1,11,99,1,1,0,1,0,2,0,1,999,70,999,0,0,5,3,1,2,2,1,10,0,7,96,28,23,3,2020,2,12,2,12,1,1,1,1,2,3
420073,1,1,999,9,1,11,99,99,9,0,99,1,9,0,1,30,999,999,99,9,2,3,1,2,1,1,80,0,7,99,999,6,1,2020,2,22,2,8,1,1,1,3,98,9
420075,1,1,37,2,1,11,20,20,0,0,1,0,1,0,1,999,67,999,0,0,1,2,5,2,1,1,8,0,7,96,0,19,4,2020,1,15,2,12,1,1,1,1,98,4
420076,1,1,30,1,1,11,20,20,9,0,1,0,1,0,1,60,74,999,0,3,1,4,1,2,1,1,62,0,94,96,0,6,1,2020,2,21,2,12,8,1,1,3,98,4
420078,1,1,28,1,1,11,20,20,0,0,1,0,1,0,1,999,69,999,0,9,1,4,1,2,1,14,10,1,13,96,28,22,2,2020,7,1,2,12,1,1,1,3,98,4
420080,1,1,25,1,1,11,3,1,1,0,1,0,1,0,1,75,73,999,2,3,2,2,5,1,1,14,50,1,13,96,36,25,1,2020,7,1,2,12,1,1,2,3,98,9
420081,1,1,45,2,1,11,20,1,0,0,2,0,2,0,1,50,67,999,0,4,1,2,1,2,1,1,50,0,13,96,0,21,1,2020,3,10,2,12,1,1,1,1,99,4
420082,1,1,999,9,1,11,99,99,9,0,99,1,9,0,1,35,999,999,99,9,5,5,1,2,1,99,99,0,999,99,999,12,1,2020,1,3,2,8,1,1,99,3,98,9
420083,1,1,999,9,1,11,99,99,9,0,99,1,9,0,1,60,999,999,99,9,1,4,1,2,2,99,99,0,999,99,999,18,3,2020,4,23,2,8,1,1,1,3,2,9
420084,1,1,27,1,1,11,1,99,0,0,1,0,1,0,1,30,72,999,0,9,1,4,1,2,2,1,80,0,7,0,87,27,2,2020,5,6,2,8,1,1,1,3,2,0
420085,1,1,47,1,1,11,3,20,0,0,1,0,1,0,1,999,66,999,0,0,1,2,1,2,2,1,83,0,7,96,0,31,1,2020,6,22,2,9,2,2,1,3,98,0
420086,1,1,25,1,1,11,20,20,9,0,1,0,2,0,1,75,72,999,0,5,6,2,1,2,1,1,61,0,85,96,36,12,2,2020,4,13,2,12,20,1,1,1,1,4
420087,1,1,999,9,1,11,99,99,9,0,99,1,9,0,1,80,999,999,99,5,2,2,1,2,1,1,80,0,13,99,999,25,1,2020,7,0,2,8,1,1,1,3,98,9
420088,1,1,85,1,1,11,20,8,0,0,2,0,1,0,1,55,70,999,0,5,2,1,5,2,1,14,8,0,13,96,39,7,3,2020,7,11,2,33,3,3,4,1,98,4
420089,1,1,27,1,1,11,3,8,0,0,2,0,1,0,1,40,71,999,0,4,1,4,1,2,2,14,6,0,13,96,0,26,1,2020,1,1,2,39,1,1,5,3,10,3
420090,1,1,48,2,1,11,99,99,0,0,1,0,1,0,1,999,65,999,0,9,1,4,1,2,1,1,80,0,13,96,999,9,1,2020,5,22,2,8,2,3,1,3,99,0
420091,1,1,67,1,1,11,3,8,0,0,1,0,1,0,1,999,70,999,0,0,1,2,1,2,1,14,10,1,5,96,28,16,3,2020,2,19,2,12,1,1,1,2,98,4
420092,1,1,50,2,1,11,20,20,9,0,1,0,1,0,1,35,61,999,0,9,1,2,1,2,1,14,99,0,7,96,999,27,3,2020,6,21,2,59,1,1,4,3,98,4
420095,1,1,74,1,1,11,3,20,9,0,2,0,1,0,1,999,69,999,0,3,5,5,1,2,98,1,8,0,7,96,0,10,4,2020,6,11,2,12,8,1,1,1,11,4
420096,1,1,27,2,1,11,1,20,0,0,1,0,3,1,1,45,62,999,0,0,1,2,1,2,1,1,50,0,11,92,28,9,4,2020,5,15,2,12,8,1,1,1,98,2
420097,1,1,28,2,1,11,3,99,9,0,1,0,1,0,1,999,60,999,0,4,1,2,3,2,2,1,13,0,13,96,0,17,3,2020,3,8,2,35,1,1,5,1,2,4
420098,1,1,57,1,1,11,20,20,1,0,2,0,1,0,1,55,67,999,0,0,3,2,6,2,1,14,9,1,7,96,0,17,3,2020,3,15,2,35,1,1,4,1,98,4
420101,1,1,27,1,1,11,20,1,9,0,1,0,1,0,1,999,69,999,0,3,1,4,1,2,1,1,13,0,13,96,0,12,4,2020,1,1,2,33,1,1,4,3,98,4
420103,1,1,62,2,1,11,20,1,0,0,1,0,1,0,1,999,66,999,0,9,5,5,1,2,2,1,99,0,8,96,999,18,4,2020,7,8,2,35,1,1,4,1,2,4
420107,1,1,63,1,1,11,3,20,0,0,1,0,1,0,1,999,68,999,0,0,2,2,1,2,2,1,80,0,7,96,0,3,5,2020,1,5,2,8,1,1,1,3,2,0
420109,1,1,18,2,1,11,3,20,0,0,2,0,2,0,1,999,63,999,0,0,1,2,5,2,1,11,15,0,13,0,38,3,4,2020,6,20,2,12,2,3,1,5,98,0