ST_CASE,VEH_NO,PER_NO,AGE,SEX,PER_TYP,SEAT_POS,REST_USE,AIR_BAG,DRUGS,LOCATION,NUMOCCS,HIT_RUN,OWNER,V_CONFIG,HAZ_INV,TRAV_SP,DR_HGT,DR_WGT,PREV_SPD,SPEEDREL,VTRAFWAY,VNUM_LAN,VPROFILE,VPAVETYP,VSURCOND,P_CRASH1,P_CRASH2,DR_DRINK,VPICBODYCLASS,DRDISTRACT,DRIVERRF,DAY,MONTH,YEAR,DAY_WEEK,HOUR,RUR_URB,HARM_EV,RELJCT2,TYP_INT,REL_ROAD,LGT_COND,WEATHER,INJ_SEV
420114,1,1,999,9,1,11,99,99,8,0,99,1,9,0,1,999,999,999,99,0,4,2,5,2,1,99,80,0,999,96,38,24,1,2020,6,7,2,8,3,3,1,3,10,9
420115,1,1,35,1,1,11,3,20,0,0,1,0,1,0,1,35,72,999,0,0,5,5,1,2,1,1,80,0,13,96,0,25,1,2020,7,21,2,8,1,1,1,3,1,0
420116,1,1,18,1,1,11,3,8,0,0,1,0,2,0,1,999,72,999,0,4,1,2,5,2,6,1,6,0,13,96,87,25,1,2020,7,12,2,12,1,1,1,1,10,4
420117,1,1,75,2,1,11,3,1,0,0,2,0,1,0,1,35,64,999,0,0,5,3,3,2,1,1,90,0,13,96,81,16,1,2020,5,17,2,12,1,1,1,3,98,4
420118,1,1,34,1,1,11,3,20,0,0,1,0,1,0,1,45,70,999,0,0,1,2,1,2,1,1,80,0,13,0,0,30,1,2020,5,17,2,8,1,1,1,3,98,0
420120,1,1,41,1,1,11,20,20,9,0,1,0,2,0,1,999,76,999,0,9,3,2,1,1,1,1,12,0,7,96,999,30,1,2020,5,20,2,35,5,1,4,3,98,4
420122,1,1,18,1,1,11,20,1,1,0,2,0,2,0,1,51,71,999,0,4,1,2,6,2,6,14,13,0,3,96,0,25,1,2020,7,14,2,42,1,1,4,1,2,4
420125,1,1,77,2,1,11,20,1,0,0,1,0,1,0,1,25,67,999,0,0,1,2,1,2,1,1,8,0,7,96,0,31,1,2020,6,13,2,14,1,1,7,1,98,4
420126,1,1,29,2,1,11,20,1,0,0,3,0,2,0,1,60,62,999,0,3,1,4,1,2,2,6,17,1,7,96,35,14,1,2020,3,20,2,12,2,7,1,3,2,2
420127,1,1,55,2,1,11,3,20,0,0,1,0,1,0,1,35,67,999,0,9,1,2,1,2,1,1,80,0,7,96,999,26,2,2020,4,19,2,8,3,3,1,3,98,0
420128,1,1,44,1,1,11,99,1,0,0,1,0,1,0,1,999,72,999,0,3,1,4,1,2,1,1,50,0,60,92,6,21,1,2020,3,13,2,12,3,3,1,1,8,0
420129,1,1,17,2,1,11,1,8,0,0,1,0,2,0,1,40,65,999,0,3,1,2,6,2,1,14,6,0,13,96,55,30,1,2020,5,14,2,33,1,1,4,1,98,2
420130,1,1,37,1,1,11,99,20,0,0,1,0,2,0,1,999,67,999,0,0,4,1,1,2,1,11,80,0,7,96,0,25,2,2020,3,7,2,8,3,2,1,1,10,0
420131,1,1,63,2,1,11,1,8,0,0,1,0,1,0,1,999,66,999,0,0,1,2,5,2,1,11,15,0,13,96,38,27,5,2020,4,12,2,12,2,3,1,1,98,3
420132,1,1,84,1,1,11,3,1,0,0,1,0,1,0,1,999,64,999,0,0,1,4,1,2,1,11,15,0,5,96,39,16,5,2020,7,12,2,12,2,2,1,1,98,4
420133,1,1,33,2,1,11,1,2,0,0,1,0,1,0,1,10,65,999,0,0,1,4,1,2,1,11,15,0,13,0,48,20,3,2020,6,23,2,12,2,3,1,3,98,0
420135,1,1,35,1,1,11,3,20,9,0,1,0,1,0,1,999,74,999,0,0,1,4,6,2,1,1,54,0,13,96,51,26,5,2020,3,13,2,12,1,1,1,1,98,3
420137,1,1,41,2,1,11,20,8,1,0,1,0,1,0,1,999,61,999,1,5,2,2,1,2,1,1,12,0,13,96,999,31,1,2020,6,15,2,43,19,1,3,1,10,4
420138,1,1,27,1,1,11,20,1,0,0,2,0,1,0,1,80,72,999,0,5,3,2,6,2,1,6,12,0,13,96,35,16,3,2020,2,17,2,1,1,1,3,1,98,4
420139,1,1,65,1,1,11,20,20,0,0,1,0,0,0,1,10,67,999,0,0,1,2,5,2,1,1,80,0,126,96,24,22,3,2020,1,15,2,8,1,1,1,1,1,0
420142,1,1,68,2,1,11,20,1,0,0,2,0,1,0,1,999,64,999,0,9,1,2,1,2,1,14,99,0,7,96,999,20,5,2020,4,15,2,35,1,1,4,1,98,3
420144,1,1,35,1,1,11,20,1,0,0,1,0,2,0,1,30,69,235,0,0,1,2,1,2,2,11,15,0,95,96,48,11,1,2020,7,9,2,12,8,1,1,1,98,0
420147,1,1,26,1,1,11,3,20,0,0,1,0,1,0,1,999,75,999,3,4,1,2,1,2,1,1,80,0,13,92,0,17,1,2020,6,19,2,8,1,1,1,3,98,0
420148,1,1,59,2,1,11,3,20,0,0,1,1,1,0,1,999,66,999,0,0,1,2,5,2,1,1,80,0,5,96,13,17,1,2020,6,17,2,8,3,3,1,3,98,0
420149,1,1,64,1,1,11,20,8,1,0,1,0,1,0,1,999,68,999,0,3,1,2,1,2,1,14,13,0,7,96,999,22,5,2020,6,7,2,43,1,1,4,1,98,4
420150,1,1,54,2,1,11,20,20,0,0,1,0,1,0,1,55,63,999,0,0,1,2,6,1,1,1,8,0,13,96,51,6,6,2020,7,12,2,14,1,1,2,1,98,4
420154,1,1,35,1,1,11,99,99,0,0,1,0,1,0,1,40,69,999,0,0,1,2,1,2,1,1,99,1,62,96,999,21,5,2020,5,19,2,42,1,1,5,1,98,4
420155,1,1,34,1,1,11,20,20,1,0,1,0,2,0,1,70,76,999,0,4,3,3,1,2,1,6,10,1,7,96,0,24,5,2020,1,11,2,1,1,1,1,1,98,4
420159,1,1,999,9,1,11,99,99,9,0,99,1,9,0,1,30,999,999,99,9,1,3,1,2,1,99,99,0,999,96,999,17,5,2020,1,21,2,12,2,2,1,3,98,9
420162,1,1,31,1,1,11,20,20,0,0,1,0,1,0,1,60,69,999,0,0,2,2,1,2,1,1,61,0,98,0,999,4,5,2020,2,17,2,12,1,1,1,1,98,4
420165,1,1,41,2,1,11,3,1,0,0,3,0,1,0,1,13,68,999,0,0,2,4,1,2,1,11,15,0,8,0,48,2,3,2020,2,20,2,12,2,2,1,3,98,2
420173,1,1,21,1,1,11,20,20,9,0,1,0,2,0,1,25,69,999,0,9,6,2,1,2,1,1,99,0,80,96,999,26,3,2020,5,23,2,24,3,2,4,3,98,4
420174,1,1,33,1,1,11,20,20,1,0,1,0,3,1,1,65,72,999,4,5,1,4,6,2,1,1,52,0,62,96,999,9,6,2020,3,5,2,12,3,2,1,1,98,4
420175,1,1,27,1,1,11,99,8,9,0,1,0,1,0,1,65,73,999,0,3,1,2,1,2,1,1,17,0,13,96,39,24,3,2020,3,22,2,12,2,2,1,3,98,4
420177,1,1,63,2,1,11,99,99,0,0,1,0,1,0,1,25,64,999,0,0,1,3,1,2,1,1,80,0,15,0,0,17,3,2020,3,19,2,8,3,2,1,2,98,0
420180,1,1,40,2,1,11,3,1,0,0,1,0,2,0,1,70,65,999,0,4,3,3,1,1,1,14,6,0,13,96,0,30,4,2020,5,4,2,24,19,1,3,4,98,4
420182,1,1,21,1,1,11,20,20,0,0,1,0,1,0,1,999,73,999,0,3,4,1,1,2,1,1,17,0,80,96,39,24,3,2020,3,16,2,12,2,2,1,1,98,4
420185,1,1,23,1,1,11,20,1,1,0,4,0,2,0,1,80,73,999,0,4,1,4,1,2,6,1,6,0,13,96,87,6,3,2020,6,10,2,42,1,1,4,1,98,3
420187,1,1,46,2,2,13,20,20,8,0,2,0,2,0,1,35,67,999,0,4,3,2,6,1,2,1,8,0,7,96,87,25,2,2020,3,10,2,1,1,1,1,1,2,4
420188,1,1,34,2,1,11,20,20,0,0,1,0,1,0,1,61,66,999,0,3,5,5,6,2,1,1,80,0,13,0,6,28,4,2020,3,9,2,8,1,1,1,1,98,0
420189,1,1,72,1,1,11,99,99,9,0,1,0,1,0,1,30,77,999,0,0,1,4,1,2,1,1,99,0,7,96,0,17,4,2020,6,10,2,43,1,1,4,1,98,4
420190,1,1,84,2,1,11,1,99,0,0,1,0,1,0,1,999,63,999,0,0,0,0,0,0,0,11,15,0,13,96,38,19,6,2020,6,12,2,12,8,1,1,1,98,4
420191,1,1,43,1,1,11,20,1,9,0,1,0,2,0,1,60,69,999,0,5,2,3,5,2,1,1,99,0,7,96,999,22,3,2020,1,19,2,42,1,1,4,3,98,4
420194,1,1,30,1,1,11,3,8,0,0,1,0,1,0,1,76,73,999,0,3,3,1,1,1,2,14,54,1,13,96,91,14,3,2020,7,21,2,12,1,1,1,2,4,2
420195,1,1,61,1,1,11,20,20,0,0,1,0,1,0,1,999,72,999,0,9,1,2,1,2,1,1,99,0,7,96,999,23,6,2020,3,19,2,24,1,1,4,5,98,4
420196,1,1,21,1,1,11,20,8,0,0,2,0,1,0,1,999,71,999,1,5,1,3,6,2,1,14,6,0,13,92,6,18,4,2020,7,20,2,24,1,1,4,1,98,4
420199,1,1,27,1,1,11,20,8,9,0,1,0,1,0,1,999,66,999,0,3,1,2,4,2,1,1,13,0,60,96,0,7,5,2020,5,14,2,42,1,1,4,1,98,4
420204,1,1,61,1,1,11,20,20,0,0,1,0,0,0,1,55,67,999,0,0,2,2,1,1,2,1,12,0,94,96,87,29,5,2020,6,20,2,35,1,1,3,5,2,4
420205,1,1,19,1,1,11,20,8,1,0,3,1,4,0,1,20,74,999,0,0,3,3,1,2,1,13,20,0,13,96,36,6,5,2020,4,2,2,12,5,1,1,3,98,5
420209,1,1,20,1,1,11,20,20,0,0,1,0,2,0,1,999,73,999,0,3,4,1,1,2,1,1,17,0,85,96,50,18,6,2020,5,13,2,12,2,2,1,1,98,4
420211,1,1,71,1,1,11,3,1,0,0,1,0,1,0,1,999,74,999,0,0,1,2,1,2,1,1,99,0,13,96,0,3,6,2020,4,14,2,31,1,1,4,1,1,4
420212,1,1,79,1,1,11,3,8,0,0,1,0,1,0,1,45,72,999,0,0,5,3,1,2,1,1,10,0,7,96,0,26,6,2020,6,13,2,12,1,1,1,1,1,4
420218,1,1,63,2,1,11,3,8,0,0,2,0,2,0,1,999,62,999,0,0,1,2,1,2,1,1,8,0,7,0,0,17,6,2020,4,14,2,42,1,1,4,1,98,4
420219,1,1,37,1,1,11,3,20,0,0,3,0,1,0,1,999,69,999,0,0,1,6,1,2,1,11,15,0,60,96,48,23,6,2020,3,19,2,12,2,3,1,1,10,0
420220,1,1,42,1,1,11,99,1,1,0,3,0,2,0,1,999,70,999,0,0,5,3,1,2,1,1,8,0,7,96,0,19,5,2020,3,9,2,42,1,1,4,1,98,4
420221,1,1,23,1,1,11,3,1,0,0,2,0,1,0,1,55,72,999,0,0,1,3,5,2,1,1,10,0,13,10,28,23,5,2020,7,9,2,12,1,1,1,1,10,4
420222,1,1,43,1,1,11,3,1,9,0,1,0,1,0,1,45,69,999,0,0,1,2,6,2,1,1,10,1,13,92,36,15,5,2020,6,15,2,12,1,1,1,1,98,4
420226,1,1,68,2,1,11,3,8,0,0,1,0,1,0,1,25,67,999,0,0,1,2,1,2,1,1,10,0,13,96,28,14,5,2020,5,9,2,12,1,1,1,1,98,4
420230,1,1,23,2,1,11,20,1,0,0,1,0,1,0,1,45,69,999,1,0,1,2,1,2,1,11,15,0,7,96,39,4,7,2020,7,7,2,12,2,2,1,1,98,4
420232,1,1,38,1,1,11,20,20,9,0,1,0,2,0,1,999,75,999,0,3,1,2,1,2,1,1,17,0,80,96,73,3,7,2020,6,17,2,12,2,2,1,1,98,4
420235,1,1,47,1,1,11,20,20,9,0,1,0,1,0,1,999,69,999,0,3,1,2,5,2,1,14,12,0,94,96,0,2,7,2020,5,22,2,31,1,1,4,3,98,4
420236,1,1,35,1,1,11,20,1,1,0,1,0,1,0,1,100,70,130,1,3,2,2,1,2,1,1,11,0,13,96,0,4,7,2020,7,8,2,42,19,1,4,1,1,4
420239,1,1,59,1,1,11,20,20,0,0,1,0,1,0,1,55,70,999,0,0,3,2,1,2,1,1,12,1,94,96,999,12,7,2020,1,15,2,24,19,1,3,1,98,4
420242,1,1,32,2,1,11,3,1,0,0,1,0,1,0,1,80,61,999,0,5,1,2,6,2,1,1,51,1,5,96,36,4,7,2020,7,21,2,12,1,1,1,2,1,0
420243,1,1,21,1,1,11,20,1,9,0,3,0,2,0,1,999,69,999,0,5,1,2,4,2,1,11,15,0,13,96,37,13,7,2020,2,16,2,43,3,3,5,1,98,3
420245,1,1,55,1,1,11,99,99,9,0,1,0,1,0,1,35,68,999,0,9,1,4,1,2,1,1,80,0,7,0,999,19,4,2020,1,21,2,8,1,1,1,6,98,0
420247,1,1,36,1,1,11,3,8,1,0,1,0,1,0,1,90,71,999,0,4,3,3,6,1,1,14,51,0,13,96,6,7,7,2020,3,13,2,12,1,1,1,1,1,4
420249,1,1,27,1,1,11,20,20,0,0,1,0,2,0,1,40,66,999,0,9,4,3,1,2,1,1,17,1,98,96,999,4,7,2020,7,22,2,12,2,2,1,3,98,4
420250,1,1,55,1,1,11,3,20,0,0,2,0,1,0,1,999,69,999,1,0,0,0,0,0,0,13,20,0,13,96,31,8,6,2020,2,17,2,12,8,1,1,1,98,0
420251,1,1,31,1,1,11,20,20,0,0,12,0,1,0,1,999,73,999,0,0,1,4,1,2,1,15,9,1,7,96,36,1,6,2020,2,14,2,12,1,1,1,1,98,4
420252,1,1,63,1,1,11,3,7,0,0,1,0,1,0,1,25,69,999,0,0,1,3,1,2,1,11,15,0,13,96,39,12,7,2020,1,19,2,12,2,4,1,1,10,0
420254,1,1,21,2,1,11,3,20,0,0,4,0,1,0,1,0,65,999,0,0,3,3,6,2,1,5,53,0,13,96,54,6,3,2020,6,6,2,12,1,1,1,4,1,0
420259,1,1,44,1,1,11,20,20,9,0,1,0,2,0,1,55,68,999,0,9,2,2,1,2,1,1,9,1,7,96,999,5,7,2020,1,3,2,35,1,1,4,2,98,4
420263,1,1,49,1,1,11,20,1,9,0,1,0,1,0,1,35,78,999,0,0,2,2,1,2,2,1,17,0,13,96,39,17,3,2020,3,4,2,12,2,3,1,3,2,4
420264,1,1,72,2,1,11,3,8,0,0,1,0,1,0,1,15,67,140,0,0,1,2,1,2,1,11,15,0,13,96,38,20,5,2020,4,14,2,12,2,3,1,1,1,4
420265,1,1,73,1,1,11,3,8,0,0,1,0,1,0,1,999,68,999,0,0,1,2,6,2,1,1,8,0,8,96,6,27,1,2020,2,13,2,53,1,1,4,1,98,3
420266,1,1,42,1,1,11,99,1,1,0,2,0,1,0,1,80,65,999,0,3,5,5,1,2,1,6,11,1,13,96,35,13,5,2020,4,21,2,12,3,3,1,3,98,9
420267,1,1,47,2,1,11,3,20,0,0,3,0,1,0,1,0,62,999,0,0,2,2,1,2,2,5,61,0,13,96,54,28,5,2020,5,5,2,12,1,1,1,4,2,2
420269,1,1,28,1,1,11,20,20,1,0,2,1,2,0,1,80,69,999,0,3,3,2,3,2,1,6,12,1,13,96,0,14,6,2020,1,3,2,25,19,1,3,2,98,3
420270,1,1,28,2,1,11,99,3,0,0,1,0,2,0,1,15,63,999,0,0,1,5,1,2,1,11,15,0,13,96,48,31,5,2020,1,0,2,12,2,2,1,3,98,5
420271,1,1,23,1,1,11,20,20,0,0,1,0,1,0,1,999,70,999,3,0,1,2,6,2,1,14,67,0,80,96,52,28,6,2020,1,17,2,12,2,3,1,1,98,4
420273,1,1,51,1,1,11,99,99,9,0,1,0,1,0,1,20,71,999,0,9,1,2,1,2,1,1,17,0,13,96,999,13,6,2020,7,14,2,12,2,2,1,1,98,4
420275,1,1,28,1,1,11,3,8,0,0,1,0,1,0,1,40,67,999,0,0,2,4,1,2,1,1,80,0,13,0,0,25,6,2020,5,20,2,8,3,3,1,3,98,2
420276,1,1,31,1,1,11,20,20,0,0,1,0,2,0,1,70,70,999,1,5,5,3,6,2,1,14,6,1,94,96,6,26,6,2020,6,22,2,12,1,1,11,2,98,4
420277,1,1,81,2,1,11,99,20,0,0,1,0,1,0,1,25,62,999,0,0,1,2,1,2,1,14,8,0,5,96,0,10,4,2020,6,9,2,43,1,1,4,1,10,4
420278,1,1,59,1,1,11,99,99,0,0,1,0,1,6,1,60,74,270,0,0,3,2,6,2,1,14,13,0,64,0,0,12,6,2020,6,1,2,59,19,1,8,3,98,4
420280,1,1,75,1,1,11,20,20,9,0,1,0,1,0,1,55,69,999,0,3,1,2,1,2,1,1,10,0,13,96,28,11,7,2020,7,12,2,12,1,1,1,1,98,4
420282,1,1,56,2,1,11,3,8,0,0,1,0,1,0,1,55,65,999,0,9,6,1,1,1,1,14,50,0,13,96,999,2,7,2020,5,8,2,12,20,1,1,1,98,2
420284,1,1,54,1,1,11,3,20,0,0,2,0,1,0,1,999,69,999,0,0,0,0,0,0,0,11,15,0,60,0,38,27,6,2020,7,20,2,1,8,1,1,5,98,0
420285,1,1,35,1,1,11,99,99,0,0,1,1,1,0,1,999,66,999,1,0,1,3,6,2,1,10,80,0,60,96,48,22,7,2020,4,8,2,8,3,2,1,1,1,0
420287,1,1,54,1,1,11,3,1,1,0,1,0,1,0,1,999,70,999,0,4,3,4,1,1,2,1,50,0,60,96,0,22,5,2020,6,11,2,12,1,1,1,1,2,2
420288,1,1,29,1,1,11,20,8,0,0,1,0,1,0,1,999,67,999,0,5,6,1,6,1,1,14,12,1,60,96,999,2,8,2020,1,2,2,25,5,1,4,3,98,4
420290,1,1,25,1,1,11,20,20,0,0,1,0,2,0,1,999,65,999,0,0,4,2,3,2,1,1,17,0,113,96,39,27,8,2020,5,18,2,12,2,2,1,1,98,4
420291,1,1,56,1,1,11,3,20,0,0,1,0,1,0,1,50,71,999,0,0,1,5,6,2,1,1,80,0,1,96,0,12,8,2020,4,5,2,8,1,1,1,2,98,0
420293,1,1,62,1,1,11,3,8,0,0,1,0,1,0,1,999,69,999,0,0,1,3,3,2,1,11,15,0,60,92,39,13,8,2020,5,16,2,12,2,3,1,1,98,0
420296,1,1,42,2,1,11,99,99,0,0,1,0,2,0,1,40,66,999,2,9,4,9,1,2,1,1,80,0,13,96,999,9,3,2020,2,13,2,8,3,7,1,1,98,3
420297,1,1,14,2,2,13,3,20,8,0,2,0,1,0,1,35,60,999,0,0,5,3,5,2,1,1,80,0,13,96,0,17,7,2020,6,18,2,8,1,1,1,1,1,0
420300,1,1,20,1,9,19,99,1,9,0,2,0,9,0,1,999,999,999,99,9,1,3,5,2,1,1,99,0,13,96,999,13,6,2020,7,4,2,30,1,1,4,2,98,5
420302,1,1,37,1,1,11,3,20,0,0,1,1,1,0,1,999,70,999,0,0,1,2,5,2,1,1,51,1,1,96,999,18,7,2020,7,19,2,12,1,1,1,1,98,0
420305,1,1,60,1,1,11,20,1,0,0,1,0,1,0,1,40,54,999,0,0,1,2,1,2,1,1,10,1,60,96,36,16,6,2020,3,14,2,33,1,1,4,1,98,4
420306,1,1,19,1,1,11,1,8,0,0,1,0,1,0,1,35,66,999,0,0,1,5,1,2,1,1,62,0,3,96,0,14,6,2020,1,20,2,12,2,2,1,3,98,5
420308,1,1,30,1,1,11,99,1,0,0,2,0,2,0,1,25,67,999,0,9,1,2,5,2,1,1,62,0,7,96,999,8,7,2020,4,17,2,12,2,2,1,1,98,5
420310,1,1,21,1,1,11,20,20,9,0,1,0,2,0,1,999,68,999,0,4,1,3,1,2,1,1,17,0,114,96,23,27,6,2020,7,21,2,12,2,2,1,3,98,4
420312,2,1,24,1,1,11,1,1,0,0,1,0,1,0,1,59,69,999,0,0,3,2,1,1,1,1,50,0,13,96,0,10,7,2020,6,21,2,12,1,1,1,2,98,2
420315,1,1,16,1,1,11,3,1,0,0,1,0,2,0,1,90,71,999,0,3,1,2,1,2,1,1,17,0,13,96,52,3,7,2020,6,21,2,12,2,3,1,2,98,4
420316,1,1,25,1,1,11,99,8,9,0,2,0,2,0,1,1,74,999,1,9,1,2,1,2,1,1,99,0,13,96,999,21,7,2020,3,13,2,42,1,1,4,1,98,4
420317,1,1,20,1,1,11,20,20,0,0,1,0,1,0,1,999,72,999,0,5,1,2,1,2,1,6,17,0,80,96,35,26,7,2020,1,20,2,12,2,4,1,2,98,4
420318,1,1,61,1,1,11,3,3,1,0,1,0,2,0,1,80,68,999,0,4,3,3,1,1,2,14,6,0,13,96,0,10,7,2020,6,21,2,14,1,1,2,3,2,4
420321,1,1,57,1,1,11,20,20,9,0,1,0,2,0,1,999,73,999,0,0,1,2,1,2,1,11,15,0,13,96,48,13,6,2020,7,23,2,12,8,1,1,3,98,4
420323,1,1,77,1,1,11,3,8,9,0,1,0,2,0,1,999,67,999,0,0,3,3,5,2,1,1,54,0,13,96,51,24,6,2020,4,9,2,12,1,1,1,1,98,4
420325,1,1,66,1,1,11,20,20,0,0,2,0,2,0,1,5,73,999,0,0,3,2,1,2,1,12,21,0,81,96,48,22,8,2020,7,11,2,12,7,1,1,1,98,4
420326,1,1,59,1,1,11,20,20,9,0,1,0,1,0,1,999,72,999,0,4,6,3,6,2,1,1,17,0,7,96,39,5,8,2020,4,13,2,12,2,2,1,1,98,4
420328,1,1,38,1,1,11,3,8,0,0,1,0,1,0,1,36,70,999,0,3,1,2,1,2,1,1,13,0,7,0,6,14,5,2020,5,9,2,8,1,1,5,1,1,0
420331,1,1,39,1,1,11,20,20,0,0,1,0,1,0,1,80,72,999,0,5,1,2,5,2,1,14,13,0,80,96,52,7,8,2020,6,17,2,58,1,1,4,1,98,4
420335,1,1,34,1,1,11,20,8,1,0,1,0,1,0,1,45,69,999,0,0,1,2,6,2,1,14,10,0,13,96,28,2,9,2020,4,7,2,12,1,1,1,1,98,4
420337,1,1,34,1,1,11,20,8,9,0,1,0,2,0,1,999,73,999,0,9,1,2,1,2,2,14,99,0,13,96,999,7,9,2020,2,22,2,1,1,1,4,6,98,4
420338,1,1,33,1,1,11,20,1,1,0,3,0,2,0,1,999,68,999,0,5,1,2,1,2,1,14,13,1,13,96,60,30,8,2020,1,22,2,35,1,1,4,2,1,3
420339,1,1,22,1,1,11,20,20,9,0,1,0,2,0,1,999,70,999,0,4,1,2,1,2,1,14,13,0,94,92,52,4,9,2020,6,23,2,18,1,1,4,3,98,4
420340,1,1,55,1,1,11,20,20,0,0,1,0,1,0,1,70,69,999,0,3,1,4,1,2,1,1,13,1,94,96,0,30,8,2020,1,21,2,33,3,2,4,2,98,4
420342,1,1,35,2,1,11,3,1,1,0,1,0,1,0,1,999,68,999,0,0,5,5,1,2,1,11,15,0,9,96,60,27,3,2020,6,9,2,12,3,2,1,1,98,0
420344,1,1,35,2,1,11,3,20,0,0,1,0,3,20,1,999,67,999,0,0,1,3,1,2,1,10,80,0,62,96,38,2,9,2020,4,9,2,8,3,2,1,1,98,0
420345,1,1,41,2,1,11,3,8,9,0,1,0,1,0,1,88,65,999,0,3,1,4,1,2,2,1,10,1,13,96,28,3,9,2020,5,21,2,12,1,1,1,2,2,4
420346,1,1,44,1,1,11,20,8,9,0,1,0,1,0,1,999,67,999,0,0,2,2,1,2,1,1,10,0,13,96,28,8,7,2020,4,15,2,12,1,1,1,1,98,4
420348,1,1,41,1,1,11,20,20,9,0,1,0,1,0,1,25,71,999,0,4,1,2,6,2,1,1,99,0,125,96,0,29,4,2020,4,17,2,1,1,1,1,1,98,4
420349,1,1,22,1,1,11,20,20,9,0,1,0,1,0,1,999,68,999,2,4,1,2,1,2,2,14,6,0,11,96,87,3,9,2020,5,19,2,1,3,3,1,1,10,4
420350,1,1,29,1,1,11,20,20,0,0,1,0,1,0,1,999,70,999,0,4,1,2,1,2,1,2,6,1,94,96,39,20,9,2020,1,23,2,1,2,4,1,2,98,4
420351,1,1,27,1,1,11,20,20,0,0,1,0,1,0,1,999,71,999,1,0,1,5,1,2,1,1,80,0,80,96,73,30,6,2020,3,0,2,8,1,1,1,3,98,3
420352,1,1,67,1,1,11,99,99,0,0,99,1,1,0,1,999,66,999,0,0,1,4,1,2,1,1,80,0,7,96,999,26,6,2020,6,22,2,8,1,1,1,3,98,9
420355,1,1,24,1,1,11,99,8,0,0,1,0,1,0,1,999,71,999,1,9,1,4,1,2,1,1,99,0,13,96,39,10,7,2020,6,1,2,12,2,2,1,3,98,9
420356,1,1,30,1,1,11,99,99,1,0,1,0,2,0,1,80,72,999,0,3,2,4,1,2,1,1,17,0,13,96,39,23,7,2020,5,20,2,12,2,2,1,1,98,4
420357,1,1,18,1,1,11,99,20,9,0,3,0,2,0,1,60,72,999,0,4,3,2,1,2,1,1,12,0,13,96,0,5,7,2020,1,20,2,24,1,1,3,5,98,2
420363,1,1,60,1,1,11,20,20,0,0,1,0,1,0,1,55,68,999,0,0,3,3,1,2,1,15,10,0,125,96,27,31,8,2020,2,11,2,12,1,1,1,1,98,4
420365,1,1,999,9,1,11,99,99,9,0,99,1,9,99,1,999,999,999,99,0,1,2,1,2,1,99,99,0,999,99,0,12,7,2020,1,20,2,9,1,1,2,3,98,9
420366,1,1,42,1,1,11,20,8,1,0,1,0,1,0,1,999,74,999,0,9,1,2,6,2,2,1,99,1,13,96,999,2,8,2020,1,1,2,32,1,1,4,2,99,4
420369,1,1,34,2,1,11,3,20,0,0,1,0,3,21,1,999,64,999,0,9,1,2,1,2,1,1,80,0,16,96,999,13,7,2020,2,10,2,8,1,1,1,1,98,0
420370,1,1,22,1,1,11,99,99,9,0,1,0,1,0,1,50,66,999,0,0,1,5,1,2,1,1,80,0,13,96,0,6,9,2020,1,23,2,8,3,2,1,3,98,2
420371,1,1,43,1,1,11,1,20,0,0,1,0,1,0,1,25,68,999,0,0,1,3,1,2,1,1,80,0,7,96,0,28,7,2020,3,22,2,8,1,1,1,3,98,0
420372,1,1,26,1,1,11,20,20,9,0,1,0,1,0,1,999,75,999,3,0,1,2,1,2,1,1,17,0,13,96,6,30,8,2020,1,0,2,12,2,2,1,3,98,0
420373,1,1,28,1,1,11,20,20,9,0,1,0,1,0,1,35,69,999,0,0,1,4,1,2,1,1,8,0,98,96,77,4,8,2020,3,15,2,19,1,1,5,1,6,4
420376,1,1,31,1,1,11,20,1,0,0,1,0,1,0,1,60,68,999,0,4,3,2,1,2,1,1,52,0,7,96,0,13,7,2020,2,7,2,12,1,1,1,1,1,4
420378,1,1,55,1,1,11,20,20,8,0,1,0,2,0,1,50,999,999,0,5,1,5,1,2,1,1,17,0,82,96,0,26,7,2020,1,22,2,12,2,2,1,3,98,4
420379,1,1,44,1,2,13,20,20,8,0,2,0,1,0,1,25,61,999,0,0,1,5,1,2,1,11,15,0,13,96,48,26,7,2020,1,21,2,12,2,2,1,3,98,2
420382,1,1,35,1,1,11,20,20,9,0,1,0,1,0,1,999,69,999,0,4,1,2,6,2,2,14,6,1,85,96,0,12,9,2020,7,22,2,34,1,1,4,2,98,4
420384,1,1,55,1,1,11,99,20,0,0,1,0,1,0,1,35,65,999,0,9,2,3,1,2,1,1,80,0,13,96,999,27,7,2020,2,5,2,8,3,2,1,4,98,0
420385,1,1,45,1,1,11,3,20,8,0,1,0,1,0,1,70,70,999,0,0,3,3,1,2,1,14,11,1,60,96,6,25,8,2020,3,22,2,12,1,1,1,3,98,0
420386,1,1,38,1,1,11,20,1,1,0,1,0,1,0,1,999,67,999,0,4,3,3,1,2,1,1,13,0,13,96,6,7,8,2020,6,10,2,24,1,1,4,1,98,4