ST_CASE,VEH_NO,PER_NO,AGE,SEX,PER_TYP,SEAT_POS,REST_USE,AIR_BAG,DRUGS,LOCATION,NUMOCCS,HIT_RUN,OWNER,V_CONFIG,HAZ_INV,TRAV_SP,DR_HGT,DR_WGT,PREV_SPD,SPEEDREL,VTRAFWAY,VNUM_LAN,VPROFILE,VPAVETYP,VSURCOND,P_CRASH1,P_CRASH2,DR_DRINK,VPICBODYCLASS,DRDISTRACT,DRIVERRF,DAY,MONTH,YEAR,DAY_WEEK,HOUR,RUR_URB,HARM_EV,RELJCT2,TYP_INT,REL_ROAD,LGT_COND,WEATHER,INJ_SEV
420645,1,1,38,1,9,19,20,20,9,0,2,0,2,0,1,40,999,999,99,3,1,2,6,2,2,14,11,0,7,96,999,6,7,2020,2,22,2,1,1,1,2,3,98,4
420646,1,1,24,2,1,11,99,99,0,0,1,0,1,0,1,25,999,999,1,9,1,4,1,2,1,1,17,0,13,96,999,12,7,2020,1,10,2,12,2,2,1,1,98,0
420647,1,1,58,1,1,11,3,20,0,0,1,0,3,2,1,999,67,999,0,0,1,2,1,2,1,11,15,0,11,0,48,25,9,2020,6,14,2,12,2,2,1,1,98,3
420648,1,1,27,2,1,11,1,1,0,0,1,0,1,0,1,68,67,999,0,0,1,2,1,2,1,6,13,1,60,96,35,12,8,2020,4,21,2,31,1,1,4,2,98,4
420649,1,1,87,1,1,11,3,8,0,0,1,0,1,0,1,55,77,999,0,0,3,4,1,1,1,14,99,0,7,96,999,4,3,2020,4,23,2,24,1,1,3,3,1,4
420650,1,1,72,1,1,11,20,20,0,0,1,0,1,0,1,999,72,999,0,0,1,2,6,2,1,1,72,0,3,96,0,18,10,2020,1,8,2,12,8,1,1,1,98,4
420651,1,1,34,1,1,11,20,20,9,0,1,0,2,0,1,45,68,999,0,9,1,4,1,2,1,1,62,1,6,96,999,6,8,2020,5,22,2,12,2,2,1,3,98,4
420652,1,1,62,1,1,11,3,8,0,0,2,0,1,0,1,999,75,999,0,0,1,2,6,2,1,14,54,1,3,96,51,6,11,2020,6,21,2,12,1,1,1,3,98,5
420653,1,1,42,1,1,11,99,20,0,0,2,0,1,0,1,999,69,999,0,0,1,2,5,2,1,11,15,0,13,96,48,3,7,2020,6,15,2,12,8,1,1,1,98,0
420654,1,1,74,1,1,11,3,20,0,0,1,0,1,0,1,10,74,999,0,0,1,3,1,2,1,1,17,0,60,96,39,2,11,2020,2,15,2,12,2,2,1,1,98,4
420656,1,1,999,1,1,11,99,20,9,0,2,0,9,0,1,45,999,999,99,0,1,2,1,2,1,1,13,0,13,96,39,16,11,2020,2,15,2,46,3,2,4,1,98,3
420657,1,1,62,1,1,11,20,20,0,0,1,0,3,0,1,35,69,999,0,0,1,5,1,2,1,1,8,1,60,96,0,13,11,2020,6,19,2,30,1,1,4,3,98,4
420658,1,1,54,1,1,11,3,20,0,0,1,0,1,0,1,40,71,999,0,0,1,4,1,2,1,1,83,0,13,96,0,20,11,2020,6,12,2,9,2,2,1,1,98,0
420659,1,1,21,1,1,11,99,8,9,0,2,0,2,0,1,30,68,999,0,4,1,2,1,2,1,1,13,1,13,96,0,24,11,2020,3,21,2,42,1,1,4,3,98,4
420661,1,1,87,1,1,11,20,1,0,0,1,0,2,0,1,999,69,999,0,0,1,4,1,2,1,11,15,0,5,96,48,18,11,2020,4,11,2,12,8,1,1,1,1,4
420663,1,1,55,1,1,11,3,1,1,0,1,0,1,0,1,45,68,999,0,9,1,2,1,2,1,1,10,0,13,96,28,2,6,2020,3,15,2,12,1,1,1,1,1,4
420665,1,1,67,1,1,11,20,99,9,0,1,0,1,0,1,999,66,240,0,3,1,2,6,2,1,14,12,0,60,96,0,23,1,2020,5,20,2,42,1,1,5,2,98,4
420667,1,1,57,2,1,11,20,8,0,0,1,0,1,0,1,85,66,999,0,3,1,4,1,2,1,1,12,0,7,96,39,1,1,2020,4,9,2,33,3,2,3,1,98,4
420669,1,1,53,2,1,11,1,20,0,0,1,0,1,0,1,45,63,999,0,0,5,3,1,2,1,14,8,0,13,96,0,13,4,2020,2,9,2,30,1,1,4,1,2,4
420671,1,1,33,1,1,11,3,20,1,0,1,1,1,0,1,999,70,999,1,4,1,2,6,2,1,14,83,0,7,96,51,23,5,2020,7,12,2,9,1,1,1,1,98,0
420674,1,1,53,1,1,11,3,20,1,0,5,0,1,0,1,40,73,999,0,3,1,2,5,2,1,1,80,1,13,96,0,15,5,2020,6,22,2,8,1,1,1,3,98,0
420675,1,1,24,1,1,11,20,20,0,0,1,0,2,0,1,999,71,999,0,5,1,2,6,2,1,14,6,0,98,96,0,30,7,2020,5,6,2,1,1,1,1,1,98,4
420676,1,1,39,2,1,11,20,20,1,0,1,0,2,0,1,999,64,999,0,9,1,2,5,2,1,1,13,1,13,96,999,29,7,2020,4,3,2,24,1,1,4,6,98,4
420678,1,1,32,1,1,11,20,20,0,0,1,0,2,0,1,999,73,999,0,3,1,2,5,2,1,14,14,1,85,96,39,28,7,2020,3,19,2,33,3,3,4,1,98,4
420679,1,1,55,1,1,11,99,99,9,0,1,0,3,6,1,5,68,999,2,0,1,2,3,2,1,14,91,0,66,96,38,20,8,2020,5,5,2,10,6,1,1,2,98,4
420680,1,1,48,1,1,11,20,20,0,0,1,0,1,0,1,999,74,999,0,0,6,1,5,2,6,14,5,0,81,96,87,29,8,2020,7,18,2,1,20,1,1,1,2,4
420684,1,1,999,9,1,11,99,99,9,0,1,1,9,99,1,999,999,999,99,0,2,6,1,1,1,99,80,0,999,96,999,19,12,2020,7,1,2,8,1,1,1,2,98,9
420685,1,1,22,1,1,11,99,99,0,0,1,0,1,0,1,999,70,999,0,9,1,2,1,2,1,1,80,0,13,92,999,9,6,2020,3,16,2,8,1,1,1,1,98,0
420689,1,1,50,1,1,11,99,1,9,0,1,0,1,0,1,50,69,999,0,0,2,2,1,2,1,1,50,0,13,96,6,22,1,2020,4,15,2,12,1,1,1,1,98,4
420692,1,1,18,1,1,11,20,8,0,0,4,0,2,0,1,75,69,999,1,3,1,2,5,2,1,14,11,1,13,96,0,10,8,2020,2,5,2,30,1,1,4,2,98,3
420696,1,1,28,1,1,11,3,20,1,0,1,0,2,0,1,33,68,999,0,0,1,2,1,2,1,1,80,0,60,96,0,12,12,2020,7,18,2,8,1,1,1,2,98,0
420697,1,1,60,1,1,11,20,20,0,0,1,0,1,0,1,25,70,999,0,0,1,2,1,2,1,14,84,0,60,96,0,11,12,2020,6,2,2,9,3,2,1,3,98,0
420698,1,1,32,1,1,11,99,1,0,0,1,0,1,0,1,60,67,999,0,0,2,2,1,2,1,1,54,1,3,96,51,30,8,2020,1,2,2,12,1,1,1,2,98,4
420699,1,1,33,2,1,11,3,20,0,0,1,0,3,21,1,999,63,999,0,0,1,4,1,2,2,10,80,0,16,96,48,18,1,2020,7,12,2,8,3,2,1,1,2,0
420703,1,1,999,9,1,11,99,99,9,0,1,1,9,99,1,40,999,999,99,0,1,3,1,2,2,1,80,0,998,96,0,5,12,2020,7,1,2,8,1,1,1,3,98,9
420704,1,1,61,1,1,11,3,1,0,0,1,0,1,0,1,55,71,999,0,0,1,2,2,2,1,1,12,0,7,96,0,17,10,2020,7,9,2,35,1,1,4,1,98,4
420705,1,1,31,2,1,11,99,1,9,0,1,0,1,0,1,999,65,999,0,0,1,2,6,2,2,1,99,0,13,96,999,28,2,2020,6,7,2,35,1,1,4,1,98,4
420707,1,1,999,9,1,11,99,99,9,0,1,1,9,99,1,999,999,999,99,0,1,5,1,2,1,99,80,0,998,96,999,5,12,2020,7,22,2,8,2,3,1,3,98,9
420708,1,1,22,1,1,11,3,1,9,0,1,0,2,0,1,999,64,999,0,4,3,3,1,1,1,15,6,0,13,96,0,28,11,2020,7,21,2,25,1,1,3,3,1,4
420710,1,1,31,1,1,11,1,8,0,0,1,0,1,0,1,999,70,999,0,4,3,3,1,1,1,1,12,0,3,92,0,28,12,2020,2,7,2,25,1,1,3,1,98,1
420711,1,1,31,1,1,11,20,20,8,0,1,0,1,0,1,999,72,999,0,5,1,3,1,2,1,1,62,1,98,96,0,20,11,2020,6,22,2,12,8,1,1,3,98,4
420712,1,1,68,1,1,11,99,1,9,0,1,0,1,0,1,999,74,999,0,9,2,2,5,2,1,1,54,0,13,96,51,10,12,2020,5,8,2,12,3,2,1,1,98,4
420713,1,1,20,2,1,11,20,8,0,0,1,0,2,0,1,999,67,999,1,0,1,2,1,2,1,1,10,0,7,96,28,19,11,2020,5,6,2,12,1,1,1,2,98,4
420714,1,1,65,1,1,11,99,1,0,0,1,0,1,0,1,999,70,999,0,0,2,3,1,2,2,11,15,0,13,96,48,3,1,2020,6,5,2,12,2,2,1,3,98,4
420715,1,1,79,1,1,11,3,1,1,0,2,0,1,0,1,999,70,999,0,0,2,5,1,2,2,11,15,0,7,96,48,15,11,2020,1,15,2,12,2,3,1,1,98,4
420720,1,1,20,1,1,11,20,20,9,0,1,0,1,0,1,40,67,999,0,0,1,2,1,2,1,1,13,0,60,96,999,9,11,2020,2,11,2,59,1,1,4,1,1,4
420722,1,1,55,1,1,11,99,20,0,0,1,0,3,0,1,999,66,999,0,9,1,4,6,2,1,1,80,0,95,0,999,12,7,2020,1,3,2,8,3,3,1,3,98,5
420723,1,1,45,1,1,11,20,20,1,0,1,0,2,0,1,50,73,999,0,4,1,2,1,2,1,14,6,1,94,96,0,7,11,2020,7,22,2,43,1,1,5,2,98,4
420727,1,1,78,2,1,11,3,20,0,0,3,0,1,0,1,999,67,999,0,0,1,2,5,2,1,1,14,0,13,96,0,25,10,2020,1,11,2,33,3,3,4,1,98,5
420728,1,1,27,1,1,11,20,99,0,0,1,0,2,0,1,999,70,999,1,0,1,2,5,2,1,1,8,0,5,0,0,3,11,2020,3,18,2,35,1,1,4,5,98,4
420731,1,1,28,2,1,11,99,8,0,0,1,0,1,0,1,999,65,999,0,4,1,2,6,2,1,14,13,0,7,96,0,13,10,2020,3,22,2,42,1,1,5,2,98,4
420732,1,1,50,1,1,11,3,1,0,0,1,0,3,1,1,50,70,999,0,0,3,2,1,2,1,1,50,0,62,12,6,27,9,2020,1,15,2,12,1,1,1,1,98,0
420736,1,1,23,2,1,11,99,1,0,0,1,0,3,0,1,999,64,999,1,0,1,4,1,2,1,14,10,1,7,96,28,21,2,2020,6,23,2,12,1,1,1,2,1,3
420737,1,1,35,1,1,11,1,8,9,0,3,0,1,0,1,80,69,999,0,5,1,4,1,2,1,14,6,1,3,96,36,30,12,2020,4,9,2,42,1,1,5,1,98,4
420738,1,1,49,1,1,11,99,1,9,0,1,0,1,0,1,60,67,999,0,4,4,1,6,2,99,14,6,0,13,96,0,23,12,2020,4,11,2,24,1,1,4,1,98,4
420741,1,1,25,1,1,11,99,99,0,0,1,0,2,0,1,25,70,999,0,0,5,5,1,2,1,1,54,0,7,96,51,10,11,2020,3,9,2,12,1,1,1,1,98,0
420742,1,1,40,2,1,11,99,99,9,0,1,0,1,0,1,30,72,999,0,0,4,3,1,2,4,1,12,1,13,96,0,21,12,2020,2,2,2,42,1,1,4,3,98,4
420743,1,1,60,1,1,11,20,8,9,0,1,0,1,0,1,999,66,999,0,0,1,3,1,2,1,99,12,0,5,96,0,15,12,2020,3,9,2,30,1,1,4,1,98,4
420744,1,1,54,1,1,11,3,20,0,0,1,0,3,2,1,40,72,999,0,0,1,2,6,2,1,1,50,0,11,0,999,9,1,2020,5,14,2,12,3,3,1,1,98,0
420745,1,1,31,2,1,11,3,20,0,0,1,0,1,0,1,20,69,999,0,0,1,3,1,2,1,1,80,0,7,96,0,14,12,2020,2,19,2,8,1,1,1,3,98,0
420746,1,1,24,2,1,11,3,20,0,0,1,0,1,0,1,35,71,999,0,4,1,2,5,2,2,1,80,0,13,92,999,5,5,2020,3,22,2,8,2,3,1,3,2,0
420747,1,1,50,1,1,11,20,20,9,0,1,0,1,0,1,50,75,999,0,0,1,2,1,2,1,6,71,0,80,96,6,13,12,2020,1,16,2,12,8,1,1,1,98,4
420748,1,1,40,1,1,11,20,20,9,0,2,0,0,0,1,60,72,999,0,5,1,3,1,2,1,1,63,1,69,96,18,12,12,2020,7,19,2,12,2,2,1,3,98,4
420751,1,1,24,1,1,11,99,1,8,0,4,0,1,0,1,30,69,999,1,0,1,2,1,2,1,1,98,0,13,96,999,24,11,2020,3,11,2,14,1,1,7,1,98,4
420752,1,1,58,1,1,11,3,20,0,0,1,0,3,6,1,999,69,999,0,0,1,2,5,2,1,1,10,0,66,92,28,21,1,2020,3,12,2,12,2,4,1,1,98,0
420753,1,1,55,2,1,11,99,1,9,0,1,0,2,0,1,10,68,999,0,0,1,2,1,2,1,11,15,0,13,96,48,27,11,2020,6,12,2,12,2,2,1,1,98,3
420755,1,1,32,2,1,11,3,20,0,0,4,0,1,0,1,50,66,999,1,0,3,2,1,2,1,1,80,0,13,96,0,24,11,2020,3,17,2,8,1,1,1,3,1,0
420756,1,1,78,1,1,11,99,8,0,0,1,0,1,0,1,10,78,999,0,0,1,2,1,2,1,11,66,0,7,0,0,26,3,2020,5,19,2,12,2,2,1,1,98,0
420758,1,1,51,1,1,11,20,20,0,0,2,0,1,0,1,45,68,999,0,0,1,2,5,2,2,14,5,0,81,96,0,26,9,2020,7,22,2,24,1,1,4,2,98,3
420759,1,1,83,2,1,11,20,1,0,0,1,0,1,0,1,20,66,999,0,0,1,2,1,2,1,11,13,0,7,96,0,24,9,2020,5,17,2,46,3,3,4,1,98,4
420761,1,1,18,1,1,11,99,20,9,0,1,0,2,0,1,45,999,999,0,4,1,2,6,2,1,1,13,0,13,96,0,25,9,2020,6,3,2,35,1,1,4,3,98,4
420762,1,1,999,9,1,11,99,99,9,0,1,1,9,99,1,999,999,999,99,9,1,2,1,2,1,1,80,0,999,96,999,12,11,2020,5,4,2,8,2,7,1,3,98,9
420766,1,1,33,1,1,11,20,1,1,0,1,0,1,0,1,999,68,999,0,4,3,2,1,2,2,1,51,0,7,96,87,24,4,2020,6,15,2,12,1,1,1,1,2,4
420769,1,1,75,2,1,11,20,20,0,0,1,0,1,0,1,40,67,999,0,0,1,2,1,2,1,14,13,0,13,96,0,6,8,2020,5,12,2,24,1,1,4,1,98,4
420770,1,1,33,1,1,11,20,8,0,0,1,0,2,0,1,70,76,999,0,3,3,2,1,2,1,14,13,1,8,96,6,18,4,2020,7,18,2,38,1,1,5,1,98,4
420773,1,1,29,1,1,11,99,8,9,0,2,0,1,0,1,999,73,999,0,9,1,2,1,2,1,1,10,0,13,96,28,10,5,2020,1,0,2,12,1,1,1,3,98,3
420774,1,1,36,1,1,11,20,20,1,0,1,0,2,0,1,999,71,999,1,4,1,2,6,2,1,14,10,0,80,96,0,7,5,2020,5,21,2,1,1,1,1,2,98,4
420775,1,1,58,1,1,11,20,20,0,0,1,0,1,0,1,999,74,999,0,4,1,2,5,2,1,2,6,1,94,96,0,3,5,2020,1,2,2,1,1,1,1,2,99,4
420778,1,1,28,1,1,11,20,1,0,0,1,0,1,0,1,999,63,999,2,4,1,2,1,2,1,14,13,1,7,96,0,9,5,2020,7,23,2,40,1,1,4,2,98,4
420781,1,1,26,1,9,99,99,20,8,0,3,0,9,0,1,999,999,999,99,0,2,5,4,2,1,1,12,0,13,96,0,20,12,2020,1,1,2,33,1,1,3,3,98,4
420782,1,1,24,2,1,11,3,8,9,0,1,0,1,0,1,40,62,999,0,0,4,3,1,2,1,1,99,0,8,96,999,13,12,2020,1,1,2,12,1,1,1,3,98,4
420784,1,1,37,1,1,11,99,20,9,0,2,0,1,0,1,999,75,999,0,5,1,2,1,2,1,99,12,0,3,96,0,18,9,2020,6,19,2,1,1,1,5,5,98,4
420785,1,1,999,9,1,11,99,99,9,0,1,1,9,99,1,999,999,999,99,0,4,2,1,2,1,1,83,0,999,99,999,10,9,2020,5,0,2,9,2,2,1,3,98,9
420786,1,1,28,1,1,11,3,20,0,0,1,0,3,5,1,999,68,999,0,0,3,4,1,2,1,1,17,0,66,96,39,18,5,2020,2,14,2,12,8,1,1,1,98,0
420787,1,1,54,2,1,11,3,1,0,0,5,0,2,0,1,59,64,999,0,5,2,3,1,2,1,15,10,0,60,0,27,30,5,2020,7,23,2,12,1,1,1,2,1,2
420788,1,1,22,1,1,11,20,20,0,0,1,0,3,1,1,40,71,999,1,0,1,2,1,2,1,14,13,0,111,96,0,21,6,2020,1,15,2,12,1,1,1,1,98,2
420789,1,1,83,2,1,11,20,20,0,0,1,0,1,0,1,5,65,999,0,0,2,3,1,2,1,11,15,1,13,96,48,25,5,2020,2,17,2,12,2,2,1,1,98,4
420790,1,1,25,1,1,11,99,20,0,0,2,1,1,0,1,999,67,999,1,0,1,5,1,2,1,1,80,1,13,96,999,18,6,2020,5,0,2,8,3,2,1,3,98,9
420791,1,1,29,1,1,11,20,8,1,0,1,0,2,0,1,65,69,999,0,4,3,2,1,2,1,14,13,1,13,96,0,8,1,2020,4,2,2,59,1,1,4,2,98,4
420792,1,1,26,1,1,11,20,8,8,0,1,0,1,0,1,999,69,999,2,4,1,2,6,2,1,14,13,0,13,96,58,23,1,2020,5,17,2,17,1,1,5,3,98,4
420793,1,1,23,1,1,11,99,8,1,0,1,0,2,0,1,999,73,999,0,0,2,2,5,2,1,1,66,0,8,96,0,26,1,2020,1,11,2,12,2,2,1,1,98,0
420795,1,1,91,1,1,11,3,8,0,0,2,0,1,0,1,50,70,999,0,5,3,2,6,1,1,1,51,0,13,92,0,24,11,2020,3,17,2,12,18,1,1,3,98,5
420796,1,1,68,1,1,11,20,1,9,0,1,0,1,0,1,70,71,999,0,4,1,2,5,2,1,1,10,1,13,96,51,28,1,2020,3,14,2,12,1,1,1,1,10,4
420797,1,1,71,1,1,11,3,8,9,0,1,0,3,0,1,999,72,999,0,0,2,4,1,2,1,1,17,0,2,96,39,8,2,2020,7,11,2,12,2,2,1,1,98,3
420798,1,1,46,1,1,11,20,8,1,0,1,0,1,0,1,70,71,999,0,3,5,3,1,2,2,1,12,1,13,96,0,24,12,2020,5,22,2,59,1,1,4,3,2,4
420799,1,1,34,1,1,11,99,99,9,0,1,0,1,0,1,65,66,999,0,4,4,3,1,2,2,1,13,0,7,96,0,16,10,2020,6,10,2,42,1,1,5,1,98,4
420800,1,1,17,1,1,11,99,1,9,0,1,0,2,0,1,60,66,999,0,0,1,2,1,2,1,6,54,0,5,96,35,23,12,2020,4,15,2,42,1,1,4,1,98,4
420805,1,1,53,1,1,11,20,20,0,0,1,0,1,0,1,25,78,999,0,0,1,4,1,2,1,11,15,0,13,96,47,14,2,2020,6,9,2,12,2,3,1,1,98,4
420806,1,1,41,1,1,11,20,20,1,0,1,0,1,0,1,100,73,999,0,4,6,1,5,1,1,1,98,1,94,96,0,22,2,2020,7,18,2,44,20,1,1,2,98,4
420807,1,1,26,1,1,11,20,1,1,0,1,0,1,0,1,100,75,999,0,3,3,2,5,2,1,1,51,1,60,96,0,22,2,2020,7,3,2,12,1,1,1,2,98,4
420808,1,1,19,2,1,11,99,99,9,0,1,0,2,0,1,65,63,999,0,9,4,1,1,2,1,99,99,0,13,96,999,26,8,2020,4,21,2,8,1,1,4,3,98,5
420809,1,1,41,1,9,98,20,20,0,0,1,0,1,0,1,25,998,997,998,8,1,3,1,2,1,0,80,0,13,16,0,23,2,2020,1,19,2,8,2,3,1,3,98,9
420810,1,1,43,1,1,11,20,1,0,0,3,0,1,0,1,5,73,999,0,0,1,4,1,2,1,1,17,0,5,96,39,24,2,2020,2,18,2,12,2,3,1,3,1,2
420812,1,1,27,2,1,11,99,20,0,0,2,0,1,0,1,999,61,999,0,0,4,2,5,2,2,1,98,1,13,92,6,27,2,2020,5,2,2,14,1,1,7,3,98,0
420813,1,1,25,1,1,11,1,1,1,0,3,0,2,0,1,60,999,999,0,3,1,2,1,2,1,14,6,1,13,96,37,7,3,2020,7,2,2,33,1,1,4,3,98,3
420814,1,1,56,1,1,11,2,20,0,0,1,0,1,0,1,999,67,999,0,4,1,5,1,2,1,1,9,0,3,96,0,8,3,2020,1,13,2,42,1,1,4,1,98,4
420815,1,1,28,1,1,11,20,8,1,0,1,0,2,0,1,55,69,999,0,5,1,2,1,2,1,6,17,0,7,97,91,5,10,2020,2,17,2,12,2,2,1,1,98,3
420818,1,1,999,1,1,11,99,9,8,0,1,1,9,99,1,998,999,999,99,5,4,3,1,2,1,1,80,0,998,96,0,14,4,2020,3,21,2,8,1,1,1,3,98,9
420822,1,1,999,9,1,11,99,99,9,0,99,1,9,0,1,60,999,999,99,3,2,3,1,2,1,1,80,0,13,96,0,9,11,2020,2,18,2,8,1,1,1,3,98,9
420823,1,1,38,1,1,11,20,20,9,0,1,0,2,0,1,30,69,999,0,9,1,2,1,2,1,99,9,1,80,96,6,15,10,2020,5,20,2,5,1,1,1,3,98,4
420827,1,1,55,1,1,11,20,8,9,0,1,0,1,0,1,55,71,999,1,3,2,2,1,2,1,14,54,0,13,96,51,15,6,2020,2,12,2,12,1,1,1,1,98,4
420828,1,1,29,1,1,11,20,20,9,0,1,0,1,0,1,45,74,999,1,9,4,1,5,2,1,14,12,0,94,96,999,15,6,2020,2,0,2,24,1,1,4,3,98,4
420832,1,1,82,1,1,11,99,20,0,0,4,0,1,0,1,40,65,999,0,0,3,3,1,2,1,1,19,0,2,92,0,21,2,2020,6,20,2,33,1,1,3,3,98,4
420835,1,1,56,1,1,11,3,20,9,0,1,0,1,0,1,30,70,999,0,0,1,2,1,2,1,14,80,0,7,96,38,20,6,2020,7,15,2,8,3,3,1,1,98,0
420838,1,1,31,1,1,11,20,8,9,0,1,0,2,0,1,999,71,999,0,4,1,2,6,2,1,14,13,1,1,96,28,21,6,2020,1,1,2,24,1,1,4,2,98,4
420839,1,1,26,1,1,11,20,20,0,0,1,0,1,0,1,999,71,999,0,3,1,2,6,2,1,14,10,1,81,96,73,5,9,2020,7,17,2,12,1,1,1,1,98,4
420840,1,1,24,1,1,11,99,20,0,0,2,0,1,0,1,999,59,999,0,0,1,5,1,2,1,14,83,0,13,96,0,21,6,2020,1,17,2,9,2,3,1,1,98,0
420842,1,1,34,1,1,11,20,20,9,0,1,0,1,0,1,999,70,999,0,0,1,2,6,2,1,1,62,0,82,96,0,22,6,2020,2,11,2,1,8,1,1,1,98,4
420843,1,1,82,1,1,11,1,20,0,0,2,0,1,0,1,999,69,999,0,0,1,2,1,2,1,1,12,0,60,96,0,26,2,2020,4,13,2,42,1,1,4,1,98,4
420848,1,1,49,1,1,11,3,20,0,0,1,0,1,0,1,10,69,999,0,0,1,2,1,2,1,11,80,0,60,96,999,26,6,2020,6,7,2,8,8,1,1,1,98,0
420849,1,1,28,2,1,11,20,8,9,0,1,0,1,0,1,999,62,999,0,4,6,1,5,1,1,14,6,1,5,96,0,29,6,2020,2,2,2,59,5,1,4,3,98,4
420850,1,1,84,1,1,11,3,8,0,0,1,0,1,0,1,50,67,999,0,0,1,2,1,2,1,14,8,0,13,96,0,14,8,2020,6,15,2,12,1,1,1,1,98,4
420854,1,1,59,1,1,11,20,3,0,0,1,0,2,0,1,10,72,999,0,0,1,5,1,2,1,98,17,0,60,0,0,2,7,2020,5,18,2,12,2,2,1,1,98,3
420855,1,1,54,1,1,11,20,8,0,0,1,0,1,0,1,65,74,999,0,0,3,2,1,1,1,1,54,1,13,0,51,4,7,2020,7,3,2,12,1,1,1,3,1,4
420856,1,1,34,1,1,11,99,1,0,0,1,0,2,0,1,999,68,999,0,4,1,2,6,2,1,6,54,1,13,96,91,18,7,2020,7,22,2,12,2,3,1,3,98,3
420857,1,1,25,1,1,11,99,20,0,0,1,0,2,0,1,35,71,999,0,0,1,5,1,2,1,1,83,0,13,96,0,7,7,2020,3,21,2,9,1,1,1,3,98,0
420862,1,1,32,1,1,11,99,7,9,0,2,0,1,0,1,50,71,999,0,3,1,4,1,2,1,1,17,0,13,96,39,5,5,2020,3,0,2,12,2,2,1,3,98,3
420863,1,1,26,1,1,11,99,1,1,0,6,0,2,0,1,999,72,999,0,3,1,5,1,2,1,1,17,0,7,96,37,16,7,2020,5,1,2,12,2,2,1,3,98,2
420864,1,1,45,1,1,11,20,20,9,0,2,0,2,0,1,50,71,999,1,0,1,4,1,2,1,1,17,0,103,96,39,16,7,2020,5,22,2,12,2,7,1,3,98,3
420865,1,1,27,1,1,11,20,20,9,0,2,0,2,0,1,70,71,999,0,2,4,3,1,2,1,1,12,1,7,96,0,17,7,2020,6,0,2,42,1,1,4,3,98,4
420868,1,1,999,9,1,11,99,99,9,0,99,1,9,0,1,999,999,999,99,5,1,2,6,2,1,1,80,0,60,96,999,6,8,2020,5,1,2,8,1,1,1,2,98,9
420869,1,1,22,1,1,11,20,20,9,0,1,0,1,0,1,999,69,999,0,4,6,1,1,2,1,14,6,0,80,96,39,18,7,2020,7,21,2,1,5,1,4,2,98,4
420871,1,1,61,1,1,11,99,20,0,0,2,0,3,0,1,999,64,999,0,0,1,6,1,2,1,11,15,0,13,96,48,18,7,2020,7,10,2,12,2,2,1,1,98,0
420874,1,1,26,1,1,11,3,8,9,0,3,0,2,0,1,80,66,999,0,4,2,2,6,2,2,15,6,0,7,96,27,26,4,2020,1,16,2,34,1,1,4,1,2,4
420875,1,1,40,1,1,11,99,8,9,0,1,0,1,0,1,124,69,999,0,3,1,4,1,2,1,14,6,0,7,0,37,2,5,2020,7,1,2,59,1,1,4,3,98,4
420876,1,1,20,1,1,11,20,20,9,0,3,1,2,0,1,999,65,999,0,4,1,2,1,2,1,6,17,0,13,96,91,18,5,2020,2,12,2,12,2,2,1,1,98,2
420878,1,1,29,1,1,11,99,20,0,0,3,0,1,0,1,45,66,999,0,3,1,4,1,2,1,1,80,0,13,96,0,5,5,2020,3,20,2,8,2,3,1,3,98,0
420880,1,1,22,2,1,11,3,20,0,0,1,0,1,0,1,40,66,999,0,0,1,3,1,2,2,1,80,0,13,96,0,6,5,2020,4,22,2,8,1,1,1,2,2,0
420881,1,1,38,2,1,11,99,1,0,0,2,0,1,0,1,45,70,999,0,0,2,4,1,2,1,1,80,0,13,96,0,9,3,2020,2,22,2,8,1,1,1,3,98,0
420884,1,1,56,1,1,11,20,20,0,0,1,0,0,0,1,999,66,999,0,9,1,2,1,2,1,14,99,1,69,96,18,3,4,2020,6,20,2,30,1,1,4,6,98,4
420885,1,1,72,2,1,11,20,20,0,0,1,0,1,0,1,55,63,999,0,0,2,4,5,2,1,1,87,0,13,96,83,13,5,2020,4,0,2,11,1,1,1,2,98,4
420887,1,1,49,1,1,11,99,20,0,0,1,0,4,6,1,70,69,999,0,3,3,2,5,2,1,14,13,0,66,96,0,19,10,2020,2,11,2,24,1,1,4,1,98,4
420893,1,1,36,1,1,11,20,20,0,0,1,0,1,0,1,100,69,999,0,3,1,2,1,2,1,1,6,0,80,96,36,11,7,2020,7,12,2,31,1,1,4,1,1,4
420896,1,1,20,1,1,11,99,20,9,0,2,1,2,0,1,39,999,999,0,5,1,4,1,2,1,1,80,0,13,96,999,8,10,2020,5,19,2,8,3,2,1,3,98,9
420897,1,1,42,1,1,11,3,1,0,0,1,0,1,0,1,65,70,999,0,0,3,2,1,2,1,1,80,0,7,96,0,4,4,2020,7,4,2,8,1,1,1,2,98,0
420900,1,1,37,2,1,11,99,1,0,0,3,0,2,0,1,999,64,999,0,4,1,5,1,2,1,98,9,1,13,96,39,17,5,2020,1,0,2,19,3,3,5,2,98,3