ST_CASE,VEH_NO,PER_NO,AGE,SEX,PER_TYP,SEAT_POS,REST_USE,AIR_BAG,DRUGS,LOCATION,NUMOCCS,HIT_RUN,OWNER,V_CONFIG,HAZ_INV,TRAV_SP,DR_HGT,DR_WGT,PREV_SPD,SPEEDREL,VTRAFWAY,VNUM_LAN,VPROFILE,VPAVETYP,VSURCOND,P_CRASH1,P_CRASH2,DR_DRINK,VPICBODYCLASS,DRDISTRACT,DRIVERRF,DAY,MONTH,YEAR,DAY_WEEK,HOUR,RUR_URB,HARM_EV,RELJCT2,TYP_INT,REL_ROAD,LGT_COND,WEATHER,INJ_SEV
420901,1,1,35,1,1,11,3,8,9,0,1,0,2,0,1,999,69,999,0,3,1,2,1,2,1,99,14,0,7,96,39,8,9,2020,3,8,2,19,3,3,5,1,98,4
420902,1,1,29,1,1,11,20,20,9,0,1,0,1,0,1,999,71,999,0,0,2,2,5,2,1,14,12,0,13,96,58,30,10,2020,6,23,2,42,1,1,3,2,98,4
420903,1,1,61,1,1,11,3,1,9,0,2,0,2,0,1,999,69,999,0,0,4,1,5,2,2,14,13,0,13,96,58,25,11,2020,4,17,2,42,1,1,5,3,2,5
420904,1,1,45,1,1,11,3,1,9,0,1,0,1,0,1,40,71,999,0,0,5,3,6,2,2,1,10,0,13,96,0,11,11,2020,4,17,2,12,1,1,1,2,2,4
420907,1,1,999,9,1,11,99,99,9,0,99,1,9,99,1,999,999,999,99,9,1,9,1,2,1,99,99,0,999,99,999,12,6,2020,6,10,2,8,3,2,99,1,98,9
420908,1,1,86,2,1,11,3,20,0,0,1,0,1,0,1,999,66,999,0,0,1,2,5,2,1,11,18,0,13,96,39,25,5,2020,2,9,2,12,2,3,1,1,98,4
420911,1,1,53,1,1,11,20,20,9,0,1,0,1,0,1,40,76,999,0,0,1,2,1,2,1,14,9,1,83,96,999,27,5,2020,4,22,2,1,1,1,1,3,98,4
420912,1,1,52,1,1,11,20,20,9,0,1,0,1,0,1,45,73,999,0,0,1,2,1,2,1,1,9,1,81,96,999,30,5,2020,7,17,2,39,1,1,4,1,98,4
420913,1,1,50,1,1,11,20,20,1,0,1,0,1,0,1,65,70,190,1,5,3,2,1,2,1,1,11,0,7,96,58,14,6,2020,1,5,2,57,1,1,3,4,98,4
420914,1,1,65,2,1,11,3,8,0,0,2,0,1,0,1,5,61,999,0,0,0,0,0,0,0,11,15,0,13,96,48,4,6,2020,5,14,2,12,8,1,1,1,98,0
420915,1,1,36,1,1,11,20,20,9,0,1,0,1,0,1,50,73,999,0,3,1,2,1,2,1,1,66,0,80,96,0,4,6,2020,5,16,2,12,2,2,1,1,98,4
420917,1,1,59,2,1,11,3,1,0,0,1,0,1,0,1,20,62,999,0,0,1,3,6,2,1,11,15,0,7,96,48,14,10,2020,4,16,2,12,2,2,1,1,98,5
420920,1,1,55,1,1,11,3,20,0,0,1,0,3,6,1,55,71,999,1,0,3,2,1,2,2,1,50,0,66,96,84,5,12,2020,7,4,2,8,18,1,1,3,2,0
420922,1,1,32,2,1,11,20,20,0,0,2,0,1,0,1,999,65,999,0,0,1,2,6,1,1,14,9,1,7,96,36,4,6,2020,5,22,2,33,1,1,4,3,98,4
420927,1,1,30,1,1,11,3,20,0,0,1,0,1,0,1,45,70,999,1,0,5,5,1,2,2,1,80,0,7,0,0,10,12,2020,5,6,2,8,1,1,1,3,5,0
420928,1,1,60,1,1,11,3,20,0,0,1,0,1,0,1,25,76,999,0,0,1,2,1,2,1,14,13,0,13,96,0,11,12,2020,6,8,2,59,1,1,4,1,1,4
420929,1,1,31,2,1,11,3,1,0,0,1,0,4,0,1,75,66,999,0,3,1,5,1,1,1,1,66,0,13,0,36,7,6,2020,1,11,2,12,2,2,1,1,98,2
420930,1,1,27,1,1,11,3,8,9,0,1,0,1,0,1,65,72,999,1,0,2,2,5,1,1,14,12,0,13,0,51,9,6,2020,3,11,2,12,1,1,1,1,98,4
420931,1,1,88,1,1,11,1,20,1,0,1,0,1,0,1,30,66,999,0,0,4,8,1,2,3,99,98,0,13,96,31,18,12,2020,6,14,2,14,1,1,2,1,98,4
420932,1,1,66,2,1,11,3,1,9,0,1,0,1,0,1,999,65,999,0,0,1,3,1,2,1,14,8,0,13,96,0,3,12,2020,5,15,2,46,3,7,4,1,98,4
420936,1,1,27,1,1,11,20,20,1,0,2,0,2,0,1,40,74,999,0,9,1,3,1,2,1,1,13,0,7,96,0,19,7,2020,1,3,2,30,1,1,4,3,98,4
420937,1,1,44,1,1,11,3,20,0,0,1,0,3,2,1,20,68,999,0,0,1,2,1,2,1,10,80,0,64,96,0,21,7,2020,3,11,2,8,3,2,1,1,98,0
420938,1,1,17,1,1,11,3,1,0,0,1,0,1,0,1,999,72,999,0,0,1,3,1,2,1,11,15,0,13,96,48,21,7,2020,3,21,2,12,2,2,1,3,98,0
420939,1,1,87,1,1,11,20,8,0,0,1,0,1,0,1,15,73,999,0,0,1,3,1,2,1,11,15,0,13,96,0,21,12,2020,2,12,2,12,2,4,1,1,98,4
420940,1,1,61,2,1,11,20,3,1,0,1,0,1,0,1,60,68,999,0,5,1,2,1,2,1,10,16,1,13,0,48,22,7,2020,4,13,2,42,3,2,4,1,98,4
420941,1,1,69,1,1,11,3,20,0,0,1,0,2,0,1,35,999,999,0,0,1,2,1,2,1,1,87,0,7,96,83,8,12,2020,3,20,2,30,1,1,4,2,98,4
420943,1,1,46,1,1,11,3,8,9,0,1,0,2,0,1,60,69,999,0,0,1,2,1,2,1,14,10,0,3,96,51,24,7,2020,6,21,2,12,1,1,1,2,1,4
420944,1,1,27,1,1,11,20,20,0,0,1,0,2,0,1,35,68,999,0,0,1,4,1,2,1,15,62,0,80,96,27,1,8,2020,7,19,2,12,8,1,1,1,98,4
420946,1,1,17,1,1,11,20,1,9,0,5,0,2,0,1,50,999,999,0,9,1,2,1,2,1,1,12,0,7,96,27,30,7,2020,5,21,2,42,1,1,5,3,98,4
420947,1,1,54,2,1,11,20,7,0,0,6,0,1,0,1,55,66,999,0,0,1,2,1,2,1,14,13,1,13,96,6,31,7,2020,6,23,2,53,1,1,4,2,98,3
420948,1,1,48,2,1,11,3,8,9,0,1,0,2,0,1,50,61,999,0,4,1,2,5,2,1,1,8,0,7,96,0,31,7,2020,6,15,2,30,1,1,4,1,98,4
420949,1,1,28,1,1,11,20,20,0,0,1,0,1,0,1,999,66,999,0,4,1,3,1,2,1,1,62,1,80,96,0,18,7,2020,7,22,2,12,2,2,1,3,98,3
420950,1,1,51,2,1,11,3,20,0,0,1,0,1,0,1,35,62,999,0,0,1,5,2,2,1,1,83,0,7,96,0,12,7,2020,1,16,2,9,1,1,1,1,98,0
420952,1,1,87,2,1,11,1,1,0,0,1,0,1,0,1,40,68,999,0,0,2,4,5,2,1,14,13,0,13,96,0,12,8,2020,4,13,2,33,1,1,4,1,98,4
420954,1,1,32,1,1,11,99,20,0,0,1,0,2,0,1,75,71,999,0,5,3,2,1,2,1,14,13,1,3,96,36,12,8,2020,4,1,2,52,1,1,4,3,98,4
420955,1,1,58,1,1,11,20,20,0,0,1,0,1,0,1,85,66,999,1,4,3,3,1,2,1,1,8,0,80,96,0,15,8,2020,7,9,2,1,1,1,1,1,98,4
420959,1,1,48,1,1,11,20,8,9,0,1,0,1,0,1,999,71,999,0,4,3,2,1,2,1,15,6,0,13,96,36,25,8,2020,3,19,2,24,1,1,4,1,98,4
420960,1,1,39,1,1,11,20,20,0,0,1,0,1,0,1,50,62,999,0,3,2,2,1,2,1,6,51,0,98,96,35,6,9,2020,1,21,2,12,3,2,1,3,98,4
420965,1,1,19,1,1,11,20,20,0,0,1,0,1,0,1,90,68,999,0,3,3,2,1,1,1,6,51,0,80,96,36,9,9,2020,4,9,2,12,1,1,1,1,98,4
420966,1,1,34,1,2,13,99,99,9,0,2,0,5,0,1,35,70,999,0,9,2,2,1,2,1,1,99,0,7,96,999,3,9,2020,5,7,2,42,1,1,4,1,98,4
420968,1,1,20,2,1,11,3,20,0,0,2,0,2,0,1,999,62,999,0,0,1,4,1,2,1,11,15,0,13,96,48,11,9,2020,6,12,2,12,8,1,1,1,98,0
420971,1,1,24,2,1,11,20,20,0,0,2,0,1,0,1,999,64,999,0,4,1,2,1,2,1,1,98,0,7,96,0,16,9,2020,4,22,2,5,1,1,1,3,98,0
420976,1,1,999,9,1,11,99,99,9,0,99,1,9,99,1,999,999,999,99,9,1,3,1,2,1,99,99,0,999,96,999,2,10,2020,6,19,2,15,3,2,99,5,98,9
420978,1,1,24,2,1,11,99,99,0,0,2,0,1,0,1,5,59,999,0,0,1,2,1,2,1,13,80,0,7,96,31,3,10,2020,7,15,2,8,3,10,1,1,98,0
420979,1,1,20,1,9,99,99,8,8,0,4,0,9,0,1,50,999,999,99,5,1,6,1,2,1,1,12,0,13,96,0,25,9,2020,6,4,2,33,1,1,4,3,98,4
420981,1,1,24,1,1,11,99,99,0,0,2,0,2,0,1,999,69,999,0,3,2,2,1,2,1,1,17,0,13,96,0,3,10,2020,7,2,2,12,2,2,1,3,98,3
420982,1,1,21,1,1,11,20,20,0,0,1,0,1,0,1,999,69,999,1,4,1,2,1,2,1,1,90,0,80,96,6,28,9,2020,2,19,2,18,8,1,1,2,98,4
420985,1,1,34,1,1,11,99,99,9,0,2,0,1,0,1,20,68,999,0,9,1,2,1,2,1,1,99,0,13,96,999,18,9,2020,6,11,2,14,1,1,2,1,98,4
420986,1,1,51,1,1,11,20,20,9,0,1,0,1,0,1,30,69,999,0,0,1,5,1,2,1,1,67,0,80,96,0,2,10,2020,6,15,2,12,2,3,1,1,98,4
420987,1,1,999,9,1,11,99,99,9,0,1,1,9,0,1,999,999,999,99,9,1,4,1,1,1,1,80,0,13,96,999,7,10,2020,4,22,2,8,1,1,1,3,98,9
420988,1,1,70,1,1,11,3,1,0,0,5,0,1,0,1,999,72,999,0,0,1,3,1,2,1,11,15,0,2,96,48,9,10,2020,6,18,2,12,8,1,1,5,1,5
420989,1,1,36,1,1,11,99,99,9,0,1,0,1,0,1,75,67,999,1,9,2,2,1,2,1,1,9,0,13,96,999,6,10,2020,3,7,2,12,1,1,1,1,98,4
420990,1,1,43,1,1,11,99,20,9,0,1,0,2,0,1,25,71,999,0,0,1,2,1,2,1,1,13,0,3,96,0,9,10,2020,6,7,2,14,1,1,4,1,98,4
420992,1,1,25,1,1,11,1,20,0,0,1,0,1,0,1,50,69,160,0,5,2,2,1,2,2,1,80,0,60,0,0,20,10,2020,3,7,2,8,3,3,1,4,10,0
420994,1,1,54,1,1,11,99,1,9,0,1,0,1,0,1,55,71,999,0,5,4,3,6,2,1,1,9,1,7,96,27,10,10,2020,7,22,2,24,1,1,4,3,98,4
420995,1,1,72,1,1,11,99,99,0,0,1,0,1,0,1,55,69,999,0,9,2,2,1,2,2,1,99,0,60,96,999,20,10,2020,3,5,2,59,3,2,3,3,1,4
420996,1,1,25,1,1,11,99,20,9,0,1,0,3,0,1,998,74,999,0,0,1,3,1,2,1,1,17,0,9,96,999,12,10,2020,2,6,2,12,2,2,1,4,98,0
420998,1,1,60,1,1,11,99,20,0,0,1,0,1,0,1,85,69,999,0,3,1,2,5,2,1,1,12,0,95,96,39,6,10,2020,3,11,2,19,3,2,5,1,98,4
420999,1,1,37,1,1,11,20,3,9,0,1,0,2,0,1,999,67,999,0,0,1,3,1,2,1,1,10,0,13,96,51,3,11,2020,3,1,2,12,1,1,1,3,98,4
421000,1,1,19,1,1,11,99,99,9,0,2,0,2,0,1,60,70,999,1,3,1,4,1,2,1,1,6,0,13,96,0,24,10,2020,7,11,2,42,3,7,4,1,98,4
421002,1,1,59,1,1,11,20,20,0,0,1,0,1,0,1,0,71,999,0,0,3,2,1,2,1,5,53,0,60,96,0,3,11,2020,3,5,2,12,1,1,1,2,98,4
421004,1,1,33,2,1,11,20,20,9,0,1,0,0,0,1,80,68,999,0,5,1,2,1,2,1,1,13,0,5,96,39,20,10,2020,3,19,2,30,3,2,4,5,98,4
421005,1,1,999,9,1,11,99,99,9,0,99,1,9,0,1,30,999,999,99,0,1,2,1,2,1,6,80,0,7,96,35,10,11,2020,3,8,2,8,1,1,1,1,8,9
421007,1,1,28,1,1,11,99,2,0,0,1,0,1,0,1,999,74,999,0,0,1,2,6,2,1,1,10,0,2,96,28,9,11,2020,2,6,2,12,1,1,1,4,98,5
421008,1,1,90,1,1,11,3,1,0,0,2,0,1,0,1,999,68,999,0,0,1,2,1,2,1,11,15,0,13,96,38,10,11,2020,3,13,2,12,2,2,1,1,98,4
421009,1,1,63,1,1,11,2,20,0,0,1,0,1,0,1,55,72,999,0,0,3,3,1,2,1,1,11,0,95,96,0,9,11,2020,2,14,2,12,2,4,1,1,98,4
421010,1,1,51,2,1,11,99,20,0,0,1,0,1,0,1,999,64,999,0,0,1,2,6,2,1,11,15,0,7,92,48,16,11,2020,2,12,2,12,2,3,1,1,98,0
421011,1,1,46,1,1,11,3,20,0,0,1,0,2,0,1,999,70,999,0,3,1,2,1,2,1,1,80,0,5,0,0,27,12,2020,1,18,2,8,1,1,1,3,98,0
421012,1,1,67,2,1,11,3,8,0,0,1,0,1,0,1,8,69,999,0,0,1,5,1,2,1,11,15,0,7,96,48,17,11,2020,3,8,2,12,8,1,1,1,98,1
421013,1,1,19,1,1,11,3,20,0,0,1,0,2,0,1,35,69,999,0,4,2,1,6,2,1,1,80,0,13,0,0,10,11,2020,3,18,2,8,1,1,1,3,98,0
421014,1,1,76,2,1,11,3,20,0,0,1,0,1,0,1,999,61,999,0,0,0,0,0,0,0,11,15,0,7,96,38,18,11,2020,4,12,2,12,8,1,1,1,1,0
421015,1,1,31,2,1,11,3,8,0,0,1,0,1,0,1,999,64,999,1,0,1,2,5,2,1,1,17,0,13,96,39,24,8,2020,2,20,2,12,2,2,1,2,98,2
421018,1,1,24,1,1,11,20,20,9,0,1,0,1,0,1,100,72,999,0,5,3,2,6,2,1,15,10,0,81,96,27,20,11,2020,6,22,2,12,1,1,1,3,98,4
421019,1,1,60,1,1,11,20,20,0,0,2,0,1,0,1,55,75,999,0,4,3,3,1,2,1,14,6,0,95,96,0,14,11,2020,7,12,2,34,1,1,4,1,1,4
421020,1,1,78,1,1,11,3,1,0,0,1,0,1,0,1,65,72,999,0,0,3,3,1,1,1,14,54,0,13,0,51,20,11,2020,6,3,2,12,1,1,1,3,1,4
421021,1,1,20,2,1,11,20,20,0,0,2,0,1,0,1,999,63,999,0,0,1,2,1,2,1,1,80,0,13,96,0,24,10,2020,7,18,2,8,1,1,1,2,98,0
421022,1,1,64,1,1,11,99,1,9,0,1,0,1,0,1,30,66,999,0,0,1,2,1,2,1,99,99,0,7,96,0,27,10,2020,3,20,2,21,2,7,1,3,98,4
421023,1,1,21,1,1,11,20,20,0,0,1,0,2,0,1,45,999,999,0,0,1,2,1,1,1,1,13,0,114,96,52,28,10,2020,4,18,2,19,1,1,5,2,98,4
421024,1,1,50,1,1,11,3,2,0,0,2,0,1,0,1,90,73,999,0,3,1,2,1,2,1,14,6,1,5,96,58,1,11,2020,1,1,2,35,1,1,4,2,98,4
421025,1,1,76,1,1,11,20,20,0,0,2,0,1,0,1,35,70,999,0,5,4,2,1,2,1,1,80,0,7,0,50,20,11,2020,6,15,2,8,3,2,1,1,98,0
421027,1,1,50,1,1,11,99,99,0,0,1,0,2,0,1,999,71,999,0,0,1,2,5,2,1,1,80,0,7,96,0,3,12,2020,5,18,2,8,1,1,1,3,1,0
421033,1,1,19,1,1,11,20,20,9,0,1,1,2,0,1,50,999,999,0,0,4,1,1,2,1,1,17,0,2,96,39,8,12,2020,3,0,2,12,2,2,1,3,98,0
421036,1,1,28,1,1,11,99,20,1,0,1,0,1,0,1,999,68,999,0,5,2,2,1,2,1,1,12,0,13,96,0,14,11,2020,7,12,2,30,1,1,4,1,98,4
421039,1,1,66,1,1,11,3,2,0,0,2,0,1,0,1,45,68,999,0,0,1,2,1,2,1,1,17,0,7,0,39,13,12,2020,1,12,2,12,2,2,1,1,98,2
421040,1,1,61,1,1,11,20,8,9,0,1,0,1,0,1,75,66,999,0,3,5,5,6,2,1,1,72,0,7,98,6,28,12,2020,2,21,2,12,8,1,1,2,1,4
421042,1,1,59,1,1,11,3,8,0,0,1,0,2,0,1,45,69,999,0,0,1,2,1,2,1,11,15,1,999,96,38,23,12,2020,4,15,2,12,2,3,1,1,10,4
421044,1,1,40,1,1,11,3,20,0,0,3,0,1,0,1,999,72,999,0,0,1,2,1,2,1,1,80,0,2,96,0,30,12,2020,4,18,2,8,2,3,1,2,98,0
421047,1,1,28,2,1,11,99,99,1,0,1,1,1,0,1,999,64,999,0,4,1,5,1,2,1,6,54,0,60,96,60,27,5,2020,4,18,2,12,3,2,1,1,98,0
421054,1,1,17,1,2,99,99,99,8,0,5,0,2,0,1,100,69,999,0,3,5,5,6,2,1,1,6,1,13,96,0,1,6,2020,2,22,2,12,1,1,1,3,98,2
421061,1,1,26,1,1,11,20,1,0,0,1,0,2,0,1,50,70,999,0,4,1,4,1,2,2,1,12,1,13,92,6,5,1,2020,1,4,2,42,1,1,4,2,12,4
440001,1,1,53,2,1,11,99,20,8,0,5,0,2,0,1,31,66,145,0,3,1,2,1,2,2,1,80,0,7,96,38,11,1,2020,7,17,2,8,3,3,1,3,10,0
440002,1,1,51,1,1,11,20,20,8,0,1,0,1,0,1,998,75,225,0,0,1,4,8,2,1,1,80,0,2,0,0,22,1,2020,4,22,2,8,1,1,1,3,1,0
440004,1,1,19,1,1,11,99,20,8,0,1,0,2,0,1,998,70,140,0,0,1,2,8,2,1,1,80,0,8,99,0,9,1,2020,5,19,2,8,1,1,1,1,1,0
440005,1,1,47,1,1,11,3,8,8,0,1,0,3,0,1,998,60,200,0,0,2,3,8,2,1,1,13,0,60,0,6,14,2,2020,6,14,2,42,1,1,4,1,1,4
440006,1,1,55,1,1,11,99,20,8,0,1,0,3,1,1,998,68,999,0,0,2,5,8,8,1,1,80,0,60,0,0,5,3,2020,5,4,2,8,1,1,1,3,1,0
440007,1,1,72,2,1,11,3,8,8,0,1,0,2,0,1,998,64,163,0,0,3,4,1,2,1,1,11,0,13,0,27,26,1,2020,1,12,2,33,19,1,12,1,1,4
440010,1,1,30,2,1,11,3,20,8,0,1,0,1,0,1,998,67,145,0,0,1,2,8,2,1,1,13,1,7,0,6,27,3,2020,6,19,2,8,1,1,1,5,1,0
440011,1,1,62,2,1,11,3,1,8,0,1,0,1,0,1,998,66,200,0,0,1,2,1,2,2,1,8,0,13,99,0,29,3,2020,1,14,2,46,3,2,4,1,2,4
440012,1,1,54,2,1,11,20,20,9,0,1,0,2,0,1,20,65,150,0,0,1,2,6,2,1,14,9,0,12,0,0,6,4,2020,2,16,2,33,1,1,4,1,1,4
440014,1,1,59,1,1,11,3,20,0,0,1,0,3,1,1,998,65,130,0,0,1,2,6,2,1,1,80,0,74,0,38,14,5,2020,5,11,2,8,3,3,1,1,1,0
440015,1,1,22,1,1,11,99,1,8,0,1,0,2,0,1,998,69,200,1,0,3,2,8,2,2,1,13,0,13,99,0,15,5,2020,6,3,2,25,19,1,4,3,2,4
440017,1,1,998,8,1,11,98,98,8,0,99,1,9,99,1,998,66,175,0,9,1,4,8,2,1,1,83,0,999,96,0,22,5,2020,6,23,2,9,2,3,1,3,1,9
440019,1,1,20,2,1,11,3,20,0,0,1,0,1,0,1,30,65,140,0,0,1,2,1,2,1,1,80,0,13,0,38,10,4,2020,6,12,2,8,3,2,1,1,1,0
440020,1,1,42,1,1,11,3,20,8,0,2,0,2,0,1,998,68,185,0,0,1,2,8,2,1,1,80,0,7,99,0,10,3,2020,3,20,2,8,1,1,1,3,10,0
440021,1,1,27,1,1,11,20,20,8,0,1,0,2,0,1,998,68,180,0,4,6,1,6,2,1,14,12,1,80,0,0,24,5,2020,1,19,2,34,5,1,4,1,1,4
440022,1,1,44,1,1,11,99,1,8,0,1,0,1,0,1,998,69,180,0,0,1,2,8,2,1,1,50,0,8,99,0,29,5,2020,6,10,2,12,1,1,1,1,1,2
440025,1,1,71,2,1,11,3,8,0,0,2,0,1,0,1,998,64,175,0,0,8,8,8,8,98,11,15,0,7,99,38,7,6,2020,1,13,2,12,2,3,1,1,1,2
440026,1,1,31,1,1,11,20,20,9,0,1,0,0,0,1,998,68,155,0,5,1,2,1,2,1,1,62,1,87,99,38,15,5,2020,6,15,2,12,8,1,1,1,1,4
440027,1,1,46,1,1,11,20,8,9,0,1,0,1,0,1,998,73,220,0,5,1,2,1,2,1,1,8,1,13,99,0,9,6,2020,3,21,2,14,1,1,7,3,1,4
440029,1,1,34,2,1,11,3,20,8,0,2,0,1,0,1,998,63,140,0,0,1,2,8,8,98,11,15,0,60,99,0,14,6,2020,1,17,2,12,2,3,1,1,1,0
440030,1,1,37,1,1,11,20,20,8,0,1,0,1,0,1,998,71,225,0,0,1,2,8,2,1,11,13,1,80,99,0,18,6,2020,5,4,2,33,3,2,4,2,5,4
440031,1,1,96,1,1,11,20,1,8,0,2,0,1,0,1,61,70,150,0,5,1,4,8,2,1,1,50,0,13,99,0,21,6,2020,1,8,2,12,3,2,1,1,1,4
440032,1,1,23,1,1,11,20,20,8,0,1,0,1,0,1,998,67,999,0,5,1,2,8,2,1,1,17,0,98,99,36,25,5,2020,2,21,2,12,2,2,1,3,1,4
440033,1,1,55,1,1,11,3,20,0,0,1,0,1,0,1,998,73,999,0,0,4,1,1,2,1,1,80,0,13,0,0,25,6,2020,5,2,2,8,1,1,1,3,1,0
440034,1,1,33,1,1,11,99,20,8,0,2,0,1,0,1,998,80,215,0,0,3,3,1,2,2,1,81,0,13,0,0,28,6,2020,1,21,2,8,3,2,1,3,1,0
440037,1,1,28,2,1,11,3,1,0,0,3,0,1,0,1,998,63,145,0,0,1,2,8,2,1,2,62,0,13,0,0,18,7,2020,7,1,2,12,1,1,1,2,1,0
440038,1,1,27,1,1,11,20,20,8,0,1,0,0,0,1,998,69,135,0,0,1,2,8,8,1,3,8,0,86,99,18,18,7,2020,7,20,2,19,1,1,5,3,1,4
440040,1,1,19,1,1,11,20,8,8,0,2,0,1,0,1,998,72,145,2,0,3,2,8,2,2,14,6,0,3,99,0,2,8,2020,1,19,2,42,1,1,4,1,10,4
440042,1,1,80,2,1,11,3,20,8,0,1,0,2,0,1,998,62,108,0,0,2,2,1,2,1,1,13,0,1,0,0,6,8,2020,5,10,2,9,1,1,2,1,1,0
440045,1,1,51,2,1,11,20,8,8,0,1,0,2,0,1,45,999,999,0,3,1,2,1,2,1,11,13,1,1,0,30,26,8,2020,4,5,2,33,3,3,4,1,1,4
440047,1,1,27,1,1,11,20,20,8,0,1,0,2,0,1,998,999,999,1,0,1,4,1,2,1,1,60,0,80,96,0,11,9,2020,6,21,2,12,3,10,1,3,1,4
440048,1,1,80,2,1,11,99,99,9,0,1,0,1,0,1,38,999,999,0,0,1,2,1,2,1,14,13,0,5,99,0,21,9,2020,2,12,2,30,1,1,4,1,1,4
440049,1,1,18,1,1,11,20,8,9,0,1,0,2,0,1,999,999,999,1,5,1,2,6,2,1,14,6,0,13,0,36,21,9,2020,2,21,2,41,1,1,4,2,1,4
440050,1,1,27,1,1,11,3,20,8,0,1,0,3,6,1,998,999,999,2,0,1,3,1,2,1,4,81,0,66,0,0,25,9,2020,6,10,2,8,3,3,1,1,1,0
440051,1,1,23,1,1,11,3,9,9,0,1,0,1,0,1,998,70,999,3,5,1,4,1,2,1,6,9,1,13,0,0,8,10,2020,5,23,2,39,1,1,4,3,1,4
440052,1,1,34,2,1,11,99,20,8,0,1,0,1,0,1,998,68,150,0,0,1,2,1,2,1,1,80,0,5,0,0,14,10,2020,4,8,2,8,2,3,1,1,1,0
440053,1,1,77,1,1,11,20,20,0,0,1,0,1,0,1,998,70,163,0,0,5,3,1,2,1,1,8,0,80,99,36,14,10,2020,4,11,2,33,1,1,4,1,1,4
440054,1,1,32,1,1,11,3,20,0,0,1,0,3,6,1,70,67,999,0,0,2,5,1,2,1,1,50,0,66,93,6,19,10,2020,2,5,2,12,1,1,1,3,1,0
440055,1,1,19,1,1,11,20,1,1,0,4,0,1,0,1,76,70,175,1,5,4,2,1,2,1,1,6,1,13,99,0,25,10,2020,1,2,2,24,1,1,4,3,1,1
440057,1,1,22,1,1,11,99,8,8,0,1,0,1,0,1,998,68,200,1,0,3,3,1,2,1,14,6,1,13,0,0,1,11,2020,1,1,2,42,1,1,4,3,1,4
440058,1,1,22,1,1,11,3,20,8,0,1,1,2,0,1,998,65,999,0,0,3,3,1,2,1,1,50,1,15,96,36,1,11,2020,1,1,2,12,18,1,1,3,1,0
440059,1,1,25,1,1,11,99,1,8,0,1,0,1,0,1,998,71,999,0,5,3,2,1,2,1,1,13,1,13,99,0,1,11,2020,1,1,2,30,1,1,4,3,1,4
440060,1,1,42,1,1,11,20,8,8,0,1,0,1,6,1,998,70,999,0,0,3,4,1,2,1,1,12,1,66,0,0,3,11,2020,3,6,2,25,1,1,3,1,1,4
440061,1,1,35,1,1,11,20,20,9,0,2,0,1,0,1,104,71,240,0,5,1,2,1,2,1,14,6,1,5,99,0,14,11,2020,7,20,2,12,1,1,1,3,1,4
440062,1,1,68,1,1,11,3,20,0,0,1,0,1,0,1,998,69,165,1,5,3,2,1,2,1,1,13,0,1,96,0,18,10,2020,1,7,2,33,1,1,4,1,1,4
440063,1,1,78,2,1,11,3,1,8,0,2,0,2,0,1,998,65,140,0,0,1,2,6,2,1,14,10,0,3,0,28,19,11,2020,5,16,2,12,1,1,1,1,1,4
440064,1,1,61,2,1,11,3,20,0,0,1,0,1,0,1,33,65,165,0,0,1,4,5,2,1,1,81,0,7,0,0,8,12,2020,3,16,2,8,1,1,1,2,1,0
440065,1,1,21,1,1,11,3,8,1,0,5,0,2,0,1,56,999,999,99,5,1,2,1,2,2,14,6,1,13,99,0,12,12,2020,7,0,2,30,1,1,4,3,5,1
440066,1,1,92,1,1,11,20,9,9,0,1,0,1,0,1,998,999,999,0,9,1,2,1,2,1,1,13,0,13,99,0,4,9,2020,6,9,2,30,1,1,4,1,1,4
440069,1,1,32,1,1,11,99,20,8,0,1,0,1,0,1,998,72,999,0,0,3,3,1,2,1,14,80,0,7,0,0,19,9,2020,7,21,2,8,1,1,1,3,1,0
440072,1,1,65,1,1,11,20,20,8,0,1,0,1,2,1,998,63,141,0,5,5,3,1,2,1,1,50,0,11,0,0,21,6,2020,1,13,2,12,1,1,1,1,1,1
440073,1,1,64,1,1,11,3,20,0,0,1,0,2,0,1,998,70,999,0,0,1,2,1,2,1,1,80,0,7,0,0,6,9,2020,1,17,2,8,98,1,1,1,1,0
440074,1,1,72,2,1,11,3,1,0,0,1,0,1,0,1,998,64,139,0,9,1,2,6,2,1,1,10,0,13,99,999,8,11,2020,1,13,2,33,1,1,4,1,1,4
440075,1,1,999,9,1,11,98,99,8,0,99,1,9,99,1,999,999,999,99,4,2,2,1,2,1,1,80,0,998,96,6,7,9,2020,2,3,2,8,3,2,1,3,1,9
450007,1,1,75,1,1,11,20,20,0,0,1,0,1,0,1,70,66,999,0,3,1,2,1,8,1,1,13,1,7,96,0,4,1,2020,7,19,2,32,1,1,4,3,1,4
450009,1,1,26,1,1,11,3,20,0,0,1,0,1,0,1,50,69,145,0,0,2,3,1,8,2,1,80,0,7,96,0,4,1,2020,7,7,2,8,3,2,1,3,2,0
450010,1,1,39,1,1,11,3,1,0,0,1,0,3,6,1,35,71,200,0,0,1,2,1,8,1,1,67,0,66,96,0,6,1,2020,2,9,2,12,2,3,1,1,1,0