ST_CASE,VEH_NO,PER_NO,AGE,SEX,PER_TYP,SEAT_POS,REST_USE,AIR_BAG,DRUGS,LOCATION,NUMOCCS,HIT_RUN,OWNER,V_CONFIG,HAZ_INV,TRAV_SP,DR_HGT,DR_WGT,PREV_SPD,SPEEDREL,VTRAFWAY,VNUM_LAN,VPROFILE,VPAVETYP,VSURCOND,P_CRASH1,P_CRASH2,DR_DRINK,VPICBODYCLASS,DRDISTRACT,DRIVERRF,DAY,MONTH,YEAR,DAY_WEEK,HOUR,RUR_URB,HARM_EV,RELJCT2,TYP_INT,REL_ROAD,LGT_COND,WEATHER,INJ_SEV
450019,1,1,64,1,1,11,3,20,0,0,1,0,3,2,1,30,71,240,1,0,1,5,2,8,1,1,13,0,11,96,28,13,1,2020,2,10,2,8,1,1,4,1,10,0
450021,1,1,59,2,1,11,3,20,0,0,1,0,1,0,1,20,61,120,0,0,1,2,2,8,1,12,10,0,7,96,48,14,1,2020,3,12,2,12,1,1,1,1,1,2
450022,1,1,54,1,1,11,3,1,0,0,1,0,2,0,1,40,71,335,0,0,2,3,1,8,1,1,80,0,15,96,0,9,1,2020,5,21,2,8,1,1,1,2,1,0
450023,1,1,23,1,1,11,20,20,0,0,2,0,2,0,1,75,75,175,0,4,2,2,1,8,1,10,6,1,13,96,0,15,1,2020,4,2,2,1,3,2,3,3,10,4
450026,1,1,48,1,1,11,20,8,8,0,1,0,2,0,1,110,76,253,0,3,1,2,1,8,1,14,13,1,7,96,8,15,1,2020,4,1,2,59,1,1,4,2,1,4
450033,1,1,56,1,1,11,20,20,0,0,1,0,1,0,1,25,65,190,0,0,2,2,1,8,1,1,66,0,12,96,0,21,1,2020,3,6,2,12,2,2,1,4,1,4
450042,1,1,52,1,1,11,3,20,0,0,1,0,1,0,1,35,67,160,0,0,2,2,1,8,2,1,80,0,60,96,0,24,1,2020,6,21,2,8,1,1,1,6,2,0
450046,1,1,28,1,1,11,20,8,8,0,1,0,1,0,1,50,70,165,1,4,3,3,1,8,2,1,12,1,3,96,0,25,1,2020,7,1,2,12,1,1,1,2,2,4
450049,1,1,33,1,1,11,3,20,0,0,1,0,1,0,1,45,72,286,2,0,3,5,3,8,2,1,80,0,3,96,0,28,1,2020,3,21,2,8,1,1,1,2,1,0
450052,1,1,55,1,1,11,3,1,0,0,1,0,1,0,1,65,70,170,1,3,1,2,1,8,2,1,6,0,60,96,0,29,1,2020,4,17,2,1,1,1,4,5,10,4
450056,1,1,24,1,1,11,3,2,0,0,1,0,1,0,1,60,74,210,4,0,3,3,1,8,2,1,61,0,60,96,0,31,1,2020,6,20,2,12,1,1,1,2,2,0
450060,1,1,31,1,1,11,20,8,0,0,1,0,3,0,1,60,67,175,1,4,1,2,1,8,1,14,6,1,3,96,0,2,2,2020,1,4,2,1,1,1,4,3,1,4
450061,1,1,53,2,1,11,3,1,0,0,1,0,1,0,1,80,65,160,0,4,1,2,1,8,1,14,12,0,7,17,0,3,2,2020,2,0,2,42,1,1,4,6,1,4
450062,1,1,29,1,1,11,20,1,0,0,3,0,1,0,1,62,73,225,0,3,1,2,1,8,1,1,53,1,13,96,0,3,2,2020,2,0,2,12,1,1,1,2,1,4
450064,1,1,82,2,1,11,3,8,0,0,1,0,1,0,1,10,66,145,0,0,1,2,1,8,2,11,15,0,13,96,0,5,2,2020,4,9,2,12,2,3,1,1,2,4
450073,1,1,20,2,1,11,3,1,0,0,4,0,2,0,1,62,62,125,0,0,5,5,1,8,1,1,62,0,1,96,0,7,2,2020,6,22,2,12,1,1,1,2,1,2
450076,1,1,36,1,1,11,98,20,8,0,1,1,3,0,1,55,69,150,0,0,1,2,1,8,1,1,80,1,1,96,0,10,2,2020,2,1,2,8,1,1,1,6,1,0
450081,1,1,31,1,1,11,3,20,0,0,1,0,3,1,1,15,75,999,0,0,3,3,1,8,2,2,53,0,11,96,0,13,2,2020,5,14,2,12,1,1,1,1,2,0
450086,1,1,62,1,1,11,3,20,0,0,2,0,4,6,1,59,68,999,0,0,3,3,3,8,1,1,53,0,66,96,0,16,2,2020,1,2,2,12,1,1,1,2,1,0
450089,1,1,51,1,1,11,20,20,0,0,1,0,1,0,1,25,70,260,0,0,1,2,1,8,1,1,60,0,12,96,0,17,2,2020,2,11,2,12,1,1,1,1,1,4
450092,1,1,29,2,1,11,3,20,0,0,1,0,3,6,1,60,999,999,0,0,3,3,1,8,2,1,61,0,66,96,0,19,2,2020,4,12,2,24,1,1,4,1,10,0
450096,1,1,48,2,1,11,3,20,0,0,2,0,1,0,1,45,62,174,0,0,2,2,1,8,1,1,67,0,60,96,0,22,2,2020,7,18,2,12,2,3,1,5,1,0
450100,1,1,22,1,1,11,3,20,0,0,1,0,2,0,1,10,68,200,0,0,1,3,1,8,1,1,66,0,13,96,0,23,2,2020,1,15,2,12,2,4,1,1,1,2
450102,1,1,21,1,1,11,3,20,0,0,1,0,3,1,1,52,65,275,2,3,1,2,1,8,2,1,67,0,74,96,0,24,2,2020,2,8,2,12,2,3,1,1,2,0
450104,1,1,39,1,1,11,3,9,0,0,1,0,3,6,1,55,71,400,0,0,1,2,1,8,1,1,62,0,66,96,0,27,2,2020,5,10,2,12,1,1,1,1,1,1
450110,1,1,31,1,1,11,3,20,0,0,2,0,1,0,1,998,74,999,1,0,1,2,2,8,1,1,80,0,7,96,0,14,2,2020,6,17,2,8,3,3,1,1,1,0
450114,1,1,29,1,1,11,99,99,0,0,1,0,1,0,1,75,75,170,2,3,2,2,1,8,1,1,11,1,13,96,0,1,3,2020,1,6,2,18,1,1,4,6,1,4
450116,1,1,34,1,1,11,20,20,0,0,1,0,1,0,1,95,68,205,0,3,2,2,1,8,1,14,6,0,80,96,8,2,3,2020,2,6,2,33,1,1,3,4,1,4
450117,1,1,56,1,1,11,3,8,1,0,1,0,1,0,1,70,64,190,1,0,3,2,1,8,1,1,62,0,5,96,0,3,3,2020,3,15,2,26,1,1,3,1,1,4
450119,1,1,39,2,1,11,3,20,0,0,1,0,2,0,1,45,63,150,1,0,1,2,1,8,2,14,13,0,7,96,28,4,3,2020,4,4,2,34,1,1,4,6,10,4
450120,1,1,26,1,1,11,3,9,0,0,1,0,1,0,1,45,70,155,0,0,1,2,1,8,2,1,66,0,60,96,0,5,3,2020,5,10,2,12,2,3,1,1,2,0
450124,1,1,25,1,1,11,99,1,1,0,1,0,1,0,1,65,71,173,1,4,2,2,1,8,1,1,51,1,3,96,8,6,3,2020,6,23,2,12,1,1,1,3,1,0
450128,1,1,19,1,1,11,20,2,1,0,1,0,1,0,1,65,71,150,3,0,1,2,2,8,1,1,13,1,7,96,0,14,2,2020,6,23,2,30,1,1,4,2,1,4
450136,1,1,84,1,1,11,3,20,0,0,1,0,1,0,1,35,70,199,0,0,1,2,2,8,1,1,80,0,7,96,0,2,3,2020,2,18,2,8,1,1,1,3,10,0
450137,1,1,24,1,1,11,3,20,0,0,1,1,2,0,1,50,67,210,2,3,1,2,1,8,1,1,80,0,13,96,0,15,2,2020,7,16,2,8,1,1,1,1,1,0
450142,1,1,74,1,1,11,20,9,8,0,1,0,1,0,1,55,68,190,0,0,1,2,1,8,1,1,10,1,3,96,0,13,3,2020,6,23,2,12,1,1,1,3,1,4
450143,1,1,23,1,1,11,3,20,0,0,1,0,2,0,1,55,73,185,0,0,5,5,1,8,1,1,80,0,60,96,0,13,3,2020,6,23,2,8,1,1,1,2,1,0
450148,1,1,999,9,1,11,99,98,9,0,1,1,9,99,1,60,999,999,99,0,3,3,1,8,1,1,80,0,999,96,0,15,3,2020,1,6,2,8,1,1,1,2,1,0
450152,1,1,29,1,1,11,20,9,1,0,1,0,2,0,1,50,69,999,0,3,1,2,1,8,2,1,14,1,5,96,0,18,3,2020,4,22,2,31,3,3,4,2,10,4
450155,1,1,22,1,1,11,99,20,0,0,2,1,1,0,1,55,68,135,3,0,1,2,1,8,1,1,80,0,60,96,0,20,3,2020,6,21,2,8,1,1,1,2,1,0
450158,1,1,23,2,1,11,3,9,0,0,1,0,1,0,1,45,68,190,0,0,1,2,1,8,2,1,66,0,5,96,0,22,3,2020,1,20,2,12,8,1,1,3,2,3
450159,1,1,70,2,1,11,3,20,0,0,2,0,1,0,1,40,63,180,0,0,2,3,2,8,2,1,80,0,7,96,0,24,3,2020,3,21,2,8,1,1,1,2,2,0
450169,1,1,68,1,1,11,3,20,0,0,1,0,3,6,1,40,70,999,0,0,2,2,1,8,1,1,66,0,66,96,0,20,3,2020,6,9,2,12,2,2,1,1,1,0
450174,1,1,48,1,1,11,20,20,0,0,1,0,1,0,1,60,70,232,0,3,1,2,1,8,1,14,6,1,7,96,0,2,4,2020,5,5,2,34,1,1,4,6,1,4
450178,1,1,71,1,1,11,20,20,0,0,1,0,2,0,1,55,69,173,0,3,1,2,1,8,1,1,12,1,7,17,0,3,4,2020,6,19,2,1,1,1,4,5,1,4
450182,1,1,26,1,1,11,20,20,0,0,1,0,1,0,1,100,67,180,0,4,6,1,2,8,1,14,6,1,13,96,0,5,4,2020,1,0,2,35,5,1,4,6,1,4
450191,1,1,29,1,1,11,20,9,0,0,1,0,3,0,1,16,68,220,0,0,5,5,1,8,1,12,21,0,13,96,16,13,4,2020,2,1,2,12,1,1,1,3,1,4
450195,1,1,60,1,1,11,20,20,0,0,1,0,1,0,1,10,70,165,0,0,5,5,1,8,1,1,53,0,126,96,0,16,4,2020,5,15,2,12,1,1,1,1,1,4
450203,1,1,24,1,1,11,3,20,1,0,1,0,2,0,1,70,999,999,0,4,6,2,1,8,1,1,12,0,13,96,0,20,4,2020,2,19,2,21,5,1,8,1,1,4
450204,1,1,65,1,1,11,20,20,0,0,1,0,1,0,1,35,74,250,0,0,5,5,1,8,2,1,53,0,12,96,0,20,4,2020,2,21,2,12,1,1,1,6,2,4
450219,1,1,57,1,1,11,20,20,1,0,1,0,2,0,1,35,68,140,0,0,1,2,1,8,1,1,13,1,94,96,0,29,4,2020,4,11,2,42,1,1,4,1,1,4
450222,1,1,999,9,1,11,99,99,9,0,1,1,9,99,1,999,999,999,99,0,2,2,2,8,1,1,13,0,999,96,0,9,1,2020,5,23,2,8,1,1,4,3,1,0
450223,1,1,30,2,1,11,3,8,0,0,3,0,1,0,1,45,62,160,8,0,2,2,2,8,2,1,67,0,8,96,0,31,3,2020,3,15,2,12,2,3,1,1,2,0
450226,1,1,43,2,1,11,20,20,0,0,2,0,1,0,1,60,66,195,1,4,2,3,2,8,1,1,50,0,7,96,0,3,5,2020,1,13,2,12,2,4,1,1,1,4
450227,1,1,40,1,1,11,3,8,0,0,1,0,1,0,1,50,70,210,0,3,1,2,1,8,1,1,13,0,5,96,28,3,5,2020,1,7,2,42,1,1,4,1,1,4
450232,1,1,42,1,1,11,99,20,0,0,1,1,2,0,1,30,69,180,0,0,1,2,3,8,1,1,80,0,7,96,0,8,5,2020,6,1,2,8,1,1,1,7,1,0
450234,1,1,21,1,1,11,3,20,0,0,1,0,2,0,1,55,63,200,0,0,3,2,1,8,1,1,80,0,13,96,0,9,5,2020,7,5,2,8,1,1,1,2,1,0
450240,1,1,59,1,1,11,20,20,1,0,2,0,1,0,1,35,68,196,1,0,1,2,1,8,1,1,13,1,81,96,0,19,4,2020,1,22,2,1,1,1,4,6,1,4
450241,1,1,30,1,1,11,3,20,0,0,2,0,2,0,1,35,69,240,0,0,1,2,1,8,1,1,12,0,60,96,28,6,5,2020,4,20,2,42,1,1,4,6,99,3
450251,1,1,40,1,1,11,20,8,1,0,1,0,2,0,1,35,73,239,2,4,1,2,1,8,1,1,13,0,8,96,39,14,5,2020,5,1,2,42,3,2,4,2,1,4
450259,1,1,26,1,1,11,20,99,1,0,1,0,1,0,1,45,70,130,2,3,1,2,2,8,1,1,6,1,3,96,8,16,5,2020,7,2,2,33,1,1,4,3,1,4
450260,1,1,37,1,1,11,20,8,1,0,1,0,1,0,1,45,75,170,0,0,1,2,1,8,1,1,12,0,7,96,0,16,5,2020,7,1,2,32,1,1,4,3,1,4
450265,1,1,33,1,1,11,3,8,0,0,1,0,1,0,1,45,70,230,0,0,1,2,2,8,1,14,62,0,60,96,0,17,5,2020,1,5,2,12,1,1,1,2,1,2
450273,1,1,39,1,1,11,3,8,0,0,1,0,1,0,1,74,70,193,0,3,2,2,1,8,2,1,67,0,13,96,0,21,5,2020,5,5,2,12,2,3,1,4,10,2
450274,1,1,75,2,1,11,20,1,0,0,1,0,2,0,1,45,63,120,0,0,5,5,1,8,1,1,13,0,3,96,28,2,5,2020,7,16,2,42,1,1,4,1,1,4
450277,1,1,19,2,1,11,3,9,0,0,1,0,2,0,1,55,64,145,0,4,1,2,1,8,1,1,50,0,7,96,0,22,5,2020,6,7,2,12,1,1,1,1,1,4
450278,1,1,28,1,1,11,3,8,1,0,1,0,1,0,1,55,69,195,1,0,1,2,1,8,2,1,54,1,13,96,0,22,5,2020,6,3,2,12,1,1,1,3,2,4
450285,1,1,29,1,1,11,20,20,0,0,1,0,2,0,1,75,73,220,5,3,1,2,2,8,1,14,13,1,98,96,8,24,5,2020,1,19,2,59,1,1,4,1,1,4
450288,1,1,28,1,1,11,20,20,1,0,1,0,1,0,1,102,70,225,0,3,1,2,1,8,1,1,67,0,80,96,0,25,5,2020,2,18,2,12,2,3,1,1,1,4
450292,1,1,17,1,1,11,3,20,0,0,1,0,1,0,1,45,68,140,1,0,2,2,1,8,1,1,80,0,7,96,0,26,5,2020,3,0,2,8,1,1,1,2,1,0
450302,1,1,28,2,1,11,3,20,0,0,3,0,1,0,1,45,63,140,0,0,3,3,1,8,2,1,80,0,13,96,0,30,5,2020,7,5,2,8,1,1,1,6,2,0
450305,1,1,63,1,1,11,3,9,0,0,2,0,3,0,1,40,74,190,0,0,1,2,2,8,2,1,10,0,13,96,51,24,5,2020,1,20,2,12,1,1,1,2,2,3
450306,1,1,37,1,1,11,20,20,0,0,1,0,1,0,1,68,67,178,0,3,2,5,1,8,1,1,17,1,98,96,0,25,3,2020,4,20,2,12,2,2,1,3,1,4
450317,1,1,999,9,1,11,99,99,9,0,1,1,9,99,1,999,999,999,99,0,5,5,1,8,1,1,80,0,999,96,0,2,6,2020,3,22,2,8,1,1,1,2,1,0
450330,1,1,27,1,1,11,20,20,0,0,1,0,1,0,1,50,64,158,0,0,6,1,1,8,1,1,9,0,94,96,8,7,6,2020,1,0,2,33,5,1,4,2,1,4
450343,1,1,51,2,1,11,3,9,0,0,1,0,1,0,1,40,64,155,0,0,1,2,1,8,1,1,62,0,7,96,0,9,6,2020,3,21,2,12,1,1,1,2,1,2
450348,1,1,21,1,1,11,99,9,0,0,2,0,2,0,1,998,999,999,0,0,3,3,1,8,2,1,9,1,2,96,0,11,6,2020,5,0,2,25,1,1,3,2,10,4
450356,1,1,73,1,1,11,3,20,0,0,1,0,1,0,1,55,70,160,1,0,1,2,1,8,2,1,13,0,60,96,58,20,2,2020,5,21,2,42,1,1,5,2,1,4
450357,1,1,23,1,1,11,20,20,0,0,1,0,2,0,1,70,65,135,1,4,2,2,1,8,1,1,17,0,80,96,0,24,4,2020,6,18,2,12,2,2,1,1,1,4
450362,1,1,30,1,1,11,20,9,0,0,1,0,1,0,1,75,68,185,2,3,1,2,1,8,1,1,13,1,7,96,0,14,6,2020,1,2,2,1,1,1,1,2,1,4
450363,1,1,78,2,1,11,3,8,0,0,1,0,1,0,1,50,63,112,0,0,5,5,1,8,2,14,13,0,13,96,0,15,6,2020,2,13,2,33,1,1,4,1,1,4
450364,1,1,23,2,1,11,3,9,1,0,1,0,2,0,1,65,66,120,1,3,5,5,2,8,1,14,10,1,5,96,28,15,6,2020,2,3,2,12,1,1,1,3,1,4
450368,1,1,31,1,1,11,99,1,0,0,2,0,2,0,1,110,76,180,5,3,1,2,1,8,1,14,6,0,3,96,0,17,6,2020,4,22,2,42,1,1,4,2,1,4
450376,1,1,41,1,1,11,20,20,1,0,1,0,1,0,1,35,73,250,0,4,1,2,2,8,1,1,13,1,12,96,0,19,6,2020,6,0,2,33,1,1,4,2,1,4
450382,1,1,47,1,1,11,3,8,1,0,2,0,1,0,1,50,65,140,0,0,5,5,1,8,1,1,62,0,13,96,0,20,6,2020,7,14,2,12,1,1,1,1,1,4
450383,1,1,38,2,1,11,3,20,0,0,2,0,2,0,1,40,63,280,2,0,2,2,1,8,1,1,80,0,7,96,0,20,6,2020,7,22,2,8,1,1,1,2,1,0
450386,1,1,20,2,1,11,3,20,0,0,1,0,2,0,1,0,64,170,0,0,6,1,1,8,1,5,53,0,13,96,0,23,6,2020,3,17,2,12,20,1,1,1,1,0
450390,1,1,60,1,1,11,3,20,0,0,1,0,1,0,1,40,72,190,0,0,2,2,1,8,1,1,80,0,7,96,0,24,6,2020,4,22,2,8,1,1,1,6,1,0
450391,1,1,56,1,1,11,3,8,0,0,1,0,1,0,1,10,72,185,0,0,1,2,1,8,2,4,66,0,13,96,0,24,6,2020,4,23,2,12,2,3,1,3,2,4
450394,1,1,51,2,1,11,20,8,1,0,2,0,2,0,1,70,61,140,0,4,1,2,1,8,2,1,13,1,13,96,0,25,6,2020,5,12,2,30,1,1,4,1,2,4
450397,1,1,62,1,1,11,3,2,0,0,2,0,3,0,1,30,71,145,0,0,2,2,1,8,1,1,67,0,5,96,0,25,6,2020,5,11,2,12,2,2,1,1,1,0
450401,1,1,60,1,1,11,3,20,0,0,1,0,3,6,1,34,999,999,0,0,3,4,1,8,1,1,61,0,66,96,0,26,6,2020,6,16,2,24,1,1,4,1,1,0
450408,1,1,21,2,1,11,3,8,0,0,1,0,1,0,1,60,71,252,1,0,3,3,1,8,1,1,60,0,7,96,0,28,6,2020,1,12,2,12,1,1,1,1,1,2
450421,1,1,46,2,1,11,3,20,0,0,1,0,2,0,1,45,64,260,1,0,2,3,1,8,2,1,80,0,2,96,0,27,5,2020,4,4,2,8,1,1,1,3,2,0
450423,1,1,87,2,1,11,3,9,0,0,1,0,1,0,1,20,60,94,0,0,2,2,1,8,1,11,15,0,13,96,38,21,5,2020,5,11,2,12,2,2,1,1,1,4
450425,1,1,26,1,1,11,20,20,0,0,1,0,1,0,1,60,72,208,1,4,2,2,1,8,1,1,13,1,81,96,28,14,6,2020,1,1,2,33,1,1,4,3,1,4
450427,1,1,81,1,1,11,3,9,0,0,1,0,1,0,1,35,72,195,0,0,2,2,1,8,1,1,67,0,7,96,0,25,6,2020,5,12,2,12,2,2,1,1,1,4
450434,1,1,27,1,1,11,3,8,0,0,4,0,1,0,1,55,71,185,1,0,2,3,1,8,1,1,62,0,13,96,0,2,7,2020,5,14,2,12,2,2,1,1,1,2
450442,1,1,31,1,1,11,3,9,1,0,3,0,2,0,1,70,73,200,1,3,1,2,1,8,1,1,13,1,7,96,0,5,7,2020,1,23,2,1,1,1,4,2,10,4
450443,1,1,40,1,1,11,20,20,0,0,1,0,1,0,1,40,66,190,2,4,1,2,1,8,1,14,10,0,69,96,28,5,7,2020,1,14,2,12,1,1,1,1,1,4
450444,1,1,38,1,1,11,3,20,0,0,1,0,2,0,1,68,999,999,99,4,1,3,1,8,1,1,50,0,60,96,0,6,7,2020,2,19,2,12,2,2,1,1,1,2
450445,1,1,25,1,1,11,3,20,0,0,2,0,2,0,1,20,77,160,0,0,1,2,1,8,2,1,80,0,13,96,0,7,7,2020,3,21,2,8,1,1,1,6,1,0
450449,1,1,37,2,1,11,3,9,0,0,2,0,2,0,1,55,72,200,0,0,2,2,1,8,1,1,80,0,13,96,0,8,7,2020,4,23,2,8,1,1,1,2,1,1
450450,1,1,41,1,1,11,3,20,0,0,1,0,3,0,1,35,81,223,0,0,2,2,1,8,2,1,80,0,2,96,0,8,7,2020,4,21,2,8,1,1,1,2,10,0
450458,1,1,40,1,1,11,3,9,0,0,1,0,1,0,1,80,74,260,1,3,2,2,2,8,1,1,1,0,3,96,0,11,7,2020,7,11,2,59,1,1,4,1,1,4
450460,1,1,39,2,1,11,3,20,0,0,1,0,1,0,1,45,65,150,0,0,2,3,1,8,1,1,83,0,13,96,0,12,7,2020,1,6,2,9,1,1,1,4,1,0
450486,1,1,43,1,1,11,3,20,0,0,1,0,2,0,1,40,71,168,0,0,1,2,1,8,2,1,80,0,7,96,0,24,7,2020,6,22,2,8,1,1,1,2,1,0
450490,1,1,22,1,1,11,20,8,0,0,3,0,2,0,1,104,78,265,2,3,5,5,1,8,2,1,12,0,60,96,28,26,7,2020,1,2,2,42,1,1,4,2,10,4
450495,1,1,37,1,1,11,3,20,0,0,1,1,1,0,1,50,73,235,1,4,1,2,1,8,2,1,80,0,8,96,0,29,7,2020,4,21,2,8,1,1,1,3,2,0
450497,1,1,89,1,1,11,3,9,0,0,1,0,1,0,1,15,74,999,0,0,1,2,1,8,1,1,62,0,13,96,0,30,7,2020,5,7,2,12,1,1,1,1,1,4
450503,1,1,28,1,1,11,20,20,0,0,1,1,1,0,1,75,72,200,2,3,1,2,1,8,1,1,12,0,13,96,8,8,2,2020,7,22,2,38,1,1,5,3,1,0
450505,3,1,73,1,1,11,3,20,0,0,1,0,1,0,1,0,70,210,1,0,3,3,2,8,1,7,53,0,7,96,0,1,7,2020,4,9,2,14,1,1,1,1,1,1
450512,1,1,60,1,1,11,20,8,0,0,1,0,1,0,1,45,70,999,0,3,1,2,1,8,1,1,12,1,1,96,999,2,8,2020,1,20,2,33,1,1,4,1,1,4
450526,1,1,40,1,1,11,3,2,0,0,1,0,1,0,1,10,67,175,0,0,0,0,0,0,0,11,15,0,13,96,38,7,8,2020,6,17,2,12,8,1,1,1,1,0
450527,1,1,25,1,1,11,20,20,0,0,1,0,2,0,1,40,74,290,0,0,1,2,1,8,1,1,67,1,6,96,0,7,8,2020,6,22,2,12,2,2,1,3,1,4
450528,1,1,18,1,1,11,3,20,0,0,1,0,2,0,1,55,64,115,1,0,5,5,1,8,1,1,80,0,5,96,0,8,8,2020,7,0,2,8,1,1,1,2,1,0
450530,1,1,52,2,1,11,3,20,0,0,1,0,1,0,1,45,61,178,0,0,1,2,1,8,1,1,80,0,7,96,0,8,8,2020,7,22,2,8,1,1,1,3,1,0
450538,1,1,58,1,1,11,3,1,0,0,1,0,1,0,1,65,69,220,0,3,2,2,2,8,1,1,12,0,60,96,0,12,8,2020,4,16,2,42,1,1,5,1,1,4
450543,1,1,30,1,1,11,20,20,0,0,1,0,2,0,1,100,999,999,0,3,2,2,1,8,1,1,51,0,80,96,8,12,8,2020,4,16,2,12,1,1,1,1,1,4
450544,1,1,39,1,1,11,3,20,0,0,1,0,3,0,1,5,72,185,0,0,1,2,1,8,1,11,80,0,60,96,0,13,8,2020,5,8,2,8,3,2,1,1,1,0
450548,1,1,44,1,1,11,3,20,0,0,2,0,1,0,1,35,66,200,0,0,2,2,1,8,2,1,80,0,60,96,0,15,8,2020,7,13,2,8,2,3,1,1,2,0
450549,1,1,36,1,1,11,20,9,1,0,4,0,2,0,1,35,73,160,0,0,1,2,2,8,1,1,12,1,13,96,0,15,8,2020,7,22,2,19,1,1,4,3,1,2
450551,1,1,64,1,1,11,3,20,0,0,1,0,1,0,1,35,73,220,0,0,1,2,1,8,1,1,80,0,13,96,0,29,7,2020,4,21,2,8,1,1,1,2,10,0
450555,1,1,29,1,1,11,20,9,0,0,2,0,2,0,1,998,62,150,0,4,1,2,1,8,2,1,12,1,13,96,0,17,8,2020,2,22,2,31,1,1,4,3,2,4
450565,1,1,30,2,1,11,3,8,0,0,1,0,1,0,1,20,64,126,2,0,2,3,1,8,1,11,15,0,7,96,38,22,8,2020,7,23,2,12,2,3,1,3,1,0
450567,1,1,45,2,1,11,3,20,0,0,2,0,3,0,1,45,61,999,0,0,3,3,1,8,1,1,53,0,60,96,0,16,4,2020,5,6,2,12,1,1,1,2,1,0
450588,1,1,61,2,1,11,3,20,0,0,1,0,1,0,1,55,61,162,0,0,3,2,1,8,1,17,13,0,7,96,0,30,8,2020,1,22,2,24,1,1,4,2,1,3
450590,1,1,24,1,1,11,20,9,1,0,1,0,1,0,1,78,72,180,1,3,1,2,1,8,1,14,13,1,60,96,0,31,8,2020,2,18,2,34,1,1,4,5,1,4
450591,1,1,80,1,1,11,3,20,0,0,1,0,2,0,1,70,76,250,1,3,1,2,1,8,1,1,83,0,7,96,0,31,8,2020,2,13,2,9,1,1,1,1,1,0
450592,1,1,29,1,1,11,20,99,0,0,1,0,2,0,1,90,69,151,1,3,1,2,1,8,1,1,14,1,13,96,0,7,8,2020,6,8,2,43,3,10,1,1,1,4
450596,1,1,33,1,1,11,3,8,0,0,1,0,2,0,1,45,67,160,3,0,2,2,2,8,1,1,80,0,13,96,0,2,9,2020,4,0,2,8,1,1,1,6,1,0
450598,1,1,28,1,1,11,3,8,1,0,1,0,3,0,1,998,67,160,0,0,1,2,1,8,1,1,13,0,60,96,28,2,9,2020,4,19,2,8,1,1,4,1,1,1
450599,1,1,20,1,1,11,3,20,0,0,1,0,2,0,1,60,72,220,5,0,3,3,1,8,1,1,80,0,13,96,0,3,9,2020,5,2,2,8,1,1,1,2,1,0
450610,1,1,29,1,1,11,3,20,0,0,1,0,3,1,1,65,74,245,0,0,3,3,1,8,1,1,90,0,63,96,0,6,9,2020,1,3,2,12,1,1,1,2,1,0
450615,1,1,24,1,1,11,3,8,0,0,1,0,2,0,1,55,73,168,0,0,3,3,1,8,1,1,53,1,13,96,0,7,9,2020,2,22,2,12,1,1,1,2,1,4
450620,1,1,63,1,1,11,3,8,1,0,1,0,1,0,1,15,64,155,0,0,1,2,1,8,1,11,15,1,60,96,38,18,7,2020,7,22,2,12,2,2,1,3,1,0
450622,1,1,58,1,1,11,3,20,0,0,1,0,1,0,1,0,75,235,0,0,2,2,1,8,1,5,53,0,7,96,0,31,8,2020,2,17,2,12,1,1,1,1,1,0
450623,1,1,46,1,1,11,99,99,0,0,1,1,1,0,1,58,71,197,0,3,1,2,1,8,1,1,80,1,13,96,0,9,8,2020,1,0,2,8,1,1,1,3,1,0
450624,1,1,59,1,1,11,3,2,0,0,2,0,1,0,1,20,66,150,0,0,1,2,1,8,1,11,15,0,5,96,39,21,8,2020,6,1,2,12,2,2,1,3,1,4
450627,1,1,63,1,1,11,3,20,0,0,1,0,3,2,2,15,67,210,1,0,2,2,1,8,1,11,80,0,11,13,86,11,9,2020,6,10,2,8,3,2,1,1,1,0
450628,1,1,38,2,1,11,3,20,0,0,1,0,1,0,1,10,60,130,1,0,1,2,1,8,1,11,15,0,13,96,38,10,9,2020,5,14,2,12,8,1,1,1,1,0
450631,1,1,26,1,1,11,99,20,0,0,1,1,2,0,1,50,65,125,0,3,5,5,1,8,1,1,10,1,95,96,28,11,9,2020,6,23,2,9,1,1,11,3,1,0
450632,1,1,999,9,1,11,99,98,9,0,1,1,9,99,1,999,999,999,99,0,1,2,1,8,1,1,80,0,999,96,0,12,9,2020,7,0,2,8,1,1,1,6,1,0
450637,1,1,50,1,1,11,3,20,1,0,1,0,2,0,1,60,74,230,0,0,3,2,1,8,2,1,80,1,7,96,0,17,9,2020,5,0,2,8,1,1,1,2,2,0
450638,1,1,58,2,1,11,3,20,0,0,1,0,1,0,1,35,64,160,0,0,2,2,1,8,2,1,80,0,7,96,0,17,9,2020,5,5,2,8,3,3,1,3,2,0
450640,1,1,45,1,1,11,3,20,0,0,1,0,3,6,1,10,999,999,0,0,3,3,1,8,2,1,53,0,66,96,0,17,9,2020,5,13,2,12,1,1,1,1,2,0
450643,1,1,69,1,1,11,99,9,0,0,1,0,1,0,1,50,67,175,0,4,1,2,1,8,2,1,50,0,60,96,0,18,9,2020,6,7,2,12,2,3,1,4,2,4
450647,1,1,47,2,1,11,3,20,0,0,1,0,1,0,1,40,65,150,2,0,5,5,1,8,1,1,80,0,13,96,0,19,9,2020,7,23,2,8,1,1,1,3,1,0
450649,1,1,43,1,1,11,3,8,0,0,2,0,1,0,1,45,68,195,1,0,1,2,1,8,1,1,54,0,7,96,0,19,9,2020,7,13,2,12,1,1,1,1,1,3
450653,1,1,78,1,1,11,3,20,0,0,3,0,2,0,1,40,66,190,1,0,1,3,1,8,1,14,53,0,7,96,0,20,9,2020,1,18,2,12,1,1,1,1,1,0