ST_CASE,VEH_NO,PER_NO,AGE,SEX,PER_TYP,SEAT_POS,REST_USE,AIR_BAG,DRUGS,LOCATION,NUMOCCS,HIT_RUN,OWNER,V_CONFIG,HAZ_INV,TRAV_SP,DR_HGT,DR_WGT,PREV_SPD,SPEEDREL,VTRAFWAY,VNUM_LAN,VPROFILE,VPAVETYP,VSURCOND,P_CRASH1,P_CRASH2,DR_DRINK,VPICBODYCLASS,DRDISTRACT,DRIVERRF,DAY,MONTH,YEAR,DAY_WEEK,HOUR,RUR_URB,HARM_EV,RELJCT2,TYP_INT,REL_ROAD,LGT_COND,WEATHER,INJ_SEV
450655,1,1,42,1,1,11,20,8,0,0,1,0,1,0,1,10,75,235,2,0,5,5,1,8,1,12,11,0,60,96,38,21,9,2020,2,0,2,12,1,1,1,3,1,0
450662,1,1,60,1,1,11,20,9,0,0,1,0,3,0,1,45,66,198,0,0,1,2,1,8,2,1,62,0,7,96,0,25,9,2020,6,6,2,12,1,1,1,2,2,4
450663,1,1,58,1,1,11,20,9,0,0,1,0,2,0,1,45,71,220,0,0,5,5,2,8,1,1,62,0,7,96,0,21,9,2020,2,11,2,12,1,1,1,1,1,2
450669,1,1,35,1,1,11,3,1,0,0,1,0,1,0,1,60,76,200,0,0,2,2,1,8,1,1,80,0,60,96,0,26,9,2020,7,9,2,8,1,1,1,1,1,0
450672,1,1,66,1,1,11,20,9,0,0,1,0,1,0,1,45,71,150,0,4,2,3,1,8,2,1,11,0,7,96,0,28,9,2020,2,19,2,12,3,2,1,5,2,4
450681,1,1,24,2,1,11,3,8,0,0,2,0,2,0,1,105,65,195,1,3,2,2,1,8,1,14,13,0,13,96,0,2,10,2020,6,22,2,42,1,1,4,3,1,2
450687,1,1,42,1,1,11,3,9,0,0,2,0,1,0,1,40,67,200,0,0,1,2,1,8,2,11,15,0,2,96,38,25,9,2020,6,22,2,12,2,3,1,6,2,2
450688,1,1,24,1,1,11,3,20,0,0,2,0,1,0,1,60,69,999,1,0,2,2,1,8,1,1,80,0,7,96,0,4,10,2020,1,20,2,8,1,1,1,2,1,0
450694,1,1,17,2,1,11,3,8,0,0,2,0,2,0,1,82,63,109,0,3,1,2,2,8,1,1,66,0,13,96,8,7,10,2020,4,14,2,12,2,2,1,1,1,3
450700,1,1,26,1,1,11,3,9,0,0,2,0,1,0,1,45,999,999,2,0,3,3,1,8,1,1,80,0,13,96,0,10,10,2020,7,23,2,8,3,2,1,3,10,0
450713,1,1,28,1,1,11,3,20,0,0,1,0,1,0,1,23,68,220,0,0,1,2,1,8,1,11,15,0,60,96,48,13,10,2020,3,13,2,8,2,3,1,1,1,0
450714,1,1,34,2,1,11,20,20,1,0,2,0,2,0,1,70,63,120,0,0,3,2,1,8,1,14,13,0,7,96,0,14,10,2020,4,0,2,42,1,1,4,2,1,2
450717,1,1,44,2,1,11,3,9,0,0,1,0,1,0,1,45,66,135,0,0,2,3,1,8,2,1,67,0,7,96,0,16,10,2020,6,7,2,12,2,2,1,1,1,1
450723,1,1,49,1,1,11,20,20,1,0,1,0,1,0,1,40,69,195,0,4,1,2,1,8,1,1,6,1,81,96,0,16,10,2020,6,21,2,33,3,2,3,2,1,4
450724,1,1,30,1,1,11,3,20,0,0,3,0,1,0,1,45,72,155,0,4,5,5,1,8,1,17,80,0,60,96,0,16,10,2020,6,21,2,8,1,1,1,2,1,0
450725,1,1,33,1,1,11,99,20,8,0,1,1,3,0,1,43,69,150,0,0,5,5,2,8,1,1,10,1,13,96,28,17,10,2020,7,16,2,8,1,1,1,1,1,0
450727,1,1,19,1,1,11,3,9,0,0,1,0,1,0,1,55,69,145,2,4,3,2,1,8,1,1,13,0,13,96,0,17,10,2020,7,11,2,34,1,1,4,1,1,4
450728,1,1,29,1,1,11,3,9,0,0,2,0,3,0,1,65,999,999,99,0,3,2,3,8,1,1,10,1,7,96,51,18,10,2020,1,3,2,12,1,1,1,2,1,4
450732,1,1,34,1,1,11,3,20,0,0,1,0,1,0,1,35,65,199,3,0,1,2,2,8,1,1,80,0,60,96,0,18,10,2020,1,21,2,8,1,1,1,2,1,0
450734,1,1,48,2,1,11,3,20,0,0,1,0,2,0,1,35,64,230,0,0,1,2,1,8,1,1,80,0,9,96,0,7,10,2020,4,19,2,8,1,1,1,3,1,0
450735,1,1,22,2,1,11,99,20,0,0,1,1,2,0,1,45,65,140,4,0,3,2,1,8,1,1,13,0,7,96,28,10,10,2020,7,0,2,8,1,1,4,2,1,0
450736,1,1,55,2,1,11,3,8,0,0,1,0,1,0,1,43,63,201,0,0,1,2,1,8,1,1,62,0,13,96,0,11,10,2020,1,20,2,12,1,1,1,3,1,4
450737,1,1,63,1,1,11,3,9,0,0,1,0,1,0,1,35,70,180,1,0,1,2,1,8,2,1,62,0,5,96,0,12,10,2020,2,8,2,12,1,1,1,1,10,1
450738,1,1,55,2,1,11,20,3,1,0,1,0,2,0,1,47,67,180,0,4,1,2,1,8,1,14,10,1,13,96,0,13,10,2020,3,13,2,53,1,1,4,1,1,4
450739,1,1,45,2,1,11,3,20,0,0,2,0,1,0,1,25,62,200,0,0,1,2,1,8,2,1,80,0,7,96,0,16,10,2020,6,6,2,8,1,1,1,2,10,0
450740,1,1,62,1,1,11,3,20,0,0,2,0,1,0,1,50,68,215,0,0,2,2,1,8,1,1,80,0,7,96,0,18,10,2020,1,19,2,8,1,1,1,6,1,0
450744,1,1,24,1,1,11,3,8,0,0,1,0,2,0,1,55,68,140,1,0,1,2,1,8,1,1,17,0,13,96,39,19,10,2020,2,8,2,12,2,2,1,1,1,0
450749,1,1,73,1,1,11,20,20,0,0,1,0,1,0,1,45,68,168,0,0,1,2,1,8,1,1,67,1,12,96,0,23,10,2020,6,17,2,12,2,2,1,1,1,4
450751,1,1,36,1,1,11,3,20,0,0,1,0,3,1,1,63,73,999,0,0,3,3,1,8,1,1,50,0,11,96,0,24,10,2020,7,6,2,14,1,1,1,3,10,0
450757,1,1,45,1,1,11,20,9,0,0,1,0,1,0,1,50,67,999,0,3,1,2,3,8,2,14,66,0,60,96,0,25,10,2020,1,7,2,12,2,2,1,2,2,2
450763,1,1,51,1,1,11,20,9,0,0,1,0,1,0,1,75,66,175,0,3,3,3,1,8,1,1,10,0,13,96,0,27,10,2020,3,6,2,12,1,1,1,2,1,4
450764,1,1,32,1,1,11,3,8,0,0,1,0,2,0,1,65,73,190,0,3,1,2,1,8,1,14,6,0,8,96,0,27,10,2020,3,10,2,12,8,1,1,1,1,2
450765,1,1,46,1,1,11,20,9,0,0,1,0,1,0,1,40,71,260,2,0,1,2,1,8,1,1,10,0,13,96,28,27,10,2020,3,14,2,12,1,1,1,1,1,4
450774,1,1,31,1,1,11,20,3,1,0,1,0,1,0,1,85,67,185,0,3,2,2,1,8,1,1,12,1,13,96,28,31,10,2020,7,3,2,34,1,1,4,2,1,4
450775,1,1,20,1,1,11,3,20,0,0,2,1,1,0,1,70,72,132,1,3,5,5,1,8,1,1,80,0,13,96,8,31,10,2020,7,17,2,8,1,1,1,1,1,0
450779,1,1,35,2,1,11,3,20,0,0,5,0,2,0,1,40,69,225,0,0,1,2,1,8,1,1,80,0,8,96,0,30,10,2020,6,20,2,8,2,2,1,2,1,0
450780,1,1,23,1,1,11,20,2,1,0,1,0,1,0,1,85,68,210,2,3,3,2,1,8,2,1,12,1,3,96,28,1,11,2020,1,1,2,26,1,1,3,2,2,4
450783,1,1,16,1,1,11,3,20,1,0,5,0,2,0,1,25,71,138,0,0,1,2,1,8,2,11,15,1,60,96,0,11,10,2020,1,0,2,5,3,3,1,2,2,0
450784,1,1,20,1,1,11,20,20,8,0,2,0,1,0,1,998,60,100,0,3,2,2,1,8,1,14,13,1,13,96,8,1,11,2020,1,2,2,40,1,1,4,2,1,4
450786,1,1,46,1,1,11,20,20,1,0,1,0,1,0,1,25,68,220,0,0,1,2,1,8,1,2,53,1,12,96,0,3,11,2020,3,15,2,12,1,1,1,1,1,4
450793,1,1,999,9,1,11,99,99,9,0,1,1,9,99,1,999,999,999,99,9,2,2,2,8,1,99,80,0,999,96,0,8,11,2020,1,2,2,8,1,1,1,2,1,0
450794,1,1,27,1,1,11,20,9,0,0,1,0,2,0,1,998,71,140,0,0,6,1,1,8,1,14,6,0,13,96,8,8,11,2020,1,1,2,30,5,1,3,3,1,4
450796,1,1,20,1,1,11,20,8,0,0,1,0,2,0,1,90,67,145,0,3,1,2,1,8,1,1,10,0,13,96,28,8,11,2020,1,6,2,12,1,1,1,3,1,4
450798,1,1,32,1,1,11,3,20,0,0,5,0,1,0,1,40,999,999,0,0,1,2,1,8,1,1,83,0,7,96,0,9,11,2020,2,20,2,9,1,1,1,2,1,0
450802,1,1,27,2,1,11,3,8,0,0,1,0,2,0,1,45,68,270,1,0,2,2,1,8,2,1,67,0,13,96,0,10,11,2020,3,19,2,12,2,3,1,3,2,0
450811,1,1,36,1,1,11,3,8,1,0,1,0,2,0,1,85,74,195,1,3,3,3,1,8,1,1,51,0,13,96,0,15,11,2020,1,18,2,12,1,1,1,6,1,0
450812,1,1,50,2,1,11,3,9,0,0,1,0,1,0,1,55,61,227,0,0,1,2,2,8,1,14,62,0,7,96,0,15,11,2020,1,5,2,12,1,1,1,2,5,1
450816,1,1,36,1,1,11,20,20,1,0,1,0,1,0,1,35,70,160,0,0,5,5,1,8,1,1,67,1,12,96,0,17,11,2020,3,8,2,12,2,3,1,1,1,4
450828,1,1,27,1,1,11,20,20,0,0,1,0,1,0,1,45,71,140,0,0,1,3,1,8,1,1,17,1,80,96,39,21,11,2020,7,18,2,12,2,2,1,2,1,4
450833,1,1,38,1,1,11,20,9,0,0,1,0,1,0,1,55,71,200,0,4,1,3,1,8,1,1,50,0,60,96,0,11,9,2020,6,6,2,12,2,2,1,1,1,0
450834,1,1,32,1,1,11,20,8,1,0,2,0,2,0,1,60,69,163,0,4,5,5,3,8,1,1,12,1,13,96,28,13,9,2020,1,3,2,21,1,1,4,2,1,3
450835,1,1,29,1,1,11,3,8,0,0,1,0,1,0,1,998,72,200,1,0,1,2,2,8,1,1,10,1,60,96,28,17,10,2020,7,0,2,12,1,1,1,6,1,1
450836,1,1,27,1,1,11,20,8,0,0,1,0,2,0,1,15,64,110,0,0,2,3,2,8,1,11,15,0,7,96,38,18,10,2020,1,2,2,12,2,2,1,3,1,0
450837,1,1,47,1,1,11,3,8,1,0,1,0,2,0,1,998,71,999,0,0,1,2,1,8,1,1,10,1,13,96,28,27,10,2020,3,15,2,12,1,1,1,1,1,4
450838,1,1,69,1,1,11,3,20,0,0,1,0,1,0,1,25,68,190,0,0,1,2,2,8,1,1,80,0,60,96,0,27,10,2020,3,19,2,8,3,2,1,6,1,0
450839,1,1,74,1,1,11,3,20,0,0,1,0,2,0,1,20,73,160,0,0,1,2,1,8,1,1,1,0,13,96,80,30,10,2020,6,16,2,59,3,2,4,1,1,4
450841,1,1,20,1,1,11,3,20,0,0,1,0,2,0,1,40,65,212,1,0,5,5,2,8,1,1,80,0,13,96,0,8,11,2020,1,0,2,8,1,1,1,3,1,0
450842,1,1,32,1,1,11,99,9,0,0,1,0,2,0,1,95,70,183,0,4,1,2,1,8,1,1,6,1,5,96,0,8,11,2020,1,4,2,33,1,1,4,3,1,4
450843,1,1,21,1,1,11,99,20,0,0,2,0,1,0,1,35,73,153,0,0,1,2,1,8,1,14,80,0,13,96,0,11,11,2020,4,18,2,8,1,1,1,2,10,0
450844,1,1,23,2,1,11,3,20,0,0,2,0,1,0,1,40,72,290,1,0,2,2,1,8,1,1,80,0,13,96,0,14,11,2020,7,1,2,8,3,2,1,3,5,0
450845,1,1,37,1,1,11,3,20,0,0,2,0,1,0,1,55,72,200,0,0,3,3,1,8,1,15,10,0,7,96,38,20,11,2020,6,9,2,12,1,1,1,1,1,0
450847,1,1,37,1,1,11,3,8,0,0,1,0,1,0,1,83,75,190,0,3,5,5,2,8,1,1,67,0,7,96,0,23,11,2020,2,11,2,12,8,1,1,1,1,1
450851,1,1,36,1,1,11,3,1,0,0,1,0,1,0,1,45,73,215,0,0,1,2,2,8,1,1,83,0,7,96,0,25,11,2020,4,18,2,9,1,1,1,2,1,0
450856,1,1,19,1,1,11,3,9,0,0,2,0,1,0,1,998,70,180,1,4,3,3,2,8,2,1,12,0,7,96,0,28,11,2020,7,4,2,25,1,1,3,2,2,1
450863,1,1,71,1,1,11,20,20,0,0,1,0,1,0,1,50,74,230,0,3,1,2,2,8,1,1,13,0,81,96,0,28,8,2020,6,12,2,30,1,1,4,1,1,4
450864,1,1,34,1,1,11,3,20,0,0,1,0,3,2,1,35,71,290,0,0,1,2,3,8,1,1,62,0,11,96,0,1,12,2020,3,9,2,12,2,3,1,1,1,0
450865,1,1,37,1,1,11,99,8,0,0,2,0,3,0,1,147,74,276,1,3,1,2,1,8,1,1,17,0,13,96,8,2,12,2020,4,17,2,12,2,3,1,5,1,3
450867,1,1,47,1,1,11,3,20,0,0,1,0,1,0,1,35,73,270,0,0,1,3,1,8,1,1,83,0,60,96,0,2,12,2020,4,13,2,9,2,4,1,1,1,0
450871,1,1,38,1,1,11,3,9,0,0,1,0,1,0,1,45,71,175,0,0,1,2,1,8,1,1,80,0,13,96,0,5,12,2020,7,23,2,8,2,3,1,6,1,0
450872,1,1,55,2,1,11,3,20,0,0,1,0,1,0,1,40,67,140,1,0,1,2,1,8,1,1,80,0,7,96,0,5,12,2020,7,21,2,8,1,1,1,2,1,0
450883,1,1,31,1,1,11,20,9,0,0,3,0,3,99,1,998,70,150,0,0,2,2,1,8,1,1,67,0,62,96,0,11,12,2020,6,14,2,12,2,3,1,1,1,2
450884,1,1,24,1,1,11,3,20,0,0,1,0,1,0,1,34,72,175,1,0,1,2,1,8,1,1,80,0,13,96,0,11,12,2020,6,19,2,8,1,1,1,3,1,0
450898,1,1,75,1,1,11,3,20,0,0,1,0,3,6,1,40,69,215,0,0,2,2,1,8,1,1,80,0,66,96,0,18,12,2020,6,20,2,8,2,2,1,2,1,0
450899,1,1,56,1,1,11,20,20,0,0,1,0,1,0,1,70,72,235,0,3,5,5,1,8,1,14,13,0,81,96,28,18,12,2020,6,16,2,31,1,1,4,1,1,4
450906,1,1,39,1,1,11,3,9,1,0,1,0,3,0,1,40,74,185,0,0,5,5,1,8,1,1,10,1,65,96,28,23,12,2020,4,11,2,12,1,1,1,1,1,4
450912,1,1,21,2,1,11,3,9,0,0,1,0,1,0,1,60,69,282,0,4,1,2,1,8,2,14,13,0,7,96,0,24,12,2020,5,0,2,42,1,1,4,2,2,4
450916,1,1,35,2,1,11,20,9,1,0,1,0,1,0,1,55,69,215,1,4,1,2,1,8,1,14,12,1,7,96,0,30,12,2020,4,5,2,42,1,1,4,2,1,4
450917,1,1,28,1,1,11,20,20,0,0,1,0,1,0,1,68,69,160,0,3,2,2,1,8,1,1,13,0,80,96,28,30,12,2020,4,14,2,1,1,1,4,1,1,4
450918,1,1,64,1,1,11,3,8,0,0,1,0,2,0,1,105,75,220,0,3,3,3,1,8,1,1,54,0,60,96,51,21,9,2020,2,11,2,12,1,1,1,1,1,4
450919,1,1,55,2,1,11,3,20,0,0,1,0,1,0,1,60,66,135,1,0,3,3,1,8,1,1,90,0,7,96,0,4,11,2020,4,16,2,25,1,1,3,1,1,0
450920,1,1,66,1,1,11,3,8,0,0,2,0,1,0,1,50,69,169,0,0,1,2,1,8,2,1,54,1,7,96,51,27,5,2020,4,16,2,12,1,1,1,1,2,2
450922,1,1,80,1,1,11,3,20,0,0,2,0,1,0,1,45,71,137,1,0,1,2,1,8,1,1,80,0,60,96,0,14,11,2020,7,18,2,8,1,1,1,2,1,0
450923,1,1,62,2,1,11,3,20,0,0,4,0,1,0,1,0,65,155,1,0,1,3,1,8,1,5,53,0,7,96,0,23,11,2020,2,14,2,12,2,2,1,1,1,2
450924,1,1,34,1,1,11,20,8,1,0,1,0,1,0,1,47,73,240,2,4,2,3,2,8,1,15,10,1,13,96,28,2,12,2020,4,12,2,14,1,1,3,1,1,3
450925,1,1,18,1,1,11,3,9,0,0,1,0,2,0,1,25,71,135,0,0,1,3,1,8,1,1,80,0,7,96,0,22,12,2020,3,18,2,8,3,2,1,2,1,0
450928,1,1,56,1,1,11,3,20,1,0,2,0,1,0,1,45,73,189,0,0,5,5,1,8,1,1,12,1,2,96,28,12,11,2020,5,19,2,31,1,1,4,3,1,4
450931,1,1,19,1,1,11,3,8,0,0,2,0,2,0,1,20,76,240,0,0,2,3,3,8,1,11,15,0,5,96,38,7,12,2020,2,15,2,12,2,2,1,1,10,2
450933,2,1,25,1,1,11,3,20,0,0,1,0,1,0,1,60,71,190,2,4,3,4,1,8,1,1,10,0,13,17,28,20,10,2020,3,14,2,25,1,1,3,1,1,0
450934,1,1,63,1,1,11,3,8,0,0,1,0,1,0,1,60,71,186,0,3,1,2,1,8,1,1,13,1,7,96,0,26,5,2020,3,0,2,1,1,1,4,2,1,4
450937,1,1,26,1,1,11,3,20,0,0,1,0,1,0,1,100,73,190,0,3,5,5,1,8,1,6,10,0,3,96,58,20,11,2020,6,16,2,12,1,1,1,1,1,4
450939,1,1,48,1,1,11,3,20,0,0,1,0,2,0,1,45,70,293,1,0,2,2,1,8,1,1,13,0,7,17,0,4,12,2020,6,18,2,8,1,1,4,6,1,1
450940,1,1,53,1,1,11,20,20,0,0,1,0,2,0,1,35,67,175,0,0,1,2,1,8,1,1,11,1,82,96,0,13,12,2020,1,16,2,30,1,1,4,1,1,4
450944,1,1,20,1,1,11,20,9,0,0,1,0,2,0,1,61,73,230,0,3,1,2,1,8,1,1,67,0,7,96,0,25,11,2020,4,10,2,12,8,1,1,1,1,1
450945,1,1,47,2,1,11,3,20,0,0,1,0,1,0,1,41,63,230,1,3,5,5,2,8,1,1,80,0,7,96,0,2,12,2020,4,20,2,8,1,1,1,2,1,0
450946,1,1,44,2,1,11,3,20,0,0,2,0,1,0,1,40,69,330,0,4,1,2,1,8,1,1,13,0,2,3,58,28,12,2020,2,22,2,33,8,1,4,2,1,3
450949,1,1,73,1,1,11,3,8,1,0,1,0,1,0,1,48,73,168,0,0,2,2,3,8,1,14,51,1,7,96,0,23,12,2020,4,13,2,12,1,1,1,1,1,4
450951,1,1,26,2,1,11,20,9,0,0,1,0,1,0,1,40,62,115,0,3,1,2,1,8,1,1,12,0,13,96,0,8,4,2020,4,20,2,33,1,1,4,6,1,4
450952,1,1,41,1,1,11,20,20,0,0,1,0,1,0,1,106,999,999,1,3,2,2,2,8,1,14,6,0,80,96,8,5,5,2020,3,17,2,42,1,1,3,1,1,4
450954,1,1,999,9,1,11,99,1,0,0,1,1,9,99,1,30,999,999,99,0,1,2,1,8,1,1,13,0,999,96,0,12,7,2020,1,0,2,8,1,1,2,3,1,0
450955,1,1,57,1,1,11,20,20,0,0,1,0,1,0,1,86,72,170,1,3,6,1,1,8,1,16,13,0,7,96,0,9,9,2020,4,5,2,1,5,1,4,6,1,4
450956,1,1,26,1,1,11,20,20,0,0,2,0,1,0,1,40,70,160,0,0,5,5,1,8,1,1,67,0,94,96,0,19,10,2020,2,15,2,12,2,3,1,1,1,3
450957,1,1,77,2,1,11,99,9,0,0,1,0,1,0,1,45,60,135,0,0,2,3,1,8,1,1,13,0,13,96,28,22,10,2020,5,9,2,43,3,2,4,1,1,4
450958,1,1,65,1,1,11,3,20,0,0,1,0,3,1,1,40,73,225,0,0,1,2,2,8,1,1,80,0,63,96,0,30,10,2020,6,3,2,8,1,1,1,2,1,0
450960,1,1,66,1,1,11,3,20,0,0,1,0,1,0,1,35,75,239,1,0,2,2,1,8,2,1,80,0,7,96,0,10,11,2020,3,18,2,8,1,1,1,6,2,0
450961,1,1,87,1,1,11,3,2,0,0,2,0,3,0,1,15,75,170,0,0,2,2,1,8,1,11,15,0,13,96,38,13,11,2020,6,9,2,12,2,3,1,1,10,4
450963,1,1,18,2,1,11,3,9,0,0,5,0,1,0,1,40,64,224,1,0,1,2,1,8,1,1,67,0,13,96,0,26,11,2020,5,18,2,12,2,3,1,3,1,1
450964,1,1,999,9,1,11,99,99,0,0,1,1,9,99,1,998,999,999,99,0,1,2,1,8,1,1,80,0,999,96,0,22,12,2020,3,22,2,8,1,1,1,3,1,0
450965,1,1,56,1,1,11,20,20,0,0,1,0,2,0,1,41,71,150,0,3,1,2,1,8,1,14,13,0,98,96,0,29,12,2020,3,17,2,1,1,1,4,5,1,4
450966,1,1,61,2,1,11,3,1,0,0,1,0,1,0,1,0,62,165,0,0,1,3,1,8,1,98,66,0,7,96,0,8,11,2020,1,16,2,12,2,2,1,1,1,1
450970,2,1,21,1,1,11,3,9,0,0,1,0,1,0,1,45,69,150,3,4,3,2,1,8,1,1,50,0,60,96,0,27,11,2020,6,2,2,14,1,1,1,3,1,0
460004,1,1,76,1,1,11,3,20,0,0,1,0,1,0,1,35,70,260,0,4,5,3,1,2,4,1,50,0,13,0,87,4,1,2020,7,8,2,12,1,1,1,1,1,0
460013,1,1,71,1,1,11,3,20,0,0,1,0,1,0,1,998,69,165,1,0,5,5,1,1,1,1,80,0,7,96,0,5,2,2020,4,6,2,8,1,1,1,3,1,0
460014,1,1,20,1,1,11,3,1,1,0,2,0,1,0,1,65,74,240,2,3,1,5,1,1,1,1,66,0,5,96,35,14,2,2020,6,23,2,12,2,2,1,3,1,4
460022,1,1,18,1,1,11,3,8,8,0,1,0,2,0,1,64,70,150,1,4,1,2,2,4,1,1,66,0,60,96,38,1,4,2020,4,17,2,12,2,2,1,1,1,2
460029,1,1,60,1,1,11,20,20,8,0,1,0,2,0,1,998,69,195,4,0,1,2,1,2,1,1,17,0,13,96,38,19,5,2020,3,13,2,12,2,2,1,1,10,4
460030,1,1,19,1,1,11,20,20,0,0,1,0,1,0,1,59,70,180,1,3,5,5,2,1,1,1,62,0,80,0,0,22,5,2020,6,21,2,12,8,1,1,3,10,4
460031,1,1,19,1,1,11,3,2,0,0,3,0,1,0,1,74,71,230,1,0,1,2,1,4,1,1,6,1,60,96,91,6,6,2020,7,19,2,1,1,1,4,1,1,2
460032,1,1,58,1,1,11,20,2,1,0,1,0,1,0,1,91,68,155,0,0,6,1,1,1,1,14,12,1,7,96,58,15,6,2020,2,4,2,31,5,1,8,2,1,4
460036,1,1,35,2,1,11,20,8,1,0,1,0,2,0,1,65,62,165,1,0,1,4,1,1,1,14,10,1,13,96,28,22,6,2020,2,22,2,12,1,1,1,3,1,4
460042,1,1,54,1,1,11,20,20,0,0,2,0,1,0,1,65,68,200,0,0,2,2,1,1,1,1,1,0,81,0,0,5,7,2020,1,16,2,1,1,1,1,1,1,4
460046,1,1,35,2,1,11,3,20,1,0,1,0,2,0,1,25,66,168,0,0,1,5,1,1,1,2,80,0,13,12,0,8,6,2020,2,21,2,8,1,1,1,3,10,0
460057,1,1,29,2,1,11,99,99,0,0,1,0,2,0,1,68,65,190,0,3,1,5,1,1,1,1,17,1,2,96,39,9,7,2020,5,4,2,12,2,2,1,3,10,1
460070,1,1,31,1,1,11,20,20,1,0,1,0,1,0,1,63,72,210,1,3,1,5,1,1,1,4,67,1,94,96,39,9,8,2020,1,20,2,12,2,2,1,1,1,4
460084,1,1,998,8,1,11,98,20,8,0,99,1,9,99,1,999,999,999,99,0,5,5,2,2,1,1,98,0,998,96,999,1,9,2020,3,20,2,5,1,1,1,5,1,0
460085,1,1,61,1,1,11,3,8,0,0,2,0,2,0,1,35,72,190,0,0,1,3,1,1,1,1,17,0,13,0,39,4,9,2020,6,11,2,12,2,2,1,1,10,1
460086,1,1,66,2,1,11,3,1,0,0,2,0,1,0,1,65,66,150,0,0,2,2,1,2,1,1,13,1,7,0,85,13,9,2020,1,18,2,30,98,1,4,1,1,4
460087,1,1,23,2,1,11,99,20,0,0,2,0,2,0,1,15,70,165,0,0,1,3,2,1,1,11,98,0,60,96,21,27,8,2020,5,23,2,5,3,3,1,3,1,0
460095,1,1,42,1,1,11,20,1,0,0,1,0,1,0,1,50,74,250,0,3,1,2,1,2,1,1,12,1,2,96,0,5,9,2020,7,19,2,33,1,1,4,5,1,4
460103,1,1,22,1,1,11,20,8,8,0,2,0,2,0,1,66,999,999,0,0,1,2,2,1,1,1,13,1,13,96,91,16,9,2020,4,1,2,33,1,1,4,2,1,3
460106,1,1,44,1,1,11,20,8,0,0,1,0,1,0,1,999,72,195,1,0,1,2,3,2,1,1,11,1,7,96,0,24,10,2020,7,6,2,34,1,1,4,2,1,4
460109,1,1,14,1,1,11,20,20,0,0,2,0,2,0,1,81,68,203,0,3,2,2,2,1,1,1,3,0,60,96,0,22,9,2020,3,20,2,33,1,1,4,3,1,4
460110,1,1,81,1,1,11,3,20,0,0,2,0,1,0,1,35,67,170,0,0,5,5,1,1,1,1,17,0,60,0,0,29,10,2020,5,12,2,12,8,1,1,1,10,2
460112,1,1,39,1,1,11,3,20,0,0,1,0,2,0,1,55,999,999,2,4,3,2,1,1,4,1,6,0,7,96,0,10,11,2020,3,10,2,12,1,1,1,1,4,2
460116,1,1,67,1,1,11,3,9,8,0,1,0,1,0,1,37,72,275,0,0,1,3,2,1,1,1,17,0,13,96,39,9,11,2020,2,12,2,12,2,2,1,1,1,4
460119,1,1,21,1,1,11,99,20,9,0,1,0,2,0,1,30,64,220,0,0,5,5,1,1,1,1,80,0,13,96,6,18,11,2020,4,22,2,8,3,3,1,3,1,0
460120,1,1,25,1,1,11,20,20,0,0,1,0,1,0,1,51,75,200,0,3,5,5,1,1,1,1,17,0,80,96,0,20,11,2020,6,15,2,12,8,1,1,1,10,4
460128,1,1,39,1,1,11,99,20,0,0,1,0,1,0,1,35,75,200,0,0,5,5,1,1,1,1,80,0,7,98,0,29,12,2020,3,16,2,8,1,1,1,5,1,0
460129,1,1,29,1,1,11,3,20,0,0,1,0,3,0,1,45,999,999,0,0,2,2,1,1,2,1,71,0,60,0,0,19,10,2020,2,10,2,12,8,1,1,1,4,2
460130,1,1,57,1,1,11,3,8,8,0,1,0,1,0,1,15,67,200,0,0,5,5,1,1,3,11,15,0,13,96,38,24,10,2020,7,21,2,12,8,1,1,3,98,0
460132,1,1,32,1,1,11,2,20,8,0,1,0,1,0,1,22,73,180,0,0,1,2,1,2,1,1,80,0,13,96,38,2,9,2020,4,20,2,8,3,2,1,3,1,0
470001,1,1,22,1,1,11,3,99,0,0,2,0,2,0,1,998,72,141,0,0,2,2,1,2,1,1,17,0,3,0,39,1,1,2020,4,13,2,12,2,2,1,1,1,3
470002,1,1,37,1,1,11,99,99,1,0,1,0,2,0,1,998,71,165,0,0,2,2,1,2,1,1,11,0,7,99,58,4,1,2020,7,1,2,42,1,1,5,3,1,4
470003,1,1,38,2,1,11,3,20,0,0,1,0,2,0,1,998,65,175,0,0,5,7,1,2,1,11,15,1,7,0,38,1,1,2020,4,21,2,12,2,2,1,3,1,0
470004,1,1,27,1,1,11,20,8,9,0,2,0,2,0,1,998,69,195,0,0,2,5,6,2,2,6,10,1,13,99,79,3,1,2020,6,12,2,12,1,1,1,1,2,2
470006,1,1,22,1,1,11,20,8,1,0,1,0,2,0,1,998,74,200,1,0,1,2,1,2,1,1,13,1,5,0,74,6,1,2020,2,2,2,1,1,1,4,3,1,4
470008,1,1,39,1,1,11,3,20,9,0,1,0,1,0,1,998,69,120,0,0,1,6,1,2,1,11,80,0,13,0,0,7,1,2020,3,12,2,8,8,1,1,1,1,0
470009,1,1,42,2,1,11,3,20,0,0,1,0,2,0,1,998,68,130,0,0,1,5,1,2,1,11,15,1,7,0,38,7,1,2020,3,12,2,12,2,2,1,1,1,0
470010,1,1,38,1,1,11,99,8,1,0,1,0,1,0,1,998,67,200,0,3,1,3,6,2,1,99,13,0,13,99,0,9,1,2020,5,6,2,42,1,1,4,1,1,4
470012,1,1,73,1,1,11,20,1,0,0,1,0,1,0,1,998,66,128,0,0,5,5,2,2,1,11,63,0,13,0,38,9,1,2020,5,11,2,12,2,3,1,1,1,4