ST_CASE,VEH_NO,PER_NO,AGE,SEX,PER_TYP,SEAT_POS,REST_USE,AIR_BAG,DRUGS,LOCATION,NUMOCCS,HIT_RUN,OWNER,V_CONFIG,HAZ_INV,TRAV_SP,DR_HGT,DR_WGT,PREV_SPD,SPEEDREL,VTRAFWAY,VNUM_LAN,VPROFILE,VPAVETYP,VSURCOND,P_CRASH1,P_CRASH2,DR_DRINK,VPICBODYCLASS,DRDISTRACT,DRIVERRF,DAY,MONTH,YEAR,DAY_WEEK,HOUR,RUR_URB,HARM_EV,RELJCT2,TYP_INT,REL_ROAD,LGT_COND,WEATHER,INJ_SEV
470013,1,1,31,1,1,11,3,20,0,0,1,0,1,0,1,998,72,210,0,0,1,5,2,2,2,1,80,0,3,0,0,3,1,2020,6,19,2,8,3,2,1,3,2,0
470018,1,1,21,1,1,11,99,1,0,0,1,0,1,0,1,998,68,140,4,0,3,2,2,1,2,1,54,1,7,99,51,12,1,2020,1,3,2,12,1,1,1,3,98,3
470019,1,1,28,1,1,11,20,1,1,0,1,0,2,0,1,998,69,188,0,3,1,2,1,2,1,1,6,0,13,0,58,10,1,2020,6,14,2,35,1,1,4,1,1,4
470021,1,1,23,1,1,11,20,20,0,0,1,0,2,0,1,998,999,999,99,3,3,5,1,2,2,1,13,1,1,99,28,15,1,2020,4,2,2,24,1,1,4,2,2,4
470022,1,1,75,1,1,11,3,1,9,0,2,0,1,0,1,998,69,170,0,0,5,5,1,2,1,1,66,0,60,99,38,14,1,2020,3,13,2,12,2,2,1,1,1,4
470023,1,1,999,9,1,11,99,99,9,0,99,1,9,99,1,998,999,999,99,0,5,7,5,2,2,99,80,0,999,99,79,15,1,2020,4,19,2,8,1,1,1,3,2,9
470024,1,1,18,2,1,11,3,8,0,0,1,0,1,0,1,998,61,125,0,0,1,2,1,2,2,14,6,0,13,99,999,10,1,2020,6,18,2,12,1,1,1,2,2,4
470025,1,1,999,9,1,11,99,98,0,0,99,1,9,99,1,998,999,999,99,0,3,4,1,2,1,1,80,0,999,99,999,16,1,2020,5,0,2,8,1,1,1,3,1,9
470028,1,1,73,2,1,11,3,1,9,0,1,0,1,0,1,998,64,114,0,0,5,3,1,2,1,1,12,0,7,99,999,16,1,2020,5,8,2,33,1,1,4,1,1,4
470029,1,1,35,1,1,11,3,8,0,0,1,0,1,0,1,998,71,200,0,0,1,2,1,2,1,11,15,0,7,0,38,12,1,2020,1,6,2,12,2,3,1,4,1,1
470030,1,1,30,1,1,11,99,1,9,0,2,0,2,0,1,998,76,200,0,0,1,4,1,2,2,1,12,0,7,99,999,17,1,2020,6,2,2,42,3,2,4,3,2,4
470032,1,1,41,1,1,11,20,20,9,0,1,0,1,0,1,998,66,230,0,0,2,2,1,2,1,1,13,0,7,99,999,18,1,2020,7,7,2,1,1,1,1,1,1,4
470034,1,1,36,1,1,11,20,1,0,0,1,0,1,0,1,998,76,290,1,0,1,4,1,2,1,11,16,1,13,99,999,17,1,2020,6,22,2,19,3,2,5,3,1,4
470035,1,1,22,1,1,11,20,1,1,0,1,0,2,0,1,998,71,150,0,0,1,2,2,2,1,1,13,1,7,0,0,17,1,2020,6,20,2,53,1,1,4,3,1,4
470036,1,1,36,2,1,11,20,1,1,0,1,0,1,0,1,998,60,124,0,0,1,2,1,2,1,14,13,1,60,99,58,20,1,2020,2,13,2,1,1,1,4,1,10,4
470037,1,1,32,1,1,11,20,1,1,0,1,0,1,0,1,998,72,210,2,0,1,2,3,2,1,1,10,0,60,0,36,18,1,2020,7,6,2,12,1,1,1,4,1,4
470038,1,1,48,2,1,11,3,20,0,0,1,0,3,6,2,0,66,135,0,0,1,2,1,2,2,5,53,0,66,0,0,18,1,2020,7,14,2,12,1,1,1,1,10,1
470041,1,1,24,1,1,11,3,8,0,0,2,0,2,0,1,998,71,165,0,0,1,4,1,2,1,1,9,0,7,0,36,24,1,2020,6,0,2,33,1,1,4,3,1,4
470046,1,1,59,2,1,11,3,20,0,0,1,0,2,0,1,998,63,189,0,0,1,2,1,2,1,1,80,0,13,0,0,25,1,2020,7,18,2,8,1,1,1,2,1,0
470047,1,1,73,1,1,11,3,1,0,0,1,0,1,0,1,998,71,182,0,0,5,5,1,2,1,1,66,0,7,0,0,25,1,2020,7,16,2,12,2,3,1,1,10,2
470048,1,1,37,1,1,11,3,1,1,0,1,0,1,0,1,998,69,160,0,0,1,6,1,2,2,11,66,0,7,99,79,26,1,2020,1,18,2,12,2,2,1,5,2,0
470049,2,1,45,1,1,11,3,1,0,0,1,0,2,0,1,998,66,340,1,0,2,2,1,2,1,1,50,0,7,0,0,18,1,2020,7,21,2,14,1,1,1,2,1,0
470051,1,1,62,1,1,11,20,20,0,0,1,0,3,6,1,998,71,218,0,0,1,2,2,2,1,1,91,0,66,12,0,16,1,2020,5,7,2,10,6,1,1,4,10,4
470052,1,1,29,2,1,11,3,20,0,0,1,0,1,0,1,998,64,120,2,0,2,3,5,2,1,11,15,0,7,0,38,27,1,2020,2,22,2,12,2,2,1,3,1,0
470055,1,1,50,1,1,11,3,20,0,0,2,0,2,0,1,998,69,175,0,0,1,2,2,2,1,11,15,0,9,99,38,28,1,2020,3,17,2,12,2,3,1,2,1,4
470057,1,1,999,9,1,11,99,99,9,0,99,1,9,99,1,998,999,999,99,0,5,5,1,2,1,1,99,0,999,99,999,1,2,2020,7,19,2,8,3,3,1,3,1,9
470058,1,1,28,1,1,11,20,20,0,0,1,0,1,0,1,998,999,999,0,2,2,3,2,2,1,1,62,0,80,0,0,1,2,2020,7,17,2,12,2,3,1,3,1,4
470059,1,1,66,1,1,11,20,8,0,0,1,0,1,0,1,998,68,192,1,0,1,2,1,2,1,14,12,0,8,0,0,6,1,2020,2,7,2,32,1,1,4,1,1,4
470060,1,1,27,1,1,11,3,20,0,0,1,0,1,0,1,998,66,140,0,0,1,3,2,2,2,1,80,0,13,0,0,23,1,2020,5,16,2,8,2,3,1,5,2,0
470061,1,1,49,1,1,11,3,20,0,0,1,0,3,6,1,998,999,999,1,0,2,2,1,2,1,1,80,0,66,0,24,25,1,2020,7,5,2,8,1,1,1,2,10,0
470062,1,1,26,1,1,11,3,20,0,0,1,0,1,0,1,998,71,140,1,3,2,2,2,2,1,1,80,0,5,99,36,28,1,2020,3,14,2,8,1,1,1,1,1,0
470064,1,1,27,1,1,11,20,1,0,0,1,0,1,0,1,998,72,230,0,0,1,2,1,2,1,14,13,0,7,99,0,2,2,2020,1,1,2,24,1,1,4,2,1,4
470066,1,1,57,1,1,11,3,20,0,0,1,0,1,0,1,998,72,160,0,0,0,0,0,0,0,8,98,0,60,0,74,3,2,2020,2,14,2,12,8,1,1,1,1,0
470067,1,1,17,2,1,11,3,1,0,0,1,0,2,0,1,998,62,136,0,0,5,7,1,2,1,1,83,0,13,15,0,2,2,2020,1,23,2,15,1,1,1,3,1,0
470068,1,1,44,1,1,11,3,20,0,0,1,0,1,0,1,998,67,999,0,0,5,5,1,2,2,1,80,0,60,0,0,31,1,2020,6,19,2,8,8,1,1,2,1,0
470070,1,1,37,1,1,11,3,20,0,0,1,0,2,0,1,998,71,180,0,0,1,2,6,2,1,14,13,0,2,99,0,30,1,2020,5,7,2,33,1,1,4,1,10,0
470071,1,1,46,2,1,11,3,20,0,0,1,0,3,21,1,998,70,350,1,0,1,2,6,2,2,14,62,0,16,0,0,4,2,2020,3,9,2,12,1,1,1,1,2,2
470072,1,1,80,1,1,11,3,8,0,0,1,0,1,0,1,998,68,144,0,0,3,2,1,2,2,1,13,0,60,0,0,4,2,2020,3,8,2,35,1,1,4,1,2,4
470073,1,1,48,2,1,11,3,2,0,0,1,0,1,0,1,998,67,153,0,0,5,7,1,2,1,11,15,0,13,99,38,2,2,2020,1,18,2,12,2,2,1,3,1,0
470074,1,1,67,2,1,11,3,20,0,0,2,0,3,6,1,998,68,180,0,0,3,2,1,2,1,14,80,0,66,0,0,3,2,2020,2,0,2,8,1,1,1,2,1,0
470079,1,1,25,1,1,11,20,2,0,0,3,0,1,0,1,998,71,160,0,3,5,5,6,2,2,14,6,0,13,99,79,6,2,2020,5,14,2,12,1,1,1,1,2,1
470081,1,1,45,2,1,11,3,1,0,0,1,0,2,0,1,998,69,169,0,0,1,2,2,2,2,14,6,0,13,99,58,30,1,2020,5,5,2,42,1,1,4,4,10,4
470085,1,1,19,1,1,11,3,1,0,0,1,0,1,0,1,998,72,170,0,0,1,2,1,2,2,1,13,0,13,0,0,6,2,2020,5,23,2,23,1,1,4,2,2,4
470087,1,1,25,1,1,11,3,1,0,0,1,0,1,0,1,998,70,196,0,3,1,2,1,2,2,1,66,0,60,0,0,5,2,2020,4,11,2,12,2,3,1,1,2,2
470088,1,1,999,9,1,11,99,99,0,0,99,1,9,99,1,998,999,999,99,0,3,2,1,2,99,1,80,0,999,99,999,6,2,2020,5,99,2,8,1,1,1,9,99,9
470090,1,1,62,2,1,11,3,1,1,0,1,0,1,0,1,998,67,175,0,0,5,5,1,2,2,1,10,0,3,99,36,7,2,2020,6,11,2,12,1,1,1,1,10,4
470091,1,1,47,1,1,11,3,20,0,0,1,0,3,0,1,998,72,215,0,0,5,6,1,2,1,1,80,0,7,0,94,8,2,2020,7,18,2,8,1,1,1,3,1,0
470092,1,1,50,1,1,11,20,99,1,0,1,0,1,0,1,998,69,180,0,0,1,4,1,2,1,1,17,0,60,99,38,7,2,2020,6,21,2,12,2,2,1,3,1,4
470093,1,1,59,1,1,11,3,20,0,0,1,0,3,6,1,998,70,152,2,0,2,2,1,2,1,1,54,0,66,0,89,7,2,2020,6,18,2,12,7,1,1,5,1,2
470094,1,1,35,1,1,11,99,99,0,0,1,1,2,0,1,998,67,182,0,0,5,7,1,2,2,1,80,1,13,99,0,10,2,2020,2,22,2,8,17,1,1,3,2,9
470095,1,1,25,1,1,11,99,20,0,0,3,0,0,0,1,998,68,140,0,0,5,7,1,2,1,15,80,1,13,99,27,8,2,2020,7,21,2,8,1,1,11,3,1,0
470097,1,1,70,2,1,11,3,1,0,0,1,0,1,0,1,998,64,153,0,0,2,3,1,2,1,11,15,0,2,0,38,3,2,2020,2,17,2,12,2,3,1,3,10,2
470099,1,1,25,2,1,11,20,8,0,0,5,0,0,0,1,998,64,220,0,0,5,7,6,2,1,11,15,0,13,99,38,13,2,2020,5,16,2,12,8,1,1,1,1,4
470100,1,1,65,1,1,11,20,8,9,0,1,0,1,0,1,998,80,180,0,4,2,4,1,2,1,1,50,0,13,0,36,14,2,2020,6,5,2,12,2,2,1,3,1,4
470101,1,1,48,1,1,11,99,20,0,0,1,0,3,6,1,998,72,250,0,0,3,2,5,2,1,14,12,0,66,99,24,15,2,2020,7,11,2,24,1,1,3,1,1,4
470104,1,1,67,1,1,11,99,1,9,0,1,0,2,0,1,998,76,200,0,0,2,3,6,2,1,1,10,0,60,99,0,17,2,2020,2,12,2,12,5,1,1,1,10,4
470106,1,1,23,2,1,11,3,20,0,0,2,0,1,0,1,998,66,155,3,0,5,5,6,2,1,1,80,0,13,0,0,17,2,2020,2,22,2,8,1,1,1,3,1,0
470107,1,1,999,9,1,11,99,98,9,0,99,1,9,99,1,998,999,999,99,5,3,4,1,2,2,98,10,0,999,99,999,10,2,2020,2,23,2,12,1,1,1,3,2,9
470108,1,1,59,2,1,11,3,8,9,0,2,0,2,0,1,998,62,178,0,0,1,2,1,2,1,1,17,0,13,99,38,21,2,2020,6,14,2,12,2,2,1,1,1,4
470109,1,1,27,1,1,11,8,1,1,0,2,0,1,0,1,998,71,247,2,4,5,5,1,2,1,1,10,1,13,0,28,20,2,2020,5,23,2,12,2,2,1,3,1,4
470110,1,1,72,1,1,11,20,8,0,0,2,0,1,0,1,998,73,214,0,0,1,2,2,2,1,14,6,0,7,0,0,9,2,2020,1,17,2,34,1,1,4,1,1,4
470114,1,1,50,1,1,11,20,1,1,0,1,0,1,0,1,998,70,145,0,0,1,2,1,2,1,1,13,1,13,0,4,22,2,2020,7,23,2,30,1,1,4,3,1,4
470116,1,1,49,1,1,11,3,8,0,0,1,0,1,0,1,998,68,258,2,0,1,2,5,2,1,1,92,0,7,99,41,22,2,2020,7,22,2,10,6,1,1,3,1,4
470119,1,1,29,1,1,11,20,8,0,0,1,0,2,0,1,998,71,225,0,0,3,3,1,1,1,1,52,1,3,99,26,23,2,2020,1,21,2,12,1,1,1,3,1,4
470120,1,1,999,9,1,11,99,99,9,0,99,1,9,99,1,998,999,999,99,0,5,7,1,2,2,99,80,0,999,99,999,24,2,2020,2,6,2,8,1,1,1,3,2,9
470121,1,1,19,1,1,11,20,8,0,0,2,0,2,0,1,998,68,130,1,3,2,3,1,2,1,11,15,0,13,0,0,25,2,2020,3,21,2,12,2,3,1,3,1,3
470122,1,1,27,1,1,11,3,20,0,0,1,0,3,6,1,998,67,180,0,0,2,3,1,2,1,14,54,0,66,0,0,22,1,2020,4,19,2,24,1,1,4,2,1,0
470123,1,1,72,1,1,11,3,20,0,0,1,0,2,0,1,998,74,215,0,0,5,5,1,2,1,1,80,0,7,0,0,25,2,2020,3,20,2,8,1,1,1,3,1,0
470130,1,1,20,1,1,11,3,8,0,0,1,1,0,0,1,998,999,999,99,3,2,2,1,2,1,1,17,1,60,0,39,27,2,2020,5,22,2,12,2,2,1,3,1,1
470131,1,1,57,2,1,11,3,20,0,0,1,0,1,0,1,998,63,150,0,0,1,2,1,2,1,14,80,0,13,0,0,25,2,2020,3,5,2,8,1,1,1,2,1,0
470132,1,1,30,1,1,11,20,8,0,0,1,0,2,0,1,998,74,200,0,0,5,6,1,2,1,1,13,1,13,99,999,1,3,2020,1,2,2,30,3,3,4,3,1,4
470133,1,1,20,1,1,11,20,8,0,0,1,0,2,0,1,998,71,165,1,4,1,2,1,2,1,14,6,1,13,99,0,28,2,2020,6,2,2,30,1,1,4,2,1,4
470134,1,1,54,1,1,11,3,20,0,0,1,0,1,0,1,998,63,140,0,0,1,5,1,2,2,1,80,0,13,99,0,1,3,2020,1,19,2,8,3,3,1,3,2,0
470135,1,1,79,1,1,11,20,1,0,0,1,0,3,0,1,998,69,230,1,0,2,2,1,2,1,1,53,0,60,0,0,27,2,2020,5,8,2,12,1,1,1,1,1,4
470136,1,1,45,2,1,11,20,8,0,0,1,0,2,0,1,998,999,999,0,3,2,2,2,2,1,14,51,1,13,0,36,1,3,2020,1,0,2,12,1,1,1,2,1,4
470138,1,1,47,1,1,11,3,20,0,0,1,0,1,0,1,998,71,235,0,0,5,7,1,2,1,1,80,1,7,99,999,1,3,2020,1,19,2,8,1,1,1,2,1,0
470139,1,1,23,2,1,11,20,20,0,0,1,0,2,0,1,998,65,150,5,0,3,3,2,2,1,14,13,0,7,96,0,29,2,2020,7,15,2,24,1,1,4,1,1,4
470140,1,1,23,1,1,11,20,99,0,0,2,0,2,0,1,998,74,165,0,0,5,5,1,2,1,98,9,0,13,0,58,4,3,2020,4,21,2,12,1,1,1,3,1,2
470142,1,1,37,1,1,11,20,1,1,0,1,0,2,0,1,998,69,180,0,0,1,2,1,2,1,1,10,1,13,99,36,1,3,2020,1,18,2,12,1,1,1,2,1,2
470143,1,1,48,1,1,11,3,20,0,0,1,0,3,0,1,998,67,200,0,0,3,4,1,2,1,1,80,0,60,0,0,8,3,2020,1,4,2,8,1,1,1,2,1,0
470144,1,1,37,1,1,11,99,8,9,0,1,0,1,0,1,998,78,190,1,0,1,2,1,2,1,14,6,0,13,99,999,7,3,2020,7,17,2,42,1,1,5,5,1,4
470145,1,1,56,1,1,11,3,8,0,0,1,0,1,0,1,998,68,188,4,0,1,2,1,2,2,1,67,0,7,0,0,4,2,2020,3,11,2,12,2,3,1,1,2,0
470147,1,1,55,1,1,11,3,20,0,0,1,0,1,0,1,998,67,180,0,0,2,2,1,2,2,1,80,0,13,0,0,29,2,2020,7,0,2,8,1,1,1,2,2,0
470148,1,1,23,1,1,11,20,20,0,0,1,0,1,0,1,998,69,155,3,0,1,2,1,2,1,14,13,0,98,99,999,8,3,2020,1,22,2,3,1,1,4,2,1,4
470149,1,1,84,1,1,11,3,8,0,0,2,0,1,0,1,998,70,185,0,0,5,6,2,2,1,11,15,0,13,99,38,9,3,2020,2,16,2,12,2,2,1,1,1,1
470150,1,1,27,2,1,11,3,20,0,0,1,0,1,0,1,998,65,240,0,0,1,6,1,2,1,11,15,0,7,0,38,6,3,2020,6,23,2,12,2,2,1,3,1,0
470151,1,1,26,1,1,11,20,1,0,0,1,0,2,0,1,998,69,380,1,0,3,2,1,1,1,1,12,0,7,99,0,9,3,2020,2,6,2,1,1,1,3,3,1,4
470156,1,1,16,2,1,11,99,20,0,0,2,0,2,0,1,0,63,135,0,0,2,2,1,2,1,7,98,0,13,99,0,8,3,2020,1,3,2,8,1,1,2,3,1,0
470158,1,1,28,2,1,11,20,8,0,0,2,0,2,0,1,998,62,102,0,0,2,2,1,2,2,1,51,0,13,5,0,11,3,2020,4,16,2,12,1,1,1,1,2,4
470159,1,1,58,1,1,11,20,20,0,0,1,0,1,0,1,998,70,195,0,0,3,2,2,2,1,14,80,0,60,0,0,6,3,2020,6,12,2,8,1,1,1,1,10,0
470160,1,1,30,2,1,11,3,1,0,0,1,0,1,0,1,998,63,170,0,3,5,5,1,2,1,1,50,1,7,0,36,14,3,2020,7,1,2,12,2,2,1,3,1,2
470163,1,1,89,2,1,11,3,2,0,0,1,0,1,0,1,998,67,134,0,0,1,5,1,2,1,11,15,0,13,0,38,19,2,2020,4,14,2,12,2,2,1,1,1,4
470169,1,1,35,1,1,11,20,8,0,0,1,0,1,0,1,998,67,150,0,0,3,4,6,2,1,14,13,1,13,0,58,23,2,2020,1,0,2,25,1,1,4,3,1,4
470170,1,1,21,2,1,11,20,8,0,0,3,0,2,0,1,998,63,285,0,0,5,7,5,2,2,11,15,0,5,99,38,16,3,2020,2,16,2,12,2,2,1,1,2,2
470174,1,1,67,1,1,11,3,20,0,0,1,0,3,6,1,998,68,150,1,0,3,3,1,2,2,1,12,0,66,99,79,17,3,2020,3,8,2,25,1,1,3,1,2,4
470175,1,1,40,1,1,11,3,1,1,0,1,0,1,0,1,998,70,200,0,0,3,3,1,2,1,1,50,0,60,99,41,18,3,2020,4,22,2,12,1,1,1,3,1,4
470176,1,1,48,1,1,11,20,1,0,0,1,0,1,0,1,998,999,999,0,4,1,6,5,2,1,14,10,1,7,99,36,17,3,2020,3,16,2,12,1,1,1,1,1,2
470177,1,1,27,1,1,11,20,8,0,0,2,0,1,0,1,998,67,145,0,0,2,2,1,2,1,12,21,1,13,99,48,14,3,2020,7,0,2,12,1,1,1,2,1,4
470178,1,1,60,2,1,11,3,1,0,0,1,0,1,0,1,998,71,180,0,0,2,4,1,2,1,11,15,0,5,99,999,18,3,2020,4,21,2,12,2,3,1,3,1,4
470179,1,1,26,1,1,11,20,1,0,0,1,0,2,0,1,998,72,165,0,0,2,2,1,2,1,1,54,1,13,99,51,17,3,2020,3,23,2,12,1,1,1,3,1,4
470185,1,1,25,1,1,11,20,20,0,0,5,0,2,0,1,998,74,170,0,0,1,2,1,2,1,98,10,1,13,0,28,21,3,2020,7,0,2,12,1,1,1,3,10,2
470186,1,1,23,2,1,11,3,8,0,0,3,0,1,0,1,998,66,240,1,0,1,4,1,2,1,1,62,0,13,0,0,23,3,2020,2,23,2,12,2,3,1,3,10,3
470190,1,1,19,1,1,11,20,1,8,0,1,0,3,0,1,998,75,147,0,0,3,3,6,1,1,14,6,0,15,99,37,22,3,2020,1,2,2,33,1,1,3,2,10,4
470191,1,1,32,1,1,11,20,1,1,0,1,0,2,0,1,998,73,205,0,4,1,2,1,2,2,14,6,0,13,0,28,23,3,2020,2,18,2,12,1,1,1,1,1,4
470194,1,1,37,1,1,11,3,20,0,0,1,0,1,0,1,998,70,175,1,0,2,2,1,2,1,1,53,0,60,0,0,27,3,2020,6,21,2,12,1,1,1,3,1,0
470195,1,1,57,2,1,11,3,20,0,0,1,0,3,1,1,998,65,190,0,0,0,0,0,0,0,11,15,0,62,99,38,27,3,2020,6,7,2,12,8,1,1,4,1,0
470197,1,1,18,1,1,11,3,8,0,0,2,0,2,0,1,998,71,135,0,3,1,2,6,2,1,14,6,0,13,93,6,12,3,2020,5,15,2,42,1,1,5,1,1,1
470198,1,1,62,2,1,11,3,20,9,0,1,0,1,0,1,998,66,150,0,0,1,2,1,2,1,1,17,0,3,99,38,21,3,2020,7,18,2,12,2,2,1,1,1,4
470201,1,1,22,1,1,11,3,8,0,0,1,0,1,0,1,998,73,210,1,3,1,2,5,2,1,14,6,0,13,0,58,25,3,2020,4,19,2,35,1,1,4,5,1,0
470203,1,1,18,2,1,11,3,8,0,0,1,0,2,0,1,998,999,999,99,4,5,5,1,2,2,1,6,1,13,99,0,29,3,2020,1,0,2,39,1,1,4,3,2,4
470204,1,1,27,1,1,11,3,20,0,0,1,0,1,0,1,998,71,195,0,4,6,2,2,2,2,14,6,0,13,99,0,31,3,2020,3,8,2,35,5,1,4,1,2,4
470207,1,1,88,1,1,11,3,20,9,0,1,1,1,0,1,998,67,160,1,0,1,2,6,2,1,1,80,0,7,92,999,30,3,2020,2,99,2,8,1,1,1,1,10,0
470210,1,1,22,2,1,11,3,1,1,0,2,0,1,0,1,998,69,280,0,0,1,2,1,2,1,1,10,0,7,15,28,28,3,2020,7,9,2,12,1,1,1,1,1,4
470213,1,1,35,1,1,11,3,20,0,0,1,0,3,6,1,998,999,999,99,0,3,5,1,1,2,2,53,0,66,0,0,23,1,2020,5,16,2,12,1,1,1,5,2,0
470214,1,1,999,9,1,11,99,99,9,0,99,1,9,99,1,998,999,999,99,0,2,3,1,2,2,99,80,0,999,99,999,22,3,2020,1,22,2,8,1,1,1,3,2,9
470216,1,1,60,1,1,11,20,1,1,0,1,0,1,0,1,998,72,180,0,0,3,3,1,1,1,99,13,1,95,99,0,5,4,2020,1,19,2,39,1,1,4,3,1,4
470217,1,1,15,1,1,11,99,99,9,0,99,1,5,0,1,998,999,999,99,0,1,2,1,2,1,1,80,0,13,99,36,5,4,2020,1,1,2,8,1,1,4,3,1,9
470219,1,1,27,1,1,11,20,8,0,0,1,0,1,0,1,998,74,159,1,0,2,2,1,2,1,1,12,0,13,0,0,4,4,2020,7,16,2,35,1,1,3,1,1,4
470222,1,1,999,9,1,11,99,99,9,0,99,1,9,99,1,998,999,999,99,0,6,1,1,2,1,99,80,0,999,99,999,2,3,2020,2,99,2,8,5,1,1,2,10,9
470223,1,1,76,2,1,11,3,1,0,0,1,0,1,0,1,998,61,200,0,0,1,2,2,2,1,14,13,0,15,0,0,3,4,2020,6,15,2,42,1,1,4,1,1,4
470224,1,1,29,1,1,11,3,1,0,0,1,0,1,0,1,998,70,230,0,0,5,5,1,2,1,1,83,0,7,99,999,6,4,2020,2,0,2,15,1,1,1,3,1,1
470227,1,1,63,1,1,11,3,1,0,0,2,0,2,0,1,998,65,151,0,4,1,2,2,2,1,1,66,0,13,0,0,9,4,2020,5,10,2,12,2,3,1,1,1,3
470228,1,1,49,1,1,11,3,1,0,0,1,0,2,0,1,998,71,250,0,0,5,5,1,2,1,11,15,0,60,0,38,3,4,2020,6,6,2,12,2,3,1,1,10,0
470229,1,1,75,1,1,11,3,20,0,0,1,0,1,0,1,998,71,185,0,0,2,2,1,2,1,1,13,0,60,99,0,6,4,2020,2,3,2,8,1,1,2,2,1,0
470230,1,1,64,1,1,11,3,1,9,0,1,0,1,0,1,998,66,165,0,4,3,3,1,2,1,1,50,0,7,99,36,10,4,2020,6,14,2,12,1,1,1,1,1,4
470231,1,1,18,1,1,11,20,20,0,0,1,1,2,0,1,998,999,999,99,0,0,0,0,0,0,13,80,0,7,93,31,8,4,2020,4,19,2,8,1,1,98,5,1,0
470233,1,1,76,2,1,11,20,8,0,0,1,0,1,0,1,998,65,175,0,0,1,2,1,2,1,11,15,0,13,99,38,2,4,2020,5,15,2,12,2,3,1,1,1,4
470234,1,1,65,1,1,11,3,20,0,0,1,0,1,0,1,998,70,200,0,0,1,2,1,2,1,11,66,0,7,99,38,11,4,2020,7,15,2,12,2,3,1,1,1,0
470235,1,1,19,1,1,11,3,8,0,0,2,0,2,0,1,998,68,160,0,3,2,3,2,2,1,1,17,0,5,0,39,13,4,2020,2,18,2,12,2,2,1,1,1,4
470237,1,1,30,1,1,11,20,20,0,0,1,0,1,0,1,998,82,300,0,0,3,3,1,2,1,15,52,1,81,0,0,11,4,2020,7,23,2,12,1,1,1,3,1,4
470239,1,1,19,1,1,11,20,20,0,0,2,0,2,0,1,998,71,128,0,0,2,2,1,2,1,14,6,0,3,99,36,11,4,2020,7,21,2,14,1,1,3,2,1,4
470242,1,1,23,1,1,11,20,1,0,0,4,0,2,0,1,998,65,150,0,4,5,7,1,2,1,1,13,0,13,99,36,15,4,2020,4,19,2,30,1,1,4,3,1,1
470243,1,1,27,1,1,11,3,1,1,0,1,0,1,0,1,998,73,160,1,4,5,7,1,2,1,1,13,0,13,92,0,16,4,2020,5,9,2,30,3,2,4,1,1,4
470244,1,1,35,1,1,11,20,1,9,0,1,0,3,0,1,998,68,230,1,0,3,3,1,2,1,1,51,1,13,99,36,18,4,2020,7,19,2,14,1,1,2,3,1,3
470245,1,1,35,2,1,11,20,20,1,0,1,0,1,0,1,998,69,200,0,0,5,5,1,2,2,14,12,0,60,0,0,19,4,2020,1,99,2,53,1,1,4,2,2,4
470246,1,1,30,1,1,11,3,8,0,0,1,0,2,0,1,998,72,135,1,0,3,4,1,2,1,1,1,0,13,0,80,16,4,2020,5,18,2,24,1,1,4,1,1,4
470250,1,1,999,9,1,11,99,99,9,0,99,1,9,99,1,998,999,999,99,0,5,5,1,2,1,99,83,0,999,99,999,20,4,2020,2,20,2,9,1,1,1,3,1,9
470251,1,1,38,1,1,11,20,20,1,0,3,0,1,0,1,54,74,310,2,3,6,1,1,2,1,1,13,1,60,93,58,17,4,2020,6,17,2,1,5,1,4,1,1,4
470255,1,1,999,9,1,11,99,99,9,0,99,1,9,99,1,998,999,999,99,0,5,7,1,2,1,1,80,0,999,99,36,20,4,2020,2,21,2,8,1,1,1,3,1,9
470256,1,1,51,1,1,11,3,20,0,0,1,0,3,6,1,998,67,170,1,0,3,3,1,2,1,1,80,0,66,0,0,21,4,2020,3,1,2,8,17,1,1,3,1,0
470258,1,1,54,1,1,11,99,99,0,0,1,0,1,0,1,998,71,185,0,0,1,2,2,2,2,14,13,1,7,99,0,9,4,2020,5,2,2,42,1,1,4,2,2,4
470259,1,1,71,1,1,11,3,1,0,0,1,0,3,0,1,998,74,260,1,0,3,2,1,2,1,1,80,0,60,0,0,22,4,2020,4,4,2,8,1,1,1,2,1,0
470260,1,1,19,1,1,11,3,8,1,0,1,0,1,0,1,998,72,130,0,3,1,2,3,2,1,1,10,0,13,0,28,11,4,2020,7,13,2,12,1,1,1,1,1,3
470264,1,1,999,9,1,11,99,98,0,0,99,1,9,99,1,998,999,999,99,0,5,5,1,2,2,1,80,0,999,99,999,22,4,2020,4,21,2,8,1,1,2,3,2,9
470267,1,1,35,1,1,11,3,20,0,0,1,1,1,4,1,998,75,210,1,0,5,7,1,2,1,1,80,0,60,0,0,15,4,2020,4,14,2,8,1,1,1,1,1,0
470269,1,1,62,1,1,11,20,20,0,0,1,0,1,0,1,998,70,180,0,0,1,2,1,2,1,14,6,1,82,0,36,19,4,2020,1,13,2,43,3,4,4,1,1,4
470270,1,1,23,1,1,11,20,20,0,0,1,0,0,0,1,998,69,150,2,3,5,5,1,2,1,1,67,0,98,99,0,5,3,2020,5,18,2,12,2,2,1,3,1,4