ST_CASE,VEH_NO,PER_NO,AGE,SEX,PER_TYP,SEAT_POS,REST_USE,AIR_BAG,DRUGS,LOCATION,NUMOCCS,HIT_RUN,OWNER,V_CONFIG,HAZ_INV,TRAV_SP,DR_HGT,DR_WGT,PREV_SPD,SPEEDREL,VTRAFWAY,VNUM_LAN,VPROFILE,VPAVETYP,VSURCOND,P_CRASH1,P_CRASH2,DR_DRINK,VPICBODYCLASS,DRDISTRACT,DRIVERRF,DAY,MONTH,YEAR,DAY_WEEK,HOUR,RUR_URB,HARM_EV,RELJCT2,TYP_INT,REL_ROAD,LGT_COND,WEATHER,INJ_SEV
470271,1,1,41,1,1,11,20,1,9,0,1,0,2,0,1,998,74,290,0,0,1,4,6,2,1,14,12,0,13,99,999,25,4,2020,7,18,2,33,1,1,4,5,1,4
470272,1,1,32,2,1,11,3,8,0,0,2,0,1,0,1,998,62,150,0,0,1,4,5,2,1,11,15,0,13,0,0,27,4,2020,2,18,2,12,2,3,1,1,1,3
470273,1,1,999,9,1,11,99,99,9,0,99,1,9,99,1,998,999,999,99,0,5,7,1,2,2,1,80,0,999,99,36,29,4,2020,4,1,2,8,1,1,1,3,2,9
470274,1,1,61,1,1,11,3,2,0,0,1,0,1,0,1,998,74,210,0,0,0,0,0,0,0,11,15,0,5,93,0,29,4,2020,4,18,2,12,8,1,1,1,1,4
470275,1,1,26,2,1,11,3,8,0,0,1,0,1,0,1,998,62,180,0,0,1,2,5,2,1,11,15,0,13,0,0,29,4,2020,4,21,2,12,2,3,1,3,1,0
470278,1,1,999,9,1,11,99,99,9,0,99,1,9,99,1,998,999,999,99,4,2,2,1,2,1,1,17,0,999,99,999,30,4,2020,5,20,2,12,2,3,1,3,1,9
470280,1,1,55,1,1,11,20,20,1,0,2,0,1,0,1,998,69,160,0,0,5,5,1,2,1,99,6,1,60,99,58,3,5,2020,1,15,2,33,1,1,4,1,10,4
470281,1,1,22,2,1,11,20,20,0,0,2,1,1,0,1,998,63,265,3,0,5,5,6,2,1,1,80,0,7,99,0,3,5,2020,1,21,2,8,1,1,1,3,1,0
470282,1,1,49,1,1,11,3,20,0,0,1,0,1,0,1,998,68,170,0,0,1,2,2,2,1,1,80,0,13,0,0,21,4,2020,3,22,2,8,1,1,1,2,1,1
470283,1,1,21,1,1,11,3,8,1,0,1,0,1,0,1,998,71,205,0,0,1,2,6,2,1,1,12,0,7,99,999,28,4,2020,3,6,2,12,1,1,4,1,1,4
470284,1,1,18,1,1,11,3,2,0,0,3,0,1,0,1,998,73,150,0,3,1,2,5,2,2,14,6,0,5,99,58,6,5,2020,4,11,2,32,1,1,4,1,10,4
470289,1,1,53,1,1,11,3,20,0,0,1,0,1,0,1,998,71,220,3,0,2,3,1,2,2,1,83,0,13,0,0,5,5,2020,3,3,2,9,1,1,1,3,2,0
470290,1,1,23,2,1,11,20,2,9,0,2,0,2,0,1,998,66,157,0,0,1,4,5,2,1,1,10,0,13,99,28,6,5,2020,4,0,2,12,1,1,1,3,1,4
470291,1,1,53,1,1,11,3,20,0,0,1,0,0,0,1,998,999,999,0,0,5,7,1,2,1,1,80,0,60,0,0,4,5,2020,2,1,2,8,1,1,1,3,1,0
470293,1,1,72,2,1,11,3,20,0,0,1,0,1,0,1,998,62,175,0,0,1,3,1,2,1,1,17,0,7,0,38,1,5,2020,6,15,2,12,2,2,1,1,1,2
470294,1,1,36,2,1,11,99,8,9,0,2,0,2,0,1,998,67,200,0,0,1,2,2,2,1,1,10,0,2,99,28,1,5,2020,6,13,2,12,1,1,1,1,1,4
470296,1,1,44,1,1,11,3,20,1,0,3,1,2,0,1,998,71,200,0,0,5,5,1,2,1,1,13,0,60,12,36,7,5,2020,5,7,2,8,1,1,5,1,1,0
470297,1,1,23,1,1,11,3,20,0,0,1,0,1,0,1,998,71,216,0,0,3,3,3,2,2,1,80,0,3,0,0,5,5,2020,3,5,2,8,1,1,1,3,1,0
470298,1,1,37,1,1,11,3,1,0,0,2,0,1,0,1,998,73,275,0,0,2,2,1,2,1,1,66,0,13,0,0,1,5,2020,6,22,2,12,2,3,1,2,1,0
470299,1,1,19,2,1,11,3,20,0,0,1,0,1,0,1,998,65,135,0,0,5,5,1,2,1,1,80,0,13,0,0,8,5,2020,6,99,2,8,1,1,1,3,1,0
470302,1,1,21,1,1,11,3,20,0,0,2,0,2,0,1,998,69,150,0,0,2,4,1,2,1,15,53,0,7,0,38,10,5,2020,1,12,2,12,1,1,1,1,1,0
470304,1,1,53,2,1,11,3,20,0,0,2,0,1,0,1,998,66,172,0,0,1,2,1,2,1,1,80,0,13,0,0,3,5,2020,1,0,2,8,1,1,1,2,1,2
470305,1,1,39,1,1,11,20,99,1,0,1,0,2,0,1,998,70,240,0,4,1,2,6,2,1,1,6,0,7,0,0,7,5,2020,5,13,2,12,1,1,1,1,1,4
470306,1,1,28,1,1,11,3,1,0,0,2,0,2,0,1,998,66,185,0,4,1,2,1,2,2,1,6,0,13,99,58,12,5,2020,3,12,2,30,1,1,4,1,2,0
470307,1,1,18,1,1,11,3,20,0,0,1,0,2,4,1,998,74,230,0,0,5,7,1,2,1,11,15,0,60,0,0,12,5,2020,3,23,2,12,2,3,1,3,1,0
470308,1,1,39,1,1,11,99,20,0,0,1,0,2,0,1,998,69,200,0,0,2,2,1,2,2,1,13,0,13,99,999,13,5,2020,4,4,2,30,1,1,4,3,1,4
470309,1,1,50,1,1,11,3,1,0,0,1,0,2,0,1,998,73,188,2,0,2,5,1,2,2,1,17,0,13,0,79,8,5,2020,6,13,2,12,2,2,1,1,2,1
470312,1,1,24,1,1,11,20,1,0,0,2,0,1,0,1,998,72,999,0,4,2,2,1,2,2,14,6,0,7,99,0,23,4,2020,5,2,2,42,1,1,4,2,2,4
470315,1,1,27,1,1,11,3,20,0,0,1,0,1,0,1,998,69,180,0,0,2,3,1,2,1,1,80,0,60,0,0,15,5,2020,6,22,2,8,2,2,1,2,1,0
470316,1,1,67,1,1,11,20,1,0,0,1,0,1,0,1,998,73,210,2,0,1,2,1,2,1,1,10,0,3,0,28,11,5,2020,2,18,2,12,1,1,1,1,1,4
470317,1,1,999,9,1,11,99,99,9,0,99,1,9,0,1,998,999,999,99,0,1,4,1,2,1,6,10,0,13,99,36,8,5,2020,6,15,2,12,1,1,1,1,1,9
470319,1,1,34,1,1,11,20,20,0,0,3,0,2,0,1,998,66,150,0,0,1,2,6,2,1,14,13,0,7,0,58,14,5,2020,5,14,2,35,1,1,4,1,1,4
470320,1,1,44,1,1,11,20,20,0,0,1,0,2,0,1,998,72,221,0,4,5,5,1,2,1,14,6,0,6,99,0,3,5,2020,1,15,2,33,1,1,4,1,1,4
470328,1,1,51,2,1,11,20,1,0,0,1,0,0,0,1,998,65,175,0,0,5,5,1,2,1,1,12,0,13,99,999,16,5,2020,7,10,2,42,1,1,5,1,1,4
470333,1,1,20,1,1,11,20,8,1,0,1,0,1,0,1,998,75,185,1,3,1,2,1,2,1,1,6,0,13,99,0,19,5,2020,3,22,2,32,1,1,4,2,10,4
470334,1,1,30,1,1,11,20,20,1,0,1,0,2,0,1,998,77,285,0,0,2,4,1,2,1,1,51,1,13,0,36,14,5,2020,5,21,2,12,1,1,1,2,1,1
470336,1,1,19,1,1,11,3,8,0,0,1,0,2,0,1,998,70,150,0,4,3,2,1,2,2,14,13,0,13,99,79,22,5,2020,6,20,2,30,1,1,4,3,2,4
470337,1,1,24,1,1,11,99,8,0,0,2,0,2,0,1,998,71,150,0,0,1,4,1,2,1,17,62,0,13,99,58,22,5,2020,6,18,2,12,1,1,1,6,1,3
470340,1,1,30,1,1,11,3,20,0,0,4,0,1,0,1,998,999,999,0,0,6,1,5,2,1,11,66,0,7,0,0,23,5,2020,7,20,2,12,2,3,1,3,1,0
470341,1,1,32,1,1,11,20,20,9,0,1,0,2,0,1,998,69,175,0,0,1,2,1,2,1,1,66,0,13,93,8,25,5,2020,2,1,2,12,2,2,1,3,1,4
470342,1,1,28,1,1,11,3,1,0,0,2,0,2,0,1,998,999,999,99,0,2,4,1,2,2,1,17,0,7,0,39,25,5,2020,2,16,2,12,2,2,1,1,2,2
470343,1,1,18,1,1,11,3,1,1,0,2,0,2,0,1,998,73,135,0,3,2,2,1,2,1,1,6,0,5,0,36,23,5,2020,7,17,2,1,1,1,4,1,1,4
470347,1,1,22,1,1,11,20,8,1,0,1,0,2,0,1,998,74,140,0,0,3,3,1,2,1,1,12,1,13,99,36,27,5,2020,4,16,2,12,1,1,1,1,1,4
470348,1,1,18,1,1,11,20,99,0,0,1,0,2,0,1,998,67,135,0,3,3,4,1,2,2,1,6,0,3,99,0,22,5,2020,6,4,2,25,1,1,3,2,2,4
470349,1,1,20,1,1,11,3,20,0,0,1,0,1,0,1,998,72,135,0,0,1,5,1,2,1,1,83,0,7,0,0,25,5,2020,2,22,2,9,2,2,1,3,1,0
470350,1,1,87,2,1,11,3,20,0,0,2,0,1,0,1,998,63,116,0,0,2,2,1,2,1,12,21,0,13,0,38,14,4,2020,3,13,2,12,3,2,1,1,1,1
470352,1,1,33,2,1,11,20,1,0,0,1,0,1,0,1,998,62,125,0,0,1,2,1,2,1,1,10,0,7,99,28,27,5,2020,4,22,2,12,1,1,1,2,1,4
470353,1,1,33,1,1,11,20,20,0,0,1,0,1,0,1,998,74,175,0,0,2,3,1,2,1,1,13,0,80,0,58,29,5,2020,6,16,2,42,1,1,5,1,1,4
470357,1,1,42,1,1,11,20,1,1,0,1,0,2,0,1,998,71,170,0,3,3,4,6,2,1,15,10,1,13,99,27,26,5,2020,3,23,2,12,1,1,1,3,1,4
470358,1,1,24,2,1,11,20,8,0,0,1,0,1,0,1,998,64,212,0,4,3,4,1,2,1,6,6,0,7,99,36,1,6,2020,2,5,2,1,1,1,1,1,1,4
470359,1,1,85,1,1,11,3,99,0,0,1,0,1,0,1,998,70,170,0,0,1,5,2,2,1,1,80,0,60,0,0,3,6,2020,4,10,2,8,1,1,1,1,1,0
470362,1,1,30,1,1,11,20,20,0,0,1,0,1,0,1,998,66,160,1,0,3,5,1,2,1,1,52,1,6,99,36,1,6,2020,2,20,2,12,1,1,1,3,1,4
470365,1,1,57,2,1,11,3,20,0,0,2,0,1,0,1,998,67,140,0,0,5,5,6,2,1,2,53,0,7,0,0,30,5,2020,7,21,2,12,2,2,1,3,1,4
470366,1,1,29,2,1,11,20,1,1,0,1,1,5,1,1,998,62,140,0,0,1,2,1,2,1,1,13,1,65,0,36,2,6,2020,3,15,2,14,1,1,5,1,1,1
470367,1,1,30,1,1,11,20,20,0,0,1,0,0,0,1,998,75,160,2,0,1,2,1,2,2,14,13,0,6,0,36,3,6,2020,4,12,2,30,1,1,4,1,2,4
470368,1,1,37,1,1,11,3,8,0,0,2,0,1,0,1,998,70,170,0,3,1,2,1,2,1,14,13,0,13,99,0,3,6,2020,4,15,2,42,1,1,4,1,1,1
470369,1,1,44,1,1,11,20,20,0,0,1,0,1,0,1,998,65,140,0,0,1,2,5,2,1,1,62,0,6,0,0,16,5,2020,7,20,2,12,1,1,1,3,1,4
470370,1,1,51,2,1,11,20,1,0,0,2,0,2,0,1,998,62,170,0,0,2,2,1,2,1,1,13,0,13,99,36,28,4,2020,3,22,2,33,1,1,4,3,1,1
470371,1,1,64,1,1,11,20,20,0,0,1,0,0,0,1,998,69,170,0,0,1,2,1,2,1,1,98,0,997,0,38,1,6,2020,2,18,2,12,1,1,1,1,1,4
470373,1,1,48,1,1,11,3,1,9,0,1,0,3,0,1,998,67,180,1,0,1,4,1,2,1,1,80,1,74,99,36,3,6,2020,4,5,2,8,1,1,1,3,1,1
470374,1,1,18,1,1,11,3,8,8,0,4,0,1,0,1,998,73,120,0,0,2,2,1,2,2,1,13,0,13,0,37,17,5,2020,1,1,2,59,1,1,4,2,2,2
470378,1,1,999,9,1,11,99,99,9,0,99,1,9,99,1,999,999,999,99,0,1,4,1,2,1,99,80,0,999,99,999,7,6,2020,1,23,2,8,1,1,1,3,1,9
470381,1,1,25,2,1,11,20,8,1,0,1,0,1,0,1,998,60,130,0,4,3,3,1,2,2,1,12,1,13,99,79,9,6,2020,3,6,2,33,1,1,3,3,2,4
470382,1,1,91,1,1,11,3,20,0,0,1,0,1,0,1,998,67,221,0,0,1,2,1,2,1,1,66,0,60,99,0,16,5,2020,7,10,2,12,2,2,1,1,1,4
470383,1,1,57,1,1,11,20,20,1,0,1,0,2,0,1,998,69,160,0,0,2,2,1,2,1,1,51,0,60,0,28,12,5,2020,3,10,2,12,1,1,1,1,1,4
470384,1,1,22,2,1,11,3,8,0,0,2,0,1,0,1,998,61,120,0,0,5,3,1,2,1,1,66,0,7,99,999,2,6,2020,3,21,2,12,2,2,1,3,1,3
470388,1,1,26,1,1,11,20,8,0,0,1,0,2,0,1,998,70,180,0,0,1,2,1,2,1,1,12,0,13,99,0,11,6,2020,5,5,2,35,1,1,4,1,1,4
470389,1,1,22,2,1,11,20,8,0,0,1,0,1,0,1,998,63,150,1,0,2,4,2,2,1,1,12,1,13,99,28,11,6,2020,5,22,2,12,1,1,1,3,1,4
470391,1,1,47,1,1,11,1,20,0,0,2,0,2,0,1,998,69,210,0,0,5,5,1,2,1,1,80,0,13,0,0,12,6,2020,6,21,2,8,1,1,1,3,1,0
470394,1,1,999,9,1,11,99,99,9,0,2,1,5,0,1,998,999,999,99,0,1,4,1,2,1,99,13,0,3,99,36,1,6,2020,2,15,2,33,1,1,4,1,1,9
470396,1,1,999,9,1,11,99,99,9,0,99,1,9,99,1,998,999,999,99,0,1,2,1,2,1,1,80,0,999,99,999,10,6,2020,4,0,2,8,2,3,1,3,1,9
470398,1,1,28,1,1,11,20,1,0,0,2,0,1,0,1,998,72,165,3,3,1,5,1,2,1,14,13,1,60,99,36,13,6,2020,7,16,2,59,1,1,4,1,1,4
470399,1,1,26,1,1,11,20,1,0,0,1,0,1,0,1,998,71,180,2,0,2,2,1,2,1,1,50,0,13,99,41,15,6,2020,2,5,2,12,1,1,1,4,1,4
470401,1,1,36,1,1,11,99,20,9,0,2,1,1,0,1,998,69,160,0,0,1,3,3,2,1,11,15,0,7,99,38,16,6,2020,3,20,2,12,2,2,1,3,1,0
470402,1,1,25,1,1,11,20,8,0,0,3,0,3,0,1,998,66,140,0,4,3,4,1,2,1,1,12,1,60,96,36,16,6,2020,3,22,2,25,1,1,3,3,1,2
470403,1,1,28,2,1,11,20,8,1,0,1,0,1,0,1,998,63,248,0,0,5,7,5,2,1,1,13,1,13,99,999,17,6,2020,4,1,2,40,1,1,4,3,1,4
470404,1,1,28,1,1,11,3,1,0,0,1,0,3,1,1,998,72,180,1,0,2,2,1,2,1,1,12,0,63,0,0,10,6,2020,4,12,2,35,1,1,3,1,1,4
470405,1,1,57,1,1,11,3,20,0,0,1,0,3,1,1,998,68,190,0,4,2,2,6,2,1,14,6,0,11,99,58,4,6,2020,5,19,2,39,1,1,4,3,10,4
470410,1,1,37,1,1,11,20,8,9,0,1,0,2,0,1,998,75,200,0,0,2,3,1,1,1,1,13,0,13,99,999,17,6,2020,4,4,2,33,1,1,4,3,1,4
470411,1,1,24,2,1,11,3,8,0,0,1,0,1,0,1,998,61,125,0,0,5,5,2,2,1,1,10,1,7,99,36,18,6,2020,5,4,2,12,1,1,1,2,1,3
470412,1,1,20,2,1,11,3,1,0,0,1,0,2,0,1,998,71,150,0,0,1,2,1,2,1,1,17,1,13,0,38,19,6,2020,6,0,2,12,2,2,1,2,1,4
470413,1,1,34,2,1,11,3,2,0,0,1,0,1,0,1,998,64,173,0,0,2,3,1,2,1,1,66,0,13,0,38,13,6,2020,7,15,2,12,2,2,1,1,1,0
470414,1,1,84,2,1,11,3,1,0,0,1,0,1,0,1,998,999,999,0,0,1,2,1,2,1,11,66,0,7,0,38,18,6,2020,5,12,2,12,2,3,1,1,1,4
470415,1,1,83,1,1,11,3,2,0,0,2,0,3,0,1,998,68,173,0,0,1,5,5,2,2,11,15,0,13,0,38,15,1,2020,4,13,2,12,2,2,1,1,2,3
470416,1,1,24,1,1,11,3,2,0,0,2,0,1,0,1,998,71,999,0,0,3,5,1,2,1,1,13,0,13,0,0,14,6,2020,1,6,2,14,1,1,2,1,1,3
470420,1,1,29,1,1,11,20,1,9,0,1,0,1,0,1,998,71,185,0,0,2,2,1,2,1,14,54,0,13,99,51,12,6,2020,6,2,2,12,1,1,1,2,1,4
470422,1,1,34,1,1,11,99,20,9,0,1,0,0,0,1,998,70,250,0,0,1,4,1,2,1,1,51,0,13,99,36,19,6,2020,6,8,2,12,1,1,1,1,1,4
470425,1,1,81,1,1,11,3,2,0,0,1,0,1,0,1,998,71,180,0,0,1,2,1,2,1,1,92,0,7,99,0,10,6,2020,4,11,2,10,6,1,1,1,1,4
470426,1,1,47,1,1,11,3,20,0,0,1,0,3,6,2,998,70,240,0,0,5,5,5,2,1,1,66,0,66,0,0,11,6,2020,5,11,2,12,2,2,1,1,1,0
470428,1,1,16,1,1,11,3,8,0,0,1,0,2,0,1,998,72,140,0,0,1,2,6,2,1,14,10,0,13,0,36,18,6,2020,5,13,2,12,1,1,1,1,1,4
470431,1,1,55,2,1,11,20,1,0,0,1,0,2,0,1,998,63,194,0,0,5,3,6,2,6,99,99,0,60,99,999,21,6,2020,1,99,2,34,1,1,4,9,2,4
470432,1,1,26,1,1,11,8,20,0,0,1,0,3,6,1,998,71,140,0,0,2,2,1,2,1,15,52,0,66,99,36,22,6,2020,2,17,2,12,1,1,1,1,1,0
470434,1,1,999,9,1,11,99,99,9,0,99,1,9,99,1,998,999,999,99,0,2,2,1,2,1,1,80,0,999,99,999,16,6,2020,3,99,2,8,1,1,2,9,99,9
470436,1,1,999,9,1,11,99,20,0,0,99,1,9,0,1,998,999,999,99,0,5,5,1,2,1,1,80,0,13,99,999,19,6,2020,6,23,2,8,1,1,1,3,1,9
470438,1,1,23,1,1,11,99,99,9,0,1,1,1,0,1,998,70,175,7,0,5,5,2,2,1,99,83,0,13,99,999,24,6,2020,4,0,2,9,1,1,1,3,1,0
470439,1,1,54,1,1,11,3,8,0,0,1,0,1,0,1,998,73,200,0,0,2,2,1,2,1,11,66,0,13,99,39,25,6,2020,5,15,2,12,2,2,1,1,1,4
470440,1,1,28,1,1,11,20,20,0,0,1,0,1,0,1,998,72,187,0,0,5,3,2,2,1,1,50,0,80,99,36,14,6,2020,1,3,2,12,1,1,1,3,1,4
470441,1,1,21,2,1,11,20,1,0,0,4,0,2,0,1,998,64,130,1,3,5,5,1,2,1,1,80,0,13,0,0,13,6,2020,7,21,2,8,1,1,1,3,1,0
470442,1,1,29,2,1,11,3,20,0,0,4,0,1,0,1,998,60,120,1,0,5,5,1,2,1,1,80,0,13,0,0,25,6,2020,5,23,2,8,1,1,1,6,1,0
470444,1,1,44,1,1,11,3,20,0,0,1,0,1,0,1,998,65,180,0,0,5,7,1,2,1,1,80,0,13,99,0,26,6,2020,6,20,2,8,1,1,1,3,1,0
470445,1,1,999,9,1,11,99,99,9,0,99,1,9,99,1,998,999,999,99,0,5,5,6,2,1,99,99,0,999,99,999,26,6,2020,6,21,2,8,99,1,99,3,1,9
470447,1,1,49,1,1,11,3,8,0,0,4,0,2,0,1,998,66,175,0,0,2,2,1,2,1,1,12,0,13,99,999,26,6,2020,6,20,2,12,1,1,1,5,1,4
470449,1,1,38,2,1,11,3,20,0,0,1,0,1,0,1,998,67,176,0,0,3,3,6,2,1,14,54,1,3,99,51,28,6,2020,1,1,2,12,1,1,1,3,1,4
470450,1,1,86,1,1,11,99,1,0,0,1,0,3,0,1,998,69,160,0,0,1,2,6,2,1,99,12,0,13,0,0,1,1,2020,4,10,2,42,1,1,4,1,1,4
470451,1,1,72,1,1,11,3,1,9,0,1,0,1,0,1,998,68,170,0,0,3,2,1,2,1,99,12,0,60,99,999,12,5,2020,3,0,2,24,1,1,3,2,1,4
470452,1,1,52,1,1,11,3,20,0,0,1,0,3,7,1,0,999,999,0,0,3,4,6,2,1,5,53,0,66,0,0,26,6,2020,6,23,2,12,1,1,1,3,1,0
470453,1,1,62,1,1,11,3,1,0,0,1,0,1,1,1,998,72,175,0,0,2,3,1,2,1,1,17,0,60,0,0,29,6,2020,2,12,2,12,2,3,1,1,1,0
470454,1,1,54,1,1,11,20,8,0,0,1,0,1,0,1,998,72,230,1,0,1,2,1,2,1,1,13,0,13,99,999,19,6,2020,6,23,2,30,1,1,4,3,1,4
470456,1,1,57,1,1,11,3,20,0,0,1,0,1,0,1,998,67,155,0,0,5,5,1,2,1,1,80,0,60,0,0,26,6,2020,6,22,2,8,1,1,1,2,1,0
470457,1,1,38,2,1,11,3,2,0,0,3,0,4,0,1,998,65,185,1,0,5,5,5,2,1,11,66,0,7,99,38,29,6,2020,2,12,2,12,2,3,1,1,1,2
470460,1,1,75,1,1,11,3,20,0,0,2,0,1,0,1,998,69,155,0,0,1,3,2,2,1,4,17,0,7,99,38,25,6,2020,5,17,2,12,2,3,1,1,1,4
470461,1,1,58,1,1,11,3,20,0,0,1,0,3,2,1,998,72,220,0,0,5,7,6,2,1,10,80,0,11,0,38,16,6,2020,3,12,2,8,3,2,1,1,1,0
470462,1,1,19,2,1,11,3,8,0,0,2,0,2,0,1,998,61,161,0,4,2,5,2,2,2,14,10,0,13,0,52,28,6,2020,1,17,2,12,1,1,1,1,2,0
470471,1,1,19,1,1,11,20,1,9,0,2,0,0,0,1,998,79,185,0,0,5,7,5,2,1,14,13,0,7,99,999,3,7,2020,6,9,2,42,1,1,4,1,1,3
470472,1,1,43,1,1,11,20,20,0,0,1,0,1,0,1,998,999,999,99,0,1,4,3,2,1,1,66,0,82,0,36,3,7,2020,6,15,2,12,2,2,1,1,1,4
470474,1,1,46,1,1,11,20,20,0,0,1,0,1,0,1,998,67,190,1,0,5,5,1,2,1,1,80,0,94,0,38,4,7,2020,7,6,2,8,3,3,1,1,1,2
470475,1,1,28,1,1,11,20,20,0,0,1,0,2,0,1,998,73,180,0,3,1,2,1,2,1,1,67,0,80,99,36,26,6,2020,6,18,2,12,2,3,1,1,1,4
470476,1,1,22,1,1,11,99,8,9,0,4,0,2,0,1,998,999,999,0,0,0,0,0,0,0,11,15,0,13,93,0,19,6,2020,6,23,2,12,8,1,1,6,1,1
470478,1,1,26,1,1,11,20,20,0,0,2,0,2,0,1,998,71,175,0,0,5,7,1,2,1,1,80,0,13,0,999,2,7,2020,5,22,2,8,1,1,1,3,1,0
470483,1,1,24,2,1,11,99,1,0,0,2,0,2,0,1,998,68,240,1,0,5,7,1,2,1,1,66,0,7,99,999,1,7,2020,4,19,2,12,2,2,1,5,1,1
470489,1,1,30,1,1,11,3,1,0,0,1,0,1,0,1,998,999,999,99,0,3,4,1,2,1,1,13,1,13,0,0,4,7,2020,7,20,2,42,1,1,4,3,1,4
470491,1,1,61,2,1,11,3,1,0,0,1,0,1,0,1,998,69,160,0,0,2,2,1,2,1,1,54,0,7,0,51,7,7,2020,3,9,2,12,1,1,1,1,1,4
470495,1,1,34,1,1,11,20,20,1,0,1,0,2,0,1,998,70,150,0,3,1,2,1,2,1,1,72,0,80,0,51,9,7,2020,5,7,2,12,8,1,1,1,1,4
470498,1,1,73,1,1,11,20,20,9,0,1,0,1,0,1,998,71,185,0,0,2,5,1,2,1,1,51,0,81,93,39,7,7,2020,3,8,2,12,2,2,1,1,1,4
470499,1,1,34,1,1,11,20,20,1,0,2,0,1,0,1,998,72,170,0,0,3,2,5,2,1,14,8,0,81,99,999,8,7,2020,4,17,2,57,1,1,3,1,1,2
470500,1,1,999,9,1,11,99,99,9,0,99,1,9,99,1,998,999,999,99,0,5,5,1,2,1,1,80,0,999,99,999,9,7,2020,5,23,2,8,1,1,1,2,1,9
470503,1,1,47,1,1,11,3,99,9,0,1,0,9,99,1,998,999,999,99,4,2,2,6,2,1,1,10,0,999,99,58,11,7,2020,7,19,2,12,1,1,1,5,1,4
470505,1,1,22,1,1,11,3,1,8,0,1,0,2,0,1,998,72,230,0,0,5,5,1,2,1,11,15,1,60,0,38,9,7,2020,5,22,2,12,8,1,1,3,1,0
470507,1,1,63,1,1,11,3,20,0,0,1,0,3,5,1,0,71,185,0,0,3,2,1,1,1,5,53,0,66,0,36,10,7,2020,6,19,2,12,1,1,1,3,1,0
470508,1,1,16,1,1,11,20,1,0,0,3,0,2,0,1,998,68,220,0,3,5,5,6,2,2,1,6,0,13,99,28,8,7,2020,4,15,2,12,1,1,1,1,2,4
470511,1,1,36,1,1,11,20,20,0,0,1,0,2,0,1,998,72,175,0,0,1,2,1,2,1,14,6,0,80,0,0,13,6,2020,7,10,2,41,1,1,4,1,1,4
470513,1,1,21,1,1,11,20,20,0,0,1,0,2,0,1,998,68,148,0,3,3,6,1,2,1,99,6,0,13,99,0,14,7,2020,3,3,2,52,1,1,4,3,1,4
470515,1,1,37,1,1,11,20,20,8,0,1,0,1,0,1,998,71,185,0,3,1,2,6,2,1,6,10,1,7,99,36,14,7,2020,3,20,2,12,1,1,1,3,10,4
470516,1,1,32,1,1,11,99,1,1,0,2,0,1,0,1,998,999,999,0,0,1,2,1,2,1,1,12,1,60,99,999,11,7,2020,7,23,2,42,1,1,8,3,1,4
470517,1,1,22,2,1,11,3,20,0,0,1,0,4,0,1,998,60,195,2,0,1,5,1,2,1,1,80,0,7,0,0,14,7,2020,3,23,2,8,17,1,1,3,1,0
470518,1,1,46,1,1,11,20,20,0,0,1,0,1,0,1,998,72,192,0,3,1,2,1,1,1,1,67,0,80,0,36,15,7,2020,4,20,2,12,2,3,1,1,1,4
470521,1,1,35,1,1,11,20,20,0,0,1,0,3,2,1,998,70,246,0,0,2,2,1,2,1,1,1,0,11,0,80,10,7,2020,6,6,2,12,1,1,1,1,10,3
470522,1,1,76,1,1,11,20,8,0,0,3,0,1,0,1,998,62,146,0,0,1,2,1,2,1,11,15,0,15,99,38,15,7,2020,4,14,2,12,2,3,1,1,1,4
470524,1,1,16,2,1,11,3,8,0,0,1,0,2,0,1,998,63,150,0,0,1,2,1,2,1,1,80,0,60,0,0,11,7,2020,7,0,2,8,1,1,1,2,1,0
470527,1,1,45,2,1,11,3,1,0,0,3,0,1,0,1,998,64,145,0,0,0,0,0,0,0,10,16,0,13,0,38,9,7,2020,5,16,2,12,8,1,1,1,1,0
470528,1,1,26,1,1,11,3,20,0,0,1,0,1,0,1,998,72,205,1,0,0,0,0,0,0,11,15,0,60,12,38,17,7,2020,6,14,2,12,8,1,1,1,1,0
470533,1,1,42,2,1,11,3,1,8,0,1,0,1,0,1,998,63,220,0,0,1,2,1,2,1,1,10,0,13,99,28,18,7,2020,7,3,2,12,1,1,1,2,10,4
470534,1,1,80,1,1,11,2,20,0,0,1,0,2,0,1,998,66,165,1,0,2,3,6,2,1,11,15,0,60,93,0,19,7,2020,1,8,2,12,2,3,1,1,1,1
470535,1,1,33,2,1,11,3,1,0,0,6,0,1,0,1,998,59,135,1,0,2,3,1,2,1,1,17,0,13,0,999,18,7,2020,7,16,2,12,2,2,1,1,1,0
470537,1,1,28,1,1,11,3,8,0,0,2,0,1,0,1,998,65,130,0,3,5,5,6,2,1,14,6,1,3,99,36,13,7,2020,2,4,2,33,1,1,4,3,1,4
470538,1,1,68,2,1,11,20,8,0,0,1,0,1,0,1,998,64,140,0,0,1,2,3,2,1,1,10,1,7,99,28,14,7,2020,3,21,2,12,1,1,1,2,1,4
470540,1,1,52,1,1,11,20,20,0,0,3,0,1,0,1,998,70,250,2,0,1,2,6,2,1,1,4,0,1,0,36,18,7,2020,7,18,2,34,1,1,4,1,1,3