ST_CASE,VEH_NO,PER_NO,AGE,SEX,PER_TYP,SEAT_POS,REST_USE,AIR_BAG,DRUGS,LOCATION,NUMOCCS,HIT_RUN,OWNER,V_CONFIG,HAZ_INV,TRAV_SP,DR_HGT,DR_WGT,PREV_SPD,SPEEDREL,VTRAFWAY,VNUM_LAN,VPROFILE,VPAVETYP,VSURCOND,P_CRASH1,P_CRASH2,DR_DRINK,VPICBODYCLASS,DRDISTRACT,DRIVERRF,DAY,MONTH,YEAR,DAY_WEEK,HOUR,RUR_URB,HARM_EV,RELJCT2,TYP_INT,REL_ROAD,LGT_COND,WEATHER,INJ_SEV
470544,1,1,34,1,1,11,3,20,0,0,1,0,1,0,1,998,73,188,0,0,5,7,1,2,1,1,80,0,7,0,0,22,7,2020,4,21,2,8,1,1,11,3,1,0
470545,1,1,998,9,1,11,99,99,9,0,99,1,9,99,1,998,999,999,99,0,5,5,1,2,1,1,80,0,999,99,36,19,7,2020,1,22,2,8,1,1,1,3,1,9
470546,1,1,999,9,1,11,99,99,9,0,2,1,9,99,1,998,999,999,99,0,5,5,1,2,1,99,82,0,7,99,36,24,7,2020,6,0,2,8,1,1,4,3,1,9
470548,1,1,28,1,1,11,20,8,9,0,2,0,1,0,1,998,71,165,0,0,2,4,1,2,1,1,10,0,7,99,36,25,7,2020,7,15,2,12,1,1,1,1,1,3
470555,1,1,17,1,1,11,20,1,1,0,3,0,0,0,1,998,77,165,0,4,1,2,5,2,1,14,6,0,13,99,37,17,7,2020,6,1,2,30,1,1,4,3,1,4
470556,1,1,33,1,1,11,3,20,1,0,2,0,1,0,1,998,69,158,0,0,2,4,6,2,1,11,63,1,13,0,38,24,7,2020,6,0,2,12,2,2,1,3,1,0
470558,1,1,20,1,1,11,3,8,0,0,2,0,2,0,1,998,999,999,99,0,6,1,5,1,1,1,13,1,3,99,28,27,7,2020,2,3,2,14,5,1,2,3,1,2
470559,1,1,31,1,1,11,3,20,0,0,1,0,1,0,1,998,76,175,0,0,1,4,1,2,1,1,83,0,13,0,0,28,7,2020,3,20,2,9,3,3,1,3,1,0
470561,1,1,19,1,1,11,20,8,9,0,3,0,2,0,1,108,65,135,0,4,2,4,1,2,1,1,17,0,3,99,36,29,7,2020,4,22,2,12,2,2,1,3,1,2
470562,1,1,47,2,1,11,3,20,0,0,2,0,1,0,1,998,63,240,0,0,6,2,1,2,1,1,13,0,7,99,0,23,7,2020,5,10,2,12,20,1,1,1,1,3
470565,1,1,63,1,1,11,20,1,1,0,2,0,1,0,1,998,73,169,0,0,5,3,6,2,1,1,12,0,60,99,999,29,7,2020,4,13,2,42,3,3,4,1,1,4
470566,1,1,28,1,1,11,99,1,9,0,1,0,2,0,1,998,74,172,0,4,5,7,1,2,1,14,10,0,13,99,36,31,7,2020,6,16,2,12,1,1,1,1,1,3
470569,1,1,40,1,1,11,99,1,0,0,1,0,1,0,1,998,999,999,1,0,2,3,1,2,1,1,12,1,7,99,999,1,8,2020,7,18,2,12,1,1,1,1,1,3
470572,1,1,27,1,1,11,3,1,0,0,1,0,1,0,1,998,74,195,0,0,1,2,1,2,1,1,13,0,13,0,0,1,8,2020,7,3,2,30,1,1,4,2,1,4
470575,1,1,37,1,1,11,20,20,1,0,1,0,1,0,1,998,72,175,1,0,1,5,1,2,1,1,62,1,94,99,999,31,7,2020,6,20,2,12,2,3,1,3,1,4
470577,1,1,56,1,1,11,20,1,1,0,1,0,1,0,1,998,67,190,0,4,3,3,1,2,1,1,51,1,13,93,0,1,8,2020,7,23,2,12,1,1,1,2,1,4
470579,1,1,64,1,1,11,3,20,0,0,2,0,1,0,1,998,68,165,0,0,2,2,1,2,1,1,11,0,60,0,0,26,7,2020,1,12,2,12,1,1,1,1,1,0
470581,1,1,38,1,1,11,3,1,9,0,2,1,2,0,1,998,69,170,0,0,1,2,1,2,1,1,13,0,13,93,36,3,8,2020,2,23,2,33,1,1,4,3,1,0
470583,2,1,41,1,1,11,3,20,8,0,99,1,1,0,1,998,68,150,1,0,2,2,1,2,1,1,12,1,60,99,28,4,8,2020,3,12,2,14,1,1,3,1,1,0
470584,1,1,81,1,1,11,20,20,0,0,1,0,1,0,1,998,65,160,0,0,1,2,1,2,1,1,50,0,12,99,0,8,7,2020,4,14,2,12,1,1,1,1,1,4
470587,1,1,999,9,1,11,99,99,0,0,99,1,9,99,1,998,999,999,99,0,4,1,1,2,1,99,80,0,999,99,999,3,8,2020,2,20,2,8,18,1,1,2,1,9
470589,1,1,34,1,1,11,3,20,0,0,1,0,2,0,1,998,71,189,0,4,5,5,6,2,1,1,80,0,7,0,36,4,8,2020,3,20,2,8,1,1,1,3,1,0
470592,1,1,41,1,1,11,20,20,0,0,1,0,0,0,1,998,70,241,0,0,1,2,1,2,1,14,6,0,69,0,0,19,6,2020,6,19,2,1,1,1,4,1,1,4
470594,1,1,19,1,1,11,20,1,0,0,1,0,1,0,1,998,66,130,0,4,1,2,6,2,2,1,6,1,119,0,0,23,7,2020,5,0,2,30,1,1,4,3,1,4
470597,1,1,52,1,1,11,99,99,0,0,1,0,1,0,1,998,71,175,0,0,5,5,1,2,1,1,80,0,7,0,0,31,7,2020,6,21,2,8,1,1,1,3,1,0
470599,1,1,20,1,1,11,3,1,1,0,3,0,2,0,1,998,68,130,0,0,1,2,2,2,1,1,12,1,13,0,36,6,8,2020,5,22,2,12,1,1,4,2,1,4
470602,1,1,50,2,1,11,3,2,9,0,1,0,2,0,1,998,999,999,0,0,5,7,1,2,1,11,15,0,7,0,999,5,8,2020,4,7,2,12,8,1,1,1,1,4
470603,1,1,51,1,1,11,99,99,0,0,1,0,2,0,1,998,999,999,0,0,5,5,1,2,1,1,13,1,60,99,0,5,8,2020,4,0,2,33,1,1,4,3,1,4
470607,1,1,999,9,1,11,99,99,9,0,99,1,9,99,1,998,999,999,99,0,5,5,6,2,1,1,80,0,999,99,999,8,8,2020,7,23,2,8,1,1,1,2,1,9
470609,1,1,999,9,1,11,99,99,9,0,99,1,9,99,1,998,999,999,99,0,5,5,1,2,1,99,83,0,999,99,999,9,8,2020,1,21,2,9,17,1,1,3,1,9
470610,1,1,25,1,1,11,99,20,9,0,99,1,0,0,1,998,67,175,0,0,1,4,1,2,1,11,15,0,3,99,38,6,8,2020,5,9,2,12,8,1,1,1,1,0
470613,1,1,19,2,1,11,20,8,0,0,2,0,2,0,1,998,63,100,0,0,1,2,1,2,1,1,10,0,13,99,28,10,8,2020,2,19,2,12,1,1,1,1,1,4
470614,1,1,999,9,1,11,99,99,9,0,5,1,9,99,1,998,999,999,99,0,1,5,1,2,1,11,54,0,13,99,36,10,8,2020,2,10,2,12,2,2,1,1,1,9
470615,1,1,46,1,1,11,3,20,0,0,1,0,3,4,1,998,75,285,1,3,3,3,1,2,1,1,12,0,74,99,58,10,8,2020,2,18,2,25,1,1,3,5,1,1
470616,1,1,51,1,1,11,3,1,0,0,1,0,1,0,1,998,69,265,1,0,3,4,6,2,1,1,50,0,7,0,0,11,8,2020,3,4,2,14,1,1,98,3,1,2
470617,1,1,24,1,1,11,99,20,0,0,1,1,1,99,1,998,70,190,1,0,1,2,1,2,1,6,80,0,7,99,36,8,8,2020,7,23,2,8,1,1,1,3,1,0
470621,1,1,68,2,1,11,3,1,9,0,1,0,1,0,1,998,67,185,0,0,1,5,1,2,1,1,13,0,13,99,58,13,8,2020,5,14,2,33,1,1,4,1,1,4
470622,1,1,59,1,1,11,2,20,0,0,1,0,2,0,1,998,71,195,0,0,2,2,1,2,1,1,13,0,60,99,999,27,7,2020,2,23,2,30,1,1,4,3,1,4
470623,1,1,75,1,1,11,20,20,0,0,1,0,1,0,1,998,66,230,1,0,1,3,1,2,1,11,62,0,60,99,38,12,8,2020,4,99,2,12,2,2,1,1,1,4
470624,1,1,29,1,1,11,99,20,0,0,1,1,1,0,1,998,999,999,99,0,2,2,1,2,1,1,99,0,13,99,999,11,8,2020,3,6,2,8,1,1,99,4,1,0
470627,1,1,40,1,1,11,20,20,0,0,1,0,3,1,1,998,72,260,0,0,1,2,6,2,1,14,6,1,11,99,0,13,8,2020,5,99,2,43,1,1,4,1,1,4
470632,1,1,45,1,1,11,20,1,1,0,1,0,1,0,1,998,67,160,1,0,1,4,1,2,1,1,66,1,13,99,39,15,8,2020,7,20,2,12,2,2,1,1,1,3
470635,1,1,27,1,1,11,3,20,0,0,1,1,1,0,1,998,70,150,0,0,5,5,1,2,1,1,80,0,13,99,999,14,8,2020,6,21,2,8,1,1,1,3,1,0
470637,1,1,999,9,1,11,99,99,9,0,99,1,9,99,1,998,999,999,99,0,2,2,1,2,1,1,80,0,999,99,999,16,8,2020,1,21,2,8,17,1,1,3,1,9
470639,1,1,58,2,1,11,3,1,0,0,1,0,2,0,1,998,65,135,0,0,1,2,1,2,1,1,9,0,60,99,28,14,8,2020,6,12,2,12,1,1,1,1,10,2
470640,1,1,33,1,1,11,20,20,8,0,3,0,1,1,1,998,69,999,0,3,2,3,1,2,1,1,6,0,60,99,36,18,8,2020,3,7,2,12,1,1,1,1,1,4
470641,1,1,35,1,1,11,3,20,0,0,1,0,4,0,1,998,74,244,1,0,5,5,1,2,1,1,83,0,2,99,0,18,8,2020,3,21,2,9,1,1,1,2,10,0
470642,1,1,45,1,1,11,99,20,0,0,1,0,2,0,1,998,999,999,99,0,5,7,1,2,1,99,13,0,5,99,999,31,7,2020,6,20,2,33,1,1,4,3,1,4
470643,1,1,39,1,1,11,3,8,0,0,3,0,1,0,1,998,67,175,0,0,1,2,5,2,1,1,62,0,2,0,0,18,8,2020,3,23,2,12,1,1,1,2,1,2
470644,1,1,45,1,1,11,20,1,1,0,2,0,1,0,1,998,72,230,2,0,5,5,1,2,1,1,17,1,7,0,39,17,8,2020,2,5,2,12,2,2,1,4,1,4
470645,1,1,21,2,1,11,20,8,0,0,2,0,3,0,1,998,61,130,1,0,2,2,1,2,1,1,13,0,13,99,999,18,8,2020,3,2,2,33,1,1,4,3,1,4
470646,1,1,35,1,1,11,3,20,0,0,2,0,2,0,1,998,69,150,0,0,1,2,1,2,1,1,9,0,13,99,36,12,8,2020,4,12,2,12,1,1,1,1,1,4
470648,1,1,42,1,1,11,20,20,9,0,1,0,2,0,1,998,69,165,0,0,1,6,1,2,1,1,62,0,125,0,39,14,8,2020,6,22,2,12,2,2,1,3,1,4
470651,1,1,41,1,1,11,20,20,1,0,1,0,1,0,1,998,67,175,0,3,2,3,1,2,1,1,17,1,80,0,0,17,8,2020,2,21,2,12,2,2,1,2,1,4
470652,1,1,52,1,1,11,3,8,1,0,1,0,1,0,1,998,71,175,0,0,3,2,2,2,1,1,52,1,13,99,38,8,8,2020,7,22,2,12,1,1,1,2,10,2
470654,1,1,58,1,1,11,99,99,0,0,2,0,3,4,1,998,72,179,0,0,6,1,1,2,1,1,12,0,74,99,0,20,8,2020,5,15,2,20,5,1,8,1,1,4
470655,1,1,19,1,1,11,20,1,0,0,2,0,2,0,1,998,71,260,1,0,5,5,1,2,1,1,17,0,7,0,39,20,8,2020,5,20,2,12,2,2,1,3,1,1
470656,1,1,35,1,1,11,99,99,9,0,1,0,2,0,1,998,68,160,0,0,2,5,1,2,1,1,67,0,13,99,0,20,8,2020,5,5,2,12,2,3,1,3,1,4
470657,1,1,37,1,1,11,99,8,0,0,1,0,2,0,1,998,75,205,0,0,1,2,1,2,1,1,13,0,7,99,0,13,8,2020,5,22,2,32,1,1,4,2,10,4
470659,1,1,34,1,1,11,3,1,1,0,1,0,1,0,1,998,71,300,5,0,1,4,1,2,1,14,54,1,60,0,36,21,8,2020,6,14,2,12,1,1,1,1,1,2
470660,1,1,58,1,1,11,20,1,0,0,1,0,1,0,1,998,74,260,0,0,5,7,1,2,1,1,51,0,7,99,999,20,8,2020,5,16,2,12,1,1,1,1,1,0
470661,1,1,42,2,1,11,3,1,0,0,2,0,1,0,1,998,59,150,0,0,1,2,1,2,2,1,62,0,7,0,79,21,8,2020,6,20,2,12,1,1,1,3,1,1
470663,1,1,28,1,1,11,3,8,1,0,1,0,2,0,1,998,69,185,0,0,1,4,1,2,1,1,12,0,5,99,36,21,8,2020,6,23,2,30,1,1,4,3,1,4
470664,1,1,63,2,1,11,20,1,9,0,1,0,2,0,1,998,61,160,1,0,3,4,1,2,1,14,12,1,13,99,58,16,8,2020,1,18,2,25,1,1,3,5,1,4
470666,1,1,20,1,1,11,99,20,0,0,2,0,2,0,1,998,999,999,0,0,5,5,1,2,1,1,66,0,3,93,38,23,8,2020,1,17,2,12,2,3,1,1,1,0
470668,1,1,23,1,1,11,20,1,0,0,3,0,2,0,1,998,999,999,0,3,5,5,1,2,1,14,10,1,60,0,28,16,8,2020,1,0,2,12,1,1,1,2,1,3
470669,1,1,67,2,1,11,3,20,0,0,1,0,1,0,1,998,62,170,0,0,1,2,1,2,1,1,83,0,7,0,0,24,8,2020,2,17,2,9,2,2,1,1,1,0
470671,1,1,54,1,1,11,20,20,1,0,1,0,2,0,1,998,70,215,0,0,1,2,1,2,1,1,10,0,60,0,36,17,8,2020,2,14,2,12,2,3,1,1,1,4
470673,1,1,20,1,1,11,20,8,1,0,2,0,2,0,1,998,66,155,2,0,1,2,1,2,1,1,12,1,5,0,58,23,8,2020,1,1,2,42,1,1,4,2,10,4
470677,1,1,70,1,1,11,20,20,0,0,1,0,1,0,1,998,999,999,0,0,2,3,1,2,1,1,51,0,81,99,6,26,8,2020,4,13,2,12,1,1,1,1,1,4
470681,1,1,59,1,1,11,20,20,0,0,1,0,1,0,1,998,65,175,0,0,1,2,2,2,1,14,13,0,94,99,999,18,8,2020,3,99,2,42,1,1,4,1,1,4
470687,1,1,77,1,1,11,3,1,0,0,1,0,1,0,1,998,69,175,0,0,1,2,1,2,1,14,12,0,7,0,0,23,8,2020,1,22,2,42,1,1,4,2,10,4
470688,1,1,22,1,1,11,3,20,0,0,1,0,2,0,1,998,71,160,0,0,3,6,1,2,1,99,80,0,13,0,0,5,8,2020,4,20,2,8,1,1,1,3,1,0
470689,1,1,20,1,1,11,3,20,0,0,1,0,1,0,1,998,74,175,0,0,5,6,1,2,1,1,80,0,3,0,0,15,8,2020,7,0,2,8,1,1,1,3,1,0
470690,1,1,21,1,1,11,99,20,0,0,1,0,1,0,1,998,73,295,0,0,5,5,1,2,1,1,80,0,13,99,0,21,8,2020,6,3,2,8,1,1,1,3,1,0
470692,1,1,31,1,1,11,99,99,0,0,2,0,2,0,1,998,67,175,1,0,1,2,6,2,2,99,10,0,7,99,79,30,8,2020,1,0,2,21,1,1,10,3,2,4
470693,1,1,18,2,1,11,3,20,0,0,1,0,0,0,1,998,63,202,0,0,5,7,1,2,1,1,50,0,13,99,26,9,8,2020,1,16,2,12,1,1,1,1,1,0
470695,1,1,49,1,1,11,20,20,1,0,1,0,2,0,1,998,67,125,0,4,3,4,6,2,1,1,13,0,80,0,36,27,8,2020,5,12,2,24,1,1,4,1,1,4
470696,1,1,42,1,1,11,20,8,0,0,1,0,1,0,1,998,74,175,0,0,2,2,1,2,1,1,12,0,7,0,58,19,8,2020,4,20,2,1,1,1,2,2,1,4
470698,1,1,22,1,1,11,20,20,0,0,2,0,1,0,1,998,66,140,1,4,5,5,1,2,2,14,10,0,5,99,36,28,8,2020,6,16,2,12,1,1,1,1,2,3
470699,1,1,34,1,1,11,20,20,0,0,1,0,1,0,1,998,77,145,0,0,4,2,1,2,1,99,54,0,12,99,50,29,8,2020,7,21,2,12,3,4,1,3,1,4
470700,1,1,50,1,1,11,20,20,0,0,2,0,2,0,1,998,72,201,1,0,5,7,5,2,1,1,66,0,82,99,39,29,8,2020,7,6,2,12,2,3,1,4,1,4
470701,1,1,26,1,1,11,3,20,0,0,2,0,1,0,1,998,999,999,0,0,5,5,1,1,1,1,80,0,13,0,0,1,9,2020,3,1,2,8,1,1,1,3,10,0
470703,1,1,28,2,1,11,3,8,9,0,3,0,2,0,1,26,64,130,0,0,5,7,1,2,1,99,13,0,13,96,36,26,7,2020,1,18,2,33,8,1,4,1,1,4
470704,1,1,18,2,1,11,3,8,0,0,2,0,0,0,1,998,62,124,0,0,0,0,0,0,0,11,15,0,13,0,38,15,8,2020,7,14,2,12,8,1,1,1,1,1
470706,1,1,61,2,1,11,3,8,0,0,2,0,1,0,1,998,64,135,1,0,4,3,1,2,1,1,17,0,7,0,39,28,8,2020,6,13,2,12,2,2,1,1,1,0
470707,1,1,59,1,1,11,20,1,0,0,1,0,1,0,1,998,70,165,0,0,2,2,1,2,1,1,13,1,60,99,0,2,9,2020,4,21,2,42,1,1,4,3,1,4
470708,1,1,69,1,1,11,3,2,1,0,1,0,1,0,1,998,71,230,0,0,1,3,5,2,2,1,13,1,13,0,0,28,8,2020,6,99,2,59,3,2,4,1,2,4
470709,1,1,27,1,1,11,20,8,0,0,2,0,2,0,1,998,73,173,1,0,5,6,1,2,1,11,15,0,13,0,38,3,9,2020,5,22,2,12,2,2,1,3,1,1
470710,1,1,36,1,1,11,20,20,0,0,3,0,3,1,1,998,67,999,0,3,1,2,1,2,1,1,12,1,60,0,0,22,8,2020,7,0,2,42,1,1,4,2,1,4
470711,1,1,50,1,1,11,20,1,0,0,1,0,1,0,1,998,999,999,0,4,3,2,1,1,1,15,50,0,60,99,36,4,9,2020,6,16,2,14,1,1,1,1,1,4
470713,1,1,43,1,1,11,20,1,0,0,1,0,1,0,1,998,71,220,0,0,5,6,1,2,1,1,13,0,13,99,0,5,9,2020,7,19,2,30,3,3,4,3,1,4
470716,1,1,41,1,1,11,3,8,0,0,1,0,2,0,1,998,999,999,99,0,5,5,1,2,1,1,10,1,2,99,28,6,9,2020,1,5,2,12,1,1,1,4,1,4
470717,1,1,17,1,1,11,3,1,0,0,1,0,2,0,1,998,68,125,0,0,2,5,1,2,1,1,66,0,7,0,0,4,9,2020,6,22,2,12,2,2,1,3,1,0
470718,1,1,998,9,1,11,99,99,9,0,99,1,9,99,1,998,999,999,99,0,5,7,1,2,1,1,80,0,999,99,999,7,9,2020,2,20,2,8,1,1,1,3,1,9
470722,1,1,64,1,1,11,20,20,0,0,1,0,1,0,1,998,70,220,0,4,1,4,3,2,1,1,80,0,81,0,0,4,9,2020,6,21,2,8,1,1,1,2,1,2
470723,1,1,30,1,1,11,3,20,1,0,1,0,1,0,1,998,85,230,1,0,1,2,1,2,1,1,10,0,60,99,28,7,9,2020,2,12,2,12,1,1,1,1,1,3
470724,1,1,49,2,1,11,3,20,1,0,7,0,2,0,1,998,57,145,0,0,3,2,1,2,1,1,12,0,2,93,58,27,8,2020,5,2,2,34,1,1,4,2,1,2
470725,1,1,28,1,1,11,20,8,0,0,1,0,1,0,1,998,67,155,0,0,1,4,1,2,1,1,12,0,13,99,27,5,9,2020,7,17,2,33,1,1,4,1,1,4
470726,1,1,23,1,1,11,20,8,1,0,1,0,3,0,1,998,71,187,0,0,5,3,1,2,1,99,98,1,13,99,999,10,9,2020,5,3,2,14,1,1,4,3,1,4
470727,1,1,41,1,1,11,3,20,0,0,1,0,3,21,1,998,71,232,0,0,5,5,1,2,1,1,80,0,16,99,0,10,9,2020,5,19,2,8,1,1,1,3,1,0
470728,1,1,41,1,1,11,3,20,0,0,3,0,2,0,1,998,70,280,0,0,5,5,1,2,1,1,62,0,60,0,0,13,7,2020,2,15,2,12,2,3,1,1,1,0
470730,1,1,65,1,1,11,3,20,0,0,2,0,1,0,1,998,69,155,0,0,2,2,6,2,2,1,98,0,60,0,0,21,8,2020,6,10,2,7,1,1,1,1,2,0
470731,1,1,60,1,1,11,20,20,0,0,1,0,1,0,1,998,70,250,0,0,0,0,0,0,0,10,16,0,60,99,38,3,9,2020,5,8,2,12,8,1,1,1,1,4
470733,1,1,20,1,1,11,20,8,1,0,1,0,2,0,1,998,70,165,0,0,1,2,1,2,1,14,13,0,13,99,999,11,9,2020,6,99,2,33,1,1,4,9,1,4
470736,1,1,32,1,1,11,20,1,0,0,1,0,2,0,1,998,72,230,0,0,1,2,1,2,1,1,12,0,13,99,0,12,9,2020,7,17,2,33,1,1,4,1,1,4
470738,1,1,32,1,1,11,3,8,0,0,1,0,1,0,1,998,69,150,0,0,1,2,1,2,1,1,10,0,13,99,28,14,9,2020,2,15,2,12,1,1,1,1,1,4
470739,1,1,37,2,1,11,20,8,9,0,1,0,1,0,1,998,66,265,0,0,2,2,1,2,1,15,51,0,7,99,0,13,9,2020,1,13,2,12,1,1,1,1,1,4
470740,1,1,39,1,1,11,20,20,0,0,1,0,2,0,1,998,71,165,1,0,5,5,1,2,1,15,51,0,82,0,36,5,9,2020,7,22,2,12,1,1,1,3,1,4
470742,1,1,27,2,1,11,3,8,0,0,1,0,2,0,1,998,65,165,0,0,2,2,1,2,1,1,54,1,13,0,51,12,9,2020,7,2,2,12,1,1,1,2,1,4
470744,1,1,999,9,1,11,99,99,0,0,99,1,9,99,1,998,999,999,99,9,5,3,6,2,1,1,80,0,999,99,999,14,9,2020,2,21,2,8,1,1,1,3,1,9
470747,1,1,57,1,1,11,20,1,0,0,1,0,2,0,1,998,66,140,0,0,1,4,1,2,1,14,12,1,13,99,999,13,9,2020,1,21,2,33,3,3,4,3,1,4
470748,1,1,35,1,1,11,20,20,1,0,2,0,1,0,1,998,72,210,0,4,1,2,1,2,1,14,10,1,80,0,0,13,9,2020,1,18,2,12,1,1,1,1,1,4
470749,1,1,64,2,1,11,3,20,0,0,1,0,1,0,1,998,61,189,0,0,2,3,1,2,1,11,62,0,13,0,38,10,9,2020,5,20,2,12,2,2,1,3,1,2
470752,1,1,35,1,1,11,20,8,0,0,1,0,2,0,1,998,72,180,0,0,5,7,1,2,1,1,80,0,13,93,41,16,9,2020,4,13,2,8,1,1,1,1,1,3
470753,1,1,70,1,1,11,20,1,0,0,1,0,1,0,1,998,71,170,0,0,1,3,1,2,1,1,10,0,60,99,28,15,8,2020,7,11,2,12,2,3,1,1,1,4
470754,1,1,25,1,1,11,3,20,0,0,2,0,2,0,1,998,70,173,0,0,5,5,1,2,1,1,98,0,3,0,6,20,8,2020,5,20,2,12,1,1,1,2,1,0
470755,1,1,72,1,1,11,99,20,0,0,1,0,3,6,1,998,65,230,0,0,3,5,1,2,1,98,9,0,66,99,0,17,9,2020,5,13,2,25,1,1,3,1,1,4
470756,1,1,79,2,1,11,20,1,0,0,2,0,1,0,1,998,62,175,0,0,2,2,2,2,1,11,62,0,13,0,38,18,9,2020,6,12,2,12,2,3,1,1,1,4
470760,1,1,21,2,1,11,3,8,0,0,1,0,0,0,1,998,63,103,1,0,3,4,1,2,1,1,13,0,13,0,0,14,9,2020,2,13,2,42,1,1,4,1,1,4
470763,1,1,27,1,1,11,20,20,9,0,1,0,2,0,1,998,69,175,0,0,4,1,5,2,1,1,6,0,80,99,58,19,9,2020,7,17,2,5,1,1,1,1,1,4
470764,1,1,88,2,1,11,3,2,0,0,2,0,1,0,1,998,61,100,0,0,2,2,1,2,1,11,15,0,7,0,38,12,9,2020,7,10,2,12,2,2,1,1,1,2
470766,1,1,28,1,1,11,20,1,0,0,1,0,2,0,1,998,72,170,0,3,1,2,2,2,1,14,6,0,60,0,28,15,9,2020,3,22,2,12,1,1,1,2,1,4
470767,1,1,55,1,1,11,20,20,0,0,1,0,2,0,1,998,65,220,0,0,1,2,1,2,1,1,13,1,7,15,6,18,9,2020,6,15,2,53,1,1,4,1,10,4
470772,1,1,33,1,1,11,20,20,0,0,3,1,2,0,1,998,75,280,1,4,1,2,5,2,2,14,6,0,60,0,0,31,8,2020,2,15,2,42,1,1,4,1,2,2
470776,1,1,43,1,1,11,20,20,0,0,1,0,1,0,1,998,71,220,0,0,1,2,1,2,1,14,13,0,81,0,999,18,9,2020,6,22,2,24,1,1,4,2,1,4
470777,1,1,51,1,1,11,3,1,0,0,1,0,1,0,1,998,68,170,0,0,2,3,1,2,1,1,80,0,13,0,0,22,9,2020,3,1,2,8,1,1,1,3,1,0
470778,1,1,21,1,1,11,3,20,0,0,1,0,2,0,1,998,73,125,1,0,1,4,1,2,1,1,83,0,60,96,0,22,9,2020,3,20,2,15,1,1,1,3,1,0
470779,1,1,48,1,1,11,20,20,9,0,1,0,1,0,1,998,73,212,1,3,5,5,6,2,1,1,17,0,80,0,0,12,9,2020,7,11,2,12,2,2,1,1,1,4
470781,1,1,25,1,1,11,20,20,0,0,1,0,2,0,1,998,71,185,0,0,2,4,1,2,2,14,6,1,60,99,58,23,9,2020,4,22,2,1,1,1,4,2,10,4
470783,1,1,999,9,1,11,99,99,9,0,99,1,9,99,1,998,999,999,99,0,5,5,1,1,1,99,80,0,999,99,999,24,9,2020,5,20,2,8,1,1,1,3,1,9
470784,1,1,34,2,1,11,20,8,9,0,2,0,1,0,1,998,63,140,5,0,6,1,1,2,1,14,12,0,5,92,0,24,9,2020,5,20,2,35,5,1,8,3,1,4
470787,1,1,62,1,1,11,3,8,0,0,1,0,2,0,1,998,72,210,0,0,2,3,1,2,1,11,54,0,60,99,38,25,9,2020,6,17,2,12,2,3,1,1,1,0
470791,1,1,999,9,1,11,99,99,9,0,99,1,9,99,1,998,999,999,99,0,1,6,1,2,1,1,80,0,999,99,999,26,9,2020,7,22,2,8,3,2,1,3,1,9
470792,1,1,77,1,1,11,20,1,0,0,2,0,1,0,1,998,67,183,0,0,1,3,1,2,1,1,54,0,13,99,28,21,9,2020,2,17,2,12,3,2,1,5,1,4
470796,1,1,38,2,1,11,3,8,0,0,1,0,1,0,1,998,66,150,1,0,1,2,5,2,1,1,50,0,8,0,999,20,9,2020,1,20,2,18,1,1,1,3,1,0
470797,1,1,62,1,1,11,3,20,0,0,2,0,2,0,1,998,999,999,99,0,3,4,1,2,2,14,5,0,13,0,87,24,9,2020,5,15,2,12,18,1,1,1,2,4
470799,1,1,63,1,1,11,3,8,9,0,1,0,1,0,1,998,68,210,0,0,1,2,1,2,2,14,98,0,60,0,81,28,9,2020,2,23,2,18,1,1,1,2,98,4
470800,1,1,34,1,1,11,99,1,1,0,1,0,0,0,1,998,65,145,3,0,1,7,1,2,1,1,66,0,13,99,36,28,9,2020,2,0,2,12,2,2,1,3,1,1
470802,1,1,71,2,1,11,3,20,0,0,2,0,1,0,1,998,67,200,0,0,5,5,6,2,1,1,80,0,7,0,0,12,9,2020,7,21,2,8,1,1,1,3,1,0
470803,1,1,67,1,1,11,3,20,0,0,2,0,1,0,1,998,66,132,0,0,5,5,1,2,1,1,80,1,60,0,6,26,9,2020,7,14,2,8,1,1,1,1,1,0
470804,1,1,999,9,1,11,99,99,0,0,99,1,9,99,1,998,999,999,99,0,1,4,1,2,1,1,80,0,999,99,999,29,9,2020,3,3,2,8,1,1,1,3,1,9
470805,1,1,49,1,1,11,3,20,0,0,1,0,2,0,1,998,72,170,0,0,5,5,1,2,1,1,80,0,60,0,0,29,9,2020,3,20,2,8,1,1,1,3,1,0
470806,1,1,25,2,1,11,3,2,0,0,1,0,1,0,1,998,65,135,0,0,1,2,2,2,1,11,66,0,7,0,81,29,9,2020,3,17,2,12,2,2,1,1,1,1
470807,1,1,82,1,1,11,20,8,0,0,1,0,3,0,1,998,70,223,0,0,2,3,1,2,1,11,15,0,5,0,38,10,9,2020,5,15,2,12,2,2,1,1,1,4
470810,1,1,31,1,1,11,20,20,0,0,2,0,2,0,1,998,70,195,0,0,1,2,2,2,1,14,6,1,13,0,36,21,9,2020,2,17,2,35,1,1,4,1,1,4
470813,1,1,38,1,1,11,3,1,0,0,1,0,1,0,1,998,70,190,0,0,1,4,5,2,1,11,66,0,13,0,38,1,10,2020,5,14,2,12,2,3,1,1,1,0