ST_CASE,VEH_NO,PER_NO,AGE,SEX,PER_TYP,SEAT_POS,REST_USE,AIR_BAG,DRUGS,LOCATION,NUMOCCS,HIT_RUN,OWNER,V_CONFIG,HAZ_INV,TRAV_SP,DR_HGT,DR_WGT,PREV_SPD,SPEEDREL,VTRAFWAY,VNUM_LAN,VPROFILE,VPAVETYP,VSURCOND,P_CRASH1,P_CRASH2,DR_DRINK,VPICBODYCLASS,DRDISTRACT,DRIVERRF,DAY,MONTH,YEAR,DAY_WEEK,HOUR,RUR_URB,HARM_EV,RELJCT2,TYP_INT,REL_ROAD,LGT_COND,WEATHER,INJ_SEV
470818,1,1,56,2,1,11,3,8,0,0,1,0,1,0,1,998,65,135,1,0,1,2,1,2,1,1,13,0,13,99,0,2,10,2020,6,14,2,34,1,1,4,1,1,4
470819,1,1,53,2,1,11,8,8,0,0,1,0,2,0,1,998,60,145,0,0,3,2,5,2,2,1,13,0,13,99,0,28,9,2020,2,9,2,24,5,1,8,1,2,4
470821,1,1,42,2,1,11,20,1,1,0,1,0,2,0,1,998,999,999,0,0,1,4,1,2,1,1,12,1,3,99,0,4,10,2020,1,0,2,39,1,1,4,2,1,4
470822,1,1,51,1,1,11,99,1,0,0,1,0,2,0,1,998,69,178,0,0,2,3,1,2,1,1,54,1,7,99,6,3,10,2020,7,21,2,12,1,1,1,3,1,2
470823,1,1,63,2,1,11,3,20,0,0,1,0,1,0,1,998,63,140,0,0,5,5,6,2,1,1,80,0,5,0,0,12,9,2020,7,1,2,8,1,1,1,3,1,0
470824,1,1,82,1,1,11,3,1,0,0,1,0,1,0,1,998,72,190,0,0,5,5,1,2,1,11,54,0,13,0,38,29,9,2020,3,15,2,12,8,1,1,1,10,0
470825,1,1,24,1,1,11,20,8,0,0,1,0,0,0,1,998,999,999,99,0,5,5,1,2,1,1,54,0,13,99,0,4,10,2020,1,21,2,12,1,1,1,3,1,4
470826,1,1,999,9,1,11,99,99,9,0,99,1,9,99,1,998,999,999,99,0,1,4,1,1,1,1,80,0,999,99,38,6,10,2020,3,19,2,8,1,1,1,3,1,9
470828,1,1,29,1,1,11,3,20,0,0,2,0,0,0,1,998,72,240,1,0,5,5,1,1,1,6,10,0,13,0,999,7,3,2020,7,13,2,12,1,1,1,1,1,4
470830,1,1,33,1,1,11,20,20,0,0,1,0,0,0,1,998,67,160,0,0,1,2,1,2,1,1,13,0,69,99,18,26,9,2020,7,99,2,34,1,1,4,2,1,4
470831,1,1,40,2,1,11,99,20,9,0,1,0,1,0,1,998,67,120,0,0,5,5,1,2,1,11,15,0,13,99,38,27,9,2020,1,19,2,12,8,1,1,3,1,0
470832,1,1,28,2,1,11,3,8,1,0,2,0,1,0,1,998,65,163,2,3,1,2,1,2,1,14,6,1,5,99,36,3,10,2020,7,19,2,30,1,1,4,3,1,1
470833,1,1,29,1,1,11,3,99,1,0,1,0,2,0,1,998,73,200,0,0,3,5,1,1,1,1,13,1,7,0,0,4,10,2020,1,0,2,59,1,1,4,3,1,4
470836,1,1,47,1,1,11,20,8,1,0,1,0,3,0,1,998,66,175,0,3,5,5,6,2,1,14,12,1,7,0,36,4,10,2020,1,0,2,30,1,1,4,3,1,4
470838,1,1,19,1,1,11,3,99,0,0,2,0,2,0,1,998,75,125,0,0,1,2,1,2,1,99,12,0,13,99,999,9,10,2020,6,21,2,35,1,1,4,3,1,1
470839,1,1,24,1,1,11,20,20,0,0,1,0,2,0,1,998,999,999,0,0,1,7,1,2,2,1,10,1,7,99,79,9,10,2020,6,21,2,12,3,2,1,3,1,4
470840,1,1,64,1,1,11,20,20,0,0,1,0,1,0,1,998,75,230,0,0,4,1,1,2,1,1,14,0,7,99,999,9,10,2020,6,99,2,59,1,1,4,9,1,4
470844,1,1,28,1,1,11,20,1,0,0,2,0,2,0,1,998,73,150,1,0,1,7,5,2,1,99,19,1,1,99,89,9,10,2020,6,2,2,12,2,3,1,2,10,4
470845,1,1,20,1,1,11,20,8,1,0,1,1,2,0,1,998,71,180,0,0,5,5,1,2,1,1,50,1,60,0,36,1,10,2020,5,20,2,12,3,2,1,2,1,2
470846,1,1,20,2,1,11,3,20,0,0,1,0,2,0,1,998,63,142,0,0,5,7,1,2,1,10,83,0,13,0,0,7,10,2020,4,12,2,9,3,3,2,1,1,0
470847,1,1,32,2,1,11,3,20,0,0,3,0,1,0,1,998,69,200,0,0,1,2,1,2,1,1,80,0,13,96,0,9,10,2020,6,7,2,8,2,2,1,2,10,0
470849,1,1,46,1,1,11,99,20,9,0,1,1,1,0,1,998,70,140,0,0,1,2,1,2,1,1,80,0,7,99,999,6,10,2020,3,6,2,8,3,3,1,3,1,9
470850,1,1,57,1,1,11,3,1,0,0,1,0,3,0,1,998,67,180,2,0,1,2,1,2,2,1,62,0,60,0,79,10,10,2020,7,13,2,12,1,1,1,1,2,2
470851,1,1,20,1,1,11,3,1,1,0,2,0,2,0,1,998,67,130,0,3,2,2,1,2,1,14,13,0,7,93,4,11,10,2020,1,19,2,33,3,2,4,3,1,4
470853,1,1,18,1,1,11,3,1,9,0,2,0,2,0,1,998,64,125,0,0,2,2,1,2,1,14,12,0,3,99,999,13,10,2020,3,1,2,1,1,1,3,2,1,4
470854,1,1,70,2,1,11,3,20,0,0,1,0,1,0,1,998,62,176,0,0,5,7,6,2,1,1,80,0,60,99,0,12,10,2020,2,5,2,8,1,1,1,3,1,0
470855,1,1,43,1,1,11,3,99,0,0,1,0,3,99,1,998,68,185,1,0,3,4,1,2,2,1,98,0,999,0,0,9,10,2020,6,17,2,57,1,1,3,1,2,4
470856,1,1,16,2,1,11,3,20,0,0,1,0,2,0,1,998,66,291,0,0,1,2,3,2,1,11,15,0,60,0,38,29,4,2020,4,15,2,12,8,1,1,1,1,0
470857,1,1,95,1,1,11,3,8,0,0,1,0,1,0,1,998,70,175,1,0,3,2,6,2,2,1,12,0,7,99,0,12,10,2020,2,9,2,35,1,1,3,1,5,4
470860,1,1,96,1,1,11,3,2,0,0,1,0,1,0,1,998,70,185,0,0,5,5,1,2,1,11,66,0,13,12,38,15,10,2020,5,12,2,12,2,3,1,1,1,4
470861,1,1,32,1,1,11,20,20,1,0,1,0,2,0,1,998,999,999,0,0,1,2,1,2,1,14,13,1,98,99,999,16,10,2020,6,0,2,38,1,1,4,3,1,4
470864,1,1,80,2,1,11,99,1,0,0,2,0,1,0,1,998,65,130,0,0,1,2,1,2,1,1,12,0,13,99,999,14,10,2020,4,15,2,34,3,3,4,1,1,4
470865,1,1,20,2,1,11,3,2,0,0,2,0,1,0,1,998,65,115,0,0,2,1,6,2,2,12,21,0,13,99,48,10,10,2020,7,17,2,12,1,1,1,5,2,2
470866,1,1,54,2,1,11,3,1,0,0,1,0,1,0,1,998,67,180,2,0,1,5,1,2,1,1,50,0,60,93,39,18,10,2020,1,20,2,12,2,2,1,3,1,0
470867,1,1,35,1,1,11,3,1,0,0,1,0,1,0,1,998,74,245,0,0,3,3,1,2,2,1,61,0,7,99,60,10,10,2020,7,5,2,12,1,1,1,3,2,0
470869,1,1,31,1,1,11,20,20,9,0,2,0,1,0,1,998,73,200,0,0,1,2,1,2,1,14,13,0,80,99,36,19,10,2020,2,22,2,42,3,2,4,2,1,4
470871,1,1,63,2,1,11,3,1,0,0,4,0,1,0,1,998,66,253,0,0,1,2,1,2,2,1,13,0,13,99,79,19,10,2020,2,19,2,32,1,1,4,2,1,4
470872,1,1,19,1,1,11,3,1,1,0,1,0,2,0,1,998,67,150,0,0,3,4,5,2,1,1,51,0,13,0,26,14,10,2020,4,21,2,12,1,1,1,2,1,0
470877,1,1,40,1,1,11,3,20,1,0,1,0,1,0,1,998,77,250,0,0,6,2,1,2,2,14,6,1,60,99,79,11,10,2020,1,7,2,31,5,1,4,1,2,4
470878,1,1,999,9,1,11,99,99,9,0,99,1,9,99,1,998,999,999,99,0,1,2,1,2,1,99,82,0,999,99,999,11,10,2020,1,99,2,8,99,99,99,9,1,9
470879,1,1,43,1,1,11,3,20,9,0,1,0,1,0,1,998,73,250,0,0,5,5,1,2,1,1,80,1,60,99,0,17,10,2020,7,19,2,8,1,1,1,3,1,0
470880,1,1,999,9,1,11,99,99,9,0,99,1,9,99,1,998,999,999,99,0,5,5,1,2,1,99,80,0,999,99,999,18,10,2020,1,4,2,8,1,1,11,3,1,9
470881,1,1,31,2,1,11,3,20,0,0,1,0,1,0,1,998,60,110,3,0,3,4,1,2,1,1,80,0,13,0,0,21,10,2020,4,20,2,8,1,1,1,2,1,0
470882,1,1,80,2,1,11,3,1,0,0,1,0,1,0,1,998,61,102,0,0,1,5,1,2,1,1,66,0,13,0,39,13,4,2020,2,19,2,12,2,2,1,1,1,4
470883,1,1,38,2,1,11,99,1,0,0,2,0,2,0,1,998,999,999,0,0,1,2,2,1,1,1,62,0,13,99,999,25,4,2020,7,99,2,12,1,1,1,1,1,2
470884,1,1,34,1,1,11,3,1,9,0,1,0,2,0,1,998,999,999,99,0,1,4,5,2,1,1,10,1,60,93,28,20,9,2020,1,3,2,12,1,1,1,2,1,3
470885,1,1,65,1,1,11,3,20,0,0,1,0,1,0,1,998,74,190,0,0,1,2,1,2,1,1,80,0,13,0,0,17,10,2020,7,19,2,8,2,3,1,3,1,0
470886,1,1,27,2,1,11,3,1,0,0,1,0,1,0,1,998,64,125,1,0,1,2,1,2,1,1,52,0,7,0,6,30,9,2020,4,11,2,12,8,1,1,1,98,0
470888,1,1,21,1,1,11,20,8,0,0,1,0,1,0,1,998,66,174,0,3,6,1,5,2,1,1,6,0,13,0,0,20,10,2020,3,14,2,39,5,1,4,1,1,4
470890,1,1,69,1,1,11,3,20,0,0,1,0,1,0,1,998,69,200,0,0,5,7,3,2,1,1,80,0,60,0,0,19,10,2020,2,5,2,8,1,1,1,3,1,0
470894,1,1,999,9,1,11,99,99,9,0,99,1,9,99,1,998,999,999,99,0,3,2,1,2,1,99,81,0,999,99,999,21,10,2020,4,23,2,8,1,1,4,2,1,9
470895,1,1,16,1,1,11,99,20,0,0,2,1,2,0,1,998,66,132,0,0,5,7,1,2,1,1,80,0,13,99,52,24,10,2020,7,4,2,8,1,1,1,3,1,0
470898,1,1,40,1,1,11,3,1,1,0,1,0,1,0,1,998,72,175,1,0,5,5,6,2,1,1,13,0,60,99,0,23,10,2020,6,7,2,53,1,1,4,1,1,4
470899,1,1,28,2,1,11,99,1,9,0,3,0,2,0,1,998,65,130,0,0,5,5,1,2,2,99,13,1,13,99,999,26,10,2020,2,0,2,33,1,1,4,3,2,4
470900,1,1,61,2,1,11,3,8,0,0,1,0,1,0,1,998,66,180,0,0,2,3,1,2,1,11,54,0,13,99,38,21,10,2020,4,9,2,12,2,3,1,1,1,4
470903,1,1,32,1,1,11,3,20,0,0,1,0,3,6,1,0,71,194,1,0,3,5,5,1,1,5,53,0,66,0,54,25,10,2020,1,17,2,12,1,1,1,3,1,0
470904,1,1,83,1,1,11,3,20,0,0,1,0,1,0,1,998,72,205,0,0,5,7,1,2,1,11,15,0,60,0,38,8,10,2020,5,14,2,12,8,1,1,1,1,4
470905,1,1,59,1,1,11,20,1,0,0,2,0,1,0,1,998,999,999,0,0,3,2,1,2,1,6,51,0,13,0,34,23,10,2020,6,12,2,12,1,1,2,1,1,4
470908,1,1,24,2,1,11,3,8,1,0,1,0,2,0,1,998,65,170,0,0,2,2,1,2,1,1,54,1,13,0,50,20,10,2020,3,23,2,12,1,1,1,2,1,4
470911,1,1,85,2,1,11,3,20,0,0,1,0,1,0,1,998,62,170,0,0,5,5,5,2,1,1,13,0,7,0,0,22,10,2020,5,11,2,33,1,1,4,1,10,4
470914,1,1,63,1,1,11,20,1,0,0,1,0,1,0,1,998,73,270,1,0,3,4,6,1,1,4,53,0,60,0,45,23,10,2020,6,4,2,12,1,1,1,2,1,4
470919,1,1,23,1,1,11,3,20,9,0,2,0,2,0,1,998,999,999,0,4,5,5,1,2,2,14,10,0,13,99,6,29,10,2020,5,16,2,12,1,1,1,1,2,3
470921,1,1,33,2,1,11,3,1,0,0,1,0,2,0,1,998,66,185,0,0,1,2,1,2,1,1,80,0,13,15,89,27,10,2020,3,23,2,8,1,1,1,2,1,0
470924,1,1,28,1,1,11,99,20,0,0,1,0,2,0,1,998,68,200,1,0,1,5,5,2,1,11,66,0,3,99,38,30,10,2020,6,22,2,12,8,1,1,3,1,4
470925,1,1,39,1,1,11,99,1,1,0,2,0,1,0,1,998,71,340,0,0,3,3,1,2,1,1,52,0,7,96,0,30,10,2020,6,12,2,12,1,1,1,1,1,4
470926,1,1,41,1,1,11,99,99,0,0,1,0,9,0,1,998,66,140,0,0,6,1,5,1,2,14,13,0,13,99,79,11,10,2020,1,2,2,23,5,1,4,3,2,4
470928,1,1,65,1,1,11,3,20,0,0,3,0,1,0,1,998,70,210,0,0,1,2,1,2,1,1,80,0,7,99,0,31,10,2020,7,20,2,8,1,1,1,2,10,0
470929,1,1,19,1,1,11,20,8,0,0,3,0,1,0,1,998,70,142,0,4,1,2,1,2,1,14,12,1,13,99,36,20,10,2020,3,20,2,34,1,1,4,2,1,3
470930,1,1,44,1,1,11,99,99,1,0,3,0,2,0,1,998,70,165,0,0,3,5,1,1,1,15,61,1,13,99,38,30,10,2020,6,20,2,12,1,1,1,3,1,4
470931,1,1,34,1,1,11,99,20,0,0,1,0,1,0,1,998,66,220,0,0,1,3,6,2,1,1,98,0,60,99,0,31,10,2020,7,14,2,72,1,1,1,1,1,0
470932,1,1,27,2,1,11,3,20,0,0,2,0,1,0,1,998,63,195,0,0,3,5,1,2,1,1,8,0,7,0,58,1,11,2020,1,16,2,1,1,1,1,1,1,4
470934,1,1,999,9,1,11,99,99,9,0,99,1,9,99,1,998,999,999,99,0,2,4,1,2,1,1,80,0,999,99,36,29,9,2020,3,6,2,8,1,1,1,4,1,9
470936,1,1,65,1,1,11,3,8,0,0,1,0,1,0,1,998,71,220,0,0,3,3,1,2,1,1,80,0,7,99,81,2,11,2020,2,99,2,14,1,1,4,1,1,0
470937,1,1,58,2,1,11,20,8,1,0,1,0,1,0,1,998,61,140,0,0,1,2,1,2,1,14,13,1,13,99,0,1,11,2020,1,17,2,34,1,1,4,5,1,4
470941,1,1,21,1,1,11,99,8,0,0,1,0,9,0,1,998,69,130,0,0,2,3,1,2,1,1,13,1,13,99,999,30,10,2020,6,0,2,33,1,1,4,3,1,4
470942,1,1,37,1,1,11,20,20,1,0,1,0,2,0,1,998,68,165,0,0,1,1,1,2,1,1,13,0,3,99,999,1,11,2020,1,18,2,30,1,1,4,6,1,4
470943,1,1,19,1,1,11,3,20,0,0,1,0,1,0,1,998,73,195,0,0,5,5,6,2,2,1,17,0,7,99,39,29,10,2020,5,8,2,12,2,2,1,1,2,1
470944,1,1,33,1,1,11,99,20,1,0,4,0,1,0,1,998,71,245,0,0,5,7,1,2,1,1,10,1,13,99,6,29,10,2020,5,19,2,12,1,1,1,3,1,1
470946,1,1,75,1,1,11,20,1,0,0,1,0,1,0,1,998,72,184,0,0,1,3,1,2,1,99,72,0,60,0,0,29,10,2020,5,11,2,12,8,1,1,1,10,4
470947,1,1,49,2,1,11,3,99,0,0,1,0,2,0,1,998,68,251,0,0,1,1,1,2,1,14,13,0,13,0,36,1,11,2020,1,17,2,40,1,1,4,2,1,4
470948,1,1,28,1,1,11,3,20,0,0,1,0,1,0,1,998,71,195,1,0,5,7,1,2,1,1,80,0,7,0,0,4,11,2020,4,17,2,8,1,1,1,2,1,0
470950,1,1,18,1,1,11,3,20,0,0,1,0,1,0,1,998,67,161,3,0,5,7,1,2,1,1,83,0,13,0,0,3,11,2020,3,7,2,9,1,1,1,1,1,0
470951,1,1,74,1,1,11,3,1,9,0,1,0,1,0,1,998,72,290,0,0,5,5,1,2,1,1,10,0,60,99,28,4,11,2020,4,10,2,12,1,1,1,1,1,4
470953,1,1,69,1,1,11,20,20,0,0,1,0,1,0,1,0,75,222,3,0,3,3,1,2,1,5,53,0,2,99,54,6,11,2020,6,7,2,12,1,1,1,1,1,4
470956,1,1,18,1,1,11,3,20,1,0,1,0,1,0,1,998,72,171,0,0,1,5,1,2,1,1,80,1,13,99,36,8,11,2020,1,17,2,8,1,1,1,3,1,0
470957,1,1,24,1,1,11,20,1,0,0,1,0,2,0,1,998,71,200,1,0,2,2,1,2,1,1,12,1,7,99,999,8,11,2020,1,2,2,33,1,1,3,3,1,4
470958,1,1,30,1,1,11,20,1,1,0,1,0,0,0,1,998,72,190,0,0,1,2,1,2,1,1,12,0,1,0,8,8,11,2020,1,22,2,30,1,1,4,3,1,4
470959,1,1,24,2,1,11,3,8,0,0,1,0,3,0,1,998,66,140,1,0,3,2,1,2,1,14,51,1,7,0,26,3,10,2020,7,23,2,12,1,1,1,3,1,1
470960,1,1,35,2,1,11,3,20,0,0,1,0,1,0,1,998,66,180,0,0,5,5,1,2,2,11,82,0,60,0,38,10,10,2020,7,19,2,8,3,3,1,3,2,0
470962,1,1,31,1,1,11,3,20,0,0,3,0,1,0,1,998,72,999,0,0,2,2,1,2,1,1,10,0,60,0,36,31,10,2020,7,20,2,12,1,1,1,2,1,2
470963,1,1,20,1,1,11,3,20,0,0,4,0,2,0,1,998,999,999,99,0,1,2,2,2,1,14,80,0,13,0,0,9,11,2020,2,21,2,8,1,1,1,2,10,0
470964,1,1,58,2,1,11,3,20,0,0,1,0,1,0,1,998,67,139,0,0,1,2,6,2,1,1,83,0,7,0,0,31,10,2020,7,18,2,15,1,1,1,3,10,0
470966,1,1,23,2,1,11,20,8,0,0,1,0,2,0,1,998,68,185,0,3,1,3,5,2,1,14,12,1,7,99,0,10,11,2020,3,2,2,33,3,2,4,3,1,4
470967,1,1,27,1,1,11,99,99,1,0,1,0,1,0,1,998,67,157,1,0,3,5,1,2,1,1,13,0,13,99,36,9,11,2020,2,1,2,42,1,1,4,3,1,4
470969,1,1,18,1,1,11,20,99,0,0,2,0,9,0,1,998,999,999,99,3,1,2,1,2,1,14,6,0,3,99,0,31,10,2020,7,20,2,41,1,1,4,2,1,4
470970,1,1,45,1,1,11,3,20,0,0,1,0,3,6,2,998,71,275,0,0,2,3,1,2,1,1,80,0,66,0,0,11,11,2020,4,17,2,8,1,1,1,2,1,0
470973,1,1,999,9,1,11,99,99,9,0,99,1,9,99,1,998,999,999,99,0,1,2,1,2,1,1,80,0,999,99,999,9,11,2020,2,18,2,8,1,1,1,3,1,9
470977,1,1,999,9,1,11,99,99,9,0,99,1,9,99,1,998,999,999,99,0,1,4,1,2,1,1,80,0,999,99,999,30,10,2020,6,22,2,8,1,1,1,3,1,9
470984,1,1,21,1,1,11,20,20,0,0,1,0,2,0,1,63,70,195,1,3,2,2,1,2,1,1,67,1,80,99,0,13,10,2020,3,19,2,1,2,3,1,3,1,4
470986,1,1,68,1,1,11,3,20,9,0,1,0,4,6,1,998,999,999,0,0,2,2,1,2,1,1,12,0,66,0,36,14,11,2020,7,4,2,32,1,1,4,2,1,4
470987,1,1,39,1,1,11,3,20,0,0,1,0,3,6,1,998,75,265,0,0,2,2,1,2,1,1,84,0,66,0,0,11,11,2020,4,18,2,9,1,1,1,3,1,0
470988,1,1,22,2,1,11,3,20,0,0,3,0,1,0,1,998,999,999,0,0,2,3,1,2,1,11,66,0,13,0,38,14,11,2020,7,15,2,12,2,2,1,1,1,0
470989,1,1,25,1,1,11,20,1,0,0,1,0,1,0,1,998,73,180,2,3,5,5,2,2,1,14,6,0,13,0,28,16,11,2020,2,6,2,12,1,1,1,1,1,4
470990,1,1,999,9,1,11,99,99,9,0,99,1,9,99,1,998,999,999,99,0,5,7,1,2,1,99,80,0,999,99,999,16,11,2020,2,19,2,8,1,1,1,3,1,9
470993,1,1,999,9,1,11,99,99,9,0,99,1,9,99,1,998,999,999,99,0,1,2,5,2,2,99,80,0,999,99,999,26,10,2020,2,5,2,8,2,2,1,3,2,9
471001,1,1,63,2,1,11,3,8,1,0,1,0,1,0,1,998,66,150,0,0,5,3,1,2,1,11,66,1,13,0,38,18,11,2020,4,16,2,12,8,1,1,1,1,0
471003,1,1,48,1,1,11,1,20,0,0,1,0,1,0,1,998,999,999,0,0,1,2,1,2,1,1,80,0,60,0,0,20,11,2020,6,17,2,8,1,1,1,5,1,0
471004,1,1,41,2,1,11,3,8,0,0,1,0,2,0,1,998,62,110,0,0,3,4,1,2,1,1,80,0,7,99,0,19,11,2020,5,13,2,8,1,1,1,1,1,0
471006,1,1,50,1,1,11,3,1,0,0,1,0,1,0,1,998,72,190,0,4,1,4,5,2,1,14,50,0,60,0,0,19,11,2020,5,15,2,45,1,1,1,1,1,1
471007,1,1,27,2,1,11,99,99,9,0,1,1,2,0,1,998,62,130,0,0,1,4,1,2,1,1,80,0,13,99,0,20,11,2020,6,18,2,8,1,1,1,3,1,9
471009,1,1,40,1,1,11,3,1,1,0,1,0,2,0,1,998,68,160,0,0,1,2,1,2,1,1,10,0,13,99,51,15,11,2020,1,14,2,12,1,1,1,1,1,3
471014,1,1,25,1,1,11,3,1,0,0,1,0,1,0,1,998,999,999,0,0,1,7,1,2,1,11,54,1,13,0,38,21,11,2020,7,22,2,12,2,2,1,3,1,1
471016,1,1,17,1,1,11,99,20,0,0,2,0,1,0,1,998,68,175,0,0,3,4,1,2,1,15,10,0,1,99,38,20,11,2020,6,19,2,12,1,1,1,3,1,2
471017,1,1,43,1,1,11,3,20,0,0,1,0,1,0,1,998,69,190,0,0,3,3,2,2,1,11,54,0,60,99,38,18,11,2020,4,23,2,12,2,4,1,3,1,0
471018,1,1,52,2,1,11,3,8,0,0,1,0,1,0,1,998,66,168,1,0,2,3,2,2,1,1,54,0,7,99,50,21,11,2020,7,17,2,12,1,1,1,5,1,4
471021,1,1,31,1,1,11,3,20,0,0,1,0,3,6,1,998,71,280,0,0,1,2,1,2,1,1,62,0,66,0,0,19,11,2020,5,16,2,12,1,1,1,1,1,0
471023,2,1,18,2,1,11,3,1,0,0,1,0,2,0,1,998,64,125,0,0,3,3,1,2,1,17,50,0,7,0,84,24,11,2020,3,19,2,8,1,1,1,6,1,0
471024,1,1,22,1,1,11,20,8,0,0,1,0,1,0,1,998,72,335,1,0,5,6,1,2,1,1,17,0,13,0,999,24,11,2020,3,13,2,12,2,2,1,1,1,4
471030,1,1,40,2,1,11,20,1,0,0,2,0,1,0,1,998,999,999,99,3,3,2,1,2,1,14,50,1,5,10,41,28,11,2020,7,23,2,12,1,1,1,2,10,4
471031,1,1,30,1,1,11,3,8,0,0,3,0,2,0,1,998,72,180,1,0,1,2,1,2,1,1,10,0,7,98,28,24,11,2020,3,20,2,12,1,1,1,2,1,2
471033,1,1,21,1,1,11,20,8,0,0,2,0,2,0,1,998,63,165,1,0,1,2,2,2,1,14,13,0,13,93,0,13,11,2020,6,1,2,42,1,1,4,2,1,2
471034,1,1,999,9,1,11,99,99,0,0,99,1,9,99,1,998,999,999,99,0,2,2,1,2,1,99,80,0,999,99,999,30,11,2020,2,21,2,8,1,1,1,2,1,9
471035,1,1,42,1,1,11,3,1,0,0,5,0,2,0,1,998,65,130,0,0,3,3,1,2,1,1,50,0,2,99,0,30,11,2020,2,10,2,14,1,1,2,1,10,4
471036,1,1,18,2,1,11,3,1,1,0,2,0,1,0,1,998,66,220,0,0,1,7,1,2,1,1,66,1,7,99,36,2,12,2020,4,14,2,12,2,3,1,1,1,1
471037,1,1,999,9,1,11,99,99,9,0,99,1,9,99,1,998,999,999,99,0,5,5,1,2,1,99,80,0,999,99,999,2,12,2020,4,17,2,8,1,1,1,1,1,9
471039,1,1,40,1,1,11,20,8,0,0,1,0,1,0,1,998,72,215,0,0,1,2,1,2,1,14,12,1,13,99,36,1,12,2020,3,16,2,42,1,1,4,5,10,4
471043,1,1,999,9,1,11,99,99,9,0,99,1,9,99,1,998,999,999,99,0,1,4,1,2,1,15,10,0,999,99,27,3,12,2020,5,16,2,12,1,1,1,1,1,9
471047,1,1,23,1,1,11,8,20,8,0,2,1,1,0,1,998,999,999,99,0,2,3,1,2,2,11,15,1,5,99,42,3,12,2020,5,5,2,12,2,2,1,6,3,1
471048,1,1,48,2,1,11,20,8,0,0,1,0,1,0,1,998,64,120,0,4,1,2,1,2,2,1,13,1,13,99,79,5,12,2020,7,0,2,32,1,1,4,3,1,4
471049,1,1,23,1,1,11,3,20,0,0,1,0,2,0,1,998,70,165,0,0,3,4,1,2,2,1,80,0,7,0,0,3,12,2020,5,19,2,8,1,1,1,3,2,0
471051,1,1,61,2,1,11,3,20,0,0,1,0,1,0,1,998,63,150,0,0,3,2,2,2,1,1,80,0,13,0,0,6,12,2020,1,19,2,8,1,1,1,2,1,0
471053,1,1,68,1,1,11,20,2,0,0,1,0,1,0,1,998,72,190,0,0,1,2,1,2,1,1,14,0,7,99,0,22,10,2020,5,16,2,34,1,1,4,1,1,4
471054,1,1,999,9,1,11,99,99,9,0,99,1,9,99,1,998,999,999,99,0,3,4,1,2,1,99,80,0,999,99,999,6,12,2020,1,2,2,8,1,1,1,2,1,9
471055,1,1,28,1,1,11,20,20,1,0,3,0,2,0,1,998,68,175,0,3,3,2,6,2,1,14,6,1,13,99,36,7,12,2020,2,99,2,42,1,1,4,2,1,3
471057,1,1,85,1,1,11,99,1,0,0,1,0,1,0,1,998,68,190,0,0,1,2,6,2,1,1,14,0,60,99,39,14,11,2020,7,0,2,33,3,3,4,3,1,4
471061,1,1,41,1,1,11,20,20,0,0,1,0,1,0,1,998,68,145,0,0,1,2,1,2,1,14,13,0,60,99,0,1,12,2020,3,22,2,32,1,1,4,2,1,4
471062,1,1,33,1,1,11,99,99,0,0,2,1,1,0,1,998,66,130,1,0,5,5,1,2,1,1,80,1,7,99,91,3,12,2020,5,22,2,8,1,1,1,3,1,0
471063,1,1,33,1,1,11,20,20,0,0,1,0,1,0,1,998,999,999,99,0,1,2,1,2,1,1,50,0,13,0,28,7,12,2020,2,17,2,12,1,1,1,2,1,4
471064,1,1,17,1,1,11,3,20,0,0,2,0,2,0,1,998,73,170,0,0,5,3,3,2,1,1,80,0,60,0,0,4,12,2020,6,17,2,8,1,1,1,3,1,0
471065,1,1,37,2,1,11,3,8,1,0,1,0,2,0,1,998,66,156,0,0,1,3,1,2,1,1,10,0,13,99,28,11,12,2020,6,17,2,12,1,1,1,5,1,4
471066,1,1,45,1,1,11,20,1,1,0,1,0,0,0,1,998,66,205,0,0,1,2,2,2,1,1,13,0,13,0,36,10,12,2020,5,0,2,42,1,1,4,2,1,4
471069,1,1,35,1,1,11,99,20,1,0,2,0,2,0,1,998,71,185,1,0,5,5,6,2,1,1,13,0,13,0,0,10,12,2020,5,6,2,53,1,1,4,3,1,0
471070,1,1,68,2,1,11,8,20,0,0,2,0,1,0,1,998,62,140,0,0,1,2,1,2,2,14,13,0,60,99,79,19,5,2020,3,15,2,42,1,1,4,1,2,4
471073,1,1,999,1,1,11,99,99,9,0,99,1,9,99,1,998,999,999,99,0,5,5,1,2,2,1,80,0,999,99,36,11,12,2020,6,21,2,8,1,1,1,3,2,9
471074,1,1,42,1,1,11,99,99,0,0,1,0,2,0,1,998,69,178,0,0,5,3,1,2,1,14,12,0,13,99,999,13,12,2020,1,99,2,30,1,1,4,3,1,4
471076,1,1,58,1,1,11,20,20,1,0,1,0,1,0,1,998,69,150,0,0,1,2,1,1,1,1,13,1,82,99,0,10,12,2020,5,19,2,35,1,1,4,2,1,4