ST_CASE,VEH_NO,PER_NO,AGE,SEX,PER_TYP,SEAT_POS,REST_USE,AIR_BAG,DRUGS,LOCATION,NUMOCCS,HIT_RUN,OWNER,V_CONFIG,HAZ_INV,TRAV_SP,DR_HGT,DR_WGT,PREV_SPD,SPEEDREL,VTRAFWAY,VNUM_LAN,VPROFILE,VPAVETYP,VSURCOND,P_CRASH1,P_CRASH2,DR_DRINK,VPICBODYCLASS,DRDISTRACT,DRIVERRF,DAY,MONTH,YEAR,DAY_WEEK,HOUR,RUR_URB,HARM_EV,RELJCT2,TYP_INT,REL_ROAD,LGT_COND,WEATHER,INJ_SEV
480361,1,1,999,9,1,11,20,20,8,0,99,1,9,0,1,998,999,999,99,5,1,2,1,8,1,14,13,0,13,96,0,1,2,2020,7,14,2,42,1,1,4,1,1,9
480362,1,1,28,1,1,11,99,20,8,0,2,0,2,0,1,998,999,999,1,0,5,5,3,8,1,1,83,0,60,96,0,2,2,2020,1,21,2,9,1,1,1,3,1,0
480363,1,1,60,2,1,11,3,8,8,0,1,0,1,0,1,998,999,999,2,0,1,2,1,8,1,1,8,0,13,0,0,13,2,2020,5,10,2,30,3,2,4,1,10,4
480366,1,1,24,2,1,11,3,20,8,0,1,1,1,0,1,998,999,999,0,0,3,5,1,8,1,1,80,0,7,5,0,10,2,2020,2,2,2,8,1,1,1,2,1,0
480367,1,1,25,1,1,11,3,8,8,0,1,0,1,0,1,998,72,175,0,0,1,2,1,8,1,1,65,0,13,96,0,9,2,2020,1,6,2,12,2,2,1,2,10,4
480368,1,1,17,1,1,11,20,9,1,0,3,0,2,0,1,998,999,999,0,0,3,2,1,8,1,1,13,1,7,96,0,9,2,2020,1,22,2,1,1,1,10,3,1,4
480369,1,1,86,2,1,11,3,1,8,0,1,0,2,0,1,998,999,999,0,4,2,2,1,8,2,1,6,0,7,96,87,9,2,2020,1,14,2,59,1,1,4,1,10,4
480374,1,1,25,1,1,11,3,8,8,0,2,0,1,0,1,998,999,999,0,0,2,3,1,1,1,1,12,1,13,96,28,9,2,2020,1,5,2,30,3,2,3,6,1,4
480375,1,1,28,1,1,11,99,99,8,0,1,0,2,0,1,998,999,999,1,0,2,2,1,8,1,1,12,0,7,96,0,8,2,2020,7,0,2,33,1,1,4,3,1,4
480380,1,1,20,1,1,11,3,1,0,0,1,0,1,0,1,60,999,999,0,0,3,4,3,8,1,1,50,1,119,96,0,6,2,2020,5,1,2,12,18,1,1,2,1,0
480382,1,1,46,1,1,11,3,20,8,0,1,0,2,6,1,998,65,999,0,0,5,5,1,8,2,1,62,0,66,96,0,10,2,2020,2,20,2,12,1,1,1,2,2,2
480383,1,1,21,1,1,11,3,8,0,0,1,0,1,0,1,998,999,999,1,5,2,2,1,8,1,14,6,1,3,96,0,18,2,2020,3,23,2,42,1,1,4,2,1,4
480386,1,1,32,1,1,11,3,8,8,0,1,0,3,0,1,998,71,187,0,4,3,2,1,2,1,1,51,1,60,96,26,14,2,2020,6,5,2,12,1,1,1,3,1,4
480387,1,1,27,1,1,11,20,9,1,0,1,0,2,0,1,998,999,999,0,0,3,4,1,8,2,1,11,0,7,96,28,12,2,2020,4,4,2,12,1,1,1,3,2,4
480388,1,1,59,1,1,11,3,20,8,0,1,0,1,0,1,998,999,999,0,0,2,3,1,8,1,1,80,0,7,96,0,17,2,2020,2,21,2,8,1,1,1,3,10,0
480390,1,1,18,1,1,11,3,1,8,0,1,0,1,0,1,998,999,999,0,0,1,4,1,8,2,15,10,0,13,96,28,18,2,2020,3,5,2,12,1,1,1,2,5,4
480391,1,1,18,1,1,11,3,8,0,0,3,0,2,0,1,998,999,999,0,0,4,1,1,8,1,1,13,1,60,96,91,23,2,2020,1,2,2,20,1,1,8,3,10,3
480392,1,1,73,1,1,11,20,20,0,0,1,0,1,0,1,998,64,140,0,0,2,2,1,1,1,1,66,0,60,96,0,18,2,2020,3,6,2,12,2,2,1,1,10,4
480393,1,1,69,1,1,11,3,20,8,0,1,0,1,0,1,998,999,999,0,0,5,3,1,8,1,1,80,0,13,96,0,18,2,2020,3,18,2,8,1,1,1,2,1,0
480395,1,1,55,2,1,11,3,20,0,0,1,0,1,0,1,998,999,999,0,0,5,5,1,8,1,1,80,0,7,96,0,22,2,2020,7,22,2,8,1,1,1,2,1,0
480396,1,1,77,1,1,11,3,9,8,0,1,0,2,0,1,998,999,999,0,5,1,2,1,8,1,1,8,0,13,0,0,26,2,2020,4,12,2,42,1,1,4,1,1,4
480397,1,1,35,1,1,11,20,9,0,0,1,0,2,0,1,998,999,999,0,5,1,4,2,2,1,14,13,1,13,96,999,26,2,2020,4,21,2,30,1,1,4,3,1,4
480398,1,1,16,1,1,11,20,9,8,0,1,0,2,0,1,998,999,999,0,5,2,5,3,8,1,1,62,0,60,96,0,23,2,2020,1,18,2,12,2,2,1,3,10,1
480400,1,1,47,1,1,11,3,8,8,0,1,0,1,0,1,0,68,227,0,0,3,3,2,8,1,7,53,0,3,96,0,22,2,2020,7,5,2,12,1,1,1,2,10,4
480404,1,1,36,1,1,11,3,20,8,0,1,0,2,0,1,998,999,999,0,0,3,6,1,8,1,1,80,0,60,96,0,22,2,2020,7,4,2,8,1,1,1,3,1,0
480405,1,1,71,1,1,11,99,99,8,0,1,0,2,0,1,998,999,999,0,0,4,2,1,8,1,14,13,0,13,96,0,1,2,2020,7,13,2,38,19,1,4,1,1,4
480406,1,1,21,1,1,11,3,9,8,0,3,0,1,0,1,998,999,999,0,0,3,4,1,8,1,1,80,0,7,98,0,26,2,2020,4,19,2,8,1,1,1,2,1,0
480407,1,1,36,1,1,11,3,8,8,0,1,0,1,0,1,998,999,999,0,0,0,0,0,0,0,11,15,0,3,96,38,22,2,2020,7,4,2,12,8,1,1,3,1,4
480409,1,1,72,1,1,11,3,20,8,0,1,1,1,0,1,998,999,999,1,0,2,2,1,1,1,1,80,0,60,96,0,21,2,2020,6,5,2,8,1,1,1,2,1,0
480410,1,1,29,1,1,11,3,20,8,0,99,1,2,0,1,998,999,999,0,0,1,4,1,8,1,1,80,0,8,96,0,7,2,2020,6,1,2,8,1,1,1,2,1,0
480411,1,1,65,1,1,11,20,1,8,0,1,0,1,0,1,82,999,999,2,3,1,2,1,8,1,1,9,1,13,96,0,24,2,2020,2,21,2,33,1,1,4,3,1,4
480412,1,1,54,1,1,11,3,20,8,0,1,0,1,0,1,998,999,999,0,0,1,3,1,8,1,1,72,0,60,96,0,28,2,2020,6,17,2,12,8,1,1,1,1,1
480413,1,1,47,1,1,11,3,20,8,0,1,0,1,6,1,998,73,200,0,0,2,2,2,8,6,14,13,0,66,96,0,19,2,2020,4,22,2,8,19,1,10,2,2,0
480414,1,1,21,1,1,11,20,8,8,0,2,0,1,0,1,998,999,999,3,5,2,2,8,8,1,1,17,1,3,96,91,29,2,2020,7,4,2,12,2,2,1,3,1,2
480415,1,1,44,1,1,11,20,8,8,0,1,0,2,0,1,998,999,999,0,0,5,7,1,8,1,99,13,0,60,96,0,1,3,2020,1,20,2,30,1,1,8,3,1,4
480418,1,1,19,1,1,11,20,8,8,0,1,0,2,0,1,998,999,999,0,3,5,7,1,8,1,1,68,0,13,96,0,24,2,2020,2,14,2,12,2,3,1,1,10,2
480420,1,1,34,1,1,11,20,9,8,0,1,0,2,0,1,998,73,217,1,0,2,2,1,1,1,1,13,1,7,96,0,22,2,2020,7,6,2,33,1,1,4,6,10,4
480421,1,1,25,1,1,11,3,20,8,0,1,0,1,0,1,998,999,999,0,0,1,2,1,8,2,1,13,0,60,96,91,10,2,2020,2,18,2,8,1,1,4,2,2,0
480423,1,1,20,1,1,11,20,1,8,0,3,0,2,0,1,998,999,999,0,5,1,2,1,8,1,1,13,0,13,96,0,25,2,2020,3,8,2,33,1,1,4,1,1,3
480426,1,1,999,9,1,11,99,99,8,0,99,1,9,99,1,998,999,999,99,0,1,4,1,8,1,1,80,0,999,96,0,14,2,2020,6,19,2,8,1,1,1,2,1,9
480428,1,1,32,1,1,11,3,20,8,0,1,0,0,0,1,998,74,187,0,0,2,3,1,8,1,1,13,0,60,96,0,21,2,2020,6,12,2,42,1,1,4,1,1,4
480429,1,1,42,2,1,11,20,20,0,0,1,1,1,0,1,40,999,999,0,3,2,2,1,8,1,1,80,1,103,96,38,16,2,2020,1,16,2,8,3,2,1,1,1,2
480431,1,1,76,1,1,11,20,20,0,0,1,0,0,0,1,998,999,999,0,0,5,5,1,8,1,1,8,0,94,0,73,1,3,2020,1,3,2,33,1,1,8,3,1,4
480440,1,1,37,1,1,11,3,9,1,0,1,0,1,0,1,998,999,999,0,4,3,4,2,1,1,1,51,0,7,96,0,29,2,2020,7,5,2,12,1,1,1,3,1,0
480441,1,1,24,1,1,11,3,8,0,0,4,0,1,0,1,76,999,999,4,3,3,3,1,8,1,1,10,1,60,96,91,27,2,2020,5,22,2,14,1,1,2,3,1,0
480443,1,1,38,1,1,11,20,1,8,0,1,0,2,0,1,998,73,216,0,5,2,3,1,8,2,1,50,1,13,96,0,2,3,2020,2,1,2,12,3,2,1,2,1,4
480444,1,1,45,1,1,11,3,1,8,0,1,0,1,0,1,998,999,999,0,0,3,3,1,8,1,1,54,0,60,96,50,15,2,2020,7,2,2,12,1,1,1,3,1,4
480446,1,1,20,1,1,11,20,8,1,0,1,0,0,0,1,998,999,999,1,5,2,2,1,1,2,1,13,1,13,96,0,11,3,2020,4,4,2,98,1,1,4,2,5,4
480448,1,1,48,1,1,11,20,20,8,0,1,0,0,0,1,998,71,318,0,0,4,2,1,8,1,1,99,1,81,96,0,7,3,2020,7,21,2,1,1,1,1,3,1,4
480449,1,1,24,1,1,11,3,20,8,0,1,0,1,0,1,998,999,999,0,0,6,1,2,8,1,1,80,0,60,96,0,5,3,2020,5,16,2,8,20,1,1,1,1,0
480454,1,1,28,2,1,11,3,1,8,0,1,0,1,0,1,998,999,999,0,0,2,5,1,8,1,1,83,0,13,96,0,3,3,2020,3,22,2,9,3,2,1,3,10,1
480455,1,1,42,1,1,11,20,8,1,0,1,0,2,0,1,998,999,999,0,0,2,4,1,8,1,1,12,0,60,96,0,13,3,2020,6,23,2,30,1,1,4,3,1,4
480458,1,1,81,1,1,11,3,20,8,0,1,1,3,0,1,998,999,999,0,0,6,2,2,8,1,14,80,0,7,96,0,6,3,2020,6,18,2,8,20,1,1,2,1,0
480459,1,1,45,1,1,11,3,8,8,0,1,0,2,0,1,998,999,999,0,0,2,2,1,8,1,1,54,1,60,96,91,10,3,2020,3,0,2,12,1,1,1,2,10,3
480462,1,1,60,1,1,11,3,20,8,0,1,0,1,0,1,998,999,999,0,0,2,2,1,8,1,1,80,0,7,96,58,2,3,2020,2,20,2,8,1,1,1,2,1,0
480463,1,1,25,2,1,11,3,8,1,0,1,0,1,0,1,70,999,999,0,5,2,3,1,1,1,1,17,1,7,96,91,3,3,2020,3,12,2,12,2,2,1,1,10,1
480465,1,1,58,2,1,11,20,9,8,0,1,0,1,0,1,65,62,133,0,3,2,2,1,8,1,1,62,0,13,96,0,6,3,2020,6,7,2,12,2,2,1,1,1,4
480466,1,1,21,1,1,11,20,8,0,0,3,0,2,0,1,100,74,150,0,3,3,4,1,8,1,16,6,0,13,96,37,13,3,2020,6,17,2,41,5,1,4,1,1,4
480467,1,1,54,1,1,11,20,1,8,0,1,0,1,0,1,998,73,178,1,5,3,2,1,8,1,14,13,1,7,96,58,15,3,2020,1,1,2,33,1,1,4,2,1,4
480469,1,1,35,1,1,11,99,99,8,0,1,0,2,0,1,998,999,999,0,0,3,2,1,8,2,1,54,1,60,93,50,14,3,2020,7,3,2,12,1,1,1,3,2,4
480470,1,1,50,2,1,11,3,20,8,0,1,0,1,0,1,998,999,999,0,0,2,4,1,8,1,1,80,0,7,96,38,10,3,2020,3,6,2,8,3,2,1,6,1,0
480471,1,1,21,1,1,11,99,8,0,0,3,0,3,0,1,998,999,999,0,5,4,2,1,8,1,1,13,1,13,96,0,9,3,2020,2,5,2,38,1,1,5,3,1,4
480472,1,1,46,1,1,11,20,20,8,0,1,0,0,0,1,998,69,176,1,0,2,3,2,8,1,1,62,1,81,96,0,2,2,2020,1,15,2,12,2,3,1,1,1,4
480473,1,1,38,1,1,11,3,8,8,0,3,0,1,0,1,998,999,999,0,0,2,2,1,8,1,11,15,0,5,96,38,4,2,2020,3,13,2,12,2,3,1,1,1,0
480474,1,1,41,1,1,11,3,20,8,0,1,0,1,0,1,998,999,999,0,0,2,4,1,2,1,11,15,0,60,93,38,30,1,2020,5,14,2,12,2,2,1,1,10,0
480475,1,1,33,1,1,11,3,20,8,0,1,0,0,0,1,70,999,999,0,5,3,4,1,8,1,6,13,0,13,96,27,2,2,2020,1,17,2,8,1,1,2,1,1,0
480477,1,1,62,2,1,11,3,20,0,0,1,0,1,0,1,998,999,999,0,0,1,2,1,1,1,1,80,0,60,96,0,4,2,2020,3,5,2,8,1,1,1,3,10,0
480478,1,1,29,2,1,11,3,20,8,0,2,0,1,0,1,998,68,190,0,0,3,4,1,1,1,1,80,0,13,96,0,2,2,2020,1,18,2,8,1,1,1,3,1,0
480481,1,1,23,1,1,11,20,8,1,0,2,0,0,0,1,998,74,394,1,5,2,3,1,8,1,14,6,1,7,96,0,2,2,2020,1,6,2,33,1,1,3,4,1,4
480482,1,1,999,9,1,11,99,99,8,0,99,1,9,99,1,998,999,999,99,4,1,4,3,8,1,1,80,0,999,96,0,4,2,2020,3,18,2,8,1,1,1,3,10,9
480483,1,1,20,1,1,11,3,1,8,0,1,0,1,0,1,998,999,999,0,4,1,2,1,8,1,1,17,0,3,93,6,5,2,2020,4,18,2,12,2,2,1,2,1,2
480485,1,1,999,9,1,11,99,99,8,0,99,1,9,99,1,999,999,999,99,0,5,7,1,8,1,1,80,0,999,96,0,1,2,2020,7,19,2,8,3,2,1,3,1,9
480486,1,1,23,1,1,11,20,20,0,0,1,0,2,0,1,998,999,999,0,3,3,4,2,8,1,14,59,1,7,93,84,7,2,2020,6,2,2,25,1,1,3,3,1,4
480487,1,1,21,1,1,11,20,20,8,0,1,0,2,0,1,998,68,227,0,0,2,2,1,8,1,15,10,0,60,96,58,7,2,2020,6,14,2,1,1,1,10,1,1,4
480489,1,1,999,9,1,11,99,98,8,0,99,1,9,99,1,998,999,999,99,0,2,2,1,8,1,99,82,0,999,96,0,6,2,2020,5,7,2,8,1,1,1,9,1,9
480492,1,1,21,1,1,11,99,8,8,0,1,0,2,0,1,998,999,999,99,0,1,4,1,8,2,1,17,1,13,96,91,10,2,2020,2,1,2,12,2,2,1,3,2,1
480493,1,1,57,1,1,11,20,8,1,0,1,0,1,0,1,998,999,999,0,0,2,3,1,8,1,11,15,1,60,96,38,2,2,2020,1,19,2,12,2,2,1,3,1,1
480494,1,1,57,1,1,11,3,20,8,0,1,0,0,4,1,998,67,200,0,5,3,3,1,8,1,14,50,0,11,96,0,3,2,2020,2,16,2,12,18,1,1,1,1,0
480495,1,1,26,1,1,11,20,20,8,0,1,0,0,0,1,998,999,999,0,5,5,5,1,8,1,1,98,0,113,96,0,1,2,2020,7,18,2,5,3,3,1,1,1,4
480496,1,1,24,1,1,11,3,8,0,0,1,0,1,0,1,998,999,999,2,0,3,4,1,8,2,1,11,1,60,93,6,9,2,2020,1,3,2,20,19,1,8,3,10,4
480499,1,1,23,1,1,11,3,20,8,0,2,0,1,0,1,998,999,999,1,0,3,4,1,1,1,1,80,0,7,96,0,2,2,2020,1,0,2,8,1,1,1,3,1,0
480501,1,1,38,1,1,11,3,20,8,0,1,0,1,0,1,998,999,999,0,0,2,2,1,8,1,1,80,0,7,96,0,8,2,2020,7,19,2,8,1,1,1,3,10,0
480502,1,1,38,1,1,11,20,2,0,0,2,0,1,0,1,998,999,999,0,5,1,2,1,8,1,1,13,1,7,93,6,9,2,2020,1,1,2,30,1,1,4,3,1,4
480504,1,1,57,1,1,11,20,1,0,0,1,0,1,0,1,998,69,159,0,0,3,2,1,8,1,14,13,1,60,96,0,4,2,2020,3,12,2,33,1,1,4,1,1,4
480507,1,1,57,1,1,11,99,20,1,0,1,0,1,0,1,998,999,999,0,0,2,4,1,1,1,1,13,1,60,96,91,6,2,2020,5,19,2,33,1,1,4,3,1,1
480509,1,1,21,1,1,11,3,8,8,0,2,0,2,0,1,998,999,999,0,0,2,2,1,8,2,1,14,0,13,93,6,11,2,2020,3,2,2,25,3,3,4,3,2,4
480510,1,1,29,2,1,11,3,2,8,0,2,0,1,0,1,998,999,999,0,0,1,2,3,8,6,1,66,0,7,96,0,7,2,2020,6,7,2,12,2,2,1,1,1,3
480511,1,1,15,1,1,11,20,8,8,0,1,0,0,0,1,998,999,999,0,5,3,3,1,8,2,1,13,0,13,96,0,10,2,2020,2,18,2,52,19,1,10,3,2,4
480512,1,1,54,1,1,11,3,20,8,0,1,0,3,2,1,998,999,999,0,0,2,2,1,8,98,1,98,0,11,96,21,14,2,2020,6,5,2,54,1,1,1,2,1,0
480513,1,1,73,2,1,11,3,8,8,0,1,0,2,0,1,998,999,999,1,0,1,2,8,8,1,11,15,0,13,96,38,15,2,2020,7,21,2,12,2,3,1,2,1,4
480514,1,1,36,1,1,11,3,20,8,0,2,0,2,0,1,0,999,999,0,0,4,2,2,8,1,5,53,0,5,96,54,8,2,2020,7,2,2,12,3,2,1,3,1,0
480515,1,1,67,1,1,11,3,1,8,0,1,0,1,0,1,998,999,999,0,0,5,5,2,8,1,1,67,0,60,96,0,7,2,2020,6,5,2,12,2,3,1,3,1,0
480516,1,1,20,2,1,11,3,1,8,0,2,0,2,0,1,998,999,999,0,5,5,7,1,8,2,1,10,0,13,96,28,10,2,2020,2,20,2,12,1,1,1,2,2,2
480517,1,1,29,1,1,11,99,2,1,0,2,0,2,0,1,998,68,158,1,3,2,3,1,8,1,1,6,0,15,96,0,2,2,2020,1,11,2,30,3,2,4,1,1,4
480518,1,1,999,9,1,11,99,98,8,0,2,1,9,99,1,998,999,999,99,0,2,3,1,8,1,14,80,0,999,96,0,15,2,2020,7,19,2,8,1,1,1,3,1,9
480519,1,1,25,1,1,11,3,9,8,0,1,0,1,0,1,998,999,999,0,0,5,5,1,8,1,1,10,0,60,96,28,15,2,2020,7,18,2,12,1,1,1,1,1,0
480523,1,1,27,2,1,11,3,20,8,0,2,0,2,0,1,998,999,999,3,0,1,4,2,1,1,1,83,0,13,93,6,14,2,2020,6,2,2,9,1,1,1,3,1,1
480524,1,1,81,1,1,11,20,20,8,0,1,0,0,0,1,998,999,999,0,0,1,2,1,8,1,1,17,0,60,96,38,17,2,2020,2,13,2,12,2,2,1,1,1,4
480525,1,1,26,1,1,11,20,20,1,0,1,0,1,0,1,998,68,201,0,4,4,5,1,8,1,1,50,1,80,96,0,7,2,2020,6,20,2,12,3,2,1,3,1,4
480526,1,1,63,2,1,11,3,8,0,0,2,0,1,0,1,998,999,999,0,0,1,2,3,8,1,1,10,0,13,96,28,12,2,2020,4,16,2,12,1,1,1,1,1,4
480527,1,1,21,1,1,11,20,2,1,0,1,0,2,0,1,998,999,999,0,4,3,3,2,8,1,15,51,0,7,96,0,18,2,2020,3,6,2,12,18,1,1,3,10,4
480531,1,1,82,2,1,11,3,20,8,0,1,0,1,0,1,998,999,999,0,0,0,0,0,0,0,13,80,0,13,96,31,8,2,2020,7,9,2,8,8,1,1,1,1,0
480532,1,1,18,1,1,11,3,8,0,0,3,0,3,0,1,998,999,999,0,3,2,3,1,8,1,1,13,1,13,96,0,17,2,2020,2,3,2,33,1,1,4,3,10,4
480535,1,1,54,1,1,11,3,20,8,0,1,0,2,0,1,998,999,999,0,0,2,3,2,8,1,1,80,0,7,96,0,14,2,2020,6,19,2,8,1,1,1,3,1,0
480536,1,1,51,2,1,11,20,20,0,0,1,0,2,0,1,998,999,999,0,0,3,3,2,8,1,1,50,1,94,96,41,15,2,2020,7,16,2,12,1,1,1,1,10,4
480537,1,1,16,1,1,11,3,20,8,0,1,0,1,0,1,998,999,999,0,3,2,3,1,8,1,1,80,0,7,96,73,8,2,2020,7,10,2,8,1,1,1,1,1,0
480538,1,1,32,1,1,11,20,8,8,0,1,0,1,0,1,998,999,999,1,5,1,2,1,8,1,1,14,0,3,96,39,7,2,2020,6,0,2,25,3,3,4,3,1,4
480539,1,1,20,1,1,11,99,9,8,0,1,0,5,0,1,998,999,999,0,3,5,5,2,8,2,1,6,1,7,93,6,20,2,2020,5,1,2,30,1,1,4,3,2,4
480540,1,1,34,1,1,11,3,20,8,0,1,0,1,0,1,998,999,999,0,0,4,3,3,8,1,1,80,0,60,96,0,19,2,2020,4,5,2,8,18,1,1,2,1,0
480541,1,1,75,2,1,11,3,9,0,0,1,0,1,0,1,998,999,999,0,0,2,2,1,8,2,14,9,0,13,96,999,20,2,2020,5,4,2,42,1,1,3,3,2,4
480542,1,1,28,1,1,11,3,1,1,0,1,0,2,0,1,998,999,999,0,0,2,3,1,8,1,1,17,1,60,96,39,17,2,2020,2,0,2,12,2,2,1,3,1,1
480543,1,1,24,1,1,11,3,20,8,0,1,0,9,0,1,998,999,999,0,0,1,2,1,8,1,1,80,0,60,96,0,21,2,2020,6,18,2,8,1,1,1,2,1,0
480544,1,1,19,1,1,11,3,20,8,0,1,0,2,0,1,998,67,203,0,4,1,2,2,8,2,14,6,0,60,96,28,19,2,2020,4,19,2,12,1,1,1,2,2,4
480545,1,1,35,2,1,11,20,8,8,0,2,0,3,0,1,998,999,999,1,4,2,2,1,2,1,1,51,1,7,93,6,8,2,2020,7,3,2,12,1,1,1,2,1,1
480546,1,1,29,2,1,11,3,20,8,0,1,0,1,0,1,998,999,999,0,0,2,2,1,8,1,1,83,0,7,96,0,20,2,2020,5,7,2,9,1,1,1,1,10,0
480547,1,1,30,1,1,11,20,8,1,0,3,0,5,0,1,998,999,999,2,3,2,2,1,8,1,1,17,0,7,96,91,5,2,2020,4,15,2,12,2,2,1,1,1,3
480548,1,1,22,1,1,11,3,20,8,0,1,0,2,0,1,998,999,999,0,4,1,2,1,8,2,1,10,0,1,96,28,10,2,2020,2,16,2,12,1,1,1,1,2,4
480549,1,1,999,1,1,11,99,9,8,0,2,0,9,0,1,998,999,999,99,0,1,2,1,8,1,1,8,0,60,0,0,21,2,2020,6,9,2,30,1,1,4,1,1,4
480551,1,1,26,1,1,11,3,1,8,0,1,0,0,0,1,998,999,999,0,0,2,3,1,8,1,1,12,0,13,96,0,21,2,2020,6,19,2,30,1,1,4,3,1,4
480552,1,1,29,2,1,11,3,8,8,0,2,0,2,0,1,998,999,999,0,0,3,5,1,8,1,1,80,0,7,96,0,22,2,2020,7,22,2,8,1,1,1,3,1,0
480554,1,1,29,1,1,11,3,1,1,0,1,0,2,0,1,998,999,999,0,3,5,5,1,8,1,1,10,0,7,96,28,22,2,2020,7,13,2,12,1,1,1,1,1,0
480555,1,1,23,2,1,11,3,20,8,0,1,0,2,0,1,998,999,999,1,0,3,5,2,8,1,1,10,0,13,96,0,19,2,2020,4,7,2,12,18,1,1,1,10,4
480556,1,1,62,1,1,11,3,20,8,0,1,0,3,6,1,998,999,999,0,0,2,4,1,8,1,1,80,0,66,96,0,18,2,2020,3,17,2,8,1,1,1,1,1,0
480559,1,1,48,1,1,11,3,20,8,0,2,0,0,0,1,998,999,999,0,0,2,2,1,8,1,1,80,0,60,96,0,21,2,2020,6,20,2,8,2,3,1,2,1,0
480560,1,1,31,1,1,11,20,20,8,0,1,0,1,0,1,998,67,165,0,4,1,2,1,8,1,1,14,1,13,96,39,3,2,2020,2,0,2,24,3,3,4,2,1,4
480561,1,1,34,1,1,11,3,20,8,0,1,0,2,6,1,998,999,999,0,0,3,3,1,8,1,1,13,0,66,0,0,13,2,2020,5,0,2,14,1,1,2,3,1,4
480562,1,1,22,1,1,11,3,9,8,0,1,0,2,0,1,998,999,999,3,4,2,3,2,8,1,1,12,0,60,96,89,23,2,2020,1,12,2,43,1,1,3,1,10,4
480563,1,1,63,1,1,11,3,20,8,0,1,1,1,0,1,998,999,999,0,0,5,5,1,8,1,1,80,0,60,96,0,25,2,2020,3,23,2,8,2,3,1,2,1,0
480564,1,1,49,1,1,11,3,20,8,0,1,0,1,0,1,998,999,999,0,0,1,4,1,8,1,1,80,0,60,96,0,26,2,2020,4,6,2,8,1,1,1,2,1,0
480566,1,1,29,1,1,11,3,20,8,0,1,0,1,0,1,998,999,999,0,0,4,3,1,8,1,1,83,0,3,93,6,14,2,2020,6,19,2,15,18,1,1,2,1,0
480567,1,1,24,1,1,11,20,9,8,0,1,1,2,0,1,998,999,999,0,5,5,5,2,8,1,1,80,1,13,96,91,15,2,2020,7,22,2,8,1,1,1,2,1,9
480570,1,1,23,1,1,11,3,8,8,0,1,0,2,0,1,136,999,999,0,3,2,3,1,8,1,1,66,0,3,96,0,16,2,2020,1,5,2,12,2,2,1,3,1,3
480571,1,1,50,1,1,11,3,20,8,0,1,0,3,6,1,998,999,999,0,0,3,4,2,8,2,1,80,0,66,96,0,12,2,2020,4,22,2,8,18,1,1,2,10,0
480572,1,1,20,1,1,11,99,99,8,0,99,1,2,0,1,998,999,999,0,0,5,5,1,1,1,1,80,0,60,96,0,19,2,2020,4,19,2,8,3,2,1,3,1,0
480574,1,1,42,2,1,11,3,9,0,0,1,0,1,0,1,998,999,999,0,0,2,2,1,8,1,99,12,0,60,96,999,26,2,2020,4,8,2,38,1,1,5,1,1,4
480576,1,1,27,1,1,11,20,1,8,0,1,0,1,0,1,998,999,999,0,0,6,1,1,8,1,1,80,0,7,96,0,21,2,2020,6,23,2,8,20,1,1,2,1,0
480578,1,1,36,2,1,11,3,20,8,0,1,0,1,0,1,998,999,999,0,0,3,3,2,8,1,1,80,0,7,96,0,11,3,2020,4,21,2,8,1,1,1,3,10,0
480579,1,1,23,1,1,11,3,20,1,0,1,0,2,0,1,998,999,999,0,5,1,2,1,8,2,6,9,0,60,96,0,10,3,2020,3,5,2,42,1,1,4,2,10,4
480583,1,1,33,1,1,11,20,20,8,0,2,0,1,0,1,998,69,205,0,0,6,1,1,2,1,14,12,1,94,96,0,14,3,2020,7,22,2,33,5,1,8,3,1,4
480584,1,1,33,2,1,11,3,20,8,0,1,0,2,0,1,998,999,999,0,5,2,3,1,8,1,1,52,0,3,96,73,10,3,2020,3,18,2,8,1,1,1,1,1,0
480586,1,1,56,1,1,11,3,20,8,0,1,0,3,6,1,998,999,999,0,0,2,2,1,8,1,1,62,0,66,96,0,11,3,2020,4,13,2,12,1,1,1,1,1,2
480588,1,1,44,1,1,11,3,20,8,0,1,0,2,0,1,998,999,999,0,0,2,3,1,8,1,15,80,0,7,96,0,11,3,2020,4,20,2,8,1,1,1,3,1,0
480589,1,1,34,1,1,11,3,8,8,0,1,0,1,0,1,998,999,999,0,0,3,5,1,8,1,15,10,0,13,96,27,5,3,2020,5,17,2,12,18,1,1,1,1,0
480590,1,1,22,1,1,11,3,20,8,0,1,0,1,0,1,998,999,999,0,0,1,2,1,8,1,1,80,0,13,96,0,27,2,2020,5,7,2,8,2,3,1,1,1,0
480596,1,1,34,2,1,11,99,20,8,0,1,0,1,0,1,998,65,120,0,0,3,2,1,8,1,1,80,0,7,96,0,28,2,2020,6,3,2,8,1,1,1,2,1,0
480598,1,1,49,1,1,11,20,20,8,0,1,0,2,0,1,998,64,207,0,3,4,2,1,8,1,14,6,0,80,96,0,8,3,2020,1,16,2,59,1,1,10,1,10,4
480600,1,1,58,1,1,11,99,1,8,0,1,0,1,0,1,998,999,999,0,5,2,2,1,8,1,15,11,0,10,96,27,11,3,2020,4,14,2,12,1,1,1,1,1,1
480601,1,1,18,2,1,11,3,20,8,0,5,0,2,0,1,998,999,999,0,0,1,2,8,8,98,1,17,0,13,96,38,11,3,2020,4,17,2,12,2,2,1,1,1,3