ST_CASE,VEH_NO,PER_NO,AGE,SEX,PER_TYP,SEAT_POS,REST_USE,AIR_BAG,DRUGS,LOCATION,NUMOCCS,HIT_RUN,OWNER,V_CONFIG,HAZ_INV,TRAV_SP,DR_HGT,DR_WGT,PREV_SPD,SPEEDREL,VTRAFWAY,VNUM_LAN,VPROFILE,VPAVETYP,VSURCOND,P_CRASH1,P_CRASH2,DR_DRINK,VPICBODYCLASS,DRDISTRACT,DRIVERRF,DAY,MONTH,YEAR,DAY_WEEK,HOUR,RUR_URB,HARM_EV,RELJCT2,TYP_INT,REL_ROAD,LGT_COND,WEATHER,INJ_SEV
480602,1,1,61,1,1,11,3,9,1,0,2,0,0,0,1,998,999,999,0,0,3,2,1,8,1,1,17,1,7,93,91,27,1,2020,2,18,2,12,2,2,1,2,1,0
480603,1,1,82,1,1,11,3,9,8,0,1,0,1,0,1,998,999,999,0,0,1,2,1,8,1,99,13,0,7,0,0,17,2,2020,2,10,2,34,1,1,4,1,1,4
480604,1,1,25,1,1,11,3,8,8,0,1,0,1,0,1,998,999,999,1,0,3,6,1,1,1,1,54,1,60,96,50,29,2,2020,7,2,2,12,18,1,1,3,10,4
480605,1,1,44,1,1,11,3,20,8,0,1,0,1,0,1,998,999,999,0,0,6,1,1,8,2,1,80,0,60,96,0,9,3,2020,2,7,2,8,20,1,1,6,2,0
480606,1,1,32,1,1,11,3,20,8,0,1,0,2,0,1,998,999,999,0,0,1,2,1,8,2,6,80,0,60,96,35,13,3,2020,6,9,2,8,1,1,1,1,2,0
480609,1,1,48,2,1,11,20,20,1,0,2,0,1,0,1,998,999,999,0,4,4,2,3,8,1,16,5,0,81,93,79,1,3,2020,1,23,2,1,5,1,8,2,10,4
480610,1,1,56,1,1,11,3,20,0,0,1,0,1,0,1,998,999,999,0,0,1,4,1,8,1,1,80,0,3,96,0,18,3,2020,4,6,2,8,1,1,1,2,1,0
480613,1,1,29,1,1,11,3,9,8,0,1,0,1,0,1,998,999,999,1,0,1,2,1,8,1,1,12,1,13,96,0,14,3,2020,7,1,2,53,1,1,4,2,1,0
480615,1,1,33,1,1,11,3,20,8,0,99,1,1,0,1,998,999,999,0,0,5,7,1,8,1,1,83,1,60,96,0,15,3,2020,1,22,2,9,1,1,1,2,1,0
480616,1,1,42,1,1,11,3,8,0,0,1,0,0,0,1,998,999,999,0,4,5,5,6,8,2,14,6,0,3,96,0,18,3,2020,4,6,2,12,1,1,1,3,10,2
480617,1,1,46,1,1,11,20,1,8,0,1,0,1,0,1,998,999,999,0,3,2,2,1,8,1,1,12,0,60,96,0,19,3,2020,5,16,2,21,19,1,3,1,10,4
480618,1,1,23,1,1,11,3,20,8,0,1,0,2,0,1,998,999,999,2,4,5,5,1,8,2,1,6,0,60,96,91,20,3,2020,6,7,2,12,1,1,1,1,2,2
480619,1,1,63,1,1,11,3,20,8,0,2,0,1,0,1,998,999,999,0,0,1,2,1,8,1,1,8,0,13,0,0,14,3,2020,7,9,2,38,1,1,4,1,10,4
480620,1,1,65,1,1,11,20,20,8,0,1,0,1,0,1,998,68,257,0,0,4,2,1,8,1,1,90,0,94,96,0,20,3,2020,6,8,2,18,1,1,1,1,1,4
480622,1,1,24,1,1,11,3,1,8,0,1,0,1,0,1,998,999,999,0,0,2,2,1,1,1,1,63,0,60,96,0,6,3,2020,6,17,2,12,2,3,1,1,1,0
480625,1,1,64,2,1,11,20,20,8,0,1,0,1,0,1,998,65,192,0,4,3,5,2,8,1,15,50,0,12,96,0,25,2,2020,3,14,2,12,1,1,1,1,1,4
480626,1,1,25,1,1,11,3,9,1,0,1,0,1,0,1,998,999,999,0,5,5,5,1,8,1,1,12,0,13,96,51,20,3,2020,6,21,2,33,1,1,4,3,1,4
480629,1,1,17,1,1,11,3,20,1,0,1,0,2,0,1,998,999,999,0,0,1,2,1,8,1,1,9,1,60,96,39,19,3,2020,5,0,2,42,3,2,4,2,10,4
480631,1,1,21,1,1,11,3,8,8,0,2,0,3,0,1,998,999,999,0,4,2,2,1,8,1,14,13,1,63,96,91,9,3,2020,2,16,2,1,1,1,10,1,1,2
480632,1,1,23,1,1,11,99,8,8,0,2,0,1,0,1,998,999,999,0,4,2,3,1,8,2,14,12,1,13,96,0,23,3,2020,2,2,2,42,1,1,4,3,2,4
480634,1,1,19,1,1,11,3,8,1,0,1,0,2,0,1,998,999,999,1,5,1,2,1,8,1,1,13,1,13,96,0,12,3,2020,5,20,2,42,1,1,4,2,1,4
480636,1,1,46,1,1,11,3,8,8,0,1,0,1,0,1,998,68,215,0,0,2,3,2,8,2,11,15,0,13,96,38,20,3,2020,6,6,2,12,2,3,1,2,2,4
480637,1,1,999,9,1,11,99,98,8,0,99,1,9,0,1,998,999,999,99,0,4,2,1,8,1,99,82,0,3,96,0,15,3,2020,1,2,2,8,1,1,1,3,1,9
480638,1,1,62,1,1,11,3,20,8,0,1,0,1,0,1,998,999,999,0,0,5,5,2,8,1,1,80,0,7,96,0,17,3,2020,3,21,2,8,1,1,1,3,1,0
480639,1,1,17,1,1,11,20,1,8,0,1,0,1,0,1,998,999,999,0,3,4,2,1,8,2,1,14,0,60,96,39,17,3,2020,3,17,2,24,3,3,4,1,10,4
480641,1,1,52,1,1,11,3,9,8,0,1,0,2,0,1,998,999,999,2,0,1,2,1,8,2,10,16,0,13,96,0,22,3,2020,1,1,2,12,3,3,1,3,2,3
480642,1,1,44,1,1,11,20,2,0,0,2,0,1,0,1,998,999,999,0,0,3,2,1,8,2,1,54,1,5,96,50,13,3,2020,6,1,2,12,18,1,1,2,2,4
480645,1,1,40,1,1,11,20,8,8,0,1,0,1,0,1,998,999,999,0,0,3,2,3,8,1,1,13,1,13,96,0,1,3,2020,1,21,2,59,19,1,8,3,1,4
480647,1,1,25,2,1,11,20,8,1,0,4,0,1,0,1,998,62,110,1,4,3,3,3,8,2,15,6,1,13,96,0,22,3,2020,1,6,2,21,19,1,10,3,2,4
480648,1,1,26,1,1,11,3,20,0,0,3,0,1,0,1,998,999,999,0,4,3,4,1,8,2,14,6,1,60,96,91,21,3,2020,7,22,2,42,1,1,10,3,2,2
480653,1,1,29,1,1,11,20,8,1,0,4,0,2,0,1,100,999,999,0,3,1,2,1,8,1,1,12,0,13,96,0,23,3,2020,2,18,2,24,1,1,4,1,10,4
480654,1,1,22,2,1,11,3,9,8,0,3,0,2,0,1,100,999,999,0,2,3,4,1,8,1,1,13,1,7,96,58,24,3,2020,3,18,2,25,1,1,4,1,1,2
480655,1,1,34,1,1,11,3,8,8,0,2,0,1,0,1,998,999,999,0,5,3,4,1,8,1,1,50,0,60,93,6,9,3,2020,2,12,2,12,1,1,1,1,10,1
480657,1,1,36,1,1,11,20,98,1,0,2,0,1,0,1,998,66,135,0,0,2,3,1,8,1,1,12,0,13,96,0,11,3,2020,4,0,2,33,1,1,3,3,1,4
480659,1,1,52,2,1,11,3,20,8,0,1,0,0,0,1,998,999,999,0,0,5,5,1,2,1,1,80,0,7,96,0,24,3,2020,3,20,2,8,1,1,1,2,1,0
480669,1,1,999,9,1,11,99,98,8,0,99,1,9,99,1,998,999,999,99,0,2,2,1,8,2,99,82,0,999,96,0,5,2,2020,4,7,2,8,1,1,1,3,2,9
480670,1,1,22,1,1,11,3,20,8,0,2,0,2,0,1,998,999,999,0,0,3,4,3,8,2,1,51,0,13,0,0,5,3,2020,5,1,2,12,1,1,1,3,10,2
480673,1,1,40,1,1,11,3,9,1,0,1,0,2,0,1,998,999,999,0,0,2,3,1,8,1,1,13,1,60,96,0,23,3,2020,2,15,2,30,1,1,4,1,10,4
480674,1,1,999,9,1,11,99,99,8,0,99,1,9,99,1,998,999,999,99,0,1,4,1,8,2,1,80,0,999,93,6,20,3,2020,6,22,2,8,1,1,1,2,2,9
480675,1,1,999,9,1,11,99,99,8,0,99,1,9,99,1,998,999,999,99,0,5,7,1,8,1,1,80,0,999,96,0,26,3,2020,5,21,2,8,1,1,1,2,10,9
480677,1,1,28,1,1,11,99,98,1,0,1,0,3,0,1,998,999,999,1,4,1,2,1,8,1,1,13,1,60,96,0,5,3,2020,5,1,2,12,8,1,4,2,1,4
480678,1,1,74,1,1,11,3,20,0,0,1,0,1,6,1,998,999,999,0,0,4,2,8,8,1,10,81,0,66,96,38,18,3,2020,4,14,2,8,3,2,4,1,1,0
480681,1,1,26,1,1,11,20,1,8,0,1,0,2,0,1,998,999,999,0,0,4,3,1,8,1,1,17,0,7,15,39,26,3,2020,5,18,2,12,2,2,1,1,1,0
480682,1,1,74,1,1,11,3,20,8,0,1,0,1,0,1,998,999,999,0,0,6,1,2,8,2,14,13,0,13,96,0,22,3,2020,1,11,2,21,5,1,10,1,10,4
480684,1,1,22,1,1,11,20,20,8,0,1,0,2,0,1,998,999,999,1,0,6,1,1,8,1,14,12,0,7,96,58,14,3,2020,7,2,2,1,5,1,4,3,1,4
480685,1,1,999,9,1,11,99,98,8,0,99,1,9,99,1,998,999,999,99,5,2,3,1,1,1,1,80,0,999,96,0,15,3,2020,1,22,2,8,1,1,1,3,1,9
480686,1,1,31,1,1,11,20,1,0,0,1,0,1,0,1,998,999,999,0,0,1,2,1,8,1,14,13,1,60,96,0,16,2,2020,1,23,2,42,1,1,4,3,10,4
480687,1,1,30,1,1,11,20,8,8,0,1,0,1,0,1,998,999,999,0,0,3,3,1,8,1,15,11,1,60,15,6,27,3,2020,6,6,2,12,1,1,1,3,1,4
480688,1,1,20,1,1,11,3,8,0,0,4,0,2,0,1,998,999,999,0,4,3,2,1,8,6,1,6,0,13,96,87,22,3,2020,1,3,2,42,19,1,8,6,2,1
480690,1,1,30,1,1,11,20,1,1,0,1,0,1,0,1,45,999,999,1,3,1,4,8,8,1,1,13,0,60,93,39,19,3,2020,5,1,2,18,3,4,5,3,10,4
480692,1,1,29,1,1,11,3,20,8,0,1,0,0,6,1,0,68,999,0,0,1,2,8,8,2,5,64,0,66,96,0,22,3,2020,1,6,2,12,1,1,1,3,10,0
480693,1,1,38,1,1,11,3,9,8,0,1,0,1,1,1,998,999,999,0,0,1,4,3,8,2,1,10,0,63,15,28,15,3,2020,1,6,2,12,1,1,1,3,2,0
480694,1,1,60,1,1,11,3,8,8,0,1,0,3,0,1,998,999,999,0,0,0,0,0,0,0,98,98,0,60,96,0,28,3,2020,7,17,2,26,19,1,10,1,1,4
480697,1,1,62,1,1,11,20,20,8,0,1,0,1,0,1,998,69,175,0,4,3,3,1,8,1,1,9,0,81,96,0,29,3,2020,1,13,2,24,1,1,3,1,1,4
480698,1,1,51,1,1,11,20,20,1,0,1,0,2,0,1,998,73,265,0,4,1,2,2,8,1,1,14,1,60,96,39,22,3,2020,1,15,2,31,3,3,5,1,1,4
480702,1,1,22,1,1,11,3,8,8,0,2,0,2,0,1,998,999,999,0,4,3,5,2,8,1,1,50,0,13,96,0,29,3,2020,1,4,2,12,1,1,1,3,1,2
480703,1,1,999,9,1,11,99,99,8,0,99,1,9,99,1,998,999,999,99,0,5,3,1,8,2,1,80,0,999,96,0,16,3,2020,2,3,2,8,1,1,1,3,99,9
480704,1,1,30,1,1,11,3,20,8,0,2,0,1,0,1,998,999,999,0,4,3,5,1,8,1,1,50,0,60,96,91,26,3,2020,5,13,2,12,1,1,1,1,1,0
480707,1,1,42,1,1,11,3,20,8,0,1,0,3,6,1,998,66,150,0,4,3,1,1,2,1,1,98,0,66,92,91,19,3,2020,5,16,2,12,18,1,1,1,10,0
480708,1,1,49,1,1,11,3,20,8,0,2,0,1,0,1,998,999,999,0,0,1,2,1,8,1,10,80,0,7,0,38,6,3,2020,6,16,2,8,3,2,1,1,1,0
480709,1,1,38,1,1,11,20,20,0,0,1,0,0,0,1,71,999,999,0,3,2,1,1,8,1,1,6,1,3,96,0,15,3,2020,1,1,2,42,1,1,3,2,1,4
480710,1,1,24,1,1,11,20,20,8,0,1,0,0,0,1,998,71,297,0,4,1,5,1,8,1,1,51,1,94,96,0,28,3,2020,7,22,2,12,1,1,1,3,1,4
480711,1,1,26,1,1,11,3,20,8,0,2,0,1,0,1,998,999,999,0,0,5,7,1,8,1,1,80,0,13,96,0,31,3,2020,3,21,2,8,1,1,1,3,1,0
480712,1,1,44,1,1,11,20,9,8,0,1,0,3,0,1,998,999,999,0,0,6,2,2,8,1,1,12,0,60,96,0,26,3,2020,5,6,2,31,5,1,3,4,1,4
480713,1,1,46,2,1,11,3,8,8,0,1,0,1,0,1,998,999,999,0,0,5,5,1,8,1,1,10,0,7,96,28,26,3,2020,5,7,2,12,1,1,1,1,1,4
480714,1,1,31,2,1,11,3,8,8,0,1,0,1,0,1,998,999,999,0,4,6,2,1,8,1,1,51,0,13,96,0,23,3,2020,2,0,2,12,2,2,1,3,5,4
480719,1,1,17,2,1,11,99,20,8,0,1,1,2,0,1,998,999,999,0,0,2,3,1,1,1,1,13,0,7,96,0,24,3,2020,3,16,2,31,1,1,4,1,10,0
480720,1,1,26,1,1,11,3,9,8,0,3,0,3,1,1,0,999,999,1,0,1,2,8,8,1,5,62,0,63,96,94,29,3,2020,1,6,2,31,1,1,4,3,1,2
480721,1,1,67,1,1,11,20,8,8,0,1,0,1,0,1,998,69,225,0,0,1,4,1,8,1,11,15,1,7,96,38,30,3,2020,2,6,2,12,2,2,1,2,10,4
480723,1,1,39,1,1,11,20,20,0,0,2,0,1,0,1,998,71,263,0,3,6,1,1,1,1,14,12,1,81,93,6,26,3,2020,5,17,2,23,5,1,4,1,1,4
480725,1,1,21,1,1,11,3,20,8,0,1,0,1,0,1,998,999,999,0,0,1,4,1,8,2,1,80,0,60,0,0,3,4,2020,6,21,2,8,1,1,1,2,2,0
480726,1,1,31,1,1,11,99,20,8,0,1,1,0,0,1,998,999,999,0,0,1,4,3,8,2,1,80,0,60,93,6,2,4,2020,5,23,2,8,3,4,1,3,2,0
480727,1,1,35,1,1,11,20,20,1,0,1,0,3,0,1,998,67,233,0,0,2,3,1,8,1,1,67,0,60,96,0,31,3,2020,3,13,2,33,3,2,4,1,1,4
480732,1,1,35,1,1,11,3,20,8,0,1,0,3,2,1,998,999,999,0,0,3,2,1,8,1,1,13,0,11,0,0,28,3,2020,7,8,2,24,1,1,10,1,2,4
480735,1,1,41,1,1,11,3,20,8,0,1,0,1,0,1,998,999,999,0,0,5,7,1,8,1,1,80,0,60,96,0,25,3,2020,4,21,2,8,1,1,1,3,1,0
480737,1,1,43,1,1,11,3,20,8,0,1,0,1,0,1,998,999,999,0,0,4,3,1,8,1,1,80,0,13,96,0,27,3,2020,6,22,2,8,1,1,1,2,1,0
480738,1,1,23,1,1,11,99,20,8,0,99,1,2,0,1,998,999,999,0,0,1,2,1,8,2,1,80,0,7,96,28,21,3,2020,7,21,2,8,18,1,1,6,2,0
480739,1,1,36,1,1,11,20,20,8,0,1,0,0,0,1,998,64,252,0,3,3,4,1,8,1,1,51,1,13,96,0,27,3,2020,6,20,2,12,18,1,1,3,1,4
480740,1,1,998,8,1,11,98,98,8,0,99,1,9,99,1,998,999,999,99,0,1,2,1,8,1,99,80,0,999,96,0,5,4,2020,1,2,2,8,1,1,1,3,10,9
480741,1,1,36,2,1,11,3,8,8,0,1,0,1,0,1,998,999,999,0,0,1,4,2,8,1,11,15,1,7,96,38,1,4,2020,4,21,2,12,2,3,1,2,1,1
480744,1,1,19,2,1,11,20,9,8,0,1,0,1,0,1,998,999,999,0,0,2,2,1,8,2,15,80,0,60,96,0,5,4,2020,1,1,2,8,1,1,1,2,10,0
480745,1,1,17,1,1,11,20,8,0,0,1,0,2,0,1,998,67,175,0,3,3,2,1,2,1,1,6,0,13,96,0,31,3,2020,3,18,2,30,1,1,4,1,1,4
480749,1,1,999,9,1,11,99,20,8,0,99,1,9,0,1,998,999,999,99,4,5,3,1,8,2,1,83,0,7,96,0,14,3,2020,7,19,2,15,1,1,1,3,10,9
480750,1,1,48,1,1,11,20,20,0,0,1,0,1,0,1,998,999,999,99,4,1,4,1,8,1,1,13,1,81,96,0,28,3,2020,7,23,2,33,3,3,4,3,1,4
480751,1,1,23,2,1,11,20,9,8,0,2,0,2,0,1,998,999,999,0,4,3,4,1,8,2,1,6,0,13,96,87,4,4,2020,7,11,2,12,1,1,1,7,2,0
480753,1,1,66,2,1,11,3,1,8,0,1,0,1,0,1,55,999,999,0,0,2,2,1,2,1,1,83,0,2,96,0,5,4,2020,1,15,2,9,2,2,1,1,1,1
480755,1,1,999,9,1,11,99,99,8,0,99,1,9,99,1,998,999,999,99,0,2,3,2,8,1,1,83,0,999,93,6,7,4,2020,3,20,2,9,1,1,1,2,10,9
480756,1,1,42,1,1,11,3,20,8,0,1,0,1,0,1,998,999,999,0,0,2,3,1,8,1,1,83,0,13,96,0,7,4,2020,3,18,2,9,2,3,1,1,1,0
480757,1,1,36,2,1,11,3,20,8,0,3,0,1,0,1,998,999,999,0,0,1,2,1,8,1,1,83,0,7,15,6,29,2,2020,7,16,2,15,8,1,1,1,1,0
480758,1,1,32,1,1,11,20,1,0,0,1,0,2,0,1,998,999,999,0,4,1,2,3,8,1,15,6,1,7,96,27,7,2,2020,6,19,2,12,1,1,1,3,1,4
480760,1,1,999,9,1,11,99,98,8,0,99,1,9,99,1,998,999,999,99,0,2,4,2,8,1,11,15,0,999,96,38,7,4,2020,3,17,2,12,2,2,1,1,1,9
480761,1,1,41,1,1,11,3,20,8,0,1,0,1,4,1,998,999,999,1,0,2,2,1,8,98,12,21,0,60,96,89,3,4,2020,6,22,2,12,1,1,1,2,2,0
480762,1,1,60,2,1,11,20,20,0,0,2,0,1,0,1,998,999,999,0,0,4,2,1,8,1,1,17,0,13,96,28,3,4,2020,6,13,2,12,2,2,1,1,10,4
480764,1,1,39,1,1,11,20,20,8,0,1,0,5,1,1,998,999,999,0,0,5,5,1,8,1,1,13,1,11,96,58,4,4,2020,7,23,2,1,1,1,1,3,10,4
480766,1,1,34,2,1,11,20,1,1,0,1,0,1,0,1,998,999,999,0,0,5,5,2,8,1,1,13,0,7,96,91,24,3,2020,3,8,2,14,1,1,2,1,1,1
480773,1,1,68,1,1,11,20,1,0,0,1,0,1,0,1,998,69,212,0,0,3,4,2,8,1,1,13,0,7,96,0,6,4,2020,2,14,2,1,19,1,4,1,10,4
480774,1,1,57,1,1,11,20,20,8,0,1,0,3,0,1,998,999,999,0,0,2,3,1,8,1,1,17,0,94,96,39,7,4,2020,3,16,2,12,2,2,1,1,1,4
480776,1,1,55,1,1,11,20,20,0,0,1,0,1,0,1,998,999,999,0,0,2,3,1,8,1,1,62,1,94,96,0,10,4,2020,6,13,2,12,2,2,1,1,1,4
480777,1,1,27,2,1,11,3,8,8,0,1,0,3,0,1,998,999,999,1,0,3,3,3,1,1,1,54,0,13,96,50,11,4,2020,7,3,2,12,18,1,1,3,1,4
480781,1,1,23,2,1,11,3,20,8,0,2,0,2,0,1,998,999,999,0,0,3,2,1,8,1,1,13,0,7,3,58,6,4,2020,2,20,2,1,1,1,1,2,1,0
480783,1,1,18,1,1,11,20,20,8,0,1,0,1,0,1,998,999,999,1,5,2,4,1,8,1,1,17,0,80,96,0,10,4,2020,6,16,2,12,2,2,1,1,1,4
480784,1,1,34,1,1,11,20,20,0,0,1,0,1,0,1,998,999,999,0,0,3,3,1,8,2,14,12,1,13,96,0,11,4,2020,7,22,2,30,1,1,3,3,2,4
480786,1,1,29,1,1,11,3,20,8,0,1,0,1,0,1,998,999,999,0,0,2,3,1,8,1,1,83,0,13,96,0,25,3,2020,4,18,2,9,3,2,1,1,1,0
480787,1,1,37,1,1,11,20,20,8,0,2,0,1,0,1,998,999,999,1,3,3,2,1,8,2,6,9,1,80,96,91,11,4,2020,7,18,2,26,1,1,3,1,10,3
480788,1,1,33,1,1,11,3,20,8,0,1,0,1,0,1,998,999,999,0,0,5,7,1,8,1,1,67,0,95,96,0,13,4,2020,2,18,2,12,3,3,1,1,1,0
480793,1,1,48,1,1,11,3,20,8,0,1,0,2,0,1,998,999,999,0,0,3,3,1,8,1,1,80,0,7,96,0,7,4,2020,3,1,2,8,18,1,1,3,1,0
480798,1,1,34,1,1,11,3,20,0,0,4,0,3,1,1,998,999,999,0,0,2,2,1,8,1,1,11,0,60,96,28,8,2,2020,7,6,2,8,1,1,2,2,1,0
480809,1,1,24,2,1,11,3,20,8,0,99,1,2,0,1,998,999,999,0,0,6,1,1,8,1,1,83,0,13,96,0,14,4,2020,3,22,2,9,20,1,1,3,1,0
480810,1,1,26,1,1,11,3,1,8,0,3,0,2,0,1,998,999,999,1,0,1,2,8,8,98,11,15,0,3,96,0,11,4,2020,7,2,2,12,2,3,1,3,1,1
480811,1,1,62,1,1,11,3,20,8,0,1,0,2,0,1,998,999,999,0,0,3,4,1,8,1,1,80,0,13,96,0,9,4,2020,5,7,2,8,1,1,1,1,10,0
480814,1,1,64,1,1,11,3,20,8,0,1,0,2,0,1,998,999,999,0,3,1,2,1,8,1,1,80,0,60,96,0,6,4,2020,2,6,2,8,1,1,1,2,10,0
480815,1,1,60,1,1,11,3,9,1,0,1,0,2,0,1,998,999,999,0,0,3,3,1,8,1,1,54,1,7,96,91,15,4,2020,4,22,2,12,1,1,1,3,1,1
480816,1,1,40,1,1,11,3,8,0,0,1,0,1,0,1,998,999,999,0,0,6,1,8,8,1,1,13,1,60,96,91,31,1,2020,6,0,2,12,5,1,8,3,1,0
480821,1,1,14,2,1,11,20,20,8,0,3,0,2,0,1,998,999,999,0,4,5,5,2,8,1,1,6,1,60,96,0,8,4,2020,4,1,2,98,1,1,4,3,1,3
480822,1,1,41,1,1,11,3,8,1,0,1,0,0,0,1,998,999,999,0,0,4,2,8,8,98,1,17,0,7,93,39,16,4,2020,5,6,2,12,2,2,1,1,1,1
480824,1,1,18,1,1,11,3,20,1,0,1,0,1,0,1,998,999,999,0,0,5,5,1,8,1,1,13,0,60,15,91,7,3,2020,7,13,2,12,8,1,1,1,1,0
480825,1,1,45,1,1,11,3,20,8,0,1,0,1,0,1,998,999,999,0,0,2,4,1,8,1,1,80,0,60,96,0,9,4,2020,5,6,2,8,1,1,1,3,1,0
480826,1,1,36,1,1,11,3,20,8,0,1,0,3,0,1,998,72,225,3,0,3,2,1,8,1,2,53,0,60,96,0,7,4,2020,3,14,2,12,1,1,1,1,1,1
480827,1,1,23,1,1,11,3,20,8,0,1,0,1,0,1,998,999,999,2,0,2,3,3,8,1,1,80,0,7,10,6,4,4,2020,7,15,2,8,1,1,1,1,10,0
480828,1,1,32,1,1,11,20,20,8,0,1,0,2,0,1,998,999,999,0,4,3,3,1,8,2,15,12,0,80,96,27,11,4,2020,7,23,2,25,19,1,3,3,10,4
480829,1,1,33,1,1,11,3,2,0,0,1,0,2,0,1,998,999,999,0,0,1,2,8,8,1,11,15,1,3,96,38,17,4,2020,6,0,2,12,2,2,1,2,1,4
480830,1,1,26,1,1,11,3,20,8,0,1,0,3,6,1,998,999,999,0,0,3,4,1,8,1,1,80,0,66,96,0,18,4,2020,7,22,2,8,18,1,1,2,10,0
480831,1,1,998,8,1,11,98,98,8,0,99,1,9,0,1,998,999,999,99,0,5,5,1,8,1,15,83,0,7,96,0,16,4,2020,5,21,2,15,3,2,1,3,1,9
480832,1,1,33,1,1,11,3,20,8,0,1,0,1,6,1,998,999,999,0,0,4,3,8,8,1,1,66,0,66,96,0,16,4,2020,5,10,2,12,2,2,1,1,1,0
480834,1,1,42,2,1,11,3,20,8,0,1,0,2,0,1,998,999,999,0,0,2,3,1,8,1,11,15,0,60,96,0,15,4,2020,4,13,2,12,2,3,1,1,1,0
480835,1,1,30,1,1,11,3,8,8,0,3,0,2,0,1,998,999,999,1,0,2,3,2,8,1,1,66,0,3,96,0,17,4,2020,6,23,2,12,2,2,1,3,10,0
480836,1,1,38,1,1,11,3,9,8,0,1,0,1,0,1,998,999,999,1,0,3,3,1,8,1,1,82,0,7,96,0,19,4,2020,1,18,2,8,1,1,1,1,1,0
480837,1,1,57,2,1,11,99,8,8,0,1,0,1,0,1,998,999,999,1,0,3,2,1,2,2,1,54,1,13,96,51,19,4,2020,1,1,2,12,1,1,1,3,5,4
480838,1,1,32,1,1,11,3,2,0,0,1,0,1,0,1,998,999,999,2,3,2,3,1,1,1,1,62,0,60,96,0,10,4,2020,6,13,2,12,2,3,1,1,10,1
480839,1,1,55,1,1,11,20,8,0,0,2,0,1,0,1,998,999,999,0,0,1,4,1,1,1,1,13,0,9,96,0,11,4,2020,7,18,2,38,1,1,4,1,10,4
480840,1,1,50,1,1,11,3,1,8,0,1,0,1,0,1,998,999,999,1,0,3,4,1,8,1,1,50,0,60,93,6,18,4,2020,7,22,2,12,1,1,1,3,1,0
480842,1,1,72,1,1,11,3,8,8,0,1,0,1,0,1,998,999,999,0,0,1,2,1,1,1,1,10,0,60,93,6,9,4,2020,5,14,2,12,1,1,1,1,10,4
480843,1,1,35,1,1,11,20,1,0,0,99,1,1,0,1,70,999,999,0,4,5,5,1,8,2,1,6,1,60,96,28,17,4,2020,6,23,2,12,1,1,1,3,2,2
480844,1,1,43,1,1,11,99,20,8,0,1,0,3,1,1,998,999,999,1,0,2,3,8,8,98,1,17,0,11,96,39,20,4,2020,2,15,2,12,2,2,1,1,1,2
480847,1,1,69,1,1,11,3,20,0,0,1,0,2,0,1,998,999,999,0,0,2,2,8,8,1,1,17,0,13,96,38,1,4,2020,4,17,2,12,2,3,1,1,1,4
480850,1,1,28,1,1,11,20,20,1,0,1,0,0,0,1,100,67,152,0,2,4,3,1,8,1,14,17,0,80,96,0,17,4,2020,6,16,2,12,8,1,1,1,1,4
480851,1,1,54,1,1,11,99,1,8,0,1,0,2,0,1,998,999,999,0,0,1,2,1,8,2,1,13,1,65,96,0,19,4,2020,1,1,2,32,1,1,4,2,2,4
480852,1,1,59,1,1,11,3,20,8,0,3,0,1,0,1,998,999,999,0,0,2,4,8,8,98,4,17,0,7,96,39,17,4,2020,6,18,2,12,2,2,1,1,1,4
480856,1,1,35,1,1,11,20,1,0,0,1,0,1,0,1,81,999,999,0,3,1,2,2,8,1,1,12,1,60,93,6,12,4,2020,1,21,2,46,3,3,4,3,10,4
480857,1,1,30,2,1,11,3,20,8,0,1,0,1,0,1,998,999,999,0,0,2,3,1,8,1,1,80,0,7,96,0,20,4,2020,2,22,2,8,1,1,1,2,1,0
480858,1,1,43,1,1,11,3,9,8,0,1,0,1,0,1,998,999,999,0,0,2,4,1,8,1,11,15,0,7,96,38,15,4,2020,4,15,2,12,2,3,1,1,1,0
480860,1,1,46,1,1,11,20,20,8,0,1,0,0,0,1,998,999,999,0,0,2,2,1,1,1,1,9,1,69,96,18,11,4,2020,7,18,2,5,1,1,1,1,1,4
480861,1,1,999,9,1,11,99,98,8,0,99,1,9,99,1,998,999,999,99,0,2,2,2,8,1,1,80,0,999,96,0,13,4,2020,2,9,2,8,1,1,1,2,1,9
480863,1,1,26,2,1,11,3,9,8,0,2,0,2,0,1,998,999,999,0,0,3,4,1,8,1,1,3,0,7,96,0,21,4,2020,3,19,2,12,1,1,1,3,10,1
480864,1,1,63,1,1,11,20,20,8,0,2,0,0,0,1,998,999,999,0,3,1,2,1,8,1,6,54,1,5,96,91,14,4,2020,3,16,2,1,3,2,4,1,10,1
480865,1,1,21,1,1,11,99,99,1,0,2,0,1,0,1,998,999,999,2,0,3,3,3,8,2,1,54,1,13,96,50,12,4,2020,1,2,2,12,18,1,1,3,1,4