ST_CASE,VEH_NO,PER_NO,AGE,SEX,PER_TYP,SEAT_POS,REST_USE,AIR_BAG,DRUGS,LOCATION,NUMOCCS,HIT_RUN,OWNER,V_CONFIG,HAZ_INV,TRAV_SP,DR_HGT,DR_WGT,PREV_SPD,SPEEDREL,VTRAFWAY,VNUM_LAN,VPROFILE,VPAVETYP,VSURCOND,P_CRASH1,P_CRASH2,DR_DRINK,VPICBODYCLASS,DRDISTRACT,DRIVERRF,DAY,MONTH,YEAR,DAY_WEEK,HOUR,RUR_URB,HARM_EV,RELJCT2,TYP_INT,REL_ROAD,LGT_COND,WEATHER,INJ_SEV
480866,1,1,51,2,1,11,20,20,8,0,3,0,0,0,1,998,999,999,0,0,4,2,1,8,1,1,13,0,13,96,0,19,4,2020,1,0,2,38,1,1,5,3,1,4
480867,1,1,65,1,1,11,3,20,8,0,2,0,1,0,1,998,999,999,0,0,2,2,2,8,2,14,9,0,60,96,58,18,4,2020,7,22,2,24,1,1,4,2,5,2
480868,1,1,22,2,1,11,3,1,8,0,1,0,1,0,1,998,999,999,1,0,1,2,8,8,1,1,17,0,13,96,38,18,4,2020,7,16,2,12,2,2,1,1,10,0
480869,1,1,60,2,1,11,20,8,8,0,1,0,1,0,1,106,999,999,0,3,5,5,1,8,1,1,17,0,7,96,0,15,4,2020,4,18,2,12,8,1,1,1,1,4
480870,1,1,41,1,1,11,98,20,8,0,1,0,1,0,1,998,999,999,0,0,1,4,1,8,1,1,83,0,3,96,0,21,4,2020,3,21,2,9,1,1,1,2,1,0
480871,1,1,20,1,1,11,20,20,0,0,1,0,0,0,1,998,66,173,2,5,2,2,1,8,1,14,13,0,80,96,0,28,3,2020,7,18,2,33,1,1,4,5,1,4
480876,1,1,90,1,1,11,3,8,8,0,1,0,2,0,1,998,999,999,0,0,1,4,1,8,1,11,15,0,7,96,38,25,3,2020,4,14,2,12,2,2,1,1,1,4
480877,1,1,52,1,1,11,3,20,8,0,1,1,0,0,1,998,999,999,5,0,3,3,2,2,1,1,83,0,60,93,6,29,3,2020,1,9,2,9,1,1,1,1,1,0
480878,1,1,49,1,1,11,3,20,8,0,1,0,1,0,1,38,999,999,0,0,5,5,2,2,1,1,80,0,60,96,0,23,4,2020,5,20,2,8,1,1,1,2,1,0
480879,1,1,31,1,1,11,3,20,8,0,1,0,1,0,1,998,999,999,2,0,4,3,1,8,1,1,80,0,13,96,0,11,4,2020,7,23,2,8,18,1,1,3,1,0
480880,1,1,21,1,1,11,3,20,8,0,4,0,1,0,1,40,999,999,0,0,5,7,1,8,1,1,80,0,2,96,74,23,4,2020,5,21,2,8,3,2,1,3,1,0
480882,1,1,28,1,1,11,20,20,8,0,1,0,1,0,1,100,999,999,7,4,2,3,3,8,1,14,12,1,125,96,0,20,4,2020,2,4,2,33,1,1,3,3,10,4
480883,1,1,24,1,1,11,3,9,8,0,1,0,1,0,1,998,999,999,0,0,2,2,8,8,2,11,15,0,5,96,38,19,4,2020,1,13,2,12,2,3,1,1,2,4
480884,1,1,22,1,1,11,20,1,8,0,1,0,2,0,1,998,999,999,2,0,2,6,8,8,98,1,17,0,119,96,39,16,4,2020,5,1,2,12,2,2,1,3,1,4
480885,1,1,29,1,1,11,99,9,8,0,1,0,0,0,1,998,68,150,0,5,1,3,1,8,1,99,14,0,13,96,39,21,4,2020,3,22,2,25,3,3,3,3,1,4
480886,1,1,48,1,1,11,3,20,8,0,1,0,3,6,1,998,999,999,0,0,1,2,1,1,1,13,20,0,66,96,91,22,4,2020,4,15,2,12,2,3,1,1,10,0
480887,1,1,33,1,1,11,3,20,8,0,2,0,2,0,1,998,999,999,0,0,1,2,1,8,1,15,10,1,13,96,28,24,4,2020,6,20,2,12,1,1,1,2,1,3
480892,1,1,23,1,1,11,20,8,8,0,1,0,1,0,1,998,67,148,0,5,1,2,1,8,1,1,13,1,60,96,0,23,4,2020,5,1,2,53,1,1,4,2,1,4
480893,1,1,59,1,1,11,20,20,0,0,2,0,1,0,1,998,999,999,0,5,3,2,1,8,1,1,50,1,94,96,0,26,4,2020,1,13,2,12,1,1,1,1,1,4
480896,1,1,56,1,1,11,3,20,8,0,1,0,3,6,1,998,999,999,0,0,3,6,3,8,1,1,50,0,66,96,0,10,4,2020,6,1,2,12,1,1,1,3,10,0
480898,1,1,34,2,1,11,3,20,8,0,2,0,1,0,1,998,999,999,1,0,1,2,1,8,1,1,80,0,7,96,0,21,4,2020,3,22,2,8,3,3,1,2,1,0
480899,1,1,25,1,1,11,3,20,8,0,1,0,0,0,1,998,999,999,0,0,1,5,1,1,1,99,99,0,60,96,73,18,4,2020,7,13,2,12,3,2,1,1,10,0
480900,1,1,44,1,1,11,3,20,8,0,2,0,2,0,1,998,999,999,0,0,2,3,1,1,1,1,83,0,13,96,0,12,4,2020,1,23,2,9,8,1,1,3,1,0
480901,1,1,26,1,1,11,3,20,0,0,1,0,2,0,1,998,999,999,0,0,4,3,1,8,1,1,80,0,60,96,0,25,4,2020,7,22,2,8,1,1,1,3,10,0
480903,1,1,38,1,1,11,3,98,1,0,2,0,2,0,1,998,999,999,2,0,1,6,1,8,1,1,17,0,95,96,39,15,4,2020,4,11,2,12,2,2,1,1,1,4
480905,1,1,49,2,1,11,99,2,0,0,1,0,1,0,1,998,999,999,0,0,3,2,1,8,2,1,54,1,13,96,50,17,4,2020,6,13,2,12,18,1,1,1,2,4
480906,1,1,56,2,1,11,3,20,8,0,1,1,1,0,1,998,999,999,0,0,5,5,1,8,1,1,80,0,60,96,0,26,4,2020,1,21,2,8,1,1,1,3,10,0
480907,1,1,36,1,1,11,20,20,1,0,1,0,2,0,1,998,999,999,1,4,1,2,1,8,1,98,13,1,80,96,48,26,4,2020,1,4,2,30,1,1,4,3,10,4
480909,1,1,53,2,1,11,3,20,8,0,2,0,4,1,1,998,999,999,0,0,2,4,1,8,1,1,80,0,11,96,0,20,4,2020,2,0,2,8,1,1,1,2,1,0
480910,1,1,54,1,1,11,3,20,8,0,1,0,1,0,1,998,999,999,2,0,2,5,1,8,1,1,80,0,60,0,0,20,4,2020,2,22,2,8,18,1,1,3,1,0
480913,1,1,30,1,1,11,3,20,8,0,1,0,1,0,1,998,999,999,0,0,1,2,1,8,98,11,15,0,60,96,0,25,4,2020,7,14,2,12,2,3,1,1,1,0
480914,1,1,30,1,1,11,99,99,8,0,1,0,1,0,1,998,999,999,0,5,1,4,8,8,1,1,17,0,3,96,39,17,4,2020,6,9,2,12,2,2,1,1,10,4
480915,1,1,60,2,1,11,3,8,8,0,1,0,1,0,1,998,999,999,0,0,1,2,1,8,1,11,15,0,60,93,39,27,4,2020,2,17,2,12,2,2,1,1,1,0
480916,1,1,50,1,1,11,3,20,8,0,2,0,3,1,1,998,999,999,0,0,3,3,1,8,1,1,50,0,11,96,0,25,4,2020,7,14,2,12,3,2,1,1,1,0
480917,1,1,20,1,1,11,20,8,1,0,2,0,2,0,1,998,999,999,0,3,1,2,1,8,1,1,13,1,13,96,0,15,4,2020,4,23,2,32,1,1,4,3,1,4
480920,1,1,20,1,1,11,3,8,8,0,1,0,3,0,1,998,999,999,0,5,1,2,8,8,1,1,17,1,13,96,39,26,4,2020,1,22,2,12,2,2,1,2,1,4
480926,1,1,39,1,1,11,3,20,8,0,1,0,3,0,1,998,999,999,1,0,1,2,1,8,1,1,83,0,60,96,0,30,1,2020,5,6,2,9,2,3,1,2,10,0
480927,1,1,49,1,1,11,3,20,8,0,1,0,0,0,1,998,999,999,4,0,3,2,1,8,1,1,12,0,60,96,0,25,4,2020,7,23,2,21,19,1,3,3,1,4
480929,1,1,21,1,1,11,3,20,8,0,2,0,1,0,1,998,999,999,0,0,3,6,1,8,1,1,80,0,13,96,0,30,4,2020,5,21,2,8,18,1,1,2,1,0
480930,1,1,69,1,1,11,3,20,0,0,1,0,1,0,1,998,999,999,0,4,2,7,1,8,1,1,50,0,60,96,0,27,2,2020,5,15,2,12,1,1,1,1,1,4
480931,1,1,25,1,1,11,20,9,8,0,1,0,1,0,1,998,999,999,0,4,1,2,2,8,1,1,10,0,13,96,28,1,5,2020,6,22,2,12,1,1,1,3,1,4
480932,1,1,29,2,1,11,3,20,8,0,3,0,3,1,1,998,999,999,0,0,2,5,1,8,1,1,80,0,60,96,0,2,5,2020,7,21,2,8,18,1,1,3,1,0
480935,1,1,27,1,1,11,3,1,8,0,1,0,2,0,1,998,999,999,0,0,4,2,1,8,1,1,90,0,13,96,39,26,4,2020,1,17,2,10,6,1,1,1,1,4
480936,1,1,21,1,1,11,3,20,8,0,1,0,0,0,1,998,999,999,1,4,3,5,1,8,1,15,52,0,60,96,0,30,4,2020,5,13,2,12,1,1,1,1,1,0
480937,1,1,33,1,1,11,3,20,8,0,2,0,3,6,1,998,999,999,0,0,3,3,1,2,1,1,80,0,66,96,0,26,4,2020,1,1,2,8,18,1,1,2,1,0
480938,1,1,32,1,1,11,20,20,8,0,1,0,1,0,1,998,69,208,2,3,6,2,2,1,1,14,13,0,80,96,0,29,4,2020,4,15,2,25,19,1,4,1,1,4
480939,1,1,31,2,1,11,3,2,1,0,1,0,0,0,1,998,999,999,2,0,3,4,1,8,1,12,15,1,13,96,48,2,5,2020,7,2,2,12,18,1,1,3,1,3
480940,1,1,25,1,1,11,20,20,8,0,1,0,0,0,1,998,999,999,1,5,1,2,1,8,1,1,52,0,80,96,26,30,4,2020,5,17,2,12,8,1,1,1,1,4
480942,1,1,31,2,1,11,20,20,8,0,1,0,2,0,1,998,999,999,0,4,1,2,1,8,2,15,6,0,60,96,0,22,4,2020,4,15,2,1,1,1,4,1,2,4
480948,1,1,20,1,1,11,3,1,1,0,1,0,1,0,1,998,999,999,0,4,1,7,1,8,2,1,50,0,7,96,0,22,4,2020,4,21,2,12,3,2,1,3,10,2
480949,1,1,48,2,1,11,3,20,8,0,2,0,2,0,1,998,999,999,1,0,3,2,1,1,1,14,80,0,13,96,0,24,4,2020,6,19,2,8,1,1,1,3,1,0
480950,1,1,24,1,1,11,3,8,8,0,2,0,1,0,1,998,999,999,0,0,5,5,2,8,1,1,80,0,3,96,0,2,5,2020,7,22,2,8,1,1,1,2,1,1
480951,1,1,43,1,1,11,20,20,0,0,2,0,0,0,1,998,999,999,0,0,2,3,1,1,1,1,9,1,81,96,0,11,4,2020,7,0,2,1,1,1,1,2,1,4
480952,1,1,24,1,1,11,3,20,1,0,1,0,0,0,1,998,999,999,3,0,5,5,2,8,1,1,13,0,60,10,6,25,4,2020,7,9,2,8,1,1,4,1,1,0
480953,1,1,24,1,1,11,3,20,8,0,1,0,2,0,1,998,999,999,2,0,1,2,8,8,98,10,80,0,60,93,38,29,4,2020,4,10,2,8,3,2,1,1,1,0
480955,1,1,59,1,1,11,3,8,8,0,1,0,1,0,1,998,70,225,1,5,1,4,1,8,1,1,50,0,60,93,6,2,5,2020,7,20,2,12,3,3,1,5,1,2
480956,1,1,25,1,1,11,99,8,8,0,5,1,2,0,1,998,999,999,0,3,1,2,1,8,1,1,9,0,3,96,91,11,4,2020,7,22,2,1,1,1,4,3,10,0
480957,1,1,44,1,1,11,20,20,8,0,1,0,1,0,1,998,999,999,0,0,2,2,1,8,1,1,13,1,60,5,0,25,4,2020,7,13,2,32,1,1,4,1,1,4
480960,1,1,32,1,1,11,99,9,8,0,2,0,2,0,1,998,999,999,0,4,3,5,1,8,2,1,78,0,7,96,85,19,4,2020,1,13,2,20,1,1,4,1,2,3
480961,1,1,27,1,1,11,3,20,8,0,2,0,3,0,1,0,999,999,0,0,1,4,2,8,1,5,63,0,13,96,54,26,4,2020,1,16,2,12,1,1,1,1,1,0
480962,1,1,22,1,1,11,3,20,8,0,1,0,2,0,1,998,999,999,0,0,3,3,3,8,1,1,13,0,7,96,73,2,5,2020,7,22,2,30,1,1,10,3,10,4
480963,1,1,42,1,1,11,3,20,8,0,1,0,1,0,1,998,999,999,1,0,5,5,1,8,1,1,80,0,60,96,0,1,5,2020,6,21,2,8,1,1,1,3,10,0
480964,1,1,42,2,1,11,99,1,0,0,1,0,2,0,1,2,999,999,0,0,0,0,0,0,0,98,19,0,60,96,38,24,4,2020,6,12,2,12,8,1,1,1,1,4
480965,1,1,28,1,1,11,20,20,1,0,1,0,0,0,1,998,69,234,0,5,2,3,1,8,1,14,6,1,7,96,0,29,4,2020,4,19,2,42,1,1,4,1,1,4
480967,1,1,27,1,1,11,99,20,1,0,1,0,0,0,1,998,70,205,3,5,1,2,1,8,1,1,6,1,15,93,89,29,4,2020,4,21,2,42,1,1,4,2,1,4
480968,1,1,53,2,1,11,20,20,8,0,1,0,1,0,1,998,999,999,0,0,2,3,3,1,1,1,12,0,83,96,0,26,4,2020,1,17,2,33,3,2,3,1,1,4
480970,1,1,27,1,1,11,20,1,1,0,1,0,2,0,1,60,999,999,2,4,1,2,1,1,1,1,17,0,60,96,39,27,4,2020,2,10,2,12,2,2,1,1,1,4
480975,1,1,999,9,1,11,99,99,8,0,99,1,9,99,1,998,999,999,99,0,5,5,1,8,1,1,80,0,999,96,0,6,5,2020,4,22,2,8,1,1,1,2,1,9
480979,1,1,54,2,1,11,3,9,8,0,1,0,2,0,1,998,999,999,2,0,3,2,1,2,1,15,11,0,13,96,27,5,5,2020,3,7,2,12,1,1,1,1,1,4
480980,1,1,48,1,1,11,3,8,1,0,1,0,0,0,1,998,999,999,2,0,3,4,1,8,1,1,12,0,13,93,6,7,1,2020,3,21,2,25,1,1,3,3,1,4
480981,1,1,25,1,1,11,3,20,8,0,1,0,1,0,1,998,999,999,0,0,1,2,8,8,1,11,15,0,60,96,38,3,5,2020,1,20,2,12,2,3,1,3,1,0
480982,1,1,69,2,1,11,3,20,8,0,3,0,2,0,1,0,999,999,0,0,3,4,3,8,1,7,53,0,13,96,54,30,4,2020,5,5,2,12,1,1,1,3,1,4
480983,1,1,28,1,1,11,3,20,8,0,1,0,4,0,1,998,999,999,3,0,5,5,1,8,1,1,83,0,13,96,0,30,4,2020,5,15,2,9,3,2,1,1,1,0
480984,1,1,52,1,1,11,20,20,8,0,1,0,1,0,1,998,999,999,0,5,6,2,2,8,1,14,9,0,80,96,0,5,5,2020,3,14,2,26,5,1,4,1,1,4
480985,1,1,50,1,1,11,3,20,8,0,1,0,3,1,1,15,999,999,0,0,1,2,1,8,1,10,16,0,11,96,48,6,5,2020,4,6,2,12,4,1,1,4,10,0
480986,1,1,24,1,1,11,20,20,8,0,1,0,2,0,1,998,999,999,1,5,2,4,1,8,1,15,62,0,80,96,0,29,4,2020,4,20,2,12,2,3,1,5,1,4
480987,1,1,999,1,1,11,99,99,8,0,99,1,9,99,1,998,999,999,99,0,3,4,1,1,1,15,11,0,999,96,27,30,4,2020,5,16,2,12,1,1,1,1,1,9
480988,1,1,58,1,1,11,3,8,8,0,1,0,1,0,1,998,999,999,0,4,1,2,2,8,1,14,12,0,60,96,0,7,5,2020,5,23,2,53,1,1,4,3,1,4
480989,1,1,58,1,1,11,20,20,8,0,1,0,1,0,1,998,999,999,0,5,2,2,1,8,1,1,13,1,6,96,0,5,5,2020,3,12,2,33,1,1,4,1,1,4
480990,1,1,15,1,1,11,3,20,8,0,99,1,2,0,1,998,999,999,0,4,1,2,1,8,1,10,16,0,7,96,51,6,5,2020,4,15,2,33,3,3,4,1,1,0
480992,1,1,43,1,1,11,3,20,8,0,1,0,3,6,1,998,999,999,0,0,3,2,1,8,1,15,80,0,66,96,0,7,5,2020,5,5,2,8,1,1,1,2,1,0
480993,1,1,36,1,1,11,3,1,8,0,1,0,2,0,1,998,999,999,0,5,6,2,2,8,1,1,54,0,13,96,50,3,5,2020,1,21,2,12,20,1,1,3,1,3
480994,1,1,19,1,1,11,3,20,8,0,1,0,1,0,1,998,999,999,0,0,1,8,2,8,1,1,80,0,60,96,0,4,5,2020,2,22,2,8,1,1,1,3,1,0
480996,1,1,25,1,1,11,20,8,8,0,1,0,1,0,1,65,999,999,0,3,2,2,1,1,1,1,80,0,7,96,0,20,4,2020,2,23,2,8,1,1,1,2,10,3
480997,1,1,68,1,1,11,3,20,8,0,1,0,1,0,1,998,999,999,0,0,3,2,1,8,1,1,80,1,13,96,0,3,5,2020,1,21,2,8,1,1,1,3,1,0
480998,1,1,43,1,1,11,20,8,0,0,1,0,1,0,1,0,999,999,0,0,3,5,1,8,1,7,53,1,7,96,54,2,5,2020,7,22,2,12,18,1,1,3,1,4
480999,1,1,62,1,1,11,99,1,8,0,1,1,0,0,1,998,999,999,0,5,3,3,1,1,1,1,51,1,13,96,91,3,5,2020,1,21,2,12,18,1,1,3,1,0
481000,1,1,28,2,1,11,20,8,1,0,1,0,9,0,1,998,62,135,0,4,1,5,1,8,1,1,9,0,7,96,39,9,5,2020,7,11,2,46,3,4,4,1,1,4
481001,1,1,56,1,1,11,20,20,8,0,1,0,1,0,1,998,999,999,0,0,6,1,1,8,1,1,98,0,82,96,0,7,4,2020,3,16,2,1,20,1,1,1,1,4
481002,1,1,24,1,1,11,3,8,8,0,1,0,1,0,1,998,72,225,1,5,2,2,1,8,1,15,11,0,3,93,6,25,4,2020,7,22,2,12,1,1,1,3,1,0
481003,1,1,28,2,1,11,20,8,1,0,1,0,1,0,1,998,999,999,3,3,2,2,2,8,1,14,13,1,13,96,0,24,4,2020,6,20,2,58,19,1,4,2,1,4
481004,1,1,31,2,1,11,3,1,8,0,1,0,2,0,1,998,999,999,1,3,3,3,1,8,1,1,60,0,13,96,0,27,4,2020,2,1,2,12,18,1,1,3,1,3
481005,1,1,19,1,1,11,20,20,1,0,2,0,2,0,1,998,999,999,0,0,2,2,1,8,1,1,12,0,60,96,58,30,4,2020,5,8,2,1,1,1,10,1,1,0
481006,1,1,29,1,1,11,20,20,8,0,1,0,0,0,1,998,999,999,0,5,2,2,1,8,1,1,17,0,80,96,0,7,5,2020,5,13,2,12,2,2,1,1,1,4
481008,1,1,55,1,1,11,20,9,8,0,1,0,2,0,1,998,999,999,0,4,1,2,1,8,1,14,12,1,60,96,0,3,5,2020,1,1,2,30,1,1,4,3,1,4
481011,1,1,36,1,1,11,3,20,8,0,3,0,1,0,1,998,62,999,0,5,2,2,1,8,2,14,6,1,13,96,0,10,5,2020,1,19,2,33,1,1,3,1,10,1
481012,1,1,26,1,1,11,3,8,8,0,2,0,3,0,1,998,999,999,0,5,2,4,3,8,1,1,51,0,9,96,26,23,3,2020,2,9,2,12,18,1,1,1,1,1
481014,1,1,40,1,1,11,3,20,8,0,1,0,1,0,1,998,999,999,0,0,1,4,1,2,2,14,80,0,13,96,0,4,4,2020,7,12,2,8,1,1,1,1,2,0
481015,1,1,63,2,1,11,3,1,8,0,1,0,1,0,1,998,999,999,0,0,2,2,1,8,1,1,12,0,13,0,0,1,5,2020,6,18,2,59,1,1,4,1,1,4
481016,1,1,46,2,1,11,3,1,0,0,1,0,2,0,1,998,999,999,0,0,2,4,1,8,1,1,17,1,13,96,39,30,4,2020,5,23,2,12,2,2,1,3,1,4
481017,1,1,19,1,1,11,20,20,8,0,1,0,3,0,1,998,999,999,0,3,2,4,1,8,1,15,10,0,98,96,0,9,5,2020,7,16,2,12,18,1,1,1,1,4
481018,1,1,21,1,1,11,20,8,8,0,3,0,2,0,1,76,999,999,1,2,2,3,1,8,1,1,60,0,13,96,0,3,5,2020,1,14,2,12,1,1,1,1,1,2
481022,1,1,37,1,1,11,20,8,8,0,1,0,2,0,1,998,999,999,0,4,3,4,2,8,2,1,6,0,13,96,87,8,5,2020,6,7,2,25,1,1,3,4,2,4
481023,1,1,25,2,1,11,20,8,8,0,1,0,1,0,1,998,999,999,0,5,1,2,1,8,1,1,10,1,13,93,6,10,5,2020,1,5,2,14,1,1,2,3,1,4
481024,1,1,36,2,1,11,3,20,8,0,2,0,0,0,1,0,999,999,0,0,3,3,1,8,1,7,53,0,13,96,54,28,4,2020,3,12,2,12,1,1,1,1,1,4
481028,1,1,30,2,1,11,3,8,8,0,1,0,1,0,1,998,999,999,0,0,1,2,2,8,1,11,15,0,13,96,38,30,4,2020,5,16,2,12,8,1,1,1,1,2
481030,1,1,20,1,1,11,20,20,1,0,1,0,1,0,1,998,69,164,1,4,6,1,2,8,1,1,83,1,80,96,0,9,5,2020,7,23,2,9,20,1,1,3,1,4
481031,1,1,999,9,1,11,99,99,8,0,99,1,9,99,1,998,999,999,99,0,1,2,2,8,1,10,81,0,999,96,48,28,4,2020,3,20,2,8,1,1,4,5,10,9
481032,1,1,55,1,1,11,2,20,8,0,1,0,3,21,1,998,999,999,0,0,2,2,1,8,1,1,80,0,16,96,0,8,5,2020,6,21,2,8,1,1,1,3,1,0
481033,1,1,23,1,1,11,99,99,8,0,3,0,1,0,1,998,67,148,0,0,2,5,1,8,1,1,13,1,60,96,0,10,5,2020,1,7,2,30,1,1,10,1,1,4
481034,1,1,44,1,1,11,3,2,8,0,1,0,3,0,1,998,999,999,0,5,2,2,1,1,2,1,51,0,13,93,6,5,5,2020,3,22,2,12,1,1,1,2,10,4
481036,1,1,49,1,1,11,20,20,8,0,1,0,0,0,1,998,71,218,0,0,4,3,1,1,1,15,13,0,82,96,0,9,5,2020,7,13,2,33,1,1,8,1,1,4
481037,1,1,999,9,1,11,99,99,8,0,99,1,9,99,1,998,999,999,99,0,1,2,1,8,1,1,81,0,999,96,0,16,4,2020,5,11,2,8,1,1,2,1,1,9
481039,1,1,999,9,1,11,99,99,8,0,99,1,9,99,1,998,999,999,99,0,2,2,1,8,1,1,80,0,999,96,0,12,5,2020,3,19,2,8,1,1,1,5,10,9
481040,1,1,42,1,1,11,99,1,1,0,1,0,0,0,1,998,999,999,0,5,2,3,1,1,1,1,50,1,13,96,91,4,5,2020,2,15,2,12,3,2,1,1,1,2
481042,1,1,16,1,1,11,3,20,8,0,2,0,2,0,1,998,999,999,0,4,2,2,1,8,1,15,10,0,7,96,58,8,5,2020,6,15,2,12,1,1,1,1,10,0
481047,1,1,30,2,1,11,3,8,8,0,2,0,1,0,1,54,999,999,0,3,1,2,2,8,1,14,13,1,5,96,91,6,5,2020,4,1,2,42,1,1,4,2,10,2
481048,1,1,17,2,1,11,3,8,8,0,1,0,2,0,1,998,999,999,1,0,2,3,1,8,1,1,17,0,13,93,39,7,5,2020,5,15,2,12,2,2,1,1,10,0
481049,1,1,61,1,1,11,3,8,8,0,1,0,1,0,1,998,69,229,0,0,2,4,8,8,98,11,15,0,60,96,38,8,3,2020,1,13,2,12,2,2,1,1,1,4
481050,1,1,66,2,1,11,3,20,8,0,1,0,1,0,1,998,999,999,0,0,1,2,1,8,2,16,10,0,13,96,30,17,2,2020,2,6,2,12,8,1,1,2,2,0
481051,1,1,38,1,1,11,3,2,8,0,1,0,1,0,1,998,999,999,1,0,1,2,8,8,98,12,21,0,60,96,38,2,5,2020,7,23,2,12,1,1,1,2,1,0
481053,1,1,54,1,1,11,99,1,8,0,2,0,2,0,1,998,999,999,0,4,6,1,6,8,1,15,13,1,60,96,27,6,5,2020,4,17,2,59,5,1,4,1,1,4
481056,1,1,78,1,1,11,20,20,8,0,1,0,1,0,1,998,72,210,0,0,3,3,2,8,1,1,13,0,83,96,0,12,5,2020,3,9,2,52,19,1,8,1,10,4
481057,1,1,22,1,1,11,3,20,1,0,1,0,0,0,1,998,999,999,4,0,3,2,1,2,1,1,54,1,60,96,51,26,4,2020,1,1,2,12,18,1,1,3,1,4
481058,1,1,30,1,1,11,3,20,8,0,1,0,3,1,2,998,999,999,0,0,4,1,1,8,2,11,15,0,11,96,38,13,5,2020,4,2,2,12,2,2,1,2,2,0
481059,1,1,51,2,1,11,3,20,8,0,1,0,1,0,1,998,65,115,0,0,1,2,1,8,1,1,80,0,7,96,0,13,5,2020,4,21,2,8,3,3,1,2,1,0
481060,1,1,20,2,1,11,3,8,0,0,1,0,9,0,1,998,999,999,99,0,3,2,1,8,1,1,54,1,13,96,50,23,5,2020,7,2,2,12,1,1,1,2,1,0
481061,1,1,37,2,1,11,3,8,8,0,1,0,1,0,1,998,999,999,0,4,4,2,3,8,6,14,12,0,7,96,0,27,5,2020,4,21,2,42,1,1,4,2,2,4
481062,1,1,40,1,1,11,3,20,8,0,1,0,1,0,1,998,999,999,0,0,2,3,1,8,1,1,80,0,7,96,0,20,5,2020,4,21,2,8,1,1,1,2,10,0
481063,1,1,60,1,1,11,3,9,8,0,1,0,1,0,1,998,999,999,0,4,4,2,1,1,2,1,51,0,7,96,0,15,5,2020,6,13,2,12,1,1,1,1,2,4
481064,1,1,84,2,1,11,3,20,8,0,1,0,1,0,1,998,999,999,0,0,5,7,1,8,1,11,15,0,13,96,38,24,5,2020,1,13,2,12,2,3,1,1,10,4
481065,1,1,39,1,1,11,99,1,8,0,2,0,1,0,1,998,67,308,0,0,1,4,1,8,1,1,13,0,13,96,0,27,5,2020,4,6,2,98,1,1,4,1,1,4
481069,1,1,31,1,1,11,20,9,8,0,2,0,9,0,1,998,71,145,1,0,4,3,1,8,1,1,13,0,3,96,0,25,5,2020,2,1,2,40,1,1,4,3,10,4
481072,1,1,46,2,1,11,3,8,8,0,1,0,1,0,1,70,999,999,0,3,2,2,1,8,1,14,9,1,13,96,0,25,5,2020,2,19,2,33,1,1,3,5,10,4
481073,1,1,55,1,1,11,3,8,8,0,1,0,1,0,1,998,999,999,0,3,2,2,1,8,1,1,13,1,5,96,0,23,2,2020,1,2,2,30,19,1,4,3,1,4
481075,1,1,33,1,1,11,3,98,8,0,2,0,0,0,1,998,999,999,1,0,3,4,1,2,99,1,13,0,3,96,0,26,5,2020,3,16,2,35,1,1,4,9,99,3
481076,1,1,27,1,1,11,99,20,8,0,1,0,1,0,1,998,999,999,0,0,3,4,1,8,1,15,11,0,60,93,27,18,5,2020,2,16,2,12,5,1,1,1,1,0
481079,1,1,36,2,1,11,20,9,8,0,1,0,2,0,1,998,999,999,0,4,3,4,1,8,2,1,13,0,3,96,0,28,5,2020,5,3,2,35,1,1,4,3,10,4
481080,1,1,30,2,1,11,3,20,8,0,3,0,0,0,1,998,999,999,0,0,2,4,2,8,1,11,15,0,7,96,38,9,5,2020,7,14,2,1,8,1,1,1,1,0
481081,1,1,60,1,1,11,3,9,8,0,1,0,1,0,1,998,999,999,1,0,1,2,1,8,1,11,15,1,60,0,39,22,5,2020,6,20,2,12,2,3,1,1,10,0
481082,1,1,44,1,1,11,20,20,8,0,1,0,0,0,1,998,68,260,0,4,2,2,1,8,1,14,6,1,7,96,37,17,5,2020,1,17,2,59,1,1,4,1,1,4
481083,1,1,31,1,1,11,20,8,1,0,1,0,2,0,1,78,999,999,0,3,2,2,1,8,1,1,83,0,3,96,50,25,5,2020,2,21,2,9,1,1,1,3,1,2
481089,1,1,29,1,1,11,20,9,1,0,2,0,1,0,1,998,999,999,1,3,3,3,2,8,1,14,13,1,7,96,0,17,5,2020,1,20,2,20,1,1,4,5,1,4
481090,1,1,18,1,1,11,20,8,8,0,2,0,2,0,1,998,66,138,0,0,4,3,1,8,1,1,17,0,13,96,39,28,5,2020,5,22,2,12,2,2,1,3,1,4
481091,1,1,38,1,1,11,3,1,8,0,1,0,3,0,1,998,999,999,0,0,2,2,1,8,1,1,50,0,95,96,0,20,5,2020,4,16,2,8,1,1,1,1,1,1
481092,1,1,27,1,1,11,3,9,1,0,1,0,1,0,1,998,999,999,1,4,3,4,1,8,1,1,50,1,13,96,0,23,5,2020,7,0,2,12,1,1,1,3,1,4