ST_CASE,VEH_NO,PER_NO,AGE,SEX,PER_TYP,SEAT_POS,REST_USE,AIR_BAG,DRUGS,LOCATION,NUMOCCS,HIT_RUN,OWNER,V_CONFIG,HAZ_INV,TRAV_SP,DR_HGT,DR_WGT,PREV_SPD,SPEEDREL,VTRAFWAY,VNUM_LAN,VPROFILE,VPAVETYP,VSURCOND,P_CRASH1,P_CRASH2,DR_DRINK,VPICBODYCLASS,DRDISTRACT,DRIVERRF,DAY,MONTH,YEAR,DAY_WEEK,HOUR,RUR_URB,HARM_EV,RELJCT2,TYP_INT,REL_ROAD,LGT_COND,WEATHER,INJ_SEV
481094,1,1,39,1,1,11,20,20,8,0,1,0,2,0,1,998,999,999,3,4,2,2,1,8,1,14,12,0,81,96,0,15,5,2020,6,15,2,33,1,1,4,1,1,4
481097,1,1,55,1,1,11,3,20,8,0,1,0,1,0,1,998,999,999,0,0,1,4,1,8,1,1,80,0,60,96,0,3,5,2020,1,23,2,8,1,1,1,2,1,0
481098,1,1,39,1,1,11,20,20,8,0,2,0,0,0,1,998,999,999,0,5,3,3,1,8,1,1,51,0,94,96,6,29,5,2020,6,23,2,12,1,1,1,3,1,4
481099,1,1,34,1,1,11,3,20,8,0,1,0,2,0,1,998,999,999,0,0,1,2,1,8,1,1,80,0,13,0,0,19,5,2020,3,23,2,8,1,1,1,3,1,0
481100,1,1,999,9,1,11,99,98,8,0,99,1,9,99,1,998,999,999,99,0,2,3,1,8,2,99,83,0,999,96,0,16,5,2020,7,20,2,9,3,3,1,3,2,9
481101,1,1,999,9,1,11,99,99,8,0,99,1,9,99,1,998,999,999,99,5,1,4,1,8,1,1,80,0,999,96,38,14,5,2020,5,23,2,8,3,3,1,3,1,9
481102,1,1,73,2,1,11,3,1,8,0,1,0,1,0,1,998,999,999,0,0,2,3,1,8,1,1,13,0,13,0,0,12,5,2020,3,12,2,40,1,1,4,1,10,4
481103,1,1,25,1,1,11,3,20,8,0,1,0,2,0,1,998,999,999,1,0,5,5,1,8,1,11,15,0,13,96,38,26,5,2020,3,21,2,12,8,1,1,3,1,0
481104,1,1,19,1,1,11,99,9,1,0,1,0,0,0,1,998,999,999,0,0,2,4,1,8,1,11,15,0,13,96,48,26,5,2020,3,20,2,12,2,2,1,3,1,4
481105,1,1,29,1,1,11,3,20,8,0,1,0,3,1,1,998,999,999,0,0,5,5,1,8,1,1,8,0,11,96,0,27,5,2020,4,10,2,33,1,1,4,1,1,4
481106,1,1,61,1,1,11,3,20,0,0,1,0,1,1,1,998,76,208,0,0,1,2,1,8,1,6,9,0,60,96,34,12,5,2020,3,16,2,34,1,1,4,1,1,4
481108,1,1,60,1,1,11,3,20,8,0,1,0,1,6,1,998,999,999,0,0,2,2,2,8,1,14,80,0,66,96,21,11,5,2020,2,10,2,8,18,1,1,1,1,0
481109,1,1,50,1,1,11,3,20,8,0,1,0,2,0,1,998,999,999,0,4,1,2,1,8,1,1,52,0,60,0,0,7,5,2020,5,9,2,12,3,3,1,1,1,2
481112,1,1,18,1,1,11,99,20,1,0,2,0,2,0,1,998,999,999,0,0,2,2,1,8,1,1,13,0,60,96,91,13,5,2020,4,7,2,46,3,2,4,1,10,2
481113,1,1,57,2,1,11,3,20,8,0,1,0,4,0,1,998,999,999,0,0,0,0,0,0,0,10,83,0,13,93,6,9,5,2020,7,14,2,9,8,1,1,1,10,0
481114,1,1,34,1,1,11,20,20,8,0,2,0,2,0,1,998,999,999,0,3,1,4,6,8,1,1,10,1,80,96,0,21,5,2020,5,22,2,33,1,1,4,3,1,4
481115,1,1,33,1,1,11,3,20,8,0,2,0,1,0,1,998,999,999,0,0,4,3,1,8,2,1,80,0,7,96,0,15,5,2020,6,21,2,8,1,1,1,2,2,9
481116,1,1,37,1,1,11,99,20,8,0,1,0,1,0,1,998,999,999,0,0,3,2,1,8,1,1,13,0,60,96,0,20,5,2020,4,16,2,34,1,1,4,1,1,4
481117,1,1,58,2,1,11,3,20,8,0,1,0,1,0,1,50,999,999,0,0,5,5,1,8,1,1,80,0,60,96,0,12,5,2020,3,3,2,8,1,1,1,3,1,0
481118,1,1,33,1,1,11,3,20,8,0,3,0,2,0,1,998,999,999,0,3,4,3,1,8,1,1,12,1,13,96,91,18,5,2020,2,23,2,33,1,1,10,3,1,2
481119,1,1,40,1,1,11,3,20,8,0,2,0,1,0,1,998,999,999,1,0,3,4,1,8,1,1,80,0,3,96,0,22,5,2020,6,3,2,8,1,1,1,2,1,0
481120,1,1,27,1,1,11,3,8,8,0,1,0,2,0,1,998,999,999,0,0,1,2,8,8,1,4,17,0,8,96,38,13,5,2020,4,12,2,12,2,2,1,1,10,4
481121,1,1,69,1,1,11,3,9,8,0,1,0,1,0,1,998,999,999,1,5,1,4,2,8,1,1,90,0,13,96,0,28,5,2020,5,10,2,18,1,1,1,1,1,3
481122,1,1,27,1,1,11,20,20,0,0,1,0,1,0,1,998,999,999,0,0,6,1,8,8,1,14,12,0,60,96,0,11,5,2020,2,6,2,59,5,1,4,4,10,4
481123,1,1,51,2,1,11,3,20,8,0,1,0,1,0,1,998,999,999,0,0,6,1,2,8,1,1,80,0,13,96,0,19,5,2020,3,4,2,8,20,1,1,3,1,0
481124,1,1,20,2,1,11,3,1,8,0,1,0,1,0,1,998,999,999,0,4,3,4,1,8,1,1,51,0,7,15,0,11,5,2020,2,22,2,12,18,1,1,2,1,0
481125,1,1,34,1,1,11,20,9,1,0,1,0,1,0,1,998,999,999,0,0,1,2,2,8,2,1,10,0,60,96,28,15,5,2020,6,17,2,12,1,1,1,1,10,4
481129,1,1,18,1,1,11,20,20,0,0,1,0,2,0,1,998,65,129,0,3,4,3,1,8,1,1,13,0,13,96,0,31,5,2020,1,21,2,21,19,1,4,3,1,4
481130,1,1,33,1,1,11,99,20,8,0,1,0,0,0,1,998,999,999,0,0,1,2,1,8,1,1,80,0,13,96,38,12,5,2020,3,21,2,8,1,1,1,2,1,0
481131,1,1,24,1,1,11,3,1,8,0,1,0,1,0,1,998,999,999,0,0,2,2,1,8,1,14,13,0,3,0,0,1,6,2020,2,5,2,31,1,1,4,2,1,4
481138,1,1,53,1,1,11,20,20,8,0,1,0,0,0,1,998,999,999,0,4,1,2,1,8,1,1,12,1,94,96,0,1,6,2020,2,4,2,33,1,1,4,3,1,4
481141,1,1,23,1,1,11,20,1,1,0,2,0,1,0,1,998,999,999,2,3,1,7,1,8,1,1,17,1,7,96,39,25,5,2020,2,1,2,12,2,2,1,3,1,3
481142,1,1,32,1,1,11,20,8,1,0,1,0,1,0,1,998,999,999,0,0,4,4,1,1,1,1,13,0,5,96,0,26,5,2020,3,13,2,59,1,1,4,1,1,4
481143,1,1,65,1,1,11,3,20,0,0,1,0,3,6,1,998,999,999,0,0,2,3,1,8,1,11,15,0,66,96,38,30,5,2020,7,6,2,12,2,3,1,4,1,0
481147,1,1,26,1,1,11,20,20,0,0,1,0,2,0,1,998,999,999,0,4,1,2,2,8,2,14,9,0,13,96,0,26,5,2020,3,16,2,12,1,1,1,1,1,4
481149,1,1,34,1,1,11,99,8,8,0,1,0,1,0,1,998,999,999,0,2,2,3,1,8,1,14,6,0,5,96,0,29,5,2020,6,19,2,33,1,1,4,1,1,4
481150,1,1,37,1,1,11,20,20,0,0,2,0,2,0,1,998,999,999,0,4,3,2,1,8,1,1,12,0,80,96,0,19,5,2020,3,0,2,25,19,1,3,3,1,4
481151,1,1,18,2,1,11,20,1,8,0,1,0,2,0,1,998,999,999,0,3,2,4,1,8,1,1,12,0,13,96,0,27,5,2020,4,11,2,42,1,1,4,1,1,4
481152,1,1,26,1,1,11,3,9,8,0,1,0,2,0,1,50,70,204,0,4,1,2,1,8,2,1,6,1,3,93,6,15,5,2020,6,23,2,42,1,1,4,3,2,4
481153,1,1,31,2,1,11,3,1,8,0,2,0,1,0,1,998,999,999,0,0,5,5,1,8,1,1,80,0,3,15,0,31,5,2020,1,3,2,8,1,1,1,3,1,0
481159,1,1,72,1,1,11,3,20,8,0,1,0,1,0,1,998,999,999,0,0,5,5,1,8,1,1,13,0,13,96,0,10,5,2020,1,21,2,8,1,1,2,2,1,0
481162,1,1,27,2,1,11,3,8,1,0,1,0,2,0,1,998,999,999,1,0,2,2,2,8,1,14,12,1,13,96,0,2,5,2020,7,23,2,39,19,1,3,2,1,4
481164,1,1,999,9,1,11,99,99,8,0,99,1,9,99,1,998,999,999,99,0,1,2,1,8,1,99,80,0,999,96,38,11,5,2020,2,2,2,8,1,1,1,3,6,9
481165,1,1,31,1,1,11,20,20,1,0,1,0,2,0,1,60,999,999,0,3,1,2,1,2,1,14,6,1,60,96,0,25,5,2020,2,7,2,38,1,1,4,1,10,4
481167,1,1,999,9,1,11,99,99,8,0,99,1,9,99,1,998,999,999,99,0,2,2,1,8,1,1,83,0,999,96,0,1,6,2020,2,7,2,9,1,1,1,1,1,9
481168,1,1,32,1,1,11,20,20,0,0,1,0,0,0,1,998,999,999,0,3,3,2,1,8,1,14,6,1,94,96,0,24,5,2020,1,22,2,33,1,1,3,2,10,4
481170,1,1,30,2,1,11,3,20,8,0,1,0,2,0,1,998,999,999,0,0,1,2,8,8,1,1,17,0,60,96,38,29,5,2020,6,18,2,12,2,2,1,1,1,0
481172,1,1,25,1,1,11,3,2,8,0,1,0,2,0,1,998,68,145,0,3,1,2,1,1,2,1,11,1,7,96,0,31,5,2020,1,16,2,12,1,1,1,1,2,4
481174,1,1,76,2,1,11,3,20,8,0,99,1,2,0,1,998,999,999,0,0,2,4,1,8,1,1,80,0,60,96,0,3,6,2020,4,14,2,8,1,1,1,1,1,0
481176,1,1,17,1,1,11,3,98,0,0,2,0,2,0,1,998,72,130,0,5,1,2,2,8,1,1,6,0,13,96,0,23,5,2020,7,15,2,42,1,1,4,1,1,4
481177,1,1,20,1,1,11,20,20,0,0,1,0,1,0,1,998,73,153,0,3,2,2,1,8,1,1,13,0,80,96,52,4,6,2020,5,19,2,14,1,1,4,1,1,4
481178,1,1,7,1,2,33,99,20,8,0,2,0,6,0,1,0,998,997,998,8,3,2,2,8,1,0,98,0,7,16,20,24,5,2020,1,4,2,12,1,1,1,2,10,4
481179,1,1,25,1,1,11,3,1,1,0,2,0,2,0,1,998,999,999,0,5,5,5,1,8,1,1,8,0,13,96,36,31,5,2020,1,19,2,42,1,1,4,1,1,4
481180,1,1,60,1,1,11,3,20,8,0,1,0,1,0,1,998,999,999,0,0,1,2,1,8,1,1,80,0,7,96,0,19,5,2020,3,20,2,8,1,1,1,5,1,0
481181,1,1,36,1,1,11,20,20,8,0,1,0,0,0,1,998,999,999,0,0,2,3,2,8,1,1,54,1,80,96,51,29,5,2020,6,23,2,12,1,1,1,3,1,4
481182,1,1,34,2,1,11,3,8,8,0,1,0,2,0,1,998,61,109,0,4,1,2,1,8,1,14,13,0,5,96,0,3,6,2020,4,1,2,30,3,3,4,2,1,4
481183,1,1,26,1,1,11,3,8,0,0,1,0,2,0,1,998,73,310,0,0,2,5,1,8,1,1,12,0,13,96,28,6,6,2020,7,4,2,46,3,2,3,3,1,4
481184,1,1,48,1,1,11,3,20,8,0,2,0,1,0,1,45,999,999,0,0,1,2,1,8,1,1,80,0,60,96,0,5,6,2020,6,22,2,8,1,1,1,2,1,0
481185,1,1,29,1,1,11,3,2,8,0,4,0,2,0,1,998,999,999,0,0,3,3,1,1,98,1,17,0,7,96,28,29,5,2020,6,22,2,12,2,2,1,3,1,2
481188,1,1,65,1,1,11,3,1,0,0,4,0,1,0,1,998,72,195,1,0,2,3,1,8,1,11,15,0,60,96,38,15,3,2020,1,12,2,12,2,2,1,1,1,0
481189,1,1,45,1,1,11,99,20,8,0,1,0,2,0,1,998,999,999,0,0,4,2,8,8,98,10,16,0,7,96,0,31,5,2020,1,4,2,93,1,1,5,2,1,4
481190,1,1,31,1,1,11,3,9,0,0,3,0,1,0,1,998,999,999,0,0,1,3,1,8,1,1,12,1,7,96,91,5,6,2020,6,23,2,46,3,2,3,3,1,0
481191,1,1,56,1,1,11,3,1,0,0,1,0,2,0,1,998,70,212,0,0,4,4,1,8,1,1,11,0,13,96,50,3,6,2020,4,19,2,12,1,1,1,1,10,4
481192,1,1,71,1,1,11,3,20,8,0,1,0,1,0,1,998,999,999,0,0,2,2,2,8,1,11,15,0,60,96,0,6,6,2020,7,14,2,1,1,1,3,1,1,4
481194,1,1,35,2,1,11,3,8,8,0,1,0,0,0,1,998,999,999,0,5,5,5,1,8,1,6,10,0,3,96,28,2,6,2020,3,18,2,12,1,1,1,1,1,3
481195,1,1,52,1,1,11,3,20,8,0,1,0,2,0,1,998,999,999,0,0,2,2,1,8,1,1,80,0,60,96,0,7,6,2020,1,5,2,8,1,1,1,2,1,0
481196,1,1,60,1,1,11,20,20,1,0,1,0,1,0,1,998,999,999,0,0,3,2,3,8,1,1,9,0,60,96,0,20,5,2020,4,7,2,1,1,1,1,1,1,4
481197,1,1,29,1,1,11,20,20,8,0,1,0,1,0,1,998,999,999,1,5,1,2,8,8,1,1,17,0,80,96,0,5,6,2020,6,22,2,12,2,2,1,2,1,4
481198,1,1,26,1,1,11,20,8,8,0,4,0,2,0,1,998,999,999,1,3,2,4,1,2,1,1,17,0,13,96,91,4,6,2020,5,10,2,12,2,2,1,1,10,3
481203,1,1,66,1,1,11,20,20,8,0,1,0,2,0,1,998,68,155,0,4,3,3,1,8,1,99,9,1,3,96,0,23,5,2020,7,12,2,21,1,1,4,1,1,4
481204,1,1,67,1,1,11,3,1,8,0,1,0,1,0,1,998,999,999,0,0,0,0,0,0,0,11,15,0,60,93,38,24,5,2020,1,11,2,12,8,1,1,1,1,0
481205,1,1,999,9,1,11,99,99,8,0,99,1,9,99,1,998,999,999,99,0,9,9,9,9,99,99,80,0,999,96,0,3,6,2020,4,0,2,8,2,2,1,3,1,9
481206,1,1,58,1,1,11,3,8,8,0,1,0,2,0,1,998,64,171,1,0,3,3,1,1,1,1,10,0,13,96,0,18,5,2020,2,12,2,18,1,1,2,1,1,4
481207,1,1,44,1,1,11,20,9,1,0,1,0,0,0,1,998,77,251,0,0,3,5,1,1,1,99,12,0,13,96,0,4,6,2020,5,20,2,25,1,1,3,3,1,4
481208,1,1,29,2,1,11,3,8,8,0,5,0,2,0,1,998,999,999,0,0,3,3,1,8,1,1,13,1,7,96,91,18,5,2020,2,1,2,30,1,1,4,3,1,2
481209,1,1,29,1,1,11,3,20,1,0,1,0,3,0,1,998,999,999,0,0,1,2,1,8,1,1,80,1,60,93,6,6,6,2020,7,21,2,8,1,1,1,3,1,0
481210,1,1,19,1,1,11,20,9,0,0,2,0,2,0,1,998,999,999,0,3,2,4,1,8,1,1,17,1,8,96,73,23,5,2020,7,22,2,12,2,2,1,3,1,0
481213,1,1,999,9,1,11,99,99,8,0,99,1,9,99,1,998,999,999,99,0,5,5,1,8,1,1,80,0,999,96,0,10,5,2020,1,4,2,8,1,1,1,2,1,9
481216,1,1,28,1,1,11,20,20,8,0,1,0,1,0,1,998,68,150,0,0,1,2,2,8,1,1,13,0,80,96,0,10,5,2020,1,20,2,38,1,1,5,1,1,4
481219,1,1,25,1,1,11,20,20,8,0,2,0,0,0,1,998,999,999,1,0,3,3,1,8,1,1,13,0,98,96,0,29,5,2020,6,19,2,98,1,1,4,1,1,4
481220,1,1,16,1,1,11,20,8,8,0,1,0,3,0,1,998,999,999,0,0,1,2,1,8,1,6,12,0,7,96,37,25,5,2020,2,22,2,42,1,1,4,2,1,4
481221,1,1,35,2,1,11,3,8,8,0,1,0,1,0,1,998,999,999,0,0,1,2,1,8,1,4,66,0,3,96,73,3,6,2020,4,17,2,12,2,2,1,1,1,1
481223,1,1,24,1,1,11,20,9,8,0,1,0,2,0,1,998,73,208,0,0,1,2,1,8,1,1,12,1,60,96,0,24,5,2020,1,0,2,1,1,1,4,2,1,4
481224,1,1,17,1,1,11,3,8,8,0,1,0,2,0,1,84,70,195,0,3,2,3,1,8,1,10,6,0,3,96,48,3,6,2020,4,16,2,30,1,1,4,1,1,4
481225,1,1,28,2,1,11,20,8,8,0,2,0,0,0,1,120,999,999,0,3,2,2,1,8,1,14,9,1,13,96,50,3,6,2020,4,0,2,12,1,1,1,2,1,3
481228,1,1,54,1,1,11,20,20,8,0,1,0,1,0,1,998,71,278,0,0,2,2,1,8,1,1,12,1,81,96,0,7,6,2020,1,0,2,33,1,1,3,2,1,4
481230,1,1,22,1,1,11,99,8,8,0,1,0,2,0,1,998,999,999,0,0,3,3,1,8,1,14,13,0,13,93,6,31,5,2020,1,3,2,20,1,1,8,3,1,4
481231,1,1,20,1,1,11,3,20,8,0,2,0,1,0,1,85,999,999,0,3,2,2,1,8,1,1,80,0,13,96,0,17,5,2020,1,18,2,8,1,1,1,1,1,0
481233,1,1,28,1,1,11,3,20,8,0,99,1,1,0,1,998,999,999,0,0,1,2,1,8,1,1,80,0,13,96,0,30,5,2020,7,22,2,8,3,2,1,3,10,0
481236,1,1,39,2,1,11,3,8,8,0,3,0,1,0,1,998,999,999,0,0,1,2,2,8,1,14,13,0,7,96,0,24,5,2020,1,12,2,26,1,1,4,1,10,2
481240,1,1,47,1,1,11,99,1,0,0,1,0,0,0,1,80,999,999,0,0,2,3,1,8,1,11,15,1,7,96,39,5,6,2020,6,2,2,12,2,3,1,3,1,0
481241,1,1,23,2,1,11,99,20,8,0,2,0,2,0,1,998,60,181,1,0,3,4,1,8,1,15,10,1,7,96,27,30,5,2020,7,1,2,20,19,1,8,3,1,4
481242,1,1,41,2,1,11,99,20,8,0,1,1,2,0,1,998,999,999,1,3,5,3,1,8,1,1,80,1,60,96,0,1,6,2020,2,22,2,8,1,1,1,2,1,0
481243,1,1,44,1,1,11,3,20,8,0,4,0,1,4,1,998,999,999,0,0,1,3,1,8,1,1,98,0,60,96,0,31,5,2020,1,0,2,5,1,1,1,2,1,0
481245,1,1,35,1,1,11,3,1,0,0,1,0,1,0,1,998,67,260,1,0,3,2,1,8,1,1,54,0,13,96,50,8,6,2020,2,12,2,12,1,1,1,1,1,4
481248,1,1,38,1,1,11,20,1,1,0,1,0,2,0,1,998,999,999,0,5,1,2,1,8,1,1,13,0,7,96,58,2,6,2020,3,12,2,35,1,1,4,1,10,4
481249,1,1,31,1,1,11,20,8,1,0,1,0,1,0,1,998,999,999,1,3,3,2,1,8,1,1,12,1,13,96,0,4,6,2020,5,19,2,24,1,1,3,1,1,4
481253,1,1,36,1,1,11,3,20,8,0,1,0,2,4,1,0,999,999,0,0,5,7,1,8,1,7,53,0,60,96,54,22,5,2020,6,19,2,12,1,1,1,1,1,0
481254,1,1,21,1,1,11,3,20,8,0,1,0,1,0,1,998,999,999,0,0,1,3,1,8,1,1,80,0,7,96,0,27,5,2020,4,23,2,8,1,1,1,3,1,0
481255,1,1,23,1,1,11,3,8,8,0,1,0,1,0,1,998,999,999,2,5,1,7,1,8,98,1,17,1,60,96,91,12,6,2020,6,1,2,12,2,3,1,3,1,1
481256,1,1,27,1,1,11,99,8,8,0,1,0,1,0,1,998,66,999,0,5,4,3,1,8,1,1,50,1,13,96,91,21,5,2020,5,22,2,12,3,2,1,3,1,1
481260,1,1,53,1,1,11,20,20,8,0,1,0,2,6,1,998,68,224,0,0,3,5,1,2,1,1,64,0,66,96,0,20,5,2020,4,16,2,59,3,3,4,1,10,4
481266,1,1,57,1,1,11,20,20,8,0,2,0,1,0,1,998,999,999,0,4,3,3,1,8,1,1,52,0,94,96,26,11,6,2020,5,22,2,12,1,1,1,3,1,4
481267,1,1,28,1,1,11,20,20,0,0,1,0,2,0,1,998,999,999,0,3,3,3,1,8,1,1,53,0,80,96,0,10,6,2020,4,23,2,12,1,1,1,3,1,4
481270,1,1,44,1,1,11,3,20,8,0,1,0,0,0,1,998,999,999,1,0,2,2,1,1,1,14,80,0,13,96,0,1,6,2020,2,4,2,8,1,1,1,2,1,0
481272,1,1,32,2,1,11,99,99,1,0,1,0,0,0,1,998,999,999,0,0,3,2,1,8,1,1,13,1,7,96,50,5,6,2020,6,3,2,25,19,1,10,2,1,4
481274,1,1,83,1,1,11,3,1,8,0,1,0,0,0,1,998,999,999,0,0,1,2,1,8,1,14,13,0,3,93,6,12,6,2020,6,21,2,42,1,1,4,2,1,4
481275,1,1,25,1,1,11,3,20,8,0,3,0,1,0,1,998,999,999,0,0,1,2,1,8,1,1,80,0,60,96,0,11,6,2020,5,19,2,8,1,1,1,1,1,0
481276,1,1,999,9,1,11,99,98,8,0,99,1,9,99,1,998,999,999,99,0,1,4,2,8,2,1,13,0,999,96,48,25,5,2020,2,15,2,8,1,1,4,1,2,9
481277,1,1,999,9,1,11,99,98,8,0,99,1,9,99,1,998,999,999,99,0,2,3,1,8,1,99,62,0,999,96,0,14,6,2020,1,21,2,33,1,1,3,3,1,9
481278,1,1,55,1,1,11,20,8,8,0,1,0,1,0,1,998,999,999,0,4,1,2,1,8,1,14,13,1,1,96,0,30,5,2020,7,20,2,43,1,1,4,2,1,4
481279,1,1,28,1,1,11,3,20,8,0,1,0,3,0,1,998,999,999,0,0,2,3,1,1,1,1,83,0,60,96,0,24,5,2020,1,0,2,15,2,2,1,3,1,0
481280,1,1,27,1,1,11,99,20,8,0,1,0,2,0,1,100,68,145,0,4,2,4,1,8,1,1,6,1,13,96,37,28,5,2020,5,23,2,46,3,2,12,3,1,4
481281,1,1,34,2,1,11,3,1,8,0,2,0,2,0,1,998,999,999,1,0,1,5,2,8,1,1,67,0,13,93,6,8,6,2020,2,12,2,12,2,3,1,1,1,0
481283,1,1,36,1,1,11,20,1,8,0,1,0,2,0,1,998,999,999,0,5,2,2,1,8,1,1,12,0,60,96,0,26,4,2020,1,0,2,42,1,1,4,3,1,4
481284,1,1,18,1,1,11,3,20,1,0,1,0,0,0,1,6,999,999,0,0,1,2,3,8,1,1,17,0,13,96,39,31,5,2020,1,22,2,12,2,2,1,3,10,4
481285,1,1,29,1,1,11,3,20,8,0,1,0,3,6,1,998,999,999,99,0,3,2,1,8,1,1,53,0,66,96,0,9,6,2020,3,22,2,12,1,1,1,3,1,0
481289,1,1,55,2,1,11,20,9,8,0,1,0,2,0,1,998,999,999,2,0,1,2,2,8,2,14,5,0,60,96,87,25,5,2020,2,15,2,12,1,1,1,1,10,3
481293,1,1,25,2,1,11,20,8,1,0,4,0,2,0,1,998,999,999,0,3,1,2,1,8,1,1,12,1,7,96,0,11,6,2020,5,16,2,42,1,1,4,1,1,4
481294,1,1,26,1,1,11,3,20,8,0,2,0,2,0,1,998,999,999,0,0,3,2,2,8,1,11,8,0,13,96,6,17,3,2020,3,2,2,42,3,2,3,2,1,0
481296,1,1,27,1,1,11,3,1,8,0,1,0,1,0,1,998,999,999,0,5,3,3,1,8,1,1,50,0,13,96,0,18,4,2020,7,14,2,12,1,1,1,1,1,0
481297,1,1,46,1,1,11,3,20,8,0,1,0,1,0,1,998,999,999,1,0,5,5,1,8,1,1,82,0,3,93,6,5,5,2020,3,3,2,8,1,1,1,3,1,0
481299,1,1,19,1,1,11,3,20,8,0,1,0,2,0,1,998,999,999,0,0,2,5,1,1,1,1,80,0,7,96,0,15,3,2020,1,21,2,8,3,2,1,3,1,0
481300,1,1,16,1,1,11,3,1,8,0,3,0,2,0,1,998,999,999,0,5,5,3,1,8,1,6,67,0,3,96,0,14,5,2020,5,17,2,12,2,3,1,1,1,1
481301,1,1,80,1,1,11,20,99,8,0,1,0,1,0,1,998,999,999,0,3,1,2,1,8,1,1,90,0,60,96,0,14,6,2020,1,9,2,10,6,1,1,1,1,4
481302,1,1,55,1,1,11,3,20,8,0,2,0,3,6,1,998,999,999,0,0,6,1,8,8,1,4,17,0,66,96,38,8,6,2020,2,19,2,12,2,2,1,5,1,0
481304,1,1,31,2,1,11,3,8,8,0,2,0,1,0,1,998,999,999,0,4,4,2,1,8,1,1,14,0,13,0,0,12,6,2020,6,2,2,33,1,1,4,3,1,4
481306,1,1,39,1,1,11,99,8,8,0,1,0,2,0,1,998,999,999,0,0,1,2,1,8,1,1,17,1,60,93,39,10,6,2020,4,16,2,12,2,2,1,1,1,9
481309,1,1,31,2,1,11,3,20,8,0,2,0,2,0,1,998,999,999,1,4,1,2,1,8,1,14,13,1,60,96,91,14,5,2020,5,23,2,30,1,1,4,2,1,1
481311,1,1,34,1,1,11,3,1,8,0,99,1,1,0,1,998,999,999,0,3,1,2,1,8,1,1,51,1,7,96,91,1,2,2020,7,23,2,12,1,1,1,3,1,1
481313,1,1,17,1,1,11,20,1,0,0,2,0,2,0,1,998,999,999,0,3,1,4,1,8,1,11,15,0,7,96,48,17,6,2020,4,18,2,12,8,1,1,1,1,4
481314,1,1,30,1,1,11,20,20,1,0,1,0,2,0,1,50,69,157,0,3,2,4,2,8,1,1,72,1,80,96,23,12,6,2020,6,4,2,12,8,1,1,3,1,4
481315,1,1,28,1,1,11,20,9,8,0,1,0,2,0,1,998,999,999,0,3,1,2,1,8,1,1,17,1,60,96,39,7,6,2020,1,21,2,12,2,2,1,2,1,0
481317,1,1,24,2,1,11,1,8,1,0,1,0,1,0,1,998,999,999,0,0,3,3,1,8,1,14,80,1,13,0,0,13,6,2020,7,4,2,8,1,1,1,2,1,3
481318,1,1,22,1,1,11,20,20,8,0,1,0,1,0,1,998,999,999,0,5,2,2,1,8,1,1,12,0,80,96,0,17,6,2020,4,2,2,33,1,1,3,3,1,4
481319,1,1,78,1,1,11,3,20,8,0,1,0,1,0,1,998,999,999,1,0,5,5,2,8,1,1,8,0,60,0,28,2,6,2020,3,12,2,12,8,1,11,1,1,4
481320,1,1,49,1,1,11,3,20,8,0,1,0,2,0,1,998,999,999,0,0,3,3,1,8,1,15,59,0,7,96,27,17,6,2020,4,17,2,1,1,1,4,1,1,4
481322,1,1,24,1,1,11,20,20,8,0,1,0,2,0,1,998,69,170,1,4,3,3,1,8,1,15,10,0,6,96,27,3,6,2020,4,21,2,12,18,1,1,2,1,4
481325,1,1,38,1,1,11,99,20,8,0,2,1,2,0,1,998,999,999,0,0,1,4,1,8,1,1,17,1,7,96,91,13,6,2020,7,17,2,12,2,2,1,1,1,2
481326,1,1,19,1,1,11,20,20,8,0,3,0,2,0,1,45,999,999,0,0,2,2,1,8,1,1,78,0,13,96,52,19,5,2020,3,15,2,1,1,1,4,1,1,0
481327,1,1,58,1,1,11,3,9,0,0,1,0,0,0,1,82,68,192,0,3,1,7,1,8,1,1,13,1,7,96,0,13,6,2020,7,18,2,30,1,1,4,1,1,4
481330,1,1,36,1,1,11,3,20,8,0,1,0,0,0,1,998,999,999,0,0,5,5,1,8,98,99,13,0,1,96,999,18,6,2020,5,13,2,12,1,1,4,1,1,4
481331,1,1,24,1,1,11,20,20,8,0,1,0,1,0,1,998,999,999,1,0,1,4,2,8,1,14,9,1,94,96,0,13,6,2020,7,0,2,1,1,1,1,3,1,4
481332,1,1,45,1,1,11,3,20,8,0,1,0,3,1,1,998,999,999,0,4,3,3,1,8,1,1,50,0,11,93,6,5,6,2020,6,12,2,12,1,1,1,1,1,0
481334,1,1,37,1,1,11,20,20,8,0,2,0,2,0,1,998,66,187,0,0,1,2,1,8,1,1,12,1,7,96,0,23,5,2020,7,23,2,1,1,1,1,2,1,4
481335,1,1,25,1,1,11,20,20,8,0,1,0,1,0,1,998,999,999,1,4,1,4,1,8,1,14,12,0,81,96,0,30,5,2020,7,2,2,24,1,1,4,3,1,4
481337,1,1,29,1,1,11,3,8,0,0,1,0,1,0,1,998,999,999,0,0,1,4,1,8,1,1,17,1,13,96,39,3,6,2020,4,2,2,12,2,3,1,3,1,4