ST_CASE,VEH_NO,PER_NO,AGE,SEX,PER_TYP,SEAT_POS,REST_USE,AIR_BAG,DRUGS,LOCATION,NUMOCCS,HIT_RUN,OWNER,V_CONFIG,HAZ_INV,TRAV_SP,DR_HGT,DR_WGT,PREV_SPD,SPEEDREL,VTRAFWAY,VNUM_LAN,VPROFILE,VPAVETYP,VSURCOND,P_CRASH1,P_CRASH2,DR_DRINK,VPICBODYCLASS,DRDISTRACT,DRIVERRF,DAY,MONTH,YEAR,DAY_WEEK,HOUR,RUR_URB,HARM_EV,RELJCT2,TYP_INT,REL_ROAD,LGT_COND,WEATHER,INJ_SEV
481338,1,1,32,1,1,11,3,20,8,0,1,0,0,0,1,998,999,999,0,0,1,2,8,8,1,11,15,0,60,96,38,20,6,2020,7,11,2,12,2,2,1,1,1,4
481339,1,1,35,1,1,11,99,20,1,0,1,1,1,0,1,50,999,999,1,3,1,2,1,8,1,14,6,0,13,96,0,9,6,2020,3,15,2,33,1,1,4,1,1,0
481341,1,1,21,1,1,11,20,20,8,0,3,0,1,0,1,998,999,999,2,0,3,4,3,8,1,15,13,0,7,96,0,14,6,2020,1,20,2,24,1,1,4,1,1,3
481342,1,1,50,1,1,11,20,20,8,0,1,0,1,0,1,998,999,999,1,5,4,2,1,8,1,1,12,0,81,93,6,20,6,2020,7,2,2,25,19,1,8,3,10,4
481343,1,1,37,1,1,11,3,9,8,0,2,0,1,0,1,998,999,999,0,3,1,2,1,8,1,14,13,1,60,96,91,7,6,2020,1,19,2,38,1,1,5,1,1,1
481344,1,1,67,1,1,11,3,8,8,0,1,0,1,0,1,998,999,999,0,0,2,2,1,8,1,1,51,0,13,93,6,17,6,2020,4,17,2,12,18,1,1,1,1,4
481345,1,1,25,1,1,11,20,20,8,0,1,0,1,0,1,998,67,205,0,0,2,2,1,1,1,1,13,1,80,96,0,18,5,2020,2,3,2,33,1,1,4,3,1,4
481347,1,1,67,1,1,11,20,20,0,0,1,0,1,0,1,998,999,999,0,0,4,2,1,1,1,1,14,0,7,96,39,15,6,2020,2,16,2,33,3,2,4,1,1,4
481348,1,1,29,1,1,11,20,8,8,0,1,0,1,0,1,998,67,455,0,0,5,7,1,8,1,1,12,0,60,0,0,20,6,2020,7,14,2,42,1,1,4,1,1,4
481349,1,1,63,1,1,11,20,1,8,0,1,0,1,0,1,998,999,999,0,0,2,3,1,8,1,1,13,0,13,0,0,21,6,2020,1,15,2,42,1,1,4,1,1,4
481350,1,1,34,1,1,11,3,20,8,0,1,0,2,0,1,998,999,999,0,0,1,2,8,8,1,10,16,0,13,96,48,21,6,2020,1,18,2,12,3,3,1,1,1,0
481351,1,1,20,2,1,11,3,20,8,0,1,0,2,0,1,998,999,999,0,0,1,2,1,8,1,1,83,0,13,96,0,16,6,2020,3,21,2,9,1,1,1,2,1,0
481352,1,1,54,1,1,11,3,20,8,0,1,0,3,6,1,998,66,220,0,0,5,5,1,8,1,1,80,0,66,96,0,8,6,2020,2,0,2,8,1,1,1,2,1,0
481355,1,1,67,2,1,11,3,1,8,0,1,0,1,0,1,998,999,999,0,0,4,2,1,8,1,1,68,0,13,96,0,16,6,2020,3,15,2,12,2,3,1,1,1,4
481356,1,1,41,2,1,11,3,8,8,0,1,0,2,0,1,998,999,999,0,0,5,5,1,8,1,1,17,1,5,96,39,21,6,2020,1,1,2,12,2,2,1,3,1,1
481357,1,1,20,1,1,11,3,20,0,0,1,0,1,0,1,998,999,999,2,0,1,2,1,8,1,1,82,1,60,96,91,29,5,2020,6,2,2,8,1,1,1,2,1,0
481358,1,1,27,1,1,11,20,20,8,0,1,0,2,0,1,998,999,999,0,5,1,2,1,8,1,14,12,1,94,96,0,14,6,2020,1,4,2,1,1,1,4,2,1,4
481362,1,1,999,9,1,11,99,99,8,0,99,1,9,99,1,998,999,999,99,5,2,3,2,8,1,99,80,0,999,96,0,19,6,2020,6,0,2,8,1,1,1,3,1,9
481363,1,1,53,1,1,11,3,20,8,0,3,0,1,0,1,998,999,999,0,0,3,5,1,8,1,1,80,0,13,96,0,20,6,2020,7,21,2,8,1,1,1,3,1,0
481364,1,1,999,9,1,11,99,99,8,0,99,1,9,99,1,998,999,999,99,0,2,2,1,8,1,1,83,0,999,96,0,18,6,2020,5,2,2,9,1,1,1,2,1,9
481365,1,1,32,1,1,11,20,20,0,0,1,0,1,0,1,998,999,999,1,0,2,2,1,8,1,14,6,1,6,96,0,22,6,2020,2,1,2,33,1,1,4,3,1,4
481366,1,1,40,1,1,11,3,20,8,0,4,0,4,0,1,998,70,250,2,0,3,4,1,1,1,1,80,0,7,96,0,7,6,2020,1,3,2,8,1,1,1,3,1,0
481370,1,1,24,1,1,11,3,8,1,0,1,0,1,0,1,998,999,999,1,5,2,8,1,8,1,1,13,1,13,96,0,21,6,2020,1,4,2,21,19,1,10,2,10,4
481374,1,1,24,1,1,11,20,1,8,0,3,0,1,0,1,998,999,999,1,4,3,3,1,8,1,14,9,1,13,96,0,13,6,2020,7,2,2,23,1,1,4,2,1,4
481375,1,1,18,1,1,11,3,20,8,0,1,0,2,0,1,998,999,999,0,0,1,2,2,8,1,1,80,0,60,96,0,15,6,2020,2,23,2,8,1,1,1,2,10,0
481376,1,1,34,1,1,11,99,8,8,0,1,1,0,0,1,998,999,999,0,5,2,5,8,8,1,1,17,1,60,96,91,21,6,2020,1,2,2,12,2,2,1,3,1,2
481377,1,1,32,1,1,11,3,20,8,0,1,0,1,0,1,998,999,999,3,0,3,4,1,8,1,1,80,0,60,96,0,18,6,2020,5,0,2,8,18,1,1,3,1,0
481378,1,1,33,1,1,11,3,20,0,0,1,0,2,0,1,998,999,999,0,5,2,2,1,2,1,1,13,1,60,96,0,21,6,2020,1,2,2,1,1,1,10,3,1,4
481379,1,1,25,2,9,99,99,8,8,0,99,0,9,0,1,65,60,120,99,5,1,2,1,8,1,1,12,0,13,96,0,21,6,2020,1,2,2,1,1,1,4,2,10,4
481381,1,1,33,1,1,11,20,1,8,0,2,0,1,0,1,133,999,999,0,3,3,4,3,1,1,14,51,1,3,0,91,14,6,2020,1,2,2,12,1,1,1,2,1,3
481382,1,1,33,1,1,11,20,20,8,0,1,0,1,0,1,998,68,180,0,0,2,2,1,8,1,14,12,0,80,96,0,8,6,2020,2,22,2,1,1,1,3,2,1,4
481384,1,1,24,1,1,11,3,8,8,0,2,0,1,0,1,998,999,999,3,3,2,2,1,8,1,99,13,1,13,96,91,17,6,2020,4,3,2,1,1,1,4,2,1,2
481388,1,1,49,2,1,11,3,8,8,0,1,0,2,0,1,998,999,999,0,0,1,2,8,8,1,4,17,0,5,96,38,22,6,2020,2,17,2,12,2,3,1,1,1,4
481389,1,1,26,1,1,11,1,20,1,0,1,0,1,0,1,998,71,215,0,2,3,4,2,8,1,15,11,0,13,96,27,22,6,2020,2,9,2,12,18,1,1,1,10,0
481393,1,1,54,1,1,11,3,20,0,0,1,0,1,0,1,998,999,999,0,0,1,2,1,8,1,11,15,0,13,96,38,17,6,2020,4,11,2,12,2,2,1,1,1,2
481395,1,1,40,1,1,11,20,20,1,0,1,0,0,0,1,998,999,999,0,4,3,2,2,2,1,1,12,0,7,96,0,23,6,2020,3,14,2,24,1,1,3,1,1,4
481397,1,1,71,2,1,11,3,20,8,0,1,0,1,0,1,998,999,999,0,0,2,3,3,8,1,1,80,0,7,96,0,15,6,2020,2,22,2,8,1,1,1,3,1,0
481398,1,1,42,1,1,11,3,8,8,0,1,0,2,0,1,998,999,999,0,4,3,5,1,1,1,1,50,0,7,96,91,24,6,2020,4,0,2,12,1,1,1,3,10,1
481399,1,1,27,1,1,11,20,20,8,0,1,0,1,0,1,998,65,194,0,0,2,3,1,1,1,1,17,0,6,96,39,4,5,2020,2,16,2,12,2,2,1,1,1,4
481400,1,1,57,1,1,11,20,20,8,0,1,0,1,0,1,998,999,999,1,0,4,4,1,8,1,1,70,0,81,96,0,16,6,2020,3,13,2,12,8,1,1,1,1,4
481402,1,1,30,2,1,11,3,20,0,0,1,0,1,0,1,998,999,999,0,0,1,2,1,8,1,1,80,1,13,96,0,18,6,2020,5,22,2,8,1,1,1,2,1,0
481403,1,1,81,1,1,11,3,8,8,0,2,0,3,0,1,998,999,999,0,0,0,0,0,0,0,98,98,0,13,96,0,4,6,2020,5,12,2,25,1,1,10,1,10,4
481404,1,1,28,2,1,11,3,8,8,0,1,0,0,0,1,998,999,999,0,5,2,2,1,8,1,14,13,0,7,96,0,25,6,2020,5,19,2,33,1,1,4,1,1,4
481405,1,1,23,1,1,11,20,20,8,0,1,0,2,0,1,998,999,999,0,5,3,2,2,8,1,1,12,0,60,96,0,21,6,2020,1,3,2,52,1,1,3,2,1,4
481406,1,1,41,1,1,11,20,20,8,0,1,0,1,0,1,998,999,999,1,0,2,3,1,8,1,1,80,0,98,96,0,19,6,2020,6,21,2,8,1,1,1,3,10,3
481407,1,1,43,1,1,11,20,1,0,0,1,1,0,0,1,70,999,999,0,3,1,2,1,8,1,1,17,1,7,96,52,16,6,2020,3,20,2,12,8,1,1,1,1,0
481408,1,1,47,1,1,11,20,9,8,0,1,0,1,0,1,998,999,999,0,5,1,3,1,8,1,14,51,0,60,96,0,19,6,2020,6,11,2,12,3,2,1,1,1,4
481409,1,1,25,1,1,11,99,1,8,0,1,0,2,0,1,998,999,999,0,4,1,4,1,8,1,15,10,0,13,93,6,21,6,2020,1,13,2,12,1,1,1,1,1,3
481410,1,1,30,2,1,11,20,1,8,0,1,0,1,0,1,998,999,999,1,5,2,2,1,8,1,1,13,0,13,96,0,6,6,2020,7,1,2,42,1,1,4,2,1,4
481412,1,1,19,2,1,11,20,20,8,0,1,0,0,0,1,998,999,999,0,4,1,2,1,8,1,1,13,0,13,96,0,27,6,2020,7,22,2,30,1,1,4,3,1,4
481413,1,1,23,1,1,11,3,8,8,0,2,0,2,0,1,998,999,999,1,5,1,5,1,8,1,1,50,1,13,96,91,13,3,2020,6,2,2,30,1,1,4,3,10,0
481414,1,1,61,2,1,11,3,20,8,0,2,0,2,0,1,998,69,280,0,0,2,3,1,8,1,11,15,0,60,96,39,17,6,2020,4,13,2,12,2,2,1,1,1,0
481415,1,1,26,1,1,11,3,8,8,0,1,1,1,0,1,998,999,999,0,0,1,5,1,1,1,11,15,1,60,96,48,11,6,2020,5,21,2,8,3,2,1,3,1,1
481416,1,1,21,1,1,11,20,20,0,0,1,0,1,0,1,998,73,243,0,3,2,3,1,1,1,1,17,0,80,96,0,19,6,2020,6,15,2,12,2,2,1,1,10,4
481417,1,1,21,1,1,11,3,8,8,0,3,0,2,0,1,998,999,999,0,3,3,2,1,8,1,1,51,1,60,96,91,26,6,2020,6,2,2,12,1,1,1,2,1,3
481418,1,1,29,2,1,11,3,20,8,0,2,0,1,0,1,998,999,999,0,0,4,2,1,8,1,1,66,0,7,96,0,22,6,2020,2,10,2,12,2,3,1,1,1,0
481419,1,1,61,1,1,11,3,20,8,0,1,0,2,6,1,998,999,999,0,0,4,3,1,1,1,1,66,0,66,96,0,10,6,2020,4,12,2,12,2,2,1,1,1,0
481420,1,1,22,1,1,11,20,1,8,0,1,0,1,0,1,78,999,999,0,3,2,3,1,8,1,1,17,0,7,96,39,14,6,2020,1,3,2,12,2,2,1,3,1,1
481421,1,1,22,1,1,11,20,8,8,0,1,0,2,0,1,82,999,999,1,3,2,4,1,8,1,1,62,0,3,96,0,19,6,2020,6,21,2,12,2,3,1,3,10,1
481422,1,1,28,1,1,11,20,2,8,0,1,0,1,0,1,998,999,999,0,0,1,2,8,8,98,4,17,0,13,96,38,26,6,2020,6,5,2,12,2,2,1,4,1,4
481423,1,1,33,1,1,11,3,1,8,0,4,1,2,0,1,51,999,999,0,3,1,2,1,8,1,1,13,1,60,96,28,13,6,2020,7,3,2,14,1,1,7,2,1,0
481424,1,1,28,1,1,11,20,20,8,0,1,0,2,0,1,998,999,999,0,0,5,5,1,8,1,1,54,0,13,96,51,21,6,2020,1,23,2,12,1,1,1,2,1,4
481425,1,1,38,2,1,11,3,20,0,0,1,0,2,0,1,998,999,999,0,0,2,2,1,8,1,11,12,1,60,96,91,28,6,2020,1,19,2,43,3,2,5,1,1,0
481426,1,1,21,1,1,11,3,2,8,0,99,1,2,0,1,90,999,999,0,3,2,5,2,8,1,14,6,0,13,96,91,25,6,2020,5,19,2,12,18,1,1,1,1,0
481428,1,1,26,1,1,11,3,1,8,0,1,0,1,0,1,998,999,999,3,0,1,2,8,8,1,4,17,0,60,96,38,19,6,2020,6,8,2,12,2,2,1,1,10,4
481429,1,1,76,1,1,11,20,20,8,0,1,0,1,0,1,998,999,999,1,5,6,2,1,8,1,14,6,0,94,96,0,26,6,2020,6,11,2,25,5,1,4,1,1,4
481430,1,1,40,1,1,11,3,8,8,0,2,0,1,0,1,998,999,999,0,0,2,3,1,8,1,11,15,1,60,96,48,1,7,2020,4,22,2,12,2,3,1,3,1,0
481431,1,1,52,2,1,11,20,20,8,0,1,0,1,0,1,998,60,140,0,0,1,2,1,8,1,1,5,0,82,96,0,9,5,2020,7,10,2,1,1,1,1,1,1,4
481433,1,1,18,1,1,11,3,20,8,0,1,0,9,0,1,998,999,999,0,0,1,4,1,8,1,15,80,0,13,96,0,23,6,2020,3,3,2,8,2,3,1,2,1,0
481434,1,1,54,2,1,11,3,1,8,0,1,0,1,0,1,998,999,999,0,4,3,3,1,2,1,1,50,0,13,96,0,2,7,2020,5,21,2,12,1,1,1,3,1,4
481435,1,1,21,1,1,11,3,8,8,0,5,0,9,99,1,998,999,999,99,2,1,4,1,8,1,6,9,0,998,96,8,24,6,2020,4,14,2,12,2,3,1,1,10,3
481436,1,1,42,1,1,11,20,20,8,0,2,0,1,0,1,998,999,999,0,0,5,5,1,8,1,1,13,1,81,93,6,14,6,2020,1,2,2,33,1,1,4,3,1,4
481437,1,1,36,1,1,11,20,8,8,0,3,0,1,0,1,998,999,999,2,5,2,2,1,8,1,1,12,0,13,96,0,4,7,2020,7,21,2,12,1,1,1,3,1,3
481439,1,1,23,1,1,11,3,1,8,0,1,0,1,0,1,998,999,999,4,0,3,4,1,8,1,15,52,0,3,96,0,30,6,2020,3,22,2,12,1,1,1,3,1,4
481440,1,1,22,1,1,11,3,20,8,0,1,0,1,0,1,998,999,999,0,0,3,3,1,8,1,1,80,0,13,96,0,15,5,2020,6,2,2,8,1,1,1,3,1,0
481441,1,1,29,2,1,11,20,20,8,0,1,0,2,0,1,998,999,999,1,0,1,5,1,8,1,11,15,0,85,93,38,21,6,2020,1,16,2,12,2,2,1,1,1,4
481442,1,1,21,1,1,11,20,20,8,0,1,0,9,0,1,998,999,999,3,4,3,3,1,8,1,1,6,0,125,96,0,3,7,2020,6,17,2,5,1,1,10,1,1,4
481443,1,1,52,2,1,11,20,20,8,0,1,0,1,0,1,998,999,999,0,5,1,2,1,8,1,3,13,0,13,96,0,25,6,2020,5,16,2,21,3,2,10,1,1,4
481444,1,1,31,1,1,11,3,20,8,0,2,0,1,0,1,998,999,999,0,0,1,2,1,8,1,1,80,0,13,3,6,28,6,2020,1,20,2,8,1,1,1,1,1,0
481445,1,1,18,1,1,11,3,20,8,0,2,1,2,0,1,998,999,999,0,0,4,3,1,8,1,1,83,0,5,96,0,20,6,2020,7,5,2,9,2,2,1,3,10,2
481446,1,1,40,1,1,11,3,20,8,0,1,0,0,0,1,998,999,999,1,0,5,7,2,1,1,1,80,0,7,96,0,3,7,2020,6,22,2,8,1,1,1,2,1,0
481447,1,1,22,1,1,11,3,20,8,0,1,0,1,0,1,998,999,999,0,0,3,4,1,1,1,1,80,0,13,96,0,20,5,2020,4,10,2,8,1,1,1,1,1,0
481448,1,1,999,9,1,11,99,98,8,0,99,1,9,99,1,999,999,999,99,0,2,2,1,1,1,1,80,0,999,96,0,10,6,2020,4,5,2,8,1,1,1,3,10,9
481449,1,1,28,1,1,11,3,20,0,0,1,0,0,0,1,998,999,999,0,0,2,2,1,1,1,1,80,0,95,96,0,21,6,2020,1,1,2,8,1,1,1,3,1,0
481451,1,1,42,1,1,11,99,1,8,0,1,0,2,0,1,998,999,999,0,4,1,4,2,8,1,1,11,0,13,96,28,28,6,2020,1,19,2,14,1,1,7,1,10,4
481452,1,1,21,2,1,11,20,1,8,0,2,0,2,0,1,116,999,999,0,3,2,2,2,8,1,15,10,1,13,96,37,3,7,2020,6,0,2,42,1,1,3,3,1,4
481453,1,1,36,1,1,11,20,8,1,0,1,0,1,0,1,998,70,241,0,0,2,3,1,8,1,1,54,1,13,96,51,30,6,2020,3,21,2,12,1,1,1,3,1,4
481454,1,1,37,1,1,11,3,9,8,0,1,0,1,0,1,998,999,999,0,0,1,2,1,2,1,1,80,0,60,96,0,3,7,2020,6,23,2,8,1,1,1,2,10,0
481456,1,1,998,8,1,11,98,98,8,0,99,1,9,0,1,998,999,999,99,0,4,2,1,2,1,1,13,0,7,96,0,5,7,2020,1,3,2,9,1,1,4,3,1,9
481457,1,1,31,1,1,11,99,8,8,0,2,1,1,0,1,998,999,999,0,4,1,2,1,8,1,1,12,0,60,96,0,22,6,2020,2,19,2,53,1,1,4,1,1,9
481459,1,1,47,1,1,11,3,1,1,0,2,0,0,0,1,998,999,999,0,5,1,2,1,8,1,3,12,1,7,96,0,29,5,2020,6,18,2,14,1,1,7,1,1,4
481460,1,1,43,1,1,11,3,20,0,0,1,0,1,1,1,998,999,999,0,0,3,3,1,8,2,14,80,0,60,96,0,31,5,2020,1,2,2,8,1,1,1,2,10,0
481462,1,1,24,1,1,11,99,9,0,0,1,0,2,0,1,998,999,999,0,4,2,2,1,8,1,14,12,1,13,96,0,1,2,2020,7,19,2,33,1,1,4,2,1,4
481463,1,1,25,1,1,11,3,8,8,0,3,0,1,0,1,998,999,999,0,5,3,3,2,8,1,1,50,0,13,96,91,7,3,2020,7,22,2,12,1,1,1,6,1,1
481465,1,1,999,9,1,11,99,99,8,0,99,1,9,99,1,998,999,999,99,0,2,3,1,8,1,1,80,0,998,96,0,11,3,2020,4,22,2,8,2,3,1,3,1,9
481466,1,1,17,2,1,11,3,8,8,0,1,0,2,0,1,998,999,999,0,5,1,2,1,8,6,1,6,0,7,96,87,16,3,2020,2,16,2,12,1,1,1,1,2,4
481471,1,1,18,1,1,11,3,8,8,0,1,0,2,0,1,998,999,999,0,3,2,2,1,1,1,1,17,1,7,96,91,7,5,2020,5,13,2,12,2,2,1,1,1,1
481473,1,1,81,1,1,11,3,8,8,0,2,0,1,0,1,998,999,999,1,0,2,3,1,8,1,11,15,0,7,96,48,2,5,2020,7,12,2,12,2,2,1,1,1,4
481474,1,1,21,1,1,11,3,8,8,0,1,0,1,0,1,998,67,174,0,0,5,5,1,8,1,1,10,0,13,96,28,1,5,2020,6,5,2,12,1,1,1,2,1,4
481475,1,1,66,1,1,11,3,20,0,0,1,0,0,0,1,998,999,999,0,3,2,2,1,2,2,1,9,0,7,96,0,16,5,2020,7,7,2,42,1,1,3,1,2,4
481477,1,1,21,1,1,11,3,20,8,0,1,0,2,0,1,998,999,999,1,0,2,2,3,8,1,1,80,0,3,96,0,14,5,2020,5,22,2,8,1,1,1,2,1,0
481478,1,1,39,1,1,11,3,20,8,0,1,0,3,6,1,998,69,140,0,0,3,3,1,8,1,2,53,0,66,96,0,13,5,2020,4,23,2,12,1,1,1,3,1,0
481479,1,1,29,1,1,11,3,20,8,0,99,1,3,6,1,998,71,185,0,0,3,3,1,8,1,1,50,0,66,93,6,22,5,2020,6,5,2,12,1,1,1,3,1,0
481482,1,1,34,1,1,11,3,8,8,0,1,0,2,0,1,998,72,299,2,0,1,4,1,1,1,1,10,1,13,96,0,1,5,2020,6,18,2,12,1,1,1,1,1,4
481485,1,1,39,1,1,11,20,20,8,0,1,0,2,0,1,998,999,999,0,0,5,5,1,8,1,1,90,1,81,96,0,17,5,2020,1,2,2,18,1,1,1,2,1,4
481490,1,1,25,2,1,11,99,20,8,0,99,1,2,0,1,998,999,999,0,0,4,4,1,1,1,1,80,0,13,96,0,20,6,2020,7,4,2,8,18,1,1,3,10,0
481491,1,1,32,1,1,11,3,8,8,0,1,0,3,0,1,998,999,999,0,0,5,5,1,8,1,14,62,0,60,96,0,29,6,2020,2,9,2,12,1,1,1,1,1,1
481492,1,1,65,2,1,11,20,1,1,0,1,0,2,0,1,998,999,999,0,0,2,2,1,8,1,1,12,1,13,96,0,2,7,2020,5,0,2,59,3,2,3,3,1,4
481493,1,1,25,1,1,11,99,20,8,0,1,1,0,0,1,998,999,999,0,0,0,0,0,0,0,1,17,1,13,93,38,2,6,2020,3,19,2,12,8,1,1,1,1,0
481494,1,1,30,1,1,11,20,20,8,0,1,0,2,0,1,998,999,999,0,3,1,2,1,8,1,1,13,1,60,96,58,28,6,2020,1,19,2,33,1,1,4,1,1,4
481495,1,1,60,1,1,11,3,20,8,0,1,0,2,0,1,998,999,999,1,0,1,2,1,1,1,1,83,0,60,96,0,11,6,2020,5,11,2,9,2,2,1,1,1,0
481496,1,1,24,1,1,11,3,20,8,0,1,0,1,0,1,998,999,999,1,0,5,5,1,8,1,11,15,0,60,96,38,26,6,2020,6,19,2,12,2,2,1,1,1,0
481498,1,1,42,1,1,11,20,20,8,0,1,0,1,0,1,998,999,999,0,5,1,4,2,8,1,6,51,0,80,96,35,7,7,2020,3,16,2,12,8,1,1,1,1,4
481499,1,1,29,1,1,11,99,98,8,0,1,0,2,0,1,998,68,160,2,4,1,5,1,8,1,1,98,0,13,96,82,7,7,2020,3,7,2,7,1,1,1,1,10,4
481501,1,1,48,1,1,11,99,99,8,0,1,1,1,0,1,998,999,999,0,0,1,2,1,8,1,6,83,0,60,96,51,21,6,2020,1,20,2,9,3,2,1,2,1,0
481503,1,1,26,1,1,11,20,20,0,0,2,0,2,0,1,998,72,170,3,3,3,3,1,8,1,14,6,0,98,96,52,3,7,2020,6,18,2,57,1,1,3,1,1,4
481504,1,1,17,1,1,11,3,9,8,0,2,0,3,0,1,998,999,999,1,0,3,5,1,8,1,1,50,0,3,96,0,7,7,2020,3,14,2,12,1,1,1,1,1,0
481505,1,1,67,2,1,11,99,8,8,0,1,0,0,0,1,998,999,999,0,0,5,5,1,8,1,11,15,0,5,96,38,1,6,2020,2,16,2,12,8,1,1,1,1,4
481507,1,1,34,2,1,11,20,9,8,0,3,0,2,0,1,998,69,222,0,4,4,3,2,8,1,1,17,0,7,96,39,26,6,2020,6,18,2,12,2,3,1,1,10,4
481508,1,1,19,1,1,11,3,1,8,0,1,0,0,0,1,998,999,999,0,5,5,5,1,8,2,1,13,1,13,96,0,15,5,2020,6,23,2,31,1,1,5,3,2,4
481509,1,1,44,2,1,11,3,20,8,0,1,0,2,0,1,998,999,999,0,0,1,2,8,2,1,4,17,1,7,96,38,5,7,2020,1,0,2,12,2,3,1,2,1,0
481513,1,1,29,1,1,11,99,20,8,0,99,1,1,0,1,998,999,999,0,0,3,4,1,8,1,1,80,0,60,93,6,9,7,2020,5,20,2,8,5,1,1,1,1,0
481514,1,1,33,1,1,11,99,8,0,0,1,0,2,0,1,998,999,999,0,3,5,5,2,8,1,1,9,1,13,96,0,8,2,2020,7,19,2,30,1,1,4,3,10,4
481515,1,1,999,9,1,11,99,99,8,0,99,1,9,99,1,998,999,999,99,4,2,2,1,8,1,1,80,0,999,93,38,6,4,2020,2,20,2,8,1,1,1,6,10,9
481516,1,1,27,1,1,11,20,20,1,0,1,0,2,0,1,998,999,999,1,0,2,3,1,8,1,1,17,0,80,96,39,19,5,2020,3,8,2,12,2,2,1,1,1,4
481518,1,1,25,1,1,11,20,20,1,0,1,0,2,0,1,998,76,164,0,0,2,2,1,1,1,1,12,0,80,96,0,29,5,2020,6,15,2,33,1,1,3,1,1,4
481522,1,1,24,1,1,11,20,20,8,0,1,0,2,0,1,998,999,999,0,3,3,2,1,1,1,14,9,1,5,96,0,8,7,2020,4,22,2,42,1,1,3,2,1,4
481523,1,1,70,1,1,11,3,1,8,0,7,0,3,0,1,998,999,999,0,0,3,7,1,1,1,1,50,0,9,96,0,3,7,2020,6,5,2,12,18,1,1,1,1,1
481524,1,1,18,1,1,11,20,1,1,0,1,0,2,0,1,998,999,999,0,5,2,2,1,1,1,1,12,0,7,96,999,9,7,2020,5,8,2,42,1,1,3,1,1,4
481525,1,1,21,2,1,11,3,8,8,0,1,0,1,0,1,998,999,999,0,4,4,2,1,1,1,1,14,1,3,96,0,27,6,2020,7,0,2,33,3,3,10,3,1,4
481526,1,1,27,1,1,11,20,8,8,0,1,1,2,0,1,998,999,999,1,3,1,2,1,8,1,6,10,1,60,96,91,9,7,2020,5,20,2,12,1,1,4,5,1,2
481527,1,1,62,2,1,11,3,20,8,0,2,0,2,0,1,998,999,999,0,0,3,4,1,1,1,1,80,0,13,96,0,14,6,2020,1,21,2,8,18,1,1,2,1,0
481529,1,1,65,1,1,11,3,8,8,0,1,0,1,0,1,998,999,999,0,5,1,5,1,2,1,1,50,1,7,96,0,4,7,2020,7,13,2,12,3,2,1,1,1,4
481535,1,1,18,1,1,11,20,9,8,0,1,0,2,0,1,998,999,999,0,5,3,2,1,8,1,1,9,0,13,96,0,8,7,2020,4,15,2,25,1,1,4,1,1,4
481541,1,1,27,1,1,11,20,20,1,0,1,0,0,0,1,998,999,999,1,4,1,2,1,8,1,14,50,0,80,96,0,7,7,2020,3,16,2,1,3,2,1,1,1,4
481542,1,1,55,1,1,11,20,1,0,0,1,0,2,0,1,998,999,999,1,0,2,4,1,1,1,1,17,0,7,96,39,2,7,2020,5,17,2,12,2,3,1,1,1,2
481543,1,1,18,1,1,11,3,8,8,0,1,0,2,0,1,998,999,999,0,0,2,3,1,8,1,1,80,0,13,93,6,7,7,2020,3,12,2,8,1,1,1,1,10,1
481545,1,1,35,1,1,11,20,20,0,0,1,0,2,0,1,998,999,999,2,4,1,2,1,8,1,10,13,1,69,96,18,4,7,2020,7,2,2,59,3,3,4,2,1,4
481546,1,1,49,1,1,11,20,20,0,0,1,0,0,0,1,998,999,999,0,0,1,2,1,8,1,14,98,0,81,96,999,1,7,2020,4,21,2,12,1,1,1,2,1,4
481547,1,1,40,1,1,11,99,20,8,0,1,0,3,0,1,998,999,999,0,0,2,4,1,2,1,1,80,0,7,96,0,29,5,2020,6,21,2,8,1,1,1,3,1,0
481548,1,1,30,1,1,11,99,8,8,0,1,0,1,0,1,998,999,999,0,5,4,2,1,8,1,1,50,1,5,96,0,1,7,2020,4,0,2,12,1,1,1,2,1,4
481553,1,1,38,1,1,11,20,1,8,0,1,0,1,0,1,998,999,999,0,0,3,2,1,8,1,1,13,1,7,96,0,5,7,2020,1,4,2,52,19,1,8,3,1,4
481554,1,1,38,1,1,11,3,20,8,0,1,0,3,6,1,998,65,230,99,0,3,4,1,8,1,1,80,0,66,0,0,9,7,2020,5,13,2,8,1,1,1,1,1,0
481555,1,1,29,1,1,11,3,20,8,0,2,1,2,0,1,998,999,999,0,0,2,2,1,8,1,11,15,0,13,0,38,8,6,2020,2,21,2,12,2,2,1,3,1,0
481556,1,1,70,1,1,11,20,9,8,0,1,0,0,0,1,998,999,999,0,0,5,5,1,8,1,12,21,0,13,96,48,9,6,2020,3,0,2,12,1,1,1,2,1,2
481558,1,1,45,1,1,11,20,20,8,0,1,0,1,0,1,998,999,999,0,0,2,2,1,8,1,15,10,0,125,96,27,10,6,2020,4,17,2,12,1,1,1,1,1,4