ST_CASE,VEH_NO,PER_NO,AGE,SEX,PER_TYP,SEAT_POS,REST_USE,AIR_BAG,DRUGS,LOCATION,NUMOCCS,HIT_RUN,OWNER,V_CONFIG,HAZ_INV,TRAV_SP,DR_HGT,DR_WGT,PREV_SPD,SPEEDREL,VTRAFWAY,VNUM_LAN,VPROFILE,VPAVETYP,VSURCOND,P_CRASH1,P_CRASH2,DR_DRINK,VPICBODYCLASS,DRDISTRACT,DRIVERRF,DAY,MONTH,YEAR,DAY_WEEK,HOUR,RUR_URB,HARM_EV,RELJCT2,TYP_INT,REL_ROAD,LGT_COND,WEATHER,INJ_SEV
481559,1,1,54,2,1,11,3,20,8,0,1,0,1,0,1,998,999,999,0,0,2,2,3,8,1,1,80,0,3,96,0,5,6,2020,6,0,2,8,1,1,1,2,1,0
481561,1,1,999,9,1,11,99,99,8,0,99,1,9,99,1,999,999,999,99,0,1,2,1,8,1,1,80,0,999,96,0,20,6,2020,7,20,2,8,1,1,1,2,1,9
481562,1,1,20,2,1,11,3,8,8,0,1,0,2,0,1,998,63,122,0,0,3,4,1,8,2,1,12,0,13,93,6,20,6,2020,7,7,2,52,1,1,3,1,10,4
481564,1,1,36,1,1,11,99,20,8,0,1,0,2,0,1,998,65,291,0,4,6,1,1,8,1,14,6,1,13,96,0,26,6,2020,6,19,2,33,5,1,4,1,1,4
481565,1,1,43,1,1,11,20,8,8,0,1,0,0,0,1,998,999,999,0,5,2,2,1,8,1,14,13,0,3,96,0,2,7,2020,5,5,2,59,1,1,4,3,10,4
481571,1,1,31,1,1,11,3,8,8,0,1,0,1,0,1,998,999,999,0,3,2,8,1,8,1,15,13,0,60,96,27,7,7,2020,3,18,2,30,19,1,4,1,1,4
481574,1,1,68,1,1,11,3,20,8,0,1,0,2,0,1,44,999,999,1,3,1,2,1,8,1,1,80,0,60,96,0,28,6,2020,1,22,2,8,1,1,1,3,1,0
481577,1,1,26,1,1,11,20,9,0,0,1,0,2,0,1,998,66,194,0,0,2,2,1,8,1,1,60,1,7,96,0,4,7,2020,7,11,2,12,8,1,1,1,1,4
481579,1,1,999,9,1,11,99,98,8,0,99,1,9,99,1,999,999,999,99,0,1,2,1,8,1,1,80,0,999,96,0,5,7,2020,1,0,2,8,1,1,1,2,1,9
481580,1,1,23,2,1,11,99,8,8,0,1,0,0,0,1,998,999,999,0,0,1,2,1,8,1,1,10,0,13,96,51,23,6,2020,3,2,2,12,1,1,1,2,10,4
481581,1,1,25,1,1,11,20,20,8,0,1,0,0,0,1,998,999,999,0,0,1,2,1,8,1,1,62,0,80,96,74,1,7,2020,4,21,2,12,2,4,1,2,1,4
481582,1,1,46,1,1,11,3,1,8,0,1,0,1,0,1,998,999,999,0,0,1,2,1,8,1,11,15,0,60,96,38,2,7,2020,5,20,2,12,2,3,1,1,1,2
481583,1,1,58,1,1,11,3,20,8,0,3,0,3,4,1,998,73,190,0,0,3,6,1,8,1,1,61,0,60,96,0,12,7,2020,1,22,2,12,1,1,1,3,1,0
481585,1,1,55,1,1,11,99,1,8,0,1,0,1,0,1,998,999,999,0,0,1,2,1,8,1,1,62,0,60,96,0,29,3,2020,1,5,2,12,1,1,1,2,1,4
481586,1,1,55,2,1,11,3,20,8,0,2,0,2,0,1,998,999,999,0,0,3,3,1,8,1,1,80,0,13,96,38,10,7,2020,6,4,2,8,1,1,1,3,1,0
481587,1,1,54,1,1,11,3,20,8,0,2,0,3,6,1,998,999,999,1,0,3,2,1,8,1,1,80,0,66,96,0,9,7,2020,5,6,2,8,1,1,1,2,1,0
481588,1,1,65,1,1,11,3,20,8,0,1,0,1,0,1,998,999,999,1,0,1,2,1,8,1,11,8,0,60,0,0,5,7,2020,1,17,2,14,3,3,7,1,1,4
481589,1,1,49,1,1,11,99,8,8,0,1,0,1,0,1,998,69,206,0,0,2,3,2,1,1,1,17,0,13,96,39,13,7,2020,2,22,2,12,2,2,1,3,1,4
481590,1,1,41,1,1,11,3,20,8,0,2,0,1,6,1,998,999,999,0,5,3,4,1,8,1,1,52,0,66,96,0,7,7,2020,3,20,2,12,1,1,1,3,1,0
481592,1,1,43,2,1,11,99,1,8,0,3,0,1,0,1,998,999,999,0,0,4,3,1,8,1,1,66,0,8,96,39,8,7,2020,4,16,2,12,2,2,1,1,10,3
481593,1,1,37,1,1,11,3,8,8,0,1,0,2,0,1,998,999,999,1,0,1,6,1,8,1,11,15,1,60,96,38,8,7,2020,4,19,2,12,2,2,1,1,1,4
481594,1,1,35,1,1,11,3,8,8,0,1,0,1,0,1,998,999,999,1,0,0,0,0,0,0,11,15,0,13,5,38,12,7,2020,1,16,2,12,8,1,1,1,1,0
481595,1,1,46,1,1,11,99,20,8,0,3,0,1,0,1,998,999,999,0,0,3,6,1,8,1,1,13,0,7,0,0,12,7,2020,1,7,2,52,1,1,10,1,10,2
481597,1,1,55,1,1,11,3,20,0,0,1,0,1,0,1,998,999,999,0,0,3,2,1,8,1,14,80,0,5,96,86,7,7,2020,3,20,2,8,1,1,1,5,1,0
481598,1,1,30,1,1,11,99,99,8,0,1,0,1,0,1,998,999,999,0,0,3,2,1,8,1,1,54,1,3,96,51,4,7,2020,7,1,2,12,18,1,1,3,1,4
481600,1,1,18,1,1,11,3,8,1,0,1,0,2,0,1,998,999,999,0,4,1,2,1,8,2,1,80,0,7,93,91,5,7,2020,1,19,2,8,1,1,1,1,10,0
481601,1,1,58,2,1,11,3,8,8,0,1,0,2,0,1,998,999,999,0,0,2,4,1,8,1,1,66,0,13,96,0,13,7,2020,2,16,2,12,2,3,1,1,1,1
481603,1,1,17,1,1,11,20,8,8,0,1,0,1,0,1,998,62,253,0,0,2,2,1,8,1,1,51,0,13,96,84,13,7,2020,2,12,2,12,1,1,1,1,1,4
481605,1,1,19,2,1,11,20,8,0,0,1,0,2,0,1,998,999,999,0,4,1,2,2,8,1,6,51,1,13,96,35,12,6,2020,6,22,2,12,1,1,1,2,1,4
481606,1,1,75,1,1,11,99,20,8,0,2,0,1,0,1,998,999,999,0,0,2,2,1,8,1,11,15,0,7,96,38,9,7,2020,5,17,2,12,8,1,1,1,1,9
481607,1,1,36,2,1,11,3,20,8,0,1,0,1,0,1,40,999,999,0,0,2,2,2,8,1,1,80,0,13,96,0,9,7,2020,5,3,2,8,1,1,1,3,1,0
481608,1,1,37,2,1,11,3,20,8,0,1,0,2,0,1,998,999,999,99,0,2,2,1,2,1,1,80,0,7,96,0,10,7,2020,6,5,2,8,2,3,1,3,1,0
481614,1,1,24,2,1,11,3,20,8,0,1,0,2,0,1,998,999,999,3,0,1,2,2,8,1,1,13,0,60,15,89,30,6,2020,3,7,2,1,1,1,4,1,1,4
481616,1,1,19,1,1,11,3,20,0,0,1,0,1,0,1,998,999,999,0,0,1,2,1,8,2,1,10,1,7,96,28,21,6,2020,1,19,2,12,1,1,1,1,2,4
481617,1,1,22,1,1,11,99,98,8,0,2,0,0,0,1,998,999,999,1,4,1,2,1,8,1,99,9,0,7,96,37,11,7,2020,7,4,2,3,1,1,4,2,1,4
481618,1,1,17,1,1,11,3,8,8,0,1,0,2,0,1,998,999,999,0,0,1,4,8,8,1,11,15,0,5,96,38,7,7,2020,3,20,2,12,2,3,1,5,1,4
481619,1,1,27,2,1,11,20,9,8,0,1,0,2,0,1,998,64,180,0,0,2,3,1,8,1,1,12,1,13,96,999,15,7,2020,4,4,2,42,1,1,3,6,1,4
481620,1,1,78,2,1,11,3,20,8,0,1,0,1,0,1,998,999,999,0,0,5,5,1,8,1,1,8,0,13,96,0,6,5,2020,4,12,2,59,1,1,4,1,1,4
481621,1,1,73,1,1,11,3,8,1,0,1,0,1,0,1,998,66,219,0,0,2,4,8,8,98,1,17,0,13,96,39,11,5,2020,2,10,2,12,2,2,1,1,1,4
481622,1,1,29,1,1,11,99,1,8,0,99,1,3,0,1,998,999,999,0,0,1,2,1,8,1,1,17,0,5,96,39,26,5,2020,3,15,2,12,2,2,1,1,1,1
481624,1,1,43,1,1,11,3,20,8,0,1,0,2,0,1,998,999,999,0,0,6,1,1,1,2,14,9,1,13,96,0,26,5,2020,3,3,2,14,5,1,2,3,2,4
481627,1,1,26,1,1,11,3,20,8,0,1,0,3,6,1,998,999,999,2,0,6,2,2,8,1,11,15,0,66,96,0,20,5,2020,4,22,2,12,3,3,1,2,1,0
481629,1,1,87,1,1,11,3,1,8,0,2,0,1,0,1,998,999,999,0,4,1,2,1,8,2,14,10,0,13,96,28,21,6,2020,1,19,2,12,1,1,1,1,2,3
481631,1,1,60,1,1,11,3,20,8,0,1,0,3,1,1,998,999,999,0,0,4,3,1,1,1,1,83,0,63,96,0,18,6,2020,5,13,2,9,8,1,1,1,1,0
481632,1,1,47,1,1,11,20,20,0,0,1,0,0,0,1,998,999,999,0,4,3,3,1,8,1,1,51,0,80,96,0,4,7,2020,7,0,2,12,1,1,1,2,10,4
481633,1,1,999,9,1,11,99,99,8,0,99,1,9,99,1,998,999,999,99,0,1,4,1,8,1,1,80,0,999,93,6,11,7,2020,7,23,2,8,1,1,1,3,1,9
481634,1,1,34,1,1,11,20,20,8,0,1,0,0,0,1,998,999,999,0,0,3,4,3,2,1,14,13,1,81,96,0,11,7,2020,7,1,2,26,19,1,10,3,1,4
481635,1,1,40,1,1,11,20,20,8,0,1,0,0,0,1,998,999,999,0,0,1,2,1,8,1,1,13,0,60,96,0,13,7,2020,2,17,2,42,1,1,4,1,1,4
481638,1,1,36,2,1,11,3,8,8,0,1,0,0,0,1,998,999,999,0,0,3,3,3,8,1,1,13,0,3,96,0,15,7,2020,4,1,2,23,1,1,4,3,1,4
481639,1,1,27,1,1,11,99,20,8,0,1,1,2,0,1,998,999,999,0,0,5,7,1,8,1,1,80,0,7,96,0,7,7,2020,3,20,2,8,1,1,1,2,1,0
481640,1,1,999,9,1,11,99,99,8,0,99,1,9,99,1,998,999,999,99,0,1,2,1,8,1,1,80,0,999,96,0,13,7,2020,2,23,2,8,1,1,1,2,1,9
481641,1,1,28,1,1,11,3,20,8,0,1,0,1,4,1,998,999,999,0,0,1,2,1,8,1,99,73,0,60,96,0,17,7,2020,6,17,2,12,8,1,1,1,1,0
481643,1,1,999,9,1,11,99,99,8,0,99,1,9,99,1,999,999,999,99,0,3,5,2,8,1,1,80,0,999,96,0,17,7,2020,6,5,2,8,18,1,1,3,1,9
481645,1,1,78,2,1,11,3,1,8,0,1,0,1,0,1,998,999,999,0,5,4,3,1,1,1,1,51,0,7,0,0,9,7,2020,5,16,2,12,18,1,1,1,1,4
481647,1,1,57,2,1,11,3,20,8,0,1,0,1,0,1,998,999,999,0,0,3,4,1,8,1,1,80,0,13,96,0,12,7,2020,1,23,2,8,1,1,1,3,1,0
481648,1,1,50,1,1,11,3,20,0,0,1,0,2,0,1,998,999,999,0,0,2,2,1,8,1,1,80,0,3,96,38,8,7,2020,4,5,2,8,2,7,1,3,1,0
481651,1,1,62,1,1,11,99,8,8,0,1,0,1,0,1,998,63,363,0,0,3,4,1,8,1,1,13,1,13,96,0,1,5,2020,6,21,2,25,19,1,10,3,1,4
481652,1,1,999,9,1,11,98,98,8,0,99,1,9,99,1,998,999,999,99,0,1,2,1,1,1,1,80,0,999,96,0,9,7,2020,5,21,2,8,1,1,1,3,1,9
481653,1,1,30,1,1,11,20,1,1,0,1,0,2,0,1,998,999,999,2,0,1,2,8,8,1,1,17,0,60,96,39,13,7,2020,2,10,2,12,2,2,1,1,1,4
481655,1,1,41,2,1,11,3,20,8,0,2,0,2,0,1,998,999,999,0,0,6,2,1,8,1,1,80,0,2,96,0,13,7,2020,2,21,2,8,20,1,1,3,1,0
481656,1,1,57,1,1,11,20,9,1,0,1,0,1,0,1,998,74,187,1,4,5,5,1,8,2,1,51,1,60,96,0,25,6,2020,5,10,2,12,1,1,1,1,2,4
481657,1,1,999,9,1,11,99,99,8,0,99,1,9,0,1,998,999,999,99,0,1,2,1,8,1,1,80,0,13,96,0,18,5,2020,2,1,2,8,1,1,1,2,1,9
481660,1,1,19,1,1,11,20,1,8,0,2,0,0,0,1,998,999,999,0,3,1,2,3,8,1,6,54,0,13,96,85,19,7,2020,1,13,2,42,1,1,4,1,1,4
481664,1,1,30,2,1,11,3,20,8,0,1,0,1,0,1,998,999,999,0,0,5,7,1,8,1,17,80,0,13,96,0,25,6,2020,5,12,2,8,3,3,1,1,1,0
481665,1,1,17,2,1,11,3,1,8,0,1,0,2,0,1,998,999,999,0,0,0,0,0,0,0,11,15,0,60,96,38,12,7,2020,1,11,2,12,8,1,1,1,1,0
481667,1,1,22,1,1,11,3,20,1,0,1,0,1,0,1,998,65,142,0,3,2,3,1,8,1,1,9,0,13,96,58,29,6,2020,2,22,2,30,1,1,3,3,10,4
481668,1,1,43,1,1,11,99,20,8,0,2,0,3,0,1,998,999,999,0,0,1,2,1,8,1,10,13,0,7,96,73,11,7,2020,7,13,2,14,1,1,7,1,1,0
481673,1,1,51,1,1,11,20,20,8,0,1,0,0,0,1,998,999,999,0,0,1,2,1,8,1,1,9,1,98,96,0,12,7,2020,1,15,2,1,1,1,1,1,1,4
481674,1,1,21,2,1,11,3,20,0,0,1,0,1,0,1,998,65,185,1,0,2,3,1,8,1,1,80,0,13,96,0,11,7,2020,7,23,2,8,1,1,1,2,1,0
481675,1,1,20,1,1,11,3,8,0,0,1,0,0,0,1,998,999,999,3,0,1,2,2,8,1,6,12,0,13,96,35,16,7,2020,5,16,2,12,1,1,1,1,1,2
481676,1,1,60,1,1,11,3,20,8,0,2,0,2,0,1,998,999,999,2,0,1,5,1,8,1,1,83,0,13,96,0,4,7,2020,7,18,2,9,3,2,1,1,1,0
481679,1,1,24,1,1,11,3,1,8,0,2,0,2,0,1,998,999,999,1,5,1,4,2,8,1,14,10,0,13,96,51,15,7,2020,4,21,2,12,1,1,1,2,1,4
481680,1,1,999,9,1,11,99,98,8,0,99,1,9,99,1,998,999,999,99,0,2,2,1,1,1,1,80,0,999,96,0,19,7,2020,1,17,2,8,1,1,1,1,1,9
481681,1,1,27,1,1,11,99,99,8,0,1,1,0,0,1,998,999,999,99,0,6,1,1,8,1,1,80,0,13,96,0,14,7,2020,3,1,2,8,20,1,1,3,1,0
481682,1,1,22,1,1,11,3,20,8,0,1,0,3,1,1,998,999,999,0,0,3,3,1,8,1,1,50,0,11,96,73,2,6,2020,3,23,2,8,1,1,1,3,1,0
481683,1,1,34,1,1,11,3,9,8,0,1,0,2,0,1,998,999,999,0,0,3,3,1,8,1,1,80,0,60,96,0,20,7,2020,2,11,2,8,1,1,1,1,1,3
481684,1,1,19,1,1,11,3,1,8,0,1,0,1,0,1,998,999,999,0,5,1,4,2,8,1,1,80,0,13,96,0,27,3,2020,6,20,2,8,1,1,1,3,1,1
481685,1,1,34,1,1,11,3,1,8,0,1,0,0,0,1,998,999,999,0,5,2,2,1,8,2,14,62,1,7,96,0,30,3,2020,2,21,2,12,8,1,1,2,5,2
481686,1,1,51,1,1,11,20,9,8,0,1,0,2,0,1,998,999,999,1,0,1,2,1,8,1,1,13,0,13,96,999,22,7,2020,4,0,2,53,1,1,4,2,1,4
481688,1,1,13,1,1,11,3,20,8,0,1,0,2,0,1,38,999,999,0,3,1,2,1,8,1,14,80,0,13,96,52,12,7,2020,1,21,2,8,1,1,1,2,1,0
481691,1,1,79,1,1,11,3,20,8,0,1,0,1,0,1,998,999,999,0,0,2,5,1,8,1,11,15,0,60,96,28,13,7,2020,2,18,2,12,2,2,1,1,1,4
481692,1,1,26,1,1,11,3,20,8,0,2,0,2,0,1,998,999,999,0,0,5,5,1,8,1,1,80,0,7,96,0,18,7,2020,7,2,2,8,1,1,1,2,1,0
481694,1,1,23,1,1,11,20,20,1,0,1,0,0,0,1,998,999,999,2,5,6,2,2,8,1,15,51,1,80,96,27,6,7,2020,2,14,2,12,20,1,1,1,1,4
481696,1,1,19,1,1,11,20,20,0,0,2,0,1,0,1,998,999,999,0,0,3,6,1,8,1,15,10,0,13,96,27,16,7,2020,5,20,2,12,1,1,1,1,1,4
481697,1,1,30,1,1,11,3,20,8,0,2,0,1,0,1,40,999,999,1,0,2,3,1,8,1,1,80,0,13,93,6,20,7,2020,2,20,2,8,1,1,1,5,1,0
481698,1,1,27,1,1,11,20,8,1,0,1,0,1,0,1,998,72,173,0,0,1,2,8,8,1,99,19,1,13,96,0,12,7,2020,1,13,2,12,2,2,1,1,1,4
481699,1,1,57,1,1,11,3,20,8,0,1,0,1,0,1,48,999,999,0,3,4,3,1,8,1,1,80,0,1,96,0,19,7,2020,1,21,2,8,3,2,1,3,1,0
481700,1,1,25,2,1,11,3,20,8,0,1,0,1,0,1,998,999,999,0,0,3,3,1,8,1,1,80,0,13,96,0,22,7,2020,4,0,2,8,1,1,1,2,1,0
481701,1,1,44,1,1,11,99,8,1,0,1,0,3,0,1,998,999,999,0,4,2,2,1,1,1,1,51,0,62,96,0,16,7,2020,5,14,2,12,1,1,1,1,1,4
481702,1,1,26,1,1,11,3,8,1,0,1,0,1,0,1,998,999,999,3,0,4,2,1,8,1,1,12,1,5,96,50,11,7,2020,7,22,2,12,3,2,1,3,1,4
481704,1,1,40,1,1,11,3,1,8,0,1,0,1,0,1,998,999,999,2,5,4,3,1,8,1,1,17,1,60,96,91,13,7,2020,2,22,2,12,2,2,1,3,1,2
481705,1,1,67,1,1,11,3,20,8,0,1,0,1,0,1,998,999,999,0,0,6,1,2,8,1,1,80,0,13,96,0,21,7,2020,3,4,2,8,20,1,1,2,1,0
481706,1,1,45,2,1,11,3,20,8,0,1,0,2,0,1,998,999,999,0,0,3,2,1,8,1,1,50,0,7,93,26,1,7,2020,4,14,2,12,18,1,1,1,1,4
481707,1,1,24,1,1,11,3,20,8,0,1,0,1,0,1,998,999,999,0,0,3,2,1,8,2,1,80,0,13,96,0,22,7,2020,4,5,2,8,1,1,1,2,10,0
481709,1,1,999,9,1,11,99,99,8,0,99,1,9,99,1,998,999,999,99,5,1,4,2,8,1,1,80,0,999,96,0,22,7,2020,4,21,2,8,3,3,1,3,1,9
481712,1,1,28,2,1,11,3,20,8,0,1,0,1,0,1,40,999,999,2,0,2,2,1,8,1,1,80,0,60,96,0,26,6,2020,6,21,2,8,1,1,1,3,10,0
481714,1,1,43,2,1,11,3,20,8,0,1,0,0,0,1,0,999,999,0,0,3,2,1,8,1,5,53,0,7,93,54,17,7,2020,6,18,2,12,18,1,1,1,1,0
481715,1,1,45,2,1,11,3,20,8,0,1,0,0,0,1,998,999,999,0,0,2,3,1,8,1,1,80,0,13,96,0,17,7,2020,6,11,2,8,1,1,1,1,1,0
481718,1,1,26,1,1,11,20,20,8,0,2,0,2,0,1,998,999,999,0,5,1,4,1,8,1,1,91,1,7,96,0,11,7,2020,7,17,2,33,1,1,4,1,1,4
481719,1,1,39,1,1,11,3,20,8,0,1,0,3,6,2,998,999,999,99,0,2,3,1,8,2,17,11,0,66,93,6,24,7,2020,6,21,2,12,2,5,1,2,2,0
481721,1,1,74,2,1,11,99,8,8,0,1,0,1,0,1,998,999,999,0,0,2,4,2,8,1,11,15,0,13,92,38,8,6,2020,2,8,2,12,2,4,1,1,1,4
481722,1,1,16,1,1,11,3,20,8,0,1,0,2,0,1,998,999,999,0,0,2,2,1,8,1,1,80,0,13,0,0,17,7,2020,6,9,2,8,1,1,1,1,1,0
481723,1,1,44,2,1,11,3,20,8,0,1,0,2,0,1,998,999,999,1,0,4,2,1,8,1,1,80,0,60,96,0,23,7,2020,5,22,2,8,18,1,1,2,1,0
481724,1,1,31,1,1,11,3,1,8,0,1,0,1,0,1,998,999,999,0,0,3,3,1,8,1,1,50,0,3,96,0,17,5,2020,1,21,2,12,1,1,1,3,1,0
481725,1,1,999,9,1,11,99,99,8,0,99,1,9,99,1,998,999,999,99,0,2,2,1,8,1,99,80,0,999,96,0,11,5,2020,2,0,2,8,3,2,1,3,1,9
481726,1,1,27,1,1,11,99,99,8,0,1,0,1,0,1,998,999,999,0,0,3,3,1,8,1,1,10,1,13,96,51,24,7,2020,6,0,2,12,1,1,1,3,1,4
481728,1,1,31,1,1,11,20,8,8,0,1,0,1,0,1,998,999,999,0,0,3,3,2,2,1,14,13,0,13,96,0,24,7,2020,6,5,2,20,19,1,8,3,1,4
481729,1,1,57,1,1,11,3,20,8,0,1,0,3,6,1,998,69,205,2,0,3,3,1,8,1,1,50,0,66,96,0,18,7,2020,7,23,2,8,1,1,1,2,1,0
481731,1,1,26,1,1,11,3,20,8,0,1,0,2,0,1,45,999,999,3,0,3,2,1,8,1,14,80,0,2,0,0,24,7,2020,6,23,2,8,18,1,1,2,1,1
481733,1,1,17,1,1,11,3,8,1,0,4,0,2,0,1,998,999,999,0,3,2,3,1,8,1,14,8,0,13,96,0,20,7,2020,2,0,2,33,1,1,4,3,1,2
481734,1,1,19,1,1,11,20,1,0,0,1,0,1,0,1,998,999,999,1,3,2,3,1,8,1,14,6,0,60,96,0,24,7,2020,6,22,2,33,1,1,3,3,1,4
481735,1,1,27,1,1,11,20,8,1,0,1,0,2,0,1,998,999,999,0,0,1,2,1,1,1,1,54,1,13,96,51,19,7,2020,1,12,2,12,1,1,1,1,1,4
481738,1,1,40,1,1,11,3,9,8,0,1,0,2,0,1,998,999,999,0,5,3,4,1,8,1,1,12,1,60,96,0,24,7,2020,6,2,2,33,3,2,3,3,10,4
481739,1,1,46,1,1,11,20,20,8,0,2,0,1,0,1,998,68,160,2,3,1,2,1,8,1,14,12,0,81,96,91,19,7,2020,1,3,2,1,1,1,4,2,1,3
481740,1,1,41,1,1,11,99,99,8,0,1,1,1,99,1,998,999,999,0,0,1,2,1,8,1,1,80,0,999,93,91,23,7,2020,5,6,2,8,1,1,1,3,1,0
481742,1,1,28,2,1,11,3,9,8,0,2,0,2,0,1,998,999,999,0,0,3,3,1,8,1,1,80,0,13,96,0,25,7,2020,7,21,2,8,1,1,1,3,1,0
481743,1,1,35,1,1,11,3,1,0,0,1,0,2,0,1,998,999,999,0,0,2,3,1,8,1,17,10,1,7,96,27,23,7,2020,5,22,2,33,1,1,3,3,1,4
481744,1,1,46,1,1,11,20,9,1,0,1,0,2,0,1,998,999,999,0,0,1,2,1,8,1,10,13,1,7,96,48,27,7,2020,2,22,2,42,1,1,5,3,1,4
481746,1,1,32,1,1,11,3,8,8,0,1,0,1,0,1,998,999,999,1,0,4,3,1,1,1,1,17,1,13,96,39,19,7,2020,1,7,2,12,2,2,1,1,1,1
481747,1,1,66,2,1,11,3,9,8,0,1,0,1,0,1,998,999,999,0,0,1,3,8,8,98,1,19,0,7,96,39,24,7,2020,6,6,2,12,2,2,1,4,1,4
481749,1,1,36,1,1,11,20,8,1,0,1,0,1,0,1,998,999,999,0,4,1,2,1,8,1,1,14,1,13,93,39,27,7,2020,2,3,2,14,3,3,4,3,1,4
481751,1,1,46,1,1,11,3,20,8,0,1,0,1,0,1,998,999,999,1,0,5,5,1,8,1,1,80,0,13,96,0,1,7,2020,4,21,2,8,1,1,1,2,1,0
481753,1,1,24,2,1,11,3,9,8,0,1,0,2,0,1,998,60,150,0,0,5,5,1,8,1,1,10,0,13,96,0,28,7,2020,3,10,2,12,1,1,1,1,1,4
481754,1,1,71,2,1,11,3,20,8,0,1,0,1,0,1,998,999,999,0,0,1,2,8,8,1,4,17,0,7,96,38,22,7,2020,4,10,2,12,2,2,1,1,1,0
481755,1,1,61,1,1,11,20,20,8,0,1,0,1,0,1,998,999,999,1,0,2,2,1,8,1,1,17,1,60,96,39,3,6,2020,4,22,2,12,2,3,1,3,1,4
481759,1,1,40,1,1,11,99,20,0,0,1,0,1,0,1,998,999,999,0,4,2,2,1,8,1,1,51,1,60,96,0,13,7,2020,2,21,2,12,1,1,1,3,1,4
481760,1,1,36,1,1,11,99,99,0,0,2,0,1,0,1,998,999,999,0,0,5,5,1,8,1,1,12,0,13,96,0,18,7,2020,7,22,2,30,1,1,4,2,1,4
481761,1,1,999,9,1,11,99,99,8,0,99,1,9,99,1,998,999,999,99,0,1,2,1,8,1,1,80,0,999,96,0,21,7,2020,3,5,2,8,1,1,1,3,10,9
481762,1,1,20,1,1,11,99,1,8,0,99,1,2,0,1,97,999,999,1,3,2,4,1,8,1,1,80,0,7,96,0,12,7,2020,1,1,2,8,3,2,1,3,1,9
481763,1,1,28,1,1,11,3,20,0,0,1,0,2,0,1,998,999,999,0,3,2,2,1,1,1,1,17,1,7,96,91,27,7,2020,2,17,2,12,2,2,1,1,1,2
481764,1,1,35,1,1,11,3,20,8,0,1,0,3,6,1,998,68,185,0,0,3,5,1,8,6,1,61,0,66,96,0,7,7,2020,3,13,2,12,18,1,1,1,10,0
481765,1,1,39,1,1,11,3,9,8,0,1,0,1,0,1,80,999,999,1,3,2,3,1,8,1,14,68,0,3,96,91,24,7,2020,6,7,2,12,2,2,1,1,1,2
481767,1,1,19,1,1,11,3,20,8,0,1,1,1,0,1,998,65,193,0,0,1,2,1,8,1,1,80,0,7,96,0,18,7,2020,7,23,2,8,2,3,1,3,1,0
481773,1,1,18,1,1,11,3,20,8,0,3,0,2,0,1,60,999,999,0,3,2,3,1,8,1,1,80,0,13,96,38,22,6,2020,2,18,2,8,3,2,1,1,1,0
481774,1,1,15,1,1,11,20,1,1,0,2,0,0,0,1,57,999,999,0,3,1,2,1,8,1,1,6,0,60,96,37,22,7,2020,4,2,2,42,1,1,4,2,1,4
481775,1,1,25,2,1,11,3,20,8,0,1,0,1,0,1,998,999,999,0,4,3,7,1,1,2,1,6,0,13,96,87,21,7,2020,3,3,2,8,1,1,1,3,2,2
481776,1,1,53,1,1,11,20,20,0,0,1,0,1,0,1,998,999,999,7,5,3,3,1,8,1,15,11,1,80,96,27,26,7,2020,1,17,2,12,1,1,1,1,10,4
481777,1,1,18,1,1,11,3,8,8,0,4,0,2,0,1,998,999,999,1,0,2,3,1,8,1,11,15,0,13,96,38,29,7,2020,4,20,2,12,2,3,1,3,1,1
481778,1,1,50,1,1,11,3,20,8,0,2,0,1,0,1,998,999,999,0,0,2,2,1,2,1,1,80,0,7,96,0,28,6,2020,1,23,2,8,18,1,1,2,1,0
481781,1,1,22,2,1,11,20,8,8,0,4,0,2,0,1,998,999,999,0,4,1,6,2,8,1,14,54,0,13,96,51,22,7,2020,4,20,2,12,1,1,1,5,1,3
481783,1,1,21,1,1,11,3,20,0,0,3,0,0,0,1,998,999,999,0,3,5,5,1,8,1,1,9,0,13,96,0,24,6,2020,4,16,2,32,1,1,4,1,1,4
481784,1,1,65,2,1,11,3,20,8,0,1,0,0,0,1,998,999,999,0,0,2,2,3,8,1,14,80,0,13,96,0,10,7,2020,6,7,2,8,3,4,1,1,1,0
481786,1,1,23,2,1,11,3,9,8,0,6,0,2,0,1,998,999,999,0,0,1,2,1,8,1,1,10,0,13,96,28,13,7,2020,2,21,2,12,1,1,1,2,1,3
481788,1,1,21,1,1,11,3,9,8,0,1,0,2,0,1,998,999,999,0,0,4,2,1,8,1,1,50,0,13,96,0,28,7,2020,3,6,2,12,1,1,1,2,10,0
481789,1,1,43,1,1,11,3,20,8,0,1,0,2,0,1,998,999,999,0,0,1,2,1,8,1,1,10,0,13,96,28,29,7,2020,4,23,2,12,1,1,1,3,1,4
481792,1,1,999,1,1,11,99,20,8,0,99,1,9,99,1,998,999,999,99,0,2,2,1,8,1,11,15,0,999,96,38,31,7,2020,6,21,2,12,8,1,1,3,1,9