ST_CASE,VEH_NO,PER_NO,AGE,SEX,PER_TYP,SEAT_POS,REST_USE,AIR_BAG,DRUGS,LOCATION,NUMOCCS,HIT_RUN,OWNER,V_CONFIG,HAZ_INV,TRAV_SP,DR_HGT,DR_WGT,PREV_SPD,SPEEDREL,VTRAFWAY,VNUM_LAN,VPROFILE,VPAVETYP,VSURCOND,P_CRASH1,P_CRASH2,DR_DRINK,VPICBODYCLASS,DRDISTRACT,DRIVERRF,DAY,MONTH,YEAR,DAY_WEEK,HOUR,RUR_URB,HARM_EV,RELJCT2,TYP_INT,REL_ROAD,LGT_COND,WEATHER,INJ_SEV
481793,1,1,28,1,1,11,20,20,0,0,1,0,1,0,1,998,999,999,0,3,5,5,1,8,1,1,65,1,1,96,0,25,7,2020,7,3,2,12,3,3,1,3,1,4
481794,1,1,16,1,1,11,99,20,8,0,2,0,2,0,1,998,999,999,0,5,2,2,2,8,1,15,6,0,60,96,0,1,8,2020,7,21,2,12,1,1,1,2,1,1
481796,1,1,18,1,1,11,3,20,8,0,2,0,2,0,1,998,999,999,1,0,2,2,1,1,1,15,98,0,7,96,0,31,7,2020,6,18,2,5,1,1,1,1,1,0
481797,1,1,40,1,1,11,20,20,0,0,2,0,1,0,1,998,72,192,0,4,1,4,1,8,1,14,6,1,98,96,0,27,7,2020,2,23,2,33,1,1,4,3,1,4
481798,1,1,37,1,1,11,20,1,8,0,1,0,2,0,1,998,999,999,0,0,4,2,1,8,1,1,13,0,7,96,0,30,7,2020,5,22,2,59,3,3,4,3,1,4
481799,1,1,24,1,1,11,3,20,8,0,1,0,2,0,1,998,999,999,0,0,2,4,1,8,1,1,80,0,13,96,0,29,7,2020,4,21,2,8,3,2,1,3,1,0
481800,1,1,36,1,1,11,3,20,8,0,1,0,1,0,1,998,999,999,0,0,4,2,1,1,1,1,80,0,13,96,0,17,7,2020,6,6,2,8,3,2,1,4,10,0
481801,1,1,27,1,1,11,3,8,1,0,2,0,0,0,1,998,999,999,0,3,2,2,1,1,1,1,13,1,3,96,91,4,7,2020,7,18,2,42,1,1,4,1,1,1
481802,1,1,25,1,1,11,3,9,8,0,2,0,2,0,1,86,999,999,1,3,1,5,1,8,1,1,17,1,13,96,39,26,7,2020,1,22,2,12,2,2,1,3,1,4
481808,1,1,69,2,1,11,20,1,8,0,1,0,2,0,1,998,999,999,0,0,1,2,1,8,1,1,17,0,60,96,39,1,5,2020,6,15,2,12,2,2,1,1,1,4
481811,1,1,52,1,1,11,99,20,8,0,3,0,0,0,1,998,999,999,0,5,2,2,1,8,1,1,13,0,60,93,6,24,7,2020,6,14,2,8,1,1,4,1,1,0
481816,1,1,18,1,1,11,3,9,8,0,2,0,2,0,1,998,999,999,0,5,3,3,1,2,1,1,13,0,3,96,0,2,8,2020,1,3,2,1,1,1,4,3,1,9
481818,1,1,32,2,1,11,3,8,8,0,1,0,2,0,1,998,999,999,0,0,5,5,1,8,1,1,17,0,60,96,39,29,7,2020,4,16,2,12,2,2,1,1,1,2
481820,1,1,24,1,1,11,3,8,8,0,3,0,5,0,1,998,999,999,0,0,1,2,1,8,1,1,17,0,60,96,38,25,7,2020,7,8,2,12,3,4,1,4,1,2
481822,1,1,36,1,1,11,3,8,8,0,1,0,3,0,1,998,999,999,0,0,4,4,1,8,1,1,51,0,13,96,16,2,8,2020,1,1,2,12,1,1,1,2,1,1
481823,1,1,37,1,1,11,3,20,8,0,3,0,1,0,1,90,999,999,0,0,1,5,1,8,1,11,15,0,7,96,0,19,7,2020,1,10,2,1,2,4,1,1,1,0
481824,1,1,22,1,1,11,20,20,0,0,1,0,1,0,1,998,999,999,1,2,1,2,1,8,1,1,13,0,80,96,0,17,5,2020,1,15,2,1,1,1,4,1,10,4
481825,1,1,61,1,1,11,3,8,8,0,1,0,2,0,1,998,999,999,0,0,3,5,2,8,1,1,80,0,7,96,0,7,6,2020,1,3,2,8,18,1,1,3,1,0
481826,1,1,41,2,1,11,3,20,8,0,1,0,1,0,1,998,999,999,0,0,4,2,1,8,1,1,80,0,13,96,0,11,6,2020,5,22,2,8,1,1,1,2,1,0
481827,1,1,20,2,1,11,3,8,0,0,1,0,0,0,1,998,999,999,2,0,1,2,1,8,1,1,10,0,13,96,51,13,6,2020,7,3,2,12,1,1,1,2,1,4
481829,1,1,30,2,1,11,98,9,8,0,1,0,1,0,1,998,999,999,2,4,1,2,1,8,1,14,6,0,13,96,0,12,6,2020,6,2,2,32,1,1,4,2,1,4
481831,1,1,999,1,1,11,99,99,8,0,99,1,9,0,1,998,999,999,99,0,2,4,1,8,1,1,80,0,13,96,0,7,6,2020,1,21,2,8,1,1,1,3,1,9
481832,1,1,37,1,1,11,20,20,8,0,2,0,2,0,1,998,75,180,0,0,4,2,1,8,1,1,13,0,60,96,0,20,6,2020,7,1,2,1,19,1,4,2,10,4
481834,1,1,23,1,1,11,20,20,0,0,1,0,1,0,1,61,73,257,0,4,5,5,1,8,2,15,6,0,60,96,28,22,6,2020,2,8,2,12,1,1,1,1,2,4
481836,1,1,50,1,1,11,20,20,8,0,1,0,1,0,1,998,68,161,0,4,1,2,1,8,1,1,12,0,80,96,0,14,6,2020,1,21,2,1,1,1,4,2,1,4
481842,1,1,22,1,1,11,3,8,0,0,3,0,1,0,1,998,999,999,0,3,1,4,1,8,2,1,9,0,13,96,58,25,6,2020,5,10,2,12,1,1,1,1,2,4
481847,1,1,20,1,1,11,99,9,8,0,1,0,2,0,1,998,999,999,0,4,1,2,1,8,1,1,10,0,60,96,28,24,6,2020,4,6,2,12,1,1,1,1,1,1
481848,1,1,23,1,1,11,99,99,8,0,1,1,1,99,1,998,999,999,0,4,2,2,1,1,1,1,83,1,999,96,0,13,6,2020,7,2,2,9,1,1,1,3,1,9
481849,1,1,48,1,1,11,3,20,8,0,1,0,2,0,1,998,999,999,0,4,1,2,2,8,1,14,6,0,60,93,6,22,6,2020,2,5,2,1,1,1,4,2,1,4
481850,1,1,20,1,1,11,20,20,8,0,2,0,2,0,1,998,999,999,0,4,1,2,2,4,98,1,6,0,7,96,73,18,6,2020,5,17,2,1,1,1,4,1,1,4
481853,1,1,28,2,1,11,3,20,8,0,3,0,2,0,1,998,999,999,3,4,1,2,1,8,2,1,6,0,7,96,87,22,6,2020,2,8,2,12,1,1,1,1,2,3
481857,1,1,78,2,1,11,3,9,8,0,1,0,2,0,1,998,999,999,0,0,1,2,1,8,1,10,16,0,13,96,48,2,8,2020,1,11,2,14,1,1,7,1,1,4
481860,1,1,19,2,1,11,3,8,8,0,2,0,1,0,1,998,999,999,0,0,1,2,8,8,1,11,15,0,3,96,38,31,7,2020,6,1,2,12,2,3,1,3,1,4
481861,1,1,62,1,1,11,3,20,8,0,1,0,4,6,1,998,999,999,0,0,2,3,2,8,1,1,62,0,66,96,0,28,7,2020,3,13,2,12,1,1,1,1,10,0
481863,1,1,37,1,1,11,3,8,0,0,1,0,1,0,1,998,999,999,0,0,3,3,1,8,1,14,54,1,60,96,51,18,7,2020,7,22,2,12,1,1,1,3,1,4
481865,1,1,999,9,1,11,99,99,8,0,99,1,9,99,1,998,999,999,99,0,1,3,1,8,1,14,80,0,999,96,0,31,7,2020,6,6,2,8,1,1,1,4,1,9
481867,1,1,999,9,1,11,99,99,8,0,99,1,9,99,1,998,999,999,99,0,5,5,1,8,1,1,80,0,999,96,0,31,7,2020,6,23,2,8,1,1,1,2,10,9
481868,1,1,23,1,1,11,3,8,0,0,1,0,2,0,1,998,999,999,0,4,1,4,1,1,1,1,72,1,13,96,0,17,7,2020,6,6,2,12,8,1,1,2,10,4
481869,1,1,18,1,1,11,3,20,8,0,2,0,0,0,1,18,999,999,0,0,1,2,1,1,1,1,98,0,3,96,0,10,7,2020,6,5,2,5,1,1,1,9,1,0
481870,1,1,26,1,1,11,20,20,0,0,1,0,0,0,1,998,74,215,2,0,2,3,1,1,1,1,67,0,80,96,0,18,6,2020,5,18,2,12,2,3,1,1,1,4
481874,1,1,28,1,1,11,20,8,8,0,1,0,2,0,1,998,999,999,0,0,1,2,1,8,98,99,19,0,7,96,39,26,7,2020,1,14,2,12,2,2,1,1,1,4
481877,1,1,44,2,1,11,99,20,8,0,1,1,2,0,1,998,999,999,1,5,1,4,1,8,1,1,80,0,13,93,0,5,8,2020,4,23,2,8,1,1,1,3,1,0
481878,1,1,29,1,1,11,3,20,8,0,1,0,1,1,1,998,999,999,0,0,2,2,1,8,1,1,62,0,60,96,0,29,7,2020,4,16,2,12,2,3,1,1,1,0
481879,1,1,18,2,1,11,20,20,1,0,1,0,2,0,1,998,999,999,1,4,1,2,1,8,1,14,6,1,13,96,73,24,7,2020,6,6,2,19,1,1,4,3,1,4
481880,1,1,78,1,1,11,3,20,8,0,1,0,1,0,1,998,999,999,0,0,0,0,0,0,0,99,19,0,13,96,38,23,7,2020,5,15,2,12,8,1,1,1,1,4
481881,1,1,58,1,1,11,3,9,1,0,1,0,1,0,1,998,999,999,0,0,3,2,1,8,1,1,54,1,7,96,91,2,8,2020,1,2,2,12,1,1,1,2,1,4
481882,1,1,22,2,1,11,3,9,8,0,4,0,1,0,1,998,999,999,0,0,4,5,1,8,1,11,15,0,13,93,39,26,7,2020,1,19,2,12,2,2,1,1,1,0
481883,1,1,41,1,1,11,20,8,1,0,1,0,1,0,1,998,999,999,0,3,2,2,8,8,1,1,17,1,7,93,39,3,8,2020,2,1,2,12,2,3,1,3,1,4
481885,1,1,16,1,1,11,3,1,8,0,3,0,2,0,1,998,999,999,0,0,1,2,1,8,1,1,66,0,60,96,0,31,7,2020,6,19,2,12,2,2,1,1,1,2
481887,1,1,30,1,1,11,20,20,8,0,1,0,1,0,1,998,999,999,2,4,3,2,2,8,1,1,13,0,7,96,0,4,8,2020,3,16,2,43,1,1,10,1,1,4
481888,1,1,38,1,1,11,3,20,8,0,2,0,0,0,1,998,999,999,0,0,1,2,1,8,1,1,83,0,60,96,0,18,7,2020,7,0,2,9,1,1,1,2,1,0
481889,1,1,26,1,1,11,20,20,8,0,1,0,0,0,1,998,999,999,0,3,2,2,1,8,1,1,62,0,80,96,0,5,8,2020,4,11,2,12,2,3,1,1,1,4
481890,1,1,21,2,1,11,3,20,8,0,1,0,1,0,1,998,999,999,0,0,1,2,1,1,1,99,19,0,7,96,39,2,8,2020,1,5,2,12,2,3,1,3,1,0
481891,1,1,25,1,1,11,3,20,8,0,1,0,1,0,1,998,999,999,0,0,1,4,1,8,1,1,80,0,13,96,0,7,8,2020,6,21,2,8,3,2,1,3,1,0
481897,1,1,32,1,1,11,3,20,8,0,1,0,1,0,1,998,999,999,0,0,2,2,1,2,1,1,80,0,60,96,0,9,8,2020,1,16,2,8,1,1,1,1,1,0
481898,1,1,49,1,1,11,20,20,8,0,1,0,1,0,1,998,999,999,0,0,3,5,1,1,1,1,13,1,12,96,0,13,7,2020,2,21,2,14,1,1,2,2,1,4
481900,1,1,40,1,1,11,3,9,8,0,1,0,2,0,1,998,72,180,0,0,3,4,1,8,1,15,11,0,7,96,27,4,8,2020,3,21,2,12,1,1,1,2,1,2
481903,1,1,22,1,1,11,3,8,8,0,3,0,1,0,1,998,999,999,1,0,3,3,1,8,1,14,13,1,3,96,0,1,8,2020,7,2,2,25,19,1,8,2,10,4
481905,1,1,18,1,1,11,3,20,8,0,1,0,0,0,1,998,999,999,0,4,3,5,2,8,1,15,51,0,7,96,0,9,8,2020,1,23,2,12,1,1,1,3,1,0
481906,1,1,50,1,1,11,3,8,8,0,1,0,1,0,1,998,999,999,0,5,5,5,2,8,1,6,10,0,5,96,33,4,8,2020,3,21,2,12,2,3,1,3,1,4
481909,1,1,48,2,1,11,3,20,8,0,2,0,1,0,1,998,999,999,0,0,3,4,1,8,1,15,11,0,3,96,27,3,8,2020,2,22,2,12,18,1,1,2,1,4
481914,1,1,61,1,1,11,3,1,8,0,1,0,2,0,1,998,999,999,0,5,1,2,1,8,1,1,13,0,1,96,999,8,8,2020,7,11,2,32,1,1,4,1,1,4
481915,1,1,35,1,1,11,3,8,0,0,1,0,1,0,1,112,999,999,0,3,3,2,1,8,1,1,12,1,13,96,0,9,8,2020,1,4,2,57,19,1,3,3,1,4
481916,1,1,61,1,1,11,20,20,8,0,1,0,1,0,1,998,69,205,0,0,4,3,2,8,1,14,50,0,80,96,0,9,8,2020,1,5,2,12,1,1,1,3,1,4
481918,1,1,35,1,1,11,3,20,8,0,1,0,0,0,1,63,999,999,0,5,1,2,1,8,1,1,83,0,60,93,6,10,8,2020,2,8,2,9,1,1,1,1,1,0
481922,1,1,30,1,1,11,3,20,8,0,2,0,1,0,1,998,999,999,4,0,2,3,1,2,1,1,83,0,60,96,0,9,8,2020,1,1,2,9,3,2,1,2,1,0
481925,1,1,54,1,1,11,3,8,8,0,1,0,1,0,1,998,999,999,1,0,1,4,1,8,2,1,66,0,60,96,39,25,7,2020,7,7,2,12,2,2,1,1,2,2
481927,1,1,48,2,1,11,3,20,8,0,1,0,1,0,1,998,999,999,0,0,2,4,1,1,1,99,68,0,3,96,0,13,7,2020,2,6,2,12,2,2,1,1,10,2
481928,1,1,23,1,1,11,20,20,8,0,2,1,2,0,1,998,999,999,0,0,4,4,1,1,1,1,13,0,13,96,0,2,8,2020,1,3,2,33,1,1,4,2,1,1
481929,1,1,58,1,1,11,3,20,8,0,1,0,1,0,1,998,999,999,0,0,2,2,1,8,1,1,83,0,7,96,0,11,8,2020,3,7,2,9,3,2,1,1,1,0
481930,1,1,67,1,1,11,3,20,8,0,1,0,3,6,1,998,70,170,0,0,3,2,1,8,1,1,1,0,66,96,80,29,7,2020,4,14,2,24,1,1,3,1,1,4
481933,1,1,18,1,1,11,3,1,0,0,1,0,2,0,1,998,999,999,0,0,2,2,1,8,1,1,54,1,1,96,91,9,8,2020,1,2,2,12,1,1,1,2,1,3
481937,1,1,39,2,1,11,3,8,8,0,1,0,0,0,1,998,63,177,0,0,3,4,1,8,1,1,9,0,13,96,0,9,8,2020,1,1,2,59,1,1,4,2,1,4
481938,1,1,20,1,1,11,3,20,8,0,1,0,2,0,1,998,999,999,99,0,5,5,1,8,1,1,80,0,3,96,0,27,7,2020,2,2,2,8,1,1,1,2,1,0
481943,1,1,49,2,1,11,3,20,8,0,4,0,2,0,1,998,999,999,0,0,1,2,1,8,1,11,15,0,7,96,38,3,8,2020,2,11,2,12,2,3,1,1,1,1
481947,1,1,35,1,1,11,3,8,8,0,1,0,1,0,1,998,999,999,0,0,1,2,1,8,1,1,10,0,5,96,28,1,8,2020,7,20,2,12,1,1,1,2,1,4
481948,1,1,999,9,1,11,99,99,8,0,99,1,9,99,1,998,999,999,99,0,2,2,1,8,2,1,80,0,999,96,0,3,8,2020,2,23,2,8,1,1,1,3,10,9
481950,1,1,999,9,1,11,99,99,8,0,99,1,9,99,1,998,999,999,99,0,2,3,1,8,1,1,80,0,999,93,6,11,8,2020,3,22,2,8,3,2,1,3,1,9
481951,1,1,28,2,1,11,99,99,8,0,1,1,1,0,1,998,999,999,0,5,1,2,1,8,1,99,80,0,7,96,91,8,8,2020,7,10,2,8,1,1,1,1,1,9
481952,1,1,24,1,1,11,20,20,8,0,1,0,0,0,1,998,999,999,1,5,2,2,1,8,1,1,13,0,80,96,0,7,8,2020,6,23,2,5,1,1,4,2,1,4
481957,1,1,62,2,1,11,3,8,1,0,1,0,3,0,1,998,999,999,0,0,3,3,1,8,1,15,11,1,5,96,27,29,7,2020,4,15,2,12,1,1,1,1,1,4
481958,1,1,25,1,1,11,3,20,8,0,1,0,0,0,1,998,999,999,1,5,1,4,1,2,1,1,66,0,60,96,0,12,8,2020,4,18,2,12,2,2,1,1,1,2
481960,1,1,34,2,1,11,3,8,8,0,1,0,3,0,1,998,999,999,0,4,2,4,2,8,1,1,50,0,60,96,0,5,8,2020,4,21,2,12,1,1,1,2,1,1
481961,1,1,29,2,1,11,3,8,8,0,1,0,2,0,1,998,999,999,0,0,5,5,1,8,1,1,12,1,13,96,0,9,8,2020,1,22,2,42,1,1,4,2,1,4
481962,1,1,18,1,1,11,3,1,0,0,1,0,2,0,1,998,999,999,0,0,2,2,1,8,1,11,15,0,1,96,38,6,8,2020,5,18,2,12,2,3,1,1,1,0
481964,1,1,34,1,1,11,3,1,1,0,1,0,1,0,1,998,999,999,0,0,3,5,1,8,1,1,51,0,7,96,26,13,8,2020,5,13,2,12,18,1,1,1,1,0
481965,1,1,22,1,1,11,20,20,1,0,1,0,1,0,1,998,999,999,99,0,2,3,1,8,2,11,15,1,60,93,6,31,7,2020,6,23,2,12,1,1,1,3,10,4
481966,1,1,39,1,1,11,20,20,1,0,1,0,1,0,1,998,72,241,1,5,5,5,1,8,1,1,13,1,80,96,0,7,8,2020,6,23,2,33,1,1,4,2,1,4
481968,1,1,53,1,1,11,3,1,8,0,1,0,1,0,1,998,999,999,1,5,2,3,1,8,1,1,52,1,7,96,26,23,7,2020,5,19,2,12,3,2,1,1,1,0
481970,1,1,62,2,1,11,3,8,8,0,3,0,1,0,1,998,999,999,0,0,3,4,1,8,1,1,53,0,3,96,0,3,8,2020,2,14,2,12,1,1,1,1,1,2
481971,1,1,60,1,1,11,20,20,8,0,1,0,1,0,1,998,999,999,0,4,1,2,1,8,1,99,98,0,80,96,0,16,8,2020,1,10,2,30,1,1,4,1,1,4
481974,1,1,22,1,1,11,20,20,0,0,1,0,1,0,1,998,68,252,0,4,1,2,1,8,2,6,6,0,98,96,33,24,7,2020,6,18,2,1,1,1,1,1,2,4
481975,1,1,79,1,1,11,20,99,8,0,1,0,1,0,1,998,999,999,0,0,6,2,1,8,1,14,13,0,60,96,0,6,8,2020,5,6,2,3,5,1,4,4,1,4
481976,1,1,44,1,1,11,20,8,8,0,1,0,1,0,1,998,999,999,0,0,6,2,1,8,1,14,13,0,60,96,0,6,8,2020,5,6,2,3,5,1,4,4,1,4
481977,1,1,39,1,1,11,3,9,8,0,1,0,2,0,1,998,999,999,0,0,2,3,8,8,98,1,17,0,60,96,39,15,8,2020,7,13,2,12,2,2,1,1,1,0
481978,1,1,18,2,1,11,3,20,8,0,1,0,2,0,1,998,999,999,1,0,3,4,1,8,1,1,80,0,13,96,0,12,8,2020,4,20,2,8,1,1,1,2,1,0
481983,1,1,18,1,1,11,20,8,8,0,5,0,2,0,1,998,999,999,0,3,4,3,1,8,1,1,13,0,13,96,0,9,8,2020,1,21,2,30,1,1,4,3,1,3
481984,1,1,20,1,1,11,99,20,1,0,1,0,2,0,1,998,999,999,0,0,6,1,2,8,1,1,12,1,13,96,0,7,6,2020,1,4,2,1,5,1,8,3,1,4
481985,1,1,81,2,1,11,3,20,8,0,1,0,1,0,1,998,999,999,0,0,2,4,1,8,1,11,15,0,7,96,38,8,8,2020,7,11,2,12,2,2,1,1,1,2
481986,1,1,28,1,1,11,3,9,8,0,1,0,3,4,1,998,999,999,0,5,3,2,2,8,1,1,51,0,74,96,26,4,8,2020,3,17,2,12,1,1,1,1,1,0
481988,1,1,32,1,1,11,3,20,8,0,1,0,1,0,1,998,999,999,0,0,6,1,1,8,1,11,80,0,7,96,0,13,8,2020,5,3,2,8,3,4,1,2,1,0
481989,1,1,18,2,1,11,3,8,8,0,1,0,1,0,1,998,999,999,0,0,2,3,2,8,1,1,17,0,13,96,39,11,8,2020,3,22,2,12,2,4,1,3,1,4
481990,1,1,30,1,1,11,3,1,8,0,1,0,3,20,1,998,999,999,0,0,3,4,1,8,1,1,12,1,62,96,0,7,8,2020,6,1,2,14,1,1,2,3,1,4
481991,1,1,999,9,1,11,3,98,8,0,99,1,9,99,1,998,999,999,99,0,3,2,1,8,1,1,80,0,999,96,0,15,8,2020,7,21,2,8,1,1,1,3,1,9
481992,1,1,32,1,1,11,20,20,0,0,1,0,1,0,1,998,999,999,0,4,3,2,1,8,1,15,12,0,80,96,0,11,8,2020,3,21,2,20,19,1,3,3,1,4
481993,1,1,22,1,1,11,3,9,0,0,1,0,1,0,1,998,999,999,0,0,3,4,1,1,1,1,9,0,3,96,0,4,8,2020,3,7,2,42,1,1,10,1,1,4
481994,1,1,71,1,1,11,3,20,8,0,1,0,1,0,1,998,999,999,0,0,5,7,1,8,1,1,83,0,13,96,0,22,6,2020,2,21,2,9,1,1,1,2,1,0
481995,1,1,49,1,1,11,20,20,0,0,1,0,0,0,1,998,73,215,1,0,2,3,1,1,1,1,68,0,80,96,89,26,7,2020,1,19,2,12,2,2,1,3,10,4
481996,1,1,39,1,1,11,99,98,8,0,1,0,1,0,1,998,999,999,0,5,3,6,1,1,1,1,51,1,95,96,0,15,8,2020,7,0,2,12,1,1,1,3,1,4
481997,1,1,19,1,1,11,20,20,1,0,2,0,0,0,1,42,999,999,0,3,1,2,1,8,1,14,13,1,13,96,0,8,8,2020,7,22,2,1,1,1,4,2,1,4
481998,1,1,18,1,1,11,3,20,8,0,1,0,2,0,1,998,999,999,0,3,1,2,1,8,1,1,80,0,60,96,0,18,5,2020,2,0,2,8,3,3,1,2,1,0
481999,1,1,23,1,1,11,3,9,8,0,3,0,0,0,1,998,999,999,0,4,3,3,1,8,1,15,51,0,7,96,28,13,8,2020,5,1,2,12,1,1,1,3,1,0
482002,1,1,21,1,1,11,20,20,8,0,1,0,0,0,1,998,999,999,0,2,5,7,1,8,1,1,17,0,80,96,0,7,8,2020,6,20,2,12,8,1,1,1,1,4
482003,1,1,22,2,1,11,3,1,1,0,1,0,1,0,1,998,999,999,0,0,3,3,1,8,1,14,54,0,13,96,91,1,8,2020,7,4,2,12,1,1,1,2,1,3
482005,1,1,55,2,1,11,20,8,8,0,1,0,1,0,1,998,999,999,0,0,5,5,1,8,1,14,10,1,60,96,80,13,8,2020,5,20,2,12,1,1,1,5,1,4
482008,1,1,56,2,1,11,3,20,8,0,3,0,1,0,1,30,999,999,0,0,2,2,2,8,1,1,80,0,7,96,0,9,1,2020,5,19,2,8,1,1,1,3,10,0
482009,1,1,49,2,1,11,3,1,8,0,1,0,2,0,1,998,999,999,2,4,5,5,2,8,1,1,50,0,2,96,0,23,1,2020,5,17,2,12,3,2,1,5,1,4
482010,1,1,31,1,1,11,99,99,0,0,2,0,1,0,1,998,999,999,0,0,1,5,8,8,1,1,14,1,60,96,0,19,1,2020,1,22,2,43,3,3,5,3,1,4
482011,1,1,88,1,1,11,3,1,8,0,1,0,1,0,1,998,999,999,0,0,6,2,1,8,1,14,10,0,60,96,28,31,1,2020,6,18,2,12,20,1,1,3,1,4
482012,1,1,33,2,1,11,3,8,8,0,2,0,1,0,1,998,999,999,0,4,1,2,1,8,1,1,10,0,13,96,28,6,2,2020,5,20,2,12,1,1,1,2,10,4
482013,1,1,21,2,1,11,20,1,8,0,1,0,1,0,1,998,999,999,0,0,1,2,2,8,1,1,6,0,13,96,39,31,1,2020,6,4,2,43,3,2,5,3,1,4
482014,1,1,27,1,1,11,99,20,8,0,1,0,1,1,1,998,999,999,1,0,5,5,1,8,1,11,80,0,60,93,6,13,2,2020,5,9,2,8,4,1,1,1,10,0
482016,1,1,60,2,1,11,3,1,8,0,1,0,2,0,1,998,63,149,0,0,1,2,1,8,1,14,8,1,60,96,0,18,2,2020,3,18,2,52,1,1,4,5,1,4
482017,1,1,23,1,1,11,3,8,8,0,1,0,1,0,1,998,999,999,0,5,1,4,1,8,1,1,13,1,3,96,91,21,2,2020,6,16,2,14,1,1,5,1,1,0
482018,1,1,14,1,1,11,99,98,8,0,99,1,2,0,1,998,999,999,0,0,1,2,8,8,98,1,19,0,7,93,39,3,3,2020,3,20,2,12,2,2,1,2,1,0
482019,1,1,67,1,1,11,99,20,8,0,1,1,1,6,1,998,999,999,0,0,2,4,1,8,2,10,80,0,66,93,6,11,3,2020,4,6,2,8,3,2,1,2,2,0
482020,1,1,19,2,1,11,99,20,8,0,1,0,2,0,1,998,999,999,1,4,1,4,1,8,2,1,6,0,7,96,87,21,3,2020,7,18,2,46,3,2,4,1,2,4
482022,1,1,27,1,1,11,20,20,8,0,1,0,2,0,1,998,999,999,0,0,1,2,2,8,1,99,12,0,80,96,73,28,3,2020,7,14,2,43,1,1,4,1,1,4
482024,1,1,20,1,1,11,20,20,1,0,1,0,2,0,1,998,999,999,0,0,1,4,8,8,98,1,17,0,12,96,39,6,4,2020,2,20,2,12,2,2,1,3,1,4
482025,1,1,23,2,1,11,3,1,8,0,2,0,2,0,1,998,999,999,0,0,1,4,1,8,1,1,17,0,5,96,39,7,4,2020,3,23,2,12,2,2,1,3,1,4
482026,1,1,20,1,1,11,20,8,8,0,2,0,3,0,1,998,999,999,0,5,1,2,1,1,1,6,9,0,13,96,35,10,4,2020,6,6,2,43,1,1,4,2,99,3
482027,1,1,24,1,1,11,20,8,1,0,3,0,2,0,1,998,999,999,1,0,3,3,2,8,1,1,9,1,7,96,0,3,7,2020,6,5,2,24,1,1,8,3,1,4
482029,1,1,33,1,1,11,20,20,1,0,1,0,1,0,1,998,999,999,0,3,1,2,1,8,1,14,6,1,13,96,91,11,7,2020,7,18,2,9,1,1,4,1,1,2
482030,1,1,18,1,1,11,20,9,1,0,10,0,2,0,1,998,999,999,0,4,2,2,2,8,1,1,12,1,13,96,91,25,6,2020,5,2,2,18,1,1,4,3,1,4
482031,1,1,45,1,1,11,3,8,8,0,1,0,2,0,1,998,999,999,1,0,3,4,1,1,1,1,50,0,13,96,0,29,7,2020,4,0,2,12,1,1,1,2,1,0
482032,1,1,999,9,1,11,99,99,8,0,99,1,9,99,1,999,999,999,99,0,3,2,2,8,1,1,53,0,999,96,0,12,8,2020,4,2,2,12,18,1,1,3,1,9
482034,1,1,43,1,1,11,3,20,0,0,1,0,1,0,1,998,999,999,2,0,1,2,1,8,1,10,83,0,60,96,0,18,8,2020,3,12,2,9,3,2,1,1,1,0
482036,1,1,25,2,1,11,20,20,8,0,2,0,2,0,1,998,999,999,0,4,1,2,1,8,1,1,13,0,103,96,0,8,6,2020,2,19,2,5,1,1,1,1,1,4
482037,1,1,23,1,1,11,3,20,8,0,1,0,2,0,1,998,999,999,0,0,1,2,2,8,1,1,12,1,60,96,91,6,8,2020,5,22,2,42,1,1,5,2,1,0
482038,1,1,50,2,1,11,20,20,8,0,1,0,2,0,1,998,999,999,0,5,1,2,1,5,1,14,12,0,6,96,0,23,8,2020,1,14,2,33,1,1,4,1,1,4
482041,1,1,57,1,1,11,3,8,1,0,2,0,0,0,1,998,999,999,0,5,2,5,1,8,1,1,50,0,13,96,85,23,8,2020,1,15,2,8,8,1,3,1,1,3
482042,1,1,26,1,1,11,20,20,0,0,1,0,1,0,1,998,73,250,1,3,2,2,1,8,1,1,13,1,81,93,6,23,8,2020,1,2,2,33,1,1,4,3,1,4
482043,1,1,63,1,1,11,3,20,0,0,2,1,0,0,1,998,64,132,0,3,1,2,1,8,1,1,14,1,3,96,91,25,8,2020,3,13,2,38,1,1,4,1,10,1
482044,1,1,66,2,1,11,3,20,8,0,2,0,1,0,1,998,999,999,0,0,1,2,8,8,1,11,15,0,13,96,38,25,8,2020,3,17,2,12,2,2,1,1,1,0
482045,1,1,28,1,1,11,20,20,8,0,2,0,0,0,1,998,999,999,0,0,1,7,3,8,1,1,17,0,98,96,39,18,8,2020,3,15,2,12,2,2,1,1,1,3
482046,1,1,18,1,1,11,3,9,8,0,1,0,2,0,1,998,999,999,0,0,2,4,2,8,98,1,62,0,13,96,91,18,8,2020,3,15,2,12,2,3,1,1,1,1
482052,1,1,26,1,1,11,20,20,8,0,2,0,1,0,1,90,999,999,0,3,3,2,2,8,1,99,13,1,6,96,0,21,8,2020,6,0,2,23,1,1,4,3,1,4