ST_CASE,VEH_NO,PER_NO,AGE,SEX,PER_TYP,SEAT_POS,REST_USE,AIR_BAG,DRUGS,LOCATION,NUMOCCS,HIT_RUN,OWNER,V_CONFIG,HAZ_INV,TRAV_SP,DR_HGT,DR_WGT,PREV_SPD,SPEEDREL,VTRAFWAY,VNUM_LAN,VPROFILE,VPAVETYP,VSURCOND,P_CRASH1,P_CRASH2,DR_DRINK,VPICBODYCLASS,DRDISTRACT,DRIVERRF,DAY,MONTH,YEAR,DAY_WEEK,HOUR,RUR_URB,HARM_EV,RELJCT2,TYP_INT,REL_ROAD,LGT_COND,WEATHER,INJ_SEV
482053,1,1,29,2,1,11,3,9,1,0,1,0,2,0,1,998,999,999,0,3,2,2,2,2,1,14,13,0,3,96,0,19,8,2020,4,22,2,39,1,1,4,3,1,4
482054,1,1,49,2,1,11,3,20,8,0,1,0,1,0,1,998,999,999,0,0,3,2,1,8,1,1,80,0,7,96,91,19,8,2020,4,4,2,8,18,1,1,6,1,0
482056,1,1,68,2,1,11,3,8,8,0,1,0,1,0,1,998,999,999,0,0,2,3,1,8,1,14,13,0,3,96,0,19,8,2020,4,23,2,46,3,2,4,3,1,4
482057,1,1,42,1,1,11,20,8,8,0,1,0,1,0,1,998,999,999,0,5,4,2,1,8,1,1,13,1,60,96,0,20,8,2020,5,23,2,58,19,1,4,3,1,4
482060,1,1,28,1,1,11,20,20,8,0,1,0,1,0,1,998,999,999,6,3,2,3,1,8,1,1,62,0,80,96,38,19,8,2020,4,22,2,12,2,2,1,3,1,4
482063,1,1,999,9,1,11,99,9,8,0,99,1,9,99,1,998,999,999,99,0,1,4,1,8,1,1,98,0,999,96,22,20,8,2020,5,3,2,1,1,1,1,2,1,9
482064,1,1,35,1,1,11,99,99,1,0,2,0,1,0,1,998,999,999,1,0,1,2,1,8,1,1,10,1,7,96,28,21,8,2020,6,19,2,12,1,1,1,5,1,4
482065,1,1,18,1,1,11,3,8,8,0,1,0,2,0,1,9,999,999,0,0,1,4,1,8,1,14,11,1,13,96,28,19,8,2020,4,15,2,12,1,1,1,1,1,4
482067,1,1,24,2,1,11,3,8,8,0,1,0,1,0,1,998,999,999,1,0,2,2,1,8,1,1,13,1,13,96,0,14,8,2020,6,2,2,32,1,1,4,2,1,4
482071,1,1,41,1,1,11,99,1,0,0,1,0,0,0,1,998,999,999,0,0,2,2,1,1,1,14,12,1,13,96,0,12,8,2020,4,22,2,42,1,1,3,3,10,4
482072,1,1,52,1,1,11,20,20,8,0,1,0,0,0,1,998,999,999,0,0,2,4,1,1,1,1,62,0,80,96,0,12,8,2020,4,22,2,12,2,3,1,6,1,4
482073,1,1,29,1,1,11,20,20,1,0,1,0,2,0,1,998,999,999,0,4,3,5,1,8,1,1,13,1,80,96,0,14,8,2020,6,21,2,39,1,1,4,3,1,4
482075,1,1,50,1,1,11,3,8,8,0,2,0,1,0,1,998,999,999,0,4,4,2,1,8,1,14,6,0,3,96,0,1,8,2020,7,19,2,59,19,1,4,1,1,3
482076,1,1,65,1,1,11,20,20,8,0,1,0,3,0,1,998,999,999,0,0,2,3,1,8,1,1,9,0,94,96,0,14,8,2020,6,9,2,5,1,1,1,1,1,4
482077,1,1,23,1,1,11,20,9,8,0,1,1,0,0,1,68,999,999,1,3,2,5,1,8,1,1,17,0,7,96,52,9,8,2020,1,1,2,12,2,2,1,3,1,9
482078,1,1,34,1,1,11,20,20,1,0,3,0,2,0,1,998,999,999,1,0,3,6,1,1,1,1,13,1,60,96,91,15,8,2020,7,23,2,25,1,1,3,3,1,0
482079,1,1,39,1,1,11,20,20,8,0,1,0,1,0,1,998,999,999,0,0,1,2,1,8,1,1,9,1,60,96,0,14,8,2020,6,19,2,12,1,1,1,1,10,4
482080,1,1,28,1,1,11,20,20,1,0,1,0,0,0,1,998,999,999,2,0,1,6,1,8,1,1,62,0,80,96,89,12,8,2020,4,20,2,12,2,2,1,2,1,4
482082,1,1,16,1,1,11,99,20,8,0,2,0,0,0,1,998,999,999,0,4,2,2,1,8,1,6,6,0,13,96,73,14,8,2020,6,20,2,33,1,1,4,3,1,3
482084,1,1,47,2,1,11,3,8,8,0,3,0,2,0,1,998,999,999,0,0,2,2,1,8,1,1,8,0,7,96,0,11,8,2020,3,19,2,33,1,1,4,1,1,3
482085,1,1,23,2,1,11,3,8,8,0,3,0,2,0,1,998,999,999,2,0,2,2,1,2,1,11,15,0,13,96,38,12,8,2020,4,18,2,12,2,3,1,1,1,3
482092,1,1,63,1,1,11,20,20,1,0,1,0,0,0,1,998,63,154,2,3,1,2,2,8,1,1,98,1,81,96,89,15,8,2020,7,23,2,7,1,1,1,2,1,4
482093,1,1,30,1,1,11,99,8,8,0,1,0,5,0,1,998,999,999,0,3,1,4,1,8,1,1,17,0,7,96,91,14,8,2020,6,17,2,12,2,2,1,1,1,2
482096,1,1,21,2,1,11,3,8,8,0,1,0,2,0,1,998,999,999,0,5,3,4,8,8,1,1,9,1,13,96,0,3,8,2020,2,2,2,42,1,1,10,3,1,4
482099,1,1,50,1,1,11,20,20,8,0,1,0,1,0,1,998,999,999,1,4,1,2,1,8,1,99,9,0,81,96,0,9,8,2020,1,2,2,1,1,1,1,3,1,4
482101,1,1,52,1,1,11,20,8,8,0,1,0,1,0,1,998,999,999,0,0,1,2,1,8,1,14,10,0,60,96,51,8,8,2020,7,14,2,12,1,1,1,1,10,2
482102,1,1,33,1,1,11,20,20,0,0,1,0,9,0,1,998,999,999,1,5,6,2,2,8,1,1,13,0,98,96,37,14,8,2020,6,2,2,25,5,1,4,3,1,4
482103,1,1,999,1,1,11,3,1,8,0,4,1,9,0,1,122,999,999,99,3,1,2,1,8,1,1,51,0,3,96,26,13,8,2020,5,0,2,12,1,1,1,3,1,9
482104,1,1,67,2,1,11,3,9,0,0,1,0,2,0,1,998,62,216,0,4,4,4,1,1,1,1,51,0,13,96,0,17,8,2020,2,13,2,12,1,1,1,1,1,4
482105,1,1,37,1,1,11,3,8,1,0,1,0,0,0,1,998,999,999,0,5,1,2,1,8,1,14,6,1,13,96,0,15,8,2020,7,21,2,34,1,1,4,2,1,4
482106,1,1,28,1,1,11,3,8,8,0,2,0,1,0,1,998,999,999,0,3,2,2,1,8,1,1,17,1,13,96,39,16,8,2020,1,18,2,12,2,2,1,1,1,3
482108,1,1,35,1,1,11,20,8,0,0,1,0,1,0,1,998,999,999,0,4,1,2,1,2,1,1,12,1,60,96,0,14,8,2020,6,23,2,30,1,1,4,3,1,4
482110,1,1,59,1,1,11,3,20,8,0,1,0,3,6,1,998,999,999,0,0,2,2,1,8,1,14,62,0,66,96,0,18,8,2020,3,11,2,12,1,1,1,1,10,1
482113,1,1,29,1,1,11,3,20,8,0,1,0,1,0,1,998,999,999,0,0,2,3,1,8,1,1,80,0,60,96,0,9,8,2020,1,15,2,8,1,1,1,1,1,0
482114,1,1,54,1,1,11,3,20,8,0,2,0,1,0,1,998,999,999,0,0,3,3,1,8,2,1,98,0,60,96,0,16,8,2020,1,22,2,5,1,1,1,2,2,0
482116,1,1,999,9,1,11,99,98,8,0,99,1,9,99,1,998,999,999,99,0,3,3,1,8,1,1,80,0,999,96,0,23,7,2020,5,1,2,8,1,1,1,3,1,9
482117,1,1,999,1,1,11,99,8,8,0,3,1,9,0,1,998,999,999,99,5,2,3,8,8,98,1,17,0,13,96,39,24,7,2020,6,3,2,12,2,2,1,3,1,9
482120,1,1,17,1,1,11,3,20,0,0,1,0,2,0,1,998,999,999,0,0,2,6,1,8,1,1,17,0,7,96,91,20,8,2020,5,21,2,12,2,2,1,3,1,0
482121,1,1,999,9,1,11,99,99,8,0,99,1,9,99,1,998,999,999,99,0,2,6,1,1,1,10,83,0,999,96,38,8,8,2020,7,0,2,15,3,2,1,3,1,9
482122,1,1,57,1,1,11,3,20,8,0,2,0,3,6,1,998,75,999,0,0,3,4,1,8,1,2,53,0,66,96,0,17,8,2020,2,10,2,12,1,1,1,1,10,0
482123,1,1,48,1,1,11,20,20,1,0,1,0,1,0,1,998,999,999,0,5,2,3,1,8,2,15,13,1,82,96,0,26,8,2020,4,22,2,33,1,1,4,3,10,4
482124,1,1,28,2,1,11,3,20,8,0,1,0,0,0,1,998,999,999,0,0,4,3,1,8,1,15,80,0,13,96,0,24,8,2020,2,22,2,8,1,1,1,2,1,0
482125,1,1,38,1,1,11,99,99,8,0,1,1,2,0,1,998,999,999,0,0,1,4,1,8,1,1,80,0,7,93,6,2,7,2020,5,3,2,8,2,3,1,2,1,0
482128,1,1,85,2,1,11,3,9,8,0,1,0,2,0,1,998,999,999,0,0,1,2,8,8,1,11,15,0,13,96,38,22,8,2020,7,10,2,12,2,3,1,1,10,4
482129,1,1,48,1,1,11,3,20,8,0,1,0,1,1,1,998,999,999,0,0,5,5,1,8,1,1,80,0,60,96,0,21,8,2020,6,6,2,8,1,1,1,6,1,0
482130,1,1,22,1,1,11,3,20,8,0,1,1,2,0,1,998,999,999,1,0,2,2,1,8,1,1,84,0,13,15,91,18,8,2020,3,19,2,15,1,1,2,1,10,0
482131,1,1,18,1,1,11,3,99,8,0,5,1,9,0,1,998,999,999,0,0,3,2,2,8,1,14,54,0,13,93,50,14,8,2020,6,3,2,12,1,1,1,6,1,2
482133,1,1,83,1,1,11,3,20,8,0,2,0,1,0,1,998,67,202,0,0,3,2,1,8,6,1,5,0,2,96,0,26,8,2020,4,14,2,21,19,1,10,1,2,4
482134,1,1,17,1,1,11,3,20,8,0,3,0,1,0,1,998,999,999,0,3,1,2,1,8,1,1,80,0,13,96,0,24,8,2020,2,19,2,8,1,1,1,1,1,0
482135,1,1,27,1,1,11,3,20,8,0,1,0,3,2,1,0,999,999,0,0,1,2,8,8,98,5,66,0,11,96,38,21,8,2020,6,12,2,12,2,3,1,1,1,0
482137,1,1,52,1,1,11,3,20,8,0,1,0,2,0,1,998,999,999,0,0,1,4,2,2,1,1,80,0,13,96,0,28,8,2020,6,21,2,8,1,1,1,2,1,0
482138,1,1,60,1,1,11,3,8,0,0,1,0,1,0,1,998,999,999,0,0,0,0,0,0,0,11,15,0,60,96,38,23,8,2020,1,10,2,12,8,1,1,1,1,2
482139,1,1,73,2,1,11,3,20,8,0,99,1,1,0,1,998,999,999,0,0,2,2,1,8,1,1,80,0,13,96,0,6,8,2020,5,22,2,8,1,1,1,2,1,0
482142,1,1,45,1,1,11,3,20,8,0,2,0,1,0,1,998,999,999,0,0,3,4,1,8,1,2,53,0,60,96,0,14,8,2020,6,21,2,12,1,1,1,3,1,0
482144,1,1,28,2,1,11,20,2,8,0,1,0,2,0,1,998,999,999,0,0,1,2,8,8,1,11,15,1,7,96,38,25,8,2020,3,23,2,12,2,3,1,2,1,1
482145,1,1,22,2,1,11,99,20,8,0,6,0,2,0,1,998,999,999,0,3,2,2,1,8,1,10,13,0,7,96,48,15,8,2020,7,1,2,1,1,1,3,3,1,2
482146,1,1,24,2,1,11,3,9,1,0,1,0,2,0,1,998,999,999,0,3,4,3,1,8,1,1,17,0,13,96,39,21,8,2020,6,21,2,12,2,2,1,3,1,3
482147,1,1,25,1,1,11,3,20,8,0,1,0,2,0,1,998,999,999,2,0,3,4,2,8,1,1,80,0,60,0,0,18,8,2020,3,21,2,8,1,1,1,2,1,0
482148,1,1,29,1,1,11,3,20,8,0,3,0,1,0,1,75,999,999,4,0,2,2,8,8,1,1,17,0,60,93,39,17,8,2020,2,15,2,1,3,3,1,1,1,2
482149,1,1,39,1,1,11,20,20,8,0,2,0,1,0,1,998,999,999,1,0,2,3,8,8,2,1,17,0,13,96,39,29,8,2020,7,20,2,12,2,2,1,3,2,1
482150,1,1,32,1,1,11,99,99,8,0,1,0,2,0,1,998,999,999,0,4,4,2,2,8,1,14,12,1,60,96,0,29,8,2020,7,21,2,59,1,1,10,6,1,4
482151,1,1,26,1,1,11,20,20,8,0,1,0,0,0,1,40,999,999,99,5,1,2,1,8,1,1,13,0,86,96,0,1,8,2020,7,12,2,1,1,1,4,1,1,4
482154,1,1,30,1,1,11,20,20,1,0,1,0,2,0,1,998,999,999,0,3,2,4,2,8,1,1,62,0,98,96,23,29,8,2020,7,21,2,12,2,3,1,3,1,4
482155,1,1,21,1,1,11,3,20,8,0,1,0,1,0,1,998,999,999,1,0,2,2,1,8,1,1,80,0,13,96,0,22,8,2020,7,20,2,8,1,1,1,2,1,0
482156,1,1,39,1,1,11,3,20,8,0,1,1,3,6,1,998,999,999,0,0,2,4,1,8,1,1,50,0,66,96,91,20,8,2020,5,4,2,12,1,1,1,2,1,1
482157,1,1,44,1,1,11,3,1,8,0,1,0,1,0,1,998,999,999,1,5,3,2,8,8,1,1,13,0,60,96,999,18,8,2020,3,12,2,33,1,1,10,1,1,4
482158,1,1,33,1,1,11,20,20,8,0,1,0,0,0,1,998,999,999,1,5,2,3,1,8,1,1,12,0,7,96,52,23,8,2020,1,17,2,59,1,1,4,1,1,4
482159,1,1,999,9,1,11,99,98,8,0,99,1,9,99,1,998,999,999,99,0,2,2,1,8,1,1,83,0,999,96,0,27,8,2020,5,23,2,9,1,1,1,2,1,9
482160,1,1,25,2,1,11,3,99,8,0,3,0,2,0,1,998,60,180,0,4,2,5,1,1,1,1,50,1,13,96,0,20,6,2020,7,2,2,12,1,1,1,2,1,4
482161,1,1,71,2,1,11,3,20,8,0,1,0,1,0,1,998,999,999,0,0,4,2,1,8,1,11,15,0,7,96,38,24,8,2020,2,15,2,12,2,2,1,1,1,4
482162,1,1,26,1,1,11,99,8,8,0,2,0,1,0,1,998,999,999,0,0,6,2,1,1,1,14,13,1,13,96,91,1,8,2020,7,2,2,25,5,1,4,3,10,3
482163,1,1,73,1,1,11,20,20,0,0,1,0,2,0,1,998,999,999,0,0,5,5,1,8,1,11,15,0,81,96,48,29,8,2020,7,7,2,12,2,3,1,1,1,4
482164,1,1,33,1,1,11,20,9,0,0,1,0,2,0,1,998,999,999,2,0,3,2,2,8,1,14,13,1,7,96,0,30,8,2020,1,6,2,58,1,1,4,2,1,4
482165,1,1,29,2,1,11,98,20,8,0,1,0,2,0,1,998,62,105,0,0,3,4,1,8,1,1,54,1,13,96,51,12,8,2020,4,0,2,12,1,1,1,3,1,4
482167,1,1,999,9,1,11,99,99,8,0,99,1,9,99,1,998,999,999,99,0,5,5,1,8,1,1,80,0,999,96,0,30,8,2020,1,22,2,8,1,1,1,3,1,9
482170,1,1,30,1,1,11,3,9,8,0,1,0,2,0,1,998,999,999,7,5,4,4,1,8,1,1,17,0,7,96,39,30,8,2020,1,12,2,12,2,2,1,1,1,4
482171,1,1,17,1,1,11,99,8,8,0,1,0,2,0,1,998,999,999,1,0,3,3,1,8,1,1,13,0,13,96,0,28,7,2020,3,23,2,31,1,1,10,3,1,4
482172,1,1,26,1,1,11,20,8,8,0,1,0,2,0,1,998,999,999,0,0,0,0,0,0,0,11,15,0,3,96,0,26,8,2020,4,6,2,12,8,1,1,4,1,4
482173,1,1,19,2,1,11,3,20,8,0,2,0,1,0,1,998,999,999,0,0,4,3,1,8,1,1,83,0,13,96,0,26,8,2020,4,22,2,9,18,1,1,3,1,0
482174,1,1,35,1,1,11,3,20,8,0,1,0,1,0,1,998,999,999,0,0,6,1,1,1,1,1,12,1,7,96,85,25,8,2020,3,23,2,59,5,1,8,3,1,4
482175,1,1,25,1,1,11,20,8,8,0,1,0,1,0,1,998,999,999,0,0,2,2,1,8,1,1,12,0,60,96,0,22,8,2020,7,2,2,43,3,5,3,3,1,4
482176,1,1,40,1,1,11,20,20,1,0,1,0,2,0,1,998,999,999,3,2,3,5,1,8,1,1,12,1,13,96,8,31,8,2020,2,2,2,25,1,1,3,3,1,4
482177,1,1,48,1,1,11,3,20,8,0,1,0,0,0,1,998,999,999,0,0,2,2,3,8,1,14,83,0,13,0,28,28,8,2020,6,6,2,9,1,1,1,4,1,0
482179,1,1,67,1,1,11,3,20,1,0,1,0,3,1,1,998,999,999,0,0,3,3,1,8,1,6,8,0,11,96,0,4,6,2020,5,23,2,25,19,1,3,3,1,4
482180,1,1,50,1,1,11,3,8,8,0,1,0,2,0,1,998,999,999,1,5,3,4,1,8,1,1,8,0,95,96,91,31,8,2020,2,5,2,12,1,1,1,3,1,0
482181,1,1,50,1,1,11,3,20,8,0,1,0,2,1,1,998,999,999,1,5,1,2,1,8,1,1,83,0,60,96,0,14,8,2020,6,4,2,9,1,1,1,2,1,0
482182,1,1,30,2,1,11,3,9,8,0,4,0,2,0,1,998,999,999,0,0,6,1,8,8,1,11,15,0,7,96,38,31,8,2020,2,15,2,12,2,2,1,1,1,4
482186,1,1,35,1,1,11,20,8,8,0,1,0,1,0,1,998,999,999,0,5,2,4,1,8,2,14,9,0,15,96,58,2,9,2020,4,8,2,42,1,1,4,1,2,4
482188,1,1,999,9,1,11,99,9,8,0,1,0,9,0,1,998,999,999,99,0,4,1,1,8,1,1,54,0,13,92,50,31,8,2020,2,5,2,12,1,1,1,2,10,4
482189,1,1,77,1,1,11,3,8,8,0,1,0,1,0,1,998,999,999,0,0,5,3,1,8,1,11,15,0,5,96,39,29,8,2020,7,19,2,12,2,3,1,1,1,4
482190,1,1,37,2,1,11,20,1,1,0,2,0,2,0,1,998,999,999,0,4,5,5,1,1,2,1,6,1,3,96,87,28,8,2020,6,16,2,12,1,1,1,1,2,4
482193,1,1,45,1,1,11,20,9,8,0,1,0,1,0,1,998,999,999,2,0,3,2,1,8,1,1,54,1,60,96,51,30,8,2020,1,20,2,12,1,1,1,3,1,3
482194,1,1,52,1,1,11,3,8,8,0,1,0,1,0,1,998,999,999,0,4,3,3,2,8,98,1,52,0,13,93,26,1,9,2020,3,5,2,12,1,1,1,3,10,4
482195,1,1,26,1,1,11,3,20,8,0,99,1,2,0,1,998,999,999,3,0,5,5,1,8,1,1,80,0,7,96,91,21,8,2020,6,21,2,8,1,1,1,3,1,0
482197,1,1,62,1,1,11,3,9,8,0,1,0,1,0,1,998,999,999,0,0,3,3,2,8,1,1,50,0,60,96,0,26,8,2020,4,23,2,12,18,1,1,2,1,2
482198,1,1,30,2,1,11,3,9,1,0,1,0,3,0,1,998,999,999,0,0,1,2,1,8,1,1,10,0,13,96,28,25,8,2020,3,6,2,12,1,1,1,1,1,4
482200,1,1,31,1,1,11,3,8,8,0,1,0,1,0,1,998,999,999,0,0,3,4,2,8,1,15,50,0,60,96,0,29,8,2020,7,4,2,12,18,1,1,3,1,2
482202,1,1,32,2,1,11,3,8,8,0,1,0,3,0,1,998,999,999,0,4,2,3,1,8,1,1,6,0,13,96,0,2,9,2020,4,14,2,46,1,1,3,1,10,4
482203,1,1,66,1,1,11,20,20,8,0,1,0,1,0,1,998,999,999,0,0,3,2,1,8,1,1,5,0,94,96,0,28,8,2020,6,17,2,1,1,1,4,1,1,4
482204,1,1,60,1,1,11,3,20,8,0,1,0,1,0,1,998,999,999,0,0,1,5,1,8,1,1,80,0,60,96,0,28,8,2020,6,21,2,8,3,3,1,2,1,0
482205,1,1,76,2,1,11,20,8,8,0,1,0,1,0,1,998,999,999,0,4,5,5,1,8,1,15,50,0,7,96,0,29,8,2020,7,12,2,12,3,2,1,1,1,4
482207,1,1,37,1,1,11,3,20,8,0,1,0,1,0,1,998,999,999,0,0,3,4,2,8,1,1,80,0,13,96,0,31,8,2020,2,3,2,8,1,1,1,2,1,0
482208,1,1,26,2,1,11,3,20,8,0,1,1,9,99,1,998,999,999,0,0,2,4,1,8,1,1,80,0,999,96,38,31,8,2020,2,22,2,8,3,3,1,3,10,0
482210,1,1,27,2,1,11,3,8,1,0,5,0,4,0,1,998,66,160,0,4,3,4,1,8,1,1,11,0,7,96,28,31,8,2020,2,15,2,12,1,1,1,1,1,2
482211,1,1,22,1,9,99,99,20,8,0,2,0,2,0,1,998,999,999,99,5,4,3,1,8,1,1,13,0,60,96,0,26,8,2020,4,0,2,24,1,1,4,3,1,4
482213,1,1,45,1,1,11,20,20,8,0,1,0,2,0,1,998,999,999,0,5,4,2,1,8,1,15,12,1,60,0,0,27,8,2020,5,22,2,1,5,1,10,3,1,4
482214,1,1,50,1,1,11,20,20,8,0,1,0,1,0,1,998,999,999,0,4,1,2,1,8,1,14,90,0,80,96,81,5,8,2020,4,21,2,18,1,1,1,2,1,4
482217,1,1,27,1,1,11,20,1,1,0,2,0,0,0,1,998,999,999,0,5,1,2,8,8,1,11,8,1,60,96,8,23,8,2020,1,23,2,42,3,3,4,3,1,2
482220,1,1,26,1,1,11,20,20,8,0,1,0,1,0,1,998,999,999,0,3,2,2,1,8,1,1,12,0,81,96,0,5,9,2020,7,22,2,33,1,1,3,3,1,4
482221,1,1,29,2,1,11,20,8,1,0,2,0,2,0,1,112,999,999,0,3,2,3,1,8,1,1,9,1,1,96,0,31,8,2020,2,3,2,33,1,1,4,3,1,4
482222,1,1,48,1,1,11,20,20,8,0,1,0,3,1,1,998,999,999,0,0,1,2,1,8,1,1,98,0,11,93,6,31,8,2020,2,9,2,25,18,1,1,1,10,4
482225,1,1,29,1,1,11,3,8,8,0,4,0,1,0,1,998,999,999,0,0,1,2,8,8,1,11,15,0,13,96,38,29,8,2020,7,8,2,12,2,3,1,1,1,3
482227,1,1,41,1,1,11,3,20,8,0,2,0,1,0,1,998,999,999,0,0,3,5,1,1,1,1,12,1,7,96,91,24,8,2020,2,22,2,33,3,2,12,3,1,0
482228,1,1,30,1,1,11,3,1,1,0,1,0,2,0,1,998,999,999,1,0,1,2,2,8,1,14,10,0,13,96,51,22,8,2020,7,8,2,12,1,1,1,1,1,4
482230,1,1,60,1,1,11,3,20,8,0,2,0,3,6,1,998,999,999,0,0,1,2,1,8,1,1,62,0,66,96,0,27,8,2020,5,18,2,12,1,1,1,1,1,0
482233,1,1,80,2,1,11,3,9,8,0,1,0,1,0,1,998,999,999,0,0,2,1,1,8,1,1,17,0,5,96,38,10,8,2020,2,13,2,12,2,2,1,1,1,4
482235,1,1,24,1,1,11,20,20,8,0,1,0,1,0,1,998,999,999,1,3,6,1,1,8,1,1,13,1,7,96,0,3,9,2020,5,2,2,33,5,1,8,2,1,4
482236,1,1,30,1,1,11,20,9,8,0,1,0,2,1,1,998,999,999,0,0,3,5,1,1,1,1,13,0,60,96,0,4,8,2020,3,23,2,24,1,1,4,3,10,4
482237,1,1,26,2,1,11,20,8,8,0,1,0,1,0,1,125,69,265,0,0,1,4,1,1,1,1,12,1,7,96,0,22,8,2020,7,19,2,42,1,1,4,1,10,4
482238,1,1,41,1,1,11,3,20,8,0,1,0,1,0,1,998,999,999,0,0,3,3,1,8,1,1,80,0,60,96,0,7,9,2020,2,21,2,8,18,1,1,2,1,0
482240,1,1,16,1,1,11,20,20,1,0,1,0,2,0,1,998,72,281,0,0,2,3,1,8,1,1,13,0,13,96,0,1,9,2020,3,2,2,42,1,1,4,3,10,4
482242,1,1,19,1,1,11,3,9,8,0,1,0,3,0,1,998,69,130,0,0,2,2,3,2,1,1,67,0,13,96,0,9,9,2020,4,0,2,12,2,3,1,3,1,2
482243,1,1,24,2,1,11,20,9,8,0,1,0,2,0,1,998,999,999,0,4,1,2,1,8,1,1,12,1,13,96,0,6,9,2020,1,2,2,53,1,1,4,6,1,4
482245,1,1,37,1,1,11,20,8,8,0,1,0,1,0,1,998,999,999,0,4,1,2,1,8,1,99,13,1,60,96,0,28,8,2020,6,3,2,42,1,1,4,3,1,4
482249,1,1,47,1,1,11,3,20,8,0,2,0,1,0,1,998,999,999,0,0,2,5,1,8,1,11,15,0,2,96,48,5,9,2020,7,4,2,12,2,2,1,3,1,0
482253,1,1,29,2,1,11,20,8,8,0,2,0,2,0,1,998,999,999,0,0,1,2,1,8,1,1,17,0,13,96,38,6,9,2020,1,23,2,12,2,2,1,2,1,4
482255,1,1,999,9,1,11,99,99,8,0,99,1,9,99,1,998,999,999,99,0,1,4,1,8,1,1,80,0,999,96,0,4,9,2020,6,23,2,8,3,3,1,2,1,9
482256,1,1,31,1,1,11,3,9,8,0,3,0,3,1,1,998,999,999,1,4,2,2,1,8,2,1,6,0,62,0,94,4,9,2020,6,10,2,42,1,1,4,1,2,0
482257,1,1,27,2,1,11,3,9,0,0,1,0,1,0,1,79,999,999,1,3,3,5,1,8,1,1,19,1,13,96,0,30,8,2020,1,3,2,14,19,1,8,3,10,1
482258,1,1,54,1,1,11,3,20,8,0,1,0,1,0,1,998,999,999,0,0,3,4,1,1,1,1,80,0,9,96,0,8,9,2020,3,15,2,8,1,1,1,1,10,0
482259,1,1,87,1,1,11,3,20,8,0,1,0,1,0,1,998,999,999,0,0,5,5,2,8,1,11,15,0,13,96,38,9,9,2020,4,11,2,12,8,1,1,1,10,4
482260,1,1,55,1,1,11,20,20,1,0,1,0,0,0,1,998,999,999,1,3,4,3,2,1,1,15,11,1,7,96,0,9,9,2020,4,20,2,12,1,1,1,3,1,4
482261,1,1,38,1,1,11,20,9,1,0,1,0,2,0,1,998,999,999,0,0,3,2,1,8,1,1,13,0,13,96,8,14,8,2020,6,20,2,8,1,1,5,1,1,0
482262,1,1,999,9,1,11,98,98,8,0,99,1,9,99,1,998,999,999,99,0,4,4,1,8,1,1,80,0,999,96,0,25,8,2020,3,3,2,8,2,3,1,3,1,9
482263,1,1,21,1,1,11,20,9,8,0,1,0,0,0,1,80,999,999,0,3,2,3,1,8,1,1,64,0,7,96,0,4,9,2020,6,16,2,12,2,3,1,1,1,3
482264,1,1,33,1,1,11,20,20,1,0,1,0,2,0,1,998,999,999,0,0,3,2,1,8,1,1,54,0,80,96,50,9,9,2020,4,1,2,12,1,1,1,3,10,4
482265,1,1,25,1,1,11,20,20,8,0,1,0,1,0,1,998,999,999,0,4,1,2,1,8,1,14,13,0,94,96,0,29,8,2020,7,2,2,53,1,1,4,2,10,4
482276,1,1,34,1,1,11,3,20,8,0,99,1,1,0,1,998,999,999,2,0,2,4,2,8,1,1,83,0,60,96,0,3,8,2020,2,5,2,9,3,2,1,2,1,0
482277,1,1,36,1,1,11,20,20,1,0,1,0,1,0,1,998,68,999,0,0,3,4,1,8,1,15,10,0,80,96,27,9,9,2020,4,11,2,12,1,1,1,1,10,4
482279,1,1,27,2,1,11,3,20,8,0,4,0,1,0,1,40,999,999,0,0,5,7,1,8,1,1,80,0,7,96,0,2,9,2020,4,21,2,8,2,3,1,2,1,0
482280,1,1,41,1,1,11,3,20,8,0,1,0,3,2,1,0,999,999,0,0,3,4,1,8,1,5,50,0,11,96,0,11,9,2020,6,10,2,12,1,1,1,1,10,1
482281,1,1,45,1,1,11,99,8,1,0,1,0,1,0,1,998,999,999,1,0,3,3,1,8,1,1,54,0,13,96,91,6,9,2020,1,12,2,12,1,1,1,1,1,3
482282,1,1,27,2,1,11,3,20,8,0,1,0,2,0,1,998,999,999,0,0,1,2,8,8,98,10,16,0,7,96,0,29,8,2020,7,23,2,12,3,3,1,3,1,0
482283,1,1,19,2,1,11,3,20,8,0,1,0,2,0,1,998,999,999,0,0,1,4,1,8,1,1,80,0,60,96,73,29,8,2020,7,21,2,8,1,1,1,3,1,0
482284,1,1,48,1,1,11,20,20,1,0,1,0,1,0,1,998,999,999,99,3,5,5,1,8,1,1,62,0,80,96,0,8,9,2020,3,20,2,12,2,3,1,3,1,4
482285,1,1,21,1,1,11,99,8,1,0,99,1,1,0,1,999,999,999,1,3,3,2,1,8,1,1,17,0,1,96,39,9,9,2020,4,0,2,12,2,2,1,3,1,0