ST_CASE,VEH_NO,PER_NO,AGE,SEX,PER_TYP,SEAT_POS,REST_USE,AIR_BAG,DRUGS,LOCATION,NUMOCCS,HIT_RUN,OWNER,V_CONFIG,HAZ_INV,TRAV_SP,DR_HGT,DR_WGT,PREV_SPD,SPEEDREL,VTRAFWAY,VNUM_LAN,VPROFILE,VPAVETYP,VSURCOND,P_CRASH1,P_CRASH2,DR_DRINK,VPICBODYCLASS,DRDISTRACT,DRIVERRF,DAY,MONTH,YEAR,DAY_WEEK,HOUR,RUR_URB,HARM_EV,RELJCT2,TYP_INT,REL_ROAD,LGT_COND,WEATHER,INJ_SEV
482286,1,1,41,1,1,11,99,20,1,0,1,0,1,0,1,998,70,240,2,0,3,5,2,8,1,15,13,0,7,96,27,28,8,2020,6,17,2,20,1,1,8,1,1,4
482288,1,1,42,1,1,11,3,20,8,0,1,0,2,0,1,998,999,999,1,0,3,4,1,8,1,1,9,0,13,96,0,4,9,2020,6,22,2,21,19,1,10,2,1,4
482289,1,1,16,2,1,11,20,20,8,0,7,0,0,0,1,998,64,140,0,0,0,0,0,0,0,10,16,0,124,96,30,6,9,2020,1,18,2,1,8,1,1,1,1,2
482290,1,1,39,1,1,11,20,20,8,0,2,0,1,0,1,998,999,999,0,0,1,2,1,8,1,1,12,1,94,96,91,8,9,2020,3,0,2,30,1,1,4,2,1,2
482296,1,1,24,1,1,11,20,20,8,0,1,0,0,0,1,998,999,999,0,5,3,5,1,8,1,14,12,1,80,96,0,28,8,2020,6,0,2,14,1,1,3,3,1,4
482297,1,1,62,1,1,11,3,20,8,0,1,0,1,0,1,998,999,999,0,0,2,2,1,8,1,1,83,0,60,96,0,4,9,2020,6,5,2,15,1,1,1,3,1,0
482298,1,1,30,1,1,11,99,9,8,0,1,0,0,0,1,998,999,999,1,3,1,4,2,8,1,14,11,1,60,96,28,6,9,2020,1,12,2,12,1,1,1,1,1,2
482301,1,1,29,1,1,11,3,9,8,0,1,0,1,0,1,998,999,999,0,5,3,2,1,8,1,1,8,0,60,13,6,4,9,2020,6,7,2,14,1,1,2,1,10,3
482302,1,1,27,1,1,11,3,8,8,0,1,0,2,0,1,998,999,999,0,5,5,5,1,8,1,1,13,1,13,96,51,31,8,2020,2,10,2,33,1,1,4,1,1,4
482304,1,1,28,1,1,11,3,20,8,0,1,0,1,0,1,998,999,999,5,0,1,7,1,2,2,1,80,0,13,96,0,8,9,2020,3,20,2,8,1,1,1,3,10,0
482305,1,1,28,1,1,11,20,9,8,0,1,0,0,0,1,998,999,999,0,0,3,2,1,8,1,1,54,1,7,96,50,5,9,2020,7,3,2,12,1,1,1,2,10,3
482306,1,1,21,2,1,11,3,1,8,0,2,0,1,0,1,998,999,999,0,0,2,6,1,8,1,6,13,1,7,96,28,5,9,2020,7,3,2,35,1,1,10,2,10,3
482308,1,1,50,1,1,11,20,20,8,0,1,0,2,0,1,998,999,999,1,5,5,5,1,8,1,1,52,0,80,96,0,12,9,2020,7,3,2,12,3,3,1,3,1,4
482309,1,1,53,2,1,11,3,9,8,0,1,0,0,0,1,998,999,999,0,4,1,2,1,8,2,14,6,0,7,96,87,2,9,2020,4,13,2,30,1,1,4,1,10,4
482310,1,1,46,1,1,11,3,20,8,0,2,0,2,0,1,998,999,999,2,0,1,2,2,8,1,1,80,0,60,96,0,10,9,2020,5,22,2,8,1,1,1,3,1,0
482313,1,1,42,1,1,11,20,20,8,0,1,0,1,0,1,998,999,999,0,4,2,2,2,8,1,14,13,0,60,96,0,13,9,2020,1,18,2,34,1,1,4,2,1,4
482315,1,1,21,2,1,11,20,9,1,0,2,0,0,0,1,998,999,999,0,4,4,4,1,8,1,1,50,0,13,96,91,9,9,2020,4,20,2,12,3,2,1,3,1,1
482318,1,1,40,1,1,11,3,20,8,0,1,0,3,6,1,55,999,999,1,0,4,3,1,8,1,1,17,0,66,96,0,15,9,2020,3,15,2,12,2,2,1,1,1,0
482322,1,1,41,1,1,11,20,20,8,0,1,0,1,0,1,998,999,999,99,0,3,5,1,1,1,1,60,0,80,96,0,1,9,2020,3,23,2,12,1,1,1,3,1,4
482334,1,1,23,2,1,11,3,20,8,0,7,0,2,0,1,998,999,999,0,0,3,3,1,2,1,1,1,0,7,96,80,12,9,2020,7,11,2,1,18,1,1,1,1,1
482335,1,1,21,1,1,11,99,9,1,0,1,0,2,0,1,87,999,999,0,3,5,5,1,8,1,1,13,0,7,96,0,6,9,2020,1,11,2,33,1,1,4,1,1,4
482336,1,1,55,1,1,11,20,8,1,0,1,0,1,0,1,998,999,999,0,0,1,2,1,8,1,1,62,1,13,96,39,11,9,2020,6,21,2,12,2,2,1,3,1,4
482338,1,1,37,1,1,11,3,20,8,0,2,0,2,0,1,998,999,999,0,0,4,3,1,8,1,1,80,1,8,96,91,18,9,2020,6,3,2,8,3,3,1,3,1,0
482339,1,1,38,1,1,11,20,8,8,0,1,0,0,0,1,998,999,999,0,0,2,2,1,8,1,1,12,0,7,96,0,18,9,2020,6,1,2,42,1,1,3,3,1,4
482340,1,1,25,1,1,11,3,8,0,0,1,0,3,0,1,998,999,999,2,5,5,5,1,8,1,1,50,0,60,96,28,15,9,2020,3,21,2,12,3,2,1,3,1,0
482341,1,1,26,1,1,11,98,8,0,0,1,0,2,0,1,0,999,999,0,0,3,2,2,8,6,5,53,0,13,96,0,9,9,2020,4,5,2,12,18,1,1,3,2,4
482343,1,1,38,2,1,11,3,20,8,0,1,0,1,0,1,998,999,999,0,0,2,3,1,8,1,1,80,0,7,96,0,29,8,2020,7,4,2,8,2,2,1,3,1,0
482344,1,1,43,2,1,11,3,20,8,0,1,0,0,0,1,998,999,999,0,0,1,2,1,8,1,1,83,0,7,96,0,1,9,2020,3,18,2,9,1,1,1,1,1,0
482345,1,1,75,1,1,11,3,8,8,0,1,0,1,0,1,998,999,999,0,0,1,2,8,8,1,99,19,0,15,96,38,8,9,2020,3,13,2,12,2,3,1,1,1,4
482346,1,1,52,1,1,11,20,20,8,0,1,0,1,0,1,998,999,999,0,4,2,2,1,2,1,6,6,0,94,93,6,14,9,2020,2,16,2,33,1,1,3,1,1,4
482348,1,1,999,9,1,11,99,99,8,0,99,1,9,99,1,998,999,999,99,0,2,3,1,8,1,4,13,0,999,96,999,6,9,2020,1,3,2,33,1,1,4,3,1,9
482349,1,1,999,1,1,11,99,98,8,0,99,1,9,99,1,998,999,999,99,0,5,5,1,1,1,1,10,0,999,96,28,13,9,2020,1,20,2,8,1,1,11,3,10,9
482351,1,1,19,2,1,11,99,8,0,0,1,0,2,0,1,998,999,999,3,4,4,3,1,8,1,1,13,1,3,96,89,17,9,2020,5,23,2,32,1,1,4,2,1,4
482352,1,1,999,9,1,11,99,99,8,0,99,1,9,99,1,998,999,999,99,0,5,7,1,2,1,1,80,0,999,96,0,8,9,2020,3,2,2,8,1,1,1,2,10,9
482353,1,1,50,1,1,11,20,20,8,0,2,0,0,0,1,998,999,999,0,0,3,3,1,8,1,1,90,0,81,96,81,20,9,2020,1,18,2,18,1,1,1,1,1,2
482354,1,1,49,1,1,11,20,20,8,0,1,0,1,0,1,998,999,999,0,0,6,2,1,8,1,14,12,0,81,96,0,19,9,2020,7,17,2,1,5,1,8,1,1,4
482356,1,1,30,1,1,11,3,20,8,0,1,0,2,0,1,998,999,999,0,0,1,8,8,8,1,11,80,0,60,96,0,1,9,2020,3,17,2,8,3,3,11,1,1,0
482359,1,1,29,1,1,11,3,8,8,0,1,0,1,0,1,998,999,999,0,0,2,4,1,8,1,11,15,0,5,96,38,29,7,2020,4,15,2,12,2,3,1,1,1,4
482360,1,1,38,1,1,11,3,8,8,0,1,0,0,0,1,998,999,999,0,0,2,3,1,8,1,14,13,0,7,96,0,15,9,2020,3,19,2,31,19,1,10,1,1,4
482362,1,1,37,2,1,11,20,20,8,0,1,1,1,0,1,60,999,999,0,3,1,2,1,8,1,1,80,1,7,96,91,6,9,2020,1,21,2,8,1,1,1,2,1,0
482363,1,1,34,1,1,11,20,20,8,0,1,0,1,0,1,998,999,999,0,0,3,3,1,8,1,1,11,0,81,96,0,20,9,2020,1,18,2,12,1,1,1,1,1,4
482364,1,1,43,2,1,11,3,20,8,0,1,0,2,0,1,998,999,999,0,0,3,3,1,8,1,15,80,0,7,96,0,18,9,2020,6,6,2,8,1,1,1,2,1,0
482365,1,1,27,1,1,11,20,9,1,0,2,0,2,0,1,998,999,999,0,4,1,2,1,5,11,1,6,0,7,96,91,16,9,2020,4,18,2,42,1,1,4,1,10,3
482367,1,1,48,1,1,11,20,20,8,0,1,0,1,0,1,998,999,999,0,3,1,2,1,8,1,14,13,0,80,96,0,12,9,2020,7,15,2,1,1,1,4,1,1,4
482369,1,1,30,1,1,11,20,9,1,0,2,0,1,0,1,998,999,999,0,2,2,2,1,8,1,3,51,0,13,96,0,10,9,2020,5,18,2,12,1,1,1,1,1,2
482370,1,1,52,1,1,11,99,20,8,0,1,0,0,0,1,998,999,999,0,5,0,0,0,0,0,98,82,1,60,96,91,18,8,2020,3,20,2,8,1,1,4,5,1,0
482372,1,1,19,1,1,11,3,8,0,0,3,0,1,0,1,998,999,999,0,0,1,2,8,9,98,1,17,0,60,96,39,19,9,2020,7,2,2,12,2,2,1,3,1,4
482373,1,1,26,1,1,11,20,9,8,0,3,0,2,0,1,998,999,999,6,5,3,3,2,8,1,14,9,0,13,96,0,15,9,2020,3,19,2,33,1,1,4,1,1,4
482374,1,1,40,1,1,11,20,20,1,0,1,0,1,0,1,998,999,999,1,3,5,5,1,8,1,14,12,0,7,96,0,12,9,2020,7,2,2,33,1,1,4,3,1,4
482375,1,1,38,2,1,11,3,9,8,0,3,0,1,0,1,998,999,999,0,0,4,8,1,8,1,1,80,0,7,96,0,13,9,2020,1,3,2,8,3,3,1,2,1,0
482376,1,1,50,2,1,11,20,8,8,0,1,0,1,0,1,998,999,999,0,0,1,2,1,8,1,1,1,0,7,96,80,2,9,2020,4,13,2,12,1,1,1,1,1,1
482377,1,1,17,1,1,11,20,9,1,0,1,0,0,0,1,998,999,999,0,4,6,1,2,8,2,1,6,0,60,96,0,21,9,2020,2,13,2,12,5,1,1,1,2,4
482378,1,1,25,1,1,11,3,20,8,0,1,0,3,1,1,998,999,999,1,0,1,4,1,8,1,10,80,0,63,96,38,15,9,2020,3,8,2,8,3,3,1,1,10,0
482379,1,1,24,2,1,11,20,8,8,0,3,0,2,0,1,998,60,125,0,3,2,2,1,8,1,1,90,1,13,96,91,15,9,2020,3,14,2,1,1,1,4,1,1,3
482382,1,1,29,1,1,11,20,20,8,0,1,0,0,0,1,998,999,999,0,0,4,2,1,1,1,1,12,1,80,96,0,20,9,2020,1,2,2,33,1,1,8,3,1,4
482384,1,1,35,1,1,11,20,20,8,0,1,0,1,0,1,998,999,999,0,0,3,4,2,8,1,1,90,0,94,96,81,15,8,2020,7,19,2,18,18,1,1,1,1,3
482385,1,1,37,2,1,11,3,8,1,0,1,0,1,0,1,998,999,999,0,0,2,5,2,8,1,1,54,1,3,96,51,19,9,2020,7,1,2,12,1,1,1,2,1,4
482386,1,1,40,1,1,11,3,8,0,0,1,0,1,0,1,998,999,999,0,3,2,4,1,8,1,1,50,1,13,96,91,17,9,2020,5,20,2,12,3,2,1,3,1,3
482390,1,1,24,1,1,11,3,9,8,0,1,0,0,0,1,998,999,999,1,0,3,3,1,1,1,1,80,1,8,96,0,9,9,2020,4,23,2,8,1,1,1,3,1,0
482392,1,1,39,2,1,11,3,20,8,0,3,0,2,0,1,998,999,999,0,0,2,4,1,8,1,14,80,0,119,96,0,17,9,2020,5,20,2,8,1,1,1,2,1,0
482394,1,1,47,1,1,11,3,9,8,0,1,0,1,0,1,998,999,999,0,5,2,2,1,1,1,1,6,0,7,96,0,12,9,2020,7,7,2,42,1,1,3,1,1,4
482395,1,1,32,1,1,11,99,20,8,0,1,0,2,0,1,998,999,999,0,0,1,2,1,8,1,13,80,0,60,96,31,14,9,2020,2,7,2,8,1,1,1,1,10,0
482398,1,1,83,1,1,11,3,20,0,0,1,0,0,0,1,998,999,999,0,0,0,0,0,0,0,10,10,1,7,96,51,18,9,2020,6,22,2,12,8,1,1,2,1,4
482399,1,1,76,1,1,11,20,9,0,0,1,0,2,0,1,998,999,999,0,0,1,2,1,8,1,1,8,0,60,0,0,25,9,2020,6,15,2,38,1,1,4,1,1,4
482400,1,1,31,1,1,11,3,20,0,0,2,0,1,0,1,998,999,999,0,0,2,4,1,8,1,1,80,0,60,96,0,26,9,2020,7,23,2,8,3,2,1,3,10,0
482401,1,1,21,2,1,11,20,9,0,0,1,0,1,0,1,998,999,999,0,3,1,2,2,8,2,1,12,1,13,96,0,24,9,2020,5,4,2,32,1,1,4,2,1,4
482402,1,1,34,1,1,11,20,20,0,0,2,0,1,0,1,998,999,999,0,5,4,2,1,8,1,15,12,1,81,96,30,13,4,2020,2,0,2,1,1,1,98,3,1,4
482404,1,1,17,1,1,11,3,20,8,0,1,0,2,0,1,998,999,999,0,0,5,5,3,8,1,1,83,0,60,93,6,23,9,2020,4,21,2,15,1,1,1,2,10,0
482406,1,1,20,1,1,11,20,20,8,0,1,0,2,0,1,998,999,999,0,5,1,4,1,8,1,1,62,0,80,96,0,18,9,2020,6,21,2,12,8,1,1,3,10,4
482407,1,1,80,2,1,11,3,8,8,0,2,0,2,0,1,998,999,999,0,0,1,2,8,8,1,11,15,0,13,96,38,14,9,2020,2,11,2,12,2,2,1,1,1,4
482412,1,1,41,1,1,11,99,9,8,0,1,0,1,0,1,998,999,999,0,3,4,3,2,2,1,1,6,0,60,96,50,26,9,2020,7,3,2,19,1,1,4,3,1,4
482413,1,1,26,1,1,11,3,9,8,0,1,0,3,1,1,92,999,999,0,3,2,3,1,8,1,1,17,0,70,96,96,27,9,2020,1,17,2,12,2,3,1,1,1,0
482414,1,1,28,1,1,11,3,20,8,0,1,0,1,0,1,998,999,999,0,0,5,5,1,8,1,1,80,0,3,96,0,25,9,2020,6,19,2,8,1,1,1,3,1,0
482416,1,1,51,1,1,11,3,20,8,0,1,0,3,6,1,998,76,435,0,4,3,5,1,8,1,1,50,0,66,96,0,28,6,2020,1,9,2,12,1,1,1,1,1,0
482417,1,1,35,1,1,11,3,9,1,0,1,0,2,0,1,998,999,999,0,0,2,3,1,1,1,1,12,0,7,96,51,1,9,2020,3,9,2,12,1,1,1,1,1,3
482418,1,1,35,1,1,11,20,8,8,0,1,0,2,0,1,998,999,999,0,4,3,4,2,8,1,1,8,0,13,0,0,6,9,2020,1,5,2,12,1,1,1,3,1,4
482419,1,1,48,1,1,11,99,8,8,0,2,0,2,0,1,998,999,999,99,0,1,2,8,8,1,4,17,0,7,96,38,20,9,2020,1,18,2,12,2,3,1,1,10,4
482420,1,1,56,1,1,11,3,20,8,0,2,0,1,0,1,998,999,999,0,0,3,2,1,8,1,1,8,0,60,0,0,14,9,2020,2,7,2,23,1,1,3,1,1,4
482421,1,1,62,1,1,11,3,20,8,0,2,0,1,0,1,998,70,999,0,0,5,5,1,8,1,1,8,0,7,96,0,28,9,2020,2,16,2,12,3,2,11,1,1,4
482422,1,1,30,1,1,11,3,20,8,0,1,0,2,6,1,998,999,999,0,0,3,3,1,8,1,14,80,0,66,96,0,28,9,2020,2,13,2,8,18,1,1,1,1,0
482423,1,1,28,1,1,11,20,8,8,0,7,0,2,0,1,998,999,999,0,0,1,2,8,8,98,4,17,1,7,93,6,20,9,2020,1,21,2,12,2,2,1,2,1,2
482428,1,1,64,2,1,11,3,9,8,0,3,0,1,0,1,998,999,999,0,0,3,2,1,8,1,17,74,0,60,96,85,26,9,2020,7,17,2,12,1,1,1,1,1,1
482430,1,1,29,1,1,11,20,8,8,0,2,1,2,0,1,998,999,999,0,3,5,7,1,1,1,1,51,0,13,96,91,15,9,2020,3,22,2,12,3,3,1,3,1,0
482431,1,1,26,1,1,11,20,20,8,0,1,0,2,0,1,998,999,999,0,4,2,4,1,8,1,99,12,1,7,96,0,19,9,2020,7,1,2,33,3,2,4,3,1,4
482433,1,1,45,2,1,11,3,20,8,0,1,0,0,0,1,998,999,999,0,0,3,3,1,8,1,1,80,1,7,96,86,20,9,2020,1,5,2,8,1,1,1,3,1,0
482435,1,1,28,1,1,11,3,20,8,0,2,0,0,0,1,998,999,999,0,0,1,7,1,1,2,1,83,0,13,96,0,28,9,2020,2,6,2,15,3,3,1,3,2,0
482436,1,1,38,1,1,11,3,20,8,0,1,0,1,0,1,998,999,999,0,0,4,3,1,2,1,1,80,0,7,96,0,19,9,2020,7,5,2,8,18,1,1,2,1,0
482437,1,1,35,1,1,11,20,9,8,0,1,0,2,0,1,998,999,999,0,0,4,3,2,1,1,1,17,1,13,96,39,25,9,2020,6,0,2,21,19,1,4,3,1,4
482442,1,1,58,1,1,11,3,20,8,0,1,0,2,0,1,998,999,999,0,0,5,7,1,8,1,1,80,0,7,96,0,29,9,2020,3,6,2,8,1,1,1,6,1,0
482443,1,1,64,1,1,11,3,20,8,0,1,0,3,7,1,998,71,280,0,0,3,4,1,8,1,1,64,0,66,96,0,25,9,2020,6,3,2,12,18,1,1,3,1,4
482445,1,1,58,2,1,11,3,20,8,0,1,0,1,0,1,998,999,999,1,0,2,2,1,8,1,1,17,0,13,96,38,24,9,2020,5,8,2,12,2,3,1,1,1,4
482447,1,1,43,1,1,11,3,8,8,0,1,0,1,0,1,998,999,999,1,0,2,3,1,8,1,1,13,0,60,96,0,28,9,2020,2,7,2,46,1,1,4,1,1,4
482448,1,1,53,1,1,11,3,20,8,0,1,0,1,0,1,998,999,999,0,0,3,5,1,8,1,1,80,0,7,10,0,23,9,2020,4,20,2,8,1,1,1,3,10,0
482449,1,1,38,1,1,11,3,20,8,0,1,0,2,0,1,998,999,999,0,0,4,2,2,8,1,1,80,0,7,96,0,30,9,2020,4,0,2,8,1,1,1,2,1,0
482450,1,1,62,1,1,11,20,9,1,0,1,0,0,0,1,998,999,999,0,0,2,2,1,1,1,1,12,0,60,96,0,25,8,2020,3,14,2,42,1,1,3,1,1,4
482451,1,1,42,2,1,11,20,20,1,0,1,0,3,0,1,998,76,290,1,4,3,3,2,8,1,1,13,0,119,96,0,29,9,2020,3,12,2,38,1,1,10,1,1,4
482452,1,1,46,1,1,11,3,20,8,0,1,0,3,1,1,998,999,999,0,0,3,4,1,8,6,1,80,0,11,96,0,22,9,2020,3,20,2,8,1,1,1,3,2,0
482454,1,1,68,1,1,11,20,20,8,0,1,0,0,0,1,998,999,999,0,5,6,1,8,8,1,16,10,0,94,96,30,27,9,2020,1,16,2,12,5,1,1,1,1,4
482455,1,1,46,2,1,11,3,20,8,0,1,0,1,0,1,998,999,999,2,0,5,7,1,8,1,15,80,0,7,96,0,26,9,2020,7,7,2,8,1,1,1,2,1,0
482460,1,1,32,2,1,11,3,8,8,0,1,0,2,0,1,998,999,999,0,0,2,2,1,8,1,1,54,1,13,96,51,18,9,2020,6,0,2,12,1,1,1,3,1,4
482463,1,1,61,1,1,11,20,20,8,0,1,0,0,0,1,998,999,999,0,4,5,7,1,2,1,1,50,1,94,96,0,21,9,2020,2,17,2,12,1,1,1,1,1,4
482465,1,1,54,1,1,11,3,9,8,0,2,0,1,0,1,998,999,999,0,0,1,2,8,8,1,1,68,0,60,96,0,14,9,2020,2,12,2,12,2,7,1,1,1,1
482468,1,1,38,1,1,11,3,20,8,0,2,0,2,0,1,998,999,999,0,0,1,4,1,8,1,11,80,0,60,96,38,1,10,2020,5,16,2,8,3,2,1,1,1,0
482469,1,1,18,1,1,11,3,8,8,0,2,0,2,0,1,998,999,999,0,3,1,2,1,1,1,1,67,0,13,96,0,24,9,2020,5,21,2,12,2,3,1,3,10,1
482472,1,1,35,1,1,11,3,9,8,0,1,0,3,0,1,998,999,999,0,0,1,2,1,8,7,1,67,0,60,96,0,2,10,2020,6,10,2,12,2,3,1,1,1,3
482474,1,1,19,1,1,11,3,20,8,0,1,0,1,0,1,998,999,999,0,0,2,3,1,8,1,1,81,0,13,96,73,27,9,2020,1,19,2,8,1,1,1,2,1,0
482476,1,1,24,1,1,11,20,8,1,0,1,0,2,0,1,103,999,999,0,3,2,4,1,8,1,3,17,1,60,96,84,27,9,2020,1,2,2,12,2,2,1,3,1,3
482477,1,1,64,2,1,11,20,8,8,0,1,0,0,0,1,998,999,999,0,5,2,5,1,8,1,15,8,0,7,0,27,4,10,2020,1,13,2,12,3,2,1,1,1,4
482478,1,1,999,1,1,11,20,8,8,0,1,0,9,0,1,998,999,999,99,0,2,2,1,8,1,1,8,0,13,96,0,29,9,2020,3,20,2,42,1,1,3,3,1,4
482480,1,1,36,1,1,11,20,20,8,0,1,0,2,0,1,998,999,999,0,3,1,4,1,8,1,14,6,0,80,96,0,11,9,2020,6,17,2,33,1,1,4,1,1,4
482482,1,1,18,1,1,11,3,9,8,0,1,0,1,0,1,65,999,999,0,0,1,2,1,8,2,6,54,0,60,96,84,10,9,2020,5,16,2,12,1,1,4,1,2,3
482484,1,1,42,1,1,11,3,20,8,0,1,0,0,0,1,998,999,999,0,0,1,4,1,8,1,1,80,0,60,96,0,1,10,2020,5,19,2,8,1,1,1,2,1,0
482488,1,1,28,2,1,11,3,20,8,0,1,0,2,0,1,998,999,999,1,0,2,4,1,2,1,1,80,0,13,96,0,3,10,2020,7,23,2,8,18,1,1,2,1,0
482490,1,1,31,2,1,11,20,9,8,0,1,0,2,0,1,998,999,999,0,3,1,4,1,8,1,1,13,0,13,96,0,29,9,2020,3,19,2,46,1,1,4,1,1,4
482493,1,1,999,9,1,11,99,98,8,0,99,1,9,99,1,998,999,999,99,0,1,2,1,2,1,1,83,0,999,96,0,1,10,2020,5,19,2,9,1,1,1,5,2,9
482494,1,1,22,2,1,11,3,9,8,0,1,0,1,0,1,998,999,999,0,0,3,4,1,8,1,1,80,0,7,96,0,30,9,2020,4,0,2,8,1,1,1,3,1,2
482495,1,1,53,1,1,11,20,20,1,0,1,0,1,0,1,998,999,999,0,4,1,2,2,8,1,14,6,1,81,96,0,29,9,2020,3,21,2,5,1,1,1,3,1,4
482497,1,1,35,1,1,11,3,9,8,0,1,0,1,0,1,998,999,999,0,0,3,2,1,8,1,1,11,0,60,93,6,1,10,2020,5,10,2,14,19,1,2,1,1,1
482498,1,1,59,1,1,11,20,9,8,0,1,0,1,0,1,998,999,999,0,0,6,1,2,8,1,16,11,0,13,96,27,4,10,2020,1,17,2,42,3,3,4,1,1,4
482499,1,1,24,1,1,11,20,20,8,0,1,0,1,0,1,998,999,999,0,0,1,2,2,8,1,1,14,0,12,93,73,28,8,2020,6,18,2,26,1,1,4,1,1,4
482501,1,1,77,1,1,11,3,20,8,0,1,0,3,6,1,998,999,999,1,0,1,2,1,8,1,1,83,0,66,96,0,2,10,2020,6,6,2,15,1,1,1,2,1,1
482503,1,1,28,1,1,11,99,20,8,0,1,0,3,1,2,998,66,198,1,0,3,4,1,1,1,1,90,0,11,96,0,12,8,2020,4,9,2,73,1,1,1,1,1,4
482505,1,1,26,2,1,11,99,8,1,0,6,0,1,0,1,998,999,999,0,0,1,2,1,8,1,99,19,0,7,96,39,5,10,2020,2,17,2,12,2,2,1,1,1,4
482506,1,1,61,1,1,11,3,20,8,0,2,0,3,1,1,998,999,999,0,0,2,3,1,8,1,15,98,0,11,96,0,8,9,2020,3,3,2,5,1,1,1,3,99,0
482509,1,1,74,1,1,11,3,9,8,0,1,0,1,0,1,998,999,999,0,5,1,5,1,8,1,1,50,1,60,96,0,7,10,2020,4,9,2,12,3,2,1,1,1,4
482511,1,1,28,1,1,11,20,20,8,0,1,0,1,0,1,998,999,999,0,0,5,5,2,8,1,1,62,0,80,96,0,5,10,2020,2,19,2,12,8,1,1,3,1,4
482513,1,1,31,1,1,11,20,20,8,0,1,0,2,0,1,998,999,999,0,0,6,1,2,8,99,14,12,0,82,96,0,5,10,2020,2,1,2,24,5,1,8,6,99,4
482514,1,1,60,1,1,11,3,20,8,0,1,0,1,0,1,998,999,999,0,0,1,2,1,8,1,1,80,0,60,96,0,3,10,2020,7,19,2,8,1,1,1,3,1,0
482515,1,1,31,2,1,11,20,9,8,0,2,0,1,0,1,998,999,999,0,3,5,5,1,8,1,1,67,0,13,96,0,25,9,2020,6,10,2,12,2,3,1,1,1,4
482520,1,1,43,1,1,11,3,20,8,0,99,1,3,1,1,998,999,999,0,0,3,2,2,8,1,1,98,0,60,96,0,18,4,2020,7,0,2,5,1,1,1,2,10,0
482521,1,1,28,1,1,11,20,20,8,0,1,0,1,0,1,998,999,999,99,0,3,2,1,8,1,1,50,0,82,96,35,6,10,2020,3,17,2,12,1,1,1,1,1,4
482522,1,1,25,1,1,11,20,20,1,0,1,0,2,0,1,998,999,999,1,0,2,2,1,8,1,15,10,0,98,96,27,28,9,2020,2,17,2,12,1,1,1,1,1,4
482523,1,1,76,1,1,11,3,9,8,0,2,0,1,0,1,998,999,999,0,0,2,3,1,8,1,11,15,0,13,96,38,2,10,2020,6,17,2,12,2,2,1,1,1,0
482524,1,1,44,1,1,11,3,8,8,0,1,0,0,0,1,998,999,999,0,0,2,3,1,8,1,11,15,0,13,0,38,27,9,2020,1,16,2,12,2,2,1,1,1,0
482528,1,1,22,1,1,11,3,20,8,0,1,0,1,0,1,998,999,999,0,0,1,2,1,2,1,14,80,0,13,96,0,7,10,2020,4,21,2,8,1,1,1,2,1,0
482529,1,1,24,1,1,11,3,9,8,0,1,0,0,0,1,998,999,999,1,0,5,5,1,8,1,1,10,1,3,96,91,3,10,2020,7,19,2,12,1,1,1,5,1,0
482533,1,1,56,1,1,11,20,20,8,0,2,0,0,0,1,998,999,999,0,4,3,3,1,8,1,10,12,1,81,96,0,3,10,2020,7,21,2,1,3,4,12,3,1,4
482536,1,1,65,1,1,11,3,8,8,0,1,0,3,0,1,998,999,999,1,0,5,5,1,8,1,1,13,0,60,96,999,6,10,2020,3,4,2,53,1,1,4,2,1,4
482538,1,1,47,1,1,11,20,8,8,0,1,0,2,0,1,998,999,999,1,4,5,5,1,8,1,1,12,1,60,96,51,30,9,2020,4,0,2,53,1,1,4,3,1,4
482539,1,1,16,1,1,11,3,9,8,0,1,0,2,0,1,998,999,999,0,5,6,1,1,8,1,1,13,0,3,96,0,8,10,2020,5,22,2,21,5,1,4,3,1,4
482546,1,1,23,1,1,11,20,20,1,0,1,0,2,0,1,998,999,999,0,5,5,5,2,8,1,14,12,1,82,96,0,10,10,2020,7,2,2,33,1,1,4,3,1,4
482547,1,1,29,1,1,11,3,20,8,0,1,0,2,0,1,998,999,999,1,0,3,3,1,1,1,1,80,0,7,96,0,7,10,2020,4,22,2,8,1,1,1,2,1,2
482548,1,1,999,9,1,11,99,99,8,0,99,1,9,99,1,998,999,999,99,0,2,2,1,8,1,1,80,0,999,96,0,1,10,2020,5,5,2,8,1,1,1,2,1,9
482549,1,1,82,1,1,11,3,9,8,0,1,0,1,0,1,998,999,999,0,0,0,0,0,0,0,11,11,0,13,96,38,5,10,2020,2,7,2,1,8,1,1,1,1,1
482550,1,1,20,1,1,11,20,20,0,0,1,0,1,0,1,998,999,999,0,3,2,3,1,8,1,1,68,0,80,96,84,1,10,2020,5,22,2,1,2,3,1,3,1,4
482552,1,1,21,2,1,11,20,8,8,0,1,0,2,0,1,78,999,999,2,3,2,2,3,8,1,1,52,0,13,5,0,3,10,2020,7,23,2,12,2,2,1,3,1,1