ST_CASE,VEH_NO,PER_NO,AGE,SEX,PER_TYP,SEAT_POS,REST_USE,AIR_BAG,DRUGS,LOCATION,NUMOCCS,HIT_RUN,OWNER,V_CONFIG,HAZ_INV,TRAV_SP,DR_HGT,DR_WGT,PREV_SPD,SPEEDREL,VTRAFWAY,VNUM_LAN,VPROFILE,VPAVETYP,VSURCOND,P_CRASH1,P_CRASH2,DR_DRINK,VPICBODYCLASS,DRDISTRACT,DRIVERRF,DAY,MONTH,YEAR,DAY_WEEK,HOUR,RUR_URB,HARM_EV,RELJCT2,TYP_INT,REL_ROAD,LGT_COND,WEATHER,INJ_SEV
482802,1,1,37,2,1,11,3,9,8,0,2,0,0,0,1,998,999,999,0,0,1,2,1,8,1,1,8,0,7,0,0,19,10,2020,2,7,2,33,1,1,4,2,10,0
482806,1,1,54,1,1,11,99,99,8,0,1,0,2,0,1,998,999,999,0,0,3,5,1,8,2,1,13,1,1,96,0,28,10,2020,4,19,2,1,1,1,4,2,1,4
482811,1,1,18,1,1,11,3,9,8,0,1,0,1,0,1,998,999,999,1,5,1,4,1,8,1,1,17,0,60,93,6,22,10,2020,5,20,2,12,2,2,1,3,1,0
482813,1,1,999,9,1,11,99,99,8,0,99,1,9,99,1,998,999,999,99,0,2,4,1,8,1,11,15,0,999,96,38,28,9,2020,2,22,2,12,2,3,1,3,1,9
482814,1,1,24,1,1,11,20,9,8,0,1,0,1,0,1,998,999,999,0,5,1,2,1,8,98,99,19,1,60,96,39,26,9,2020,7,15,2,12,2,3,1,1,1,4
482815,1,1,998,8,1,11,98,98,8,0,99,1,9,1,1,998,999,999,99,0,4,2,1,8,1,1,8,0,60,93,6,22,10,2020,5,23,2,9,1,1,1,2,1,0
482816,1,1,30,1,1,11,3,20,8,0,1,0,0,0,1,998,999,999,0,0,2,3,2,8,1,11,83,0,13,96,48,31,10,2020,7,11,2,9,3,2,1,1,1,0
482817,1,1,23,1,1,11,99,20,8,0,3,1,1,0,1,0,999,999,1,0,3,3,3,8,1,5,53,0,7,96,8,31,10,2020,7,21,2,12,18,1,1,3,1,0
482818,1,1,33,1,1,11,99,9,1,0,1,0,2,0,1,998,999,999,0,3,3,4,2,8,1,15,10,0,7,96,58,19,10,2020,2,22,2,1,18,1,1,3,10,4
482824,1,1,17,1,1,11,3,9,8,0,2,0,2,0,1,998,999,999,0,0,1,2,1,8,1,11,15,0,7,96,73,21,10,2020,4,12,2,12,2,2,1,1,1,0
482826,1,1,61,2,1,11,3,8,8,0,1,0,2,0,1,998,999,999,0,0,5,5,1,2,1,11,15,0,60,96,48,29,10,2020,5,16,2,12,2,3,1,1,1,1
482828,1,1,52,2,1,11,3,20,8,0,1,0,1,0,1,998,999,999,0,0,1,2,1,1,1,11,80,0,7,96,0,22,10,2020,5,16,2,8,3,3,1,1,1,0
482831,1,1,39,1,1,11,3,20,8,0,1,0,1,0,1,998,999,999,0,0,3,3,2,8,1,1,80,0,60,96,0,1,11,2020,1,6,2,8,1,1,1,2,1,0
482832,1,1,22,1,1,11,3,8,8,0,1,0,2,0,1,998,999,999,0,3,1,2,1,8,1,1,17,0,7,96,0,2,11,2020,2,12,2,12,4,1,1,1,1,0
482833,1,1,50,1,1,11,20,20,8,0,1,0,2,0,1,51,69,170,0,3,2,2,1,8,2,1,13,0,7,96,0,26,10,2020,2,15,2,42,1,1,4,1,2,4
482834,1,1,999,9,1,11,99,99,8,0,99,1,9,99,1,998,999,999,99,0,1,2,1,8,1,14,80,0,999,96,30,19,10,2020,2,8,2,8,1,1,1,1,10,9
482837,1,1,19,1,1,11,20,8,8,0,1,0,2,0,1,998,66,170,1,3,1,2,3,8,1,1,12,0,13,96,0,1,11,2020,1,2,2,32,1,1,4,2,1,4
482838,1,1,36,1,1,11,3,20,8,0,2,0,2,0,1,998,999,999,0,0,1,4,1,8,1,1,80,0,13,93,6,30,10,2020,6,20,2,8,1,1,1,3,1,0
482839,1,1,999,9,1,11,99,98,8,0,99,1,9,99,1,998,999,999,99,0,4,4,1,1,1,1,80,0,999,96,0,21,10,2020,4,4,2,8,1,1,1,3,1,9
482840,1,1,22,2,1,11,99,9,8,0,1,1,2,0,1,998,999,999,99,0,3,2,1,8,1,15,11,0,7,96,28,24,10,2020,7,7,2,12,1,1,1,1,1,1
482842,1,1,26,2,1,11,20,8,8,0,3,0,1,0,1,998,999,999,1,0,1,2,2,8,1,11,15,0,5,96,38,30,10,2020,6,16,2,12,2,3,1,1,1,4
482843,1,1,16,2,1,11,3,98,8,0,2,0,2,0,1,998,999,999,0,3,2,2,1,8,1,1,6,0,60,96,73,23,10,2020,6,1,2,33,1,1,4,3,10,4
482846,1,1,26,1,2,13,20,20,8,0,1,0,6,0,1,0,998,997,998,8,3,3,1,8,1,0,98,0,13,16,54,18,10,2020,1,4,2,12,1,1,1,2,1,2
482847,1,1,999,1,1,11,99,99,8,0,99,1,9,99,1,998,999,999,99,0,1,2,1,1,1,1,80,0,999,96,0,20,6,2020,7,0,2,8,3,3,1,3,1,9
482848,1,1,27,1,1,11,20,9,8,0,1,0,0,0,1,998,999,999,0,0,2,2,8,8,1,1,17,0,13,96,39,27,9,2020,1,5,2,12,2,2,1,3,1,2
482849,1,1,77,1,1,11,20,20,0,0,1,0,0,0,1,998,70,180,0,0,2,4,1,1,1,1,13,0,60,96,0,3,11,2020,3,16,2,42,1,1,4,1,1,4
482851,1,1,37,1,1,11,3,20,8,0,1,1,1,0,1,998,999,999,0,0,5,6,1,8,1,1,80,0,60,96,0,10,10,2020,7,1,2,8,1,1,1,2,1,0
482852,1,1,25,1,1,11,3,8,8,0,1,0,3,0,1,998,999,999,1,5,4,3,1,8,1,99,66,0,7,96,16,11,10,2020,1,21,2,12,2,2,1,3,1,2
482854,1,1,31,1,1,11,99,20,8,0,1,0,2,1,1,50,999,999,0,5,2,4,3,8,2,17,10,0,60,96,85,27,10,2020,3,15,2,12,18,1,1,1,2,1
482855,1,1,43,1,1,11,20,99,8,0,1,0,1,0,1,998,999,999,0,4,6,1,8,2,1,16,13,0,7,96,0,1,11,2020,1,14,2,1,5,1,10,1,1,4
482856,1,1,36,1,1,11,3,20,8,0,2,0,0,0,1,998,999,999,0,0,2,2,2,8,1,1,8,0,60,0,0,1,11,2020,1,15,2,43,1,1,5,1,1,4
482860,1,1,16,2,1,11,3,20,8,0,2,0,1,0,1,998,999,999,0,0,1,2,8,8,98,11,15,0,7,96,38,30,10,2020,6,19,2,12,2,3,1,3,1,0
482862,1,1,999,9,1,11,99,99,8,0,99,1,9,99,1,998,999,999,99,0,2,3,1,8,1,1,80,0,999,96,0,23,10,2020,6,4,2,8,1,1,1,3,10,9
482863,1,1,26,1,1,11,99,9,8,0,2,0,2,0,1,80,999,999,0,5,5,5,1,8,1,15,51,1,13,96,27,31,10,2020,7,21,2,12,1,1,1,3,1,4
482864,1,1,50,1,1,11,3,20,8,0,1,1,0,0,1,998,999,999,0,5,3,2,3,8,1,1,80,0,60,96,38,5,11,2020,5,21,2,8,1,1,1,2,1,0
482865,1,1,65,2,1,11,3,20,8,0,1,0,1,0,1,998,999,999,0,0,1,5,1,8,1,1,80,0,13,96,0,3,11,2020,3,19,2,8,2,2,1,6,1,0
482866,1,1,30,1,1,11,20,9,1,0,1,0,1,0,1,96,72,200,0,0,1,3,1,8,1,1,17,0,7,96,39,29,10,2020,5,23,2,12,2,2,1,3,1,4
482867,1,1,26,1,1,11,20,9,8,0,1,0,2,0,1,998,999,999,1,0,3,3,1,8,1,1,51,1,13,96,0,26,9,2020,7,23,2,12,1,1,1,3,1,4
482868,1,1,24,1,1,11,1,20,8,0,2,0,1,0,1,998,999,999,0,0,4,3,3,8,1,2,53,0,13,96,0,4,11,2020,4,21,2,12,1,1,1,3,1,0
482869,1,1,15,1,1,11,20,9,8,0,1,0,2,0,1,67,999,999,0,3,5,5,1,8,1,10,6,0,13,96,37,25,10,2020,1,14,2,38,3,3,5,1,1,4
482870,1,1,18,1,1,11,3,20,8,0,3,0,1,0,1,998,999,999,1,4,2,4,1,8,1,1,80,0,13,96,0,2,11,2020,2,19,2,8,1,1,1,2,1,0
482871,1,1,22,1,1,11,3,20,8,0,1,0,2,0,1,998,999,999,1,3,3,2,1,8,1,1,51,0,13,96,89,30,10,2020,6,5,2,12,1,1,1,2,1,4
482873,1,1,69,1,1,11,20,20,8,0,1,0,1,0,1,998,999,999,0,0,1,2,1,8,1,1,87,0,81,96,83,4,11,2020,4,10,2,11,1,1,1,1,1,4
482875,1,1,999,9,1,11,99,99,8,0,99,1,9,99,1,999,999,999,99,4,3,4,1,8,1,1,80,0,999,96,0,2,10,2020,6,19,2,8,18,1,1,3,1,9
482877,1,1,61,1,1,11,3,98,8,0,1,0,0,6,1,998,999,999,1,0,3,3,2,8,1,1,50,0,66,93,6,31,10,2020,7,0,2,12,18,1,1,2,1,4
482878,1,1,30,1,1,11,20,8,1,0,1,0,2,0,1,998,999,999,0,5,1,4,2,8,1,1,10,0,3,96,0,6,11,2020,6,20,2,12,1,1,1,3,1,4
482879,1,1,30,2,1,11,99,20,8,0,1,1,0,0,1,998,999,999,0,0,1,4,1,1,1,1,80,0,13,96,0,3,11,2020,3,3,2,8,1,1,1,3,1,0
482880,1,1,40,1,1,11,20,20,8,0,1,0,0,0,1,998,65,162,0,5,1,2,1,8,1,14,13,1,80,96,0,7,11,2020,7,2,2,42,1,1,5,2,1,4
482881,1,1,36,1,1,11,99,20,1,0,1,0,2,0,1,998,999,999,0,5,3,3,1,8,1,1,13,0,60,96,74,6,11,2020,6,0,2,59,1,1,10,3,1,4
482882,1,1,38,1,1,11,3,8,8,0,1,0,2,0,1,998,999,999,0,0,1,2,1,8,1,1,13,0,7,93,6,18,10,2020,1,23,2,53,1,1,4,3,1,4
482883,1,1,55,1,1,11,3,20,8,0,1,0,1,0,1,998,999,999,0,0,2,4,1,8,1,1,80,0,60,96,0,20,10,2020,3,4,2,8,18,1,1,2,1,0
482884,1,1,24,2,1,11,3,20,8,0,3,0,2,0,1,998,999,999,0,0,0,0,0,0,0,1,17,0,7,96,38,20,10,2020,3,13,2,12,8,1,1,1,1,0
482889,1,1,37,1,1,11,3,20,8,0,1,0,1,0,1,998,999,999,0,4,4,3,1,8,1,1,51,0,7,96,0,6,11,2020,6,7,2,12,18,1,1,1,1,2
482890,1,1,30,1,1,11,3,9,1,0,1,0,2,0,1,998,999,999,0,4,1,2,1,8,1,99,6,0,3,96,37,8,11,2020,1,11,2,38,1,1,4,1,1,4
482894,1,1,38,1,1,11,20,20,8,0,1,0,0,0,1,998,999,999,3,0,1,2,1,8,1,1,14,0,94,96,39,1,11,2020,1,18,2,38,3,3,4,5,1,4
482896,1,1,22,1,1,11,3,8,8,0,1,0,1,0,1,998,999,999,0,0,1,4,2,8,1,99,10,1,60,96,91,31,10,2020,7,5,2,12,1,1,1,2,1,3
482897,1,1,57,1,1,11,3,8,8,0,1,0,1,0,1,998,999,999,1,0,5,5,1,8,1,6,10,0,60,96,35,6,11,2020,6,13,2,12,1,1,1,1,1,4
482901,1,1,35,2,1,11,20,8,8,0,1,0,0,0,1,60,999,999,0,0,3,3,1,8,1,15,50,1,13,96,0,17,10,2020,7,2,2,12,1,1,1,3,1,4
482903,1,1,34,2,1,11,20,8,0,0,1,0,1,0,1,998,999,999,0,4,1,2,1,8,1,6,10,0,13,93,34,1,11,2020,1,12,2,12,1,1,1,1,1,4
482904,1,1,41,1,1,11,3,20,8,0,4,0,1,0,1,998,999,999,0,0,3,3,1,8,1,1,8,0,13,0,0,8,11,2020,1,22,2,12,1,1,1,2,1,4
482905,1,1,49,1,1,11,20,8,8,0,1,0,0,0,1,998,999,999,0,5,5,5,1,8,1,15,9,1,60,96,27,7,11,2020,7,18,2,33,1,1,4,1,1,4
482907,1,1,25,1,1,11,99,8,8,0,99,1,1,0,1,998,999,999,0,0,2,4,1,8,1,11,15,0,60,96,38,31,10,2020,7,0,2,12,2,2,1,3,1,1
482909,1,1,53,1,1,11,3,8,8,0,1,0,1,0,1,998,999,999,0,0,2,3,1,8,1,99,12,0,60,96,999,5,11,2020,5,6,2,12,1,1,1,4,1,4
482910,1,1,999,9,1,11,99,99,8,0,99,1,9,99,1,998,999,999,99,0,5,5,1,8,1,6,80,0,999,96,0,31,10,2020,7,19,2,8,1,1,1,3,1,9
482913,1,1,27,1,1,11,3,9,8,0,1,0,2,0,1,998,999,999,1,5,4,3,1,8,1,6,50,0,13,96,0,7,11,2020,7,14,2,12,1,1,1,1,1,3
482914,1,1,49,1,1,11,3,20,8,0,1,0,1,0,1,998,999,999,1,0,3,2,1,8,1,1,80,0,13,96,0,2,11,2020,2,18,2,8,1,1,1,2,10,0
482915,1,1,67,1,1,11,20,20,0,0,1,0,1,0,1,998,999,999,0,0,2,4,1,8,1,15,12,1,125,93,6,7,11,2020,7,18,2,33,8,1,3,3,1,4
482916,1,1,40,1,1,11,3,9,1,0,2,0,1,0,1,998,999,999,0,3,3,3,2,8,1,99,6,1,60,93,6,8,11,2020,1,1,2,59,1,1,8,3,1,4
482917,1,1,30,1,1,11,20,9,8,0,1,0,2,0,1,998,999,999,3,5,1,2,1,1,1,6,67,1,13,96,34,27,10,2020,3,1,2,12,2,3,1,3,10,4
482918,1,1,17,1,1,11,20,20,8,0,1,0,0,0,1,998,999,999,0,0,2,3,1,8,1,6,17,0,125,96,39,8,11,2020,1,14,2,12,2,2,1,1,1,4
482919,1,1,30,1,1,11,3,9,1,0,1,0,1,0,1,998,67,187,2,0,4,2,1,8,1,1,91,1,13,96,39,3,11,2020,3,22,2,10,6,1,1,3,1,4
482921,1,1,31,1,1,11,20,20,8,0,1,0,1,0,1,65,999,999,2,3,5,6,1,8,1,6,62,0,94,96,89,29,10,2020,5,16,2,1,2,2,1,5,1,4
482924,1,1,23,1,1,11,20,20,8,0,1,0,1,0,1,998,999,999,2,0,1,2,1,8,1,14,13,0,80,96,0,8,11,2020,1,21,2,33,1,1,4,3,1,4
482925,1,1,25,1,1,11,20,20,8,0,1,0,2,0,1,998,999,999,0,5,4,2,1,8,1,14,6,1,6,96,0,6,11,2020,6,3,2,1,19,1,4,2,1,4
482927,1,1,19,1,1,11,99,99,1,0,1,0,1,0,1,998,999,999,0,5,2,3,2,2,1,1,62,0,3,96,0,6,11,2020,6,0,2,12,2,2,1,3,1,4
482929,1,1,23,2,1,11,99,98,8,0,2,0,2,0,1,998,999,999,0,0,1,2,1,8,1,1,13,1,60,96,0,1,11,2020,1,1,2,32,1,1,4,2,1,3
482930,1,1,31,1,1,11,20,20,8,0,1,0,0,0,1,998,999,999,0,0,1,2,1,8,1,6,10,0,98,96,37,29,10,2020,5,16,2,12,2,3,1,1,1,4
482932,1,1,27,1,1,11,3,20,8,0,2,0,2,0,1,998,999,999,0,0,4,3,1,8,1,1,80,0,13,96,0,3,11,2020,3,21,2,8,18,1,1,3,1,0
482933,1,1,23,1,1,11,3,9,1,0,1,0,1,0,1,998,999,999,2,0,1,2,1,8,1,14,10,1,13,96,73,7,11,2020,7,23,2,12,1,1,1,2,1,2
482935,1,1,16,1,1,11,99,20,8,0,3,0,2,0,1,999,999,999,0,3,1,2,8,4,98,1,9,0,7,96,0,11,11,2020,4,10,2,38,1,1,5,1,1,4
482937,1,1,54,1,1,11,20,20,8,0,1,0,1,0,1,998,999,999,2,5,2,4,1,8,1,6,6,1,81,93,27,20,6,2020,7,20,2,42,1,1,4,5,1,4
482939,1,1,69,2,1,11,20,9,8,0,2,0,2,0,1,998,999,999,0,0,1,2,8,8,1,11,15,0,13,96,38,5,11,2020,5,12,2,12,2,3,1,1,1,4
482942,1,1,50,1,1,11,3,20,8,0,1,0,1,0,1,998,999,999,0,5,5,5,1,8,1,11,15,1,60,96,38,4,11,2020,4,16,2,12,2,2,1,1,1,1
482943,1,1,35,1,1,11,99,20,8,0,1,1,2,0,1,998,999,999,0,0,1,5,1,8,1,11,15,0,7,96,38,9,11,2020,2,5,2,12,2,3,1,3,1,0
482947,1,1,20,1,1,11,20,20,8,0,1,0,1,0,1,998,999,999,1,5,1,2,1,8,1,1,67,0,114,93,6,7,11,2020,7,15,2,12,2,3,1,1,1,4
482948,1,1,22,1,1,11,3,8,8,0,6,0,3,0,1,998,68,150,0,0,3,2,1,8,1,1,13,0,7,0,0,2,11,2020,2,1,2,59,19,1,10,2,1,3
482949,1,1,23,1,1,11,20,9,8,0,1,0,2,0,1,998,999,999,0,0,2,2,1,8,1,1,12,0,7,96,58,10,11,2020,3,18,2,34,1,1,4,2,1,4
482950,1,1,26,2,1,11,20,9,0,0,1,0,1,0,1,998,999,999,0,3,5,3,1,2,1,6,10,1,7,96,0,22,10,2020,5,18,2,12,1,1,11,1,10,4
482951,1,1,80,2,1,11,3,9,8,0,1,0,1,0,1,998,999,999,0,0,5,5,1,8,1,1,8,0,13,0,0,1,11,2020,1,13,2,52,1,1,4,1,1,4
482952,1,1,42,1,1,11,3,20,8,0,1,0,3,0,1,998,999,999,0,0,4,2,1,8,1,1,12,0,60,96,999,10,11,2020,3,4,2,43,1,1,5,2,5,4
482953,1,1,38,1,1,11,3,20,8,0,1,0,2,0,1,998,999,999,0,5,3,4,1,1,1,1,50,0,60,96,0,10,11,2020,3,19,2,12,1,1,1,2,10,0
482955,1,1,36,2,1,11,3,20,8,0,2,0,1,0,1,998,999,999,0,0,2,4,1,8,1,11,15,0,2,96,38,14,11,2020,7,15,2,1,2,2,1,1,1,0
482957,1,1,18,1,1,11,3,20,0,0,2,0,1,0,1,998,999,999,0,2,1,2,3,8,1,6,11,1,3,96,35,15,11,2020,1,1,2,12,1,1,1,2,1,0
482958,1,1,21,1,1,11,3,20,8,0,3,0,2,0,1,40,999,999,0,5,1,4,2,8,1,1,83,0,60,96,52,8,11,2020,1,18,2,9,1,1,1,3,1,0
482959,1,1,31,2,1,11,20,20,8,0,1,0,9,0,1,998,999,999,3,0,3,4,8,8,1,1,66,0,80,96,0,11,10,2020,1,1,2,12,2,2,1,3,1,4
482960,1,1,27,1,1,11,20,8,8,0,1,0,2,0,1,998,999,999,0,4,3,2,3,8,1,14,6,1,60,96,0,7,11,2020,7,22,2,1,1,1,10,2,1,4
482961,1,1,43,1,1,11,3,20,8,0,1,0,1,0,1,998,999,999,3,0,4,4,2,8,1,1,66,0,60,96,0,13,11,2020,6,5,2,12,2,2,1,3,1,0
482963,1,1,18,1,1,11,3,20,8,0,1,0,2,0,1,998,999,999,0,5,1,2,1,8,1,1,17,0,60,93,39,7,11,2020,7,14,2,12,2,3,1,1,1,1
482964,1,1,32,1,1,11,3,20,1,0,1,0,2,0,1,998,999,999,0,0,4,4,1,8,1,1,3,0,60,96,91,7,11,2020,7,19,2,46,3,3,12,3,1,0
482965,1,1,85,2,1,11,3,8,8,0,1,0,1,0,1,998,999,999,0,0,1,2,8,8,1,11,15,0,13,96,38,4,11,2020,4,16,2,12,2,3,1,1,1,4
482967,1,1,36,1,1,11,20,8,1,0,1,0,2,0,1,998,999,999,0,0,1,2,1,8,1,1,13,0,7,96,36,13,11,2020,6,4,2,35,19,1,4,2,10,4
482968,1,1,39,1,1,11,20,20,8,0,1,0,1,0,1,998,999,999,0,4,2,4,1,8,1,14,13,0,103,96,0,11,11,2020,4,11,2,42,1,1,4,1,1,4
482969,1,1,18,1,1,11,20,20,0,0,1,0,0,0,1,998,999,999,0,0,2,2,1,8,1,1,13,0,6,96,73,15,11,2020,1,15,2,33,1,1,4,1,1,4
482970,1,1,79,1,1,11,20,8,8,0,1,0,1,0,1,998,999,999,0,0,2,2,1,8,6,1,12,0,7,0,0,9,11,2020,2,3,2,42,1,1,3,2,1,4
482971,1,1,25,1,1,11,99,98,8,0,2,0,0,0,1,998,999,999,1,3,6,1,1,1,1,1,13,1,13,96,0,24,10,2020,7,3,2,33,5,1,8,3,1,4
482972,1,1,27,1,1,11,20,20,0,0,1,0,1,0,1,998,66,175,2,5,3,3,2,1,1,14,51,0,80,96,28,4,11,2020,4,22,2,12,1,1,1,2,1,4
482973,1,1,999,1,1,11,3,9,8,0,4,0,1,0,1,998,999,999,0,0,3,4,1,8,1,1,50,0,7,93,6,13,11,2020,6,21,2,45,1,1,1,3,1,4
482974,1,1,51,2,1,11,3,20,8,0,1,0,0,0,1,998,999,999,0,0,2,2,1,8,1,14,80,0,7,96,0,6,11,2020,6,19,2,8,1,1,1,2,1,0
482975,1,1,25,1,1,11,99,8,8,0,1,0,2,0,1,998,999,999,0,0,6,1,8,8,1,1,54,0,13,96,50,13,11,2020,6,17,2,12,3,3,1,1,1,4
482976,1,1,62,1,1,11,3,20,8,0,1,1,1,0,1,998,999,999,99,0,5,3,1,8,1,1,80,0,60,96,0,11,11,2020,4,5,2,8,1,1,1,2,1,0
482978,1,1,42,1,1,11,3,8,8,0,5,0,2,0,1,998,999,999,0,0,0,0,0,0,0,1,17,0,7,93,6,14,11,2020,7,20,2,12,8,1,1,3,1,0
482979,1,1,25,1,1,11,20,8,8,0,1,0,1,0,1,998,999,999,0,0,3,4,1,8,1,10,13,0,13,96,48,14,11,2020,7,18,2,33,19,1,4,3,1,4
482980,1,1,30,1,1,11,3,20,8,0,1,0,1,0,1,998,999,999,0,0,3,3,1,8,1,1,13,0,3,0,0,14,11,2020,7,2,2,43,1,1,4,3,1,4
482981,1,1,31,2,1,11,99,9,1,0,3,0,2,0,1,998,999,999,0,0,3,5,1,8,1,1,12,1,7,96,0,6,11,2020,6,2,2,25,19,1,3,2,1,4
482983,1,1,27,1,1,11,3,20,8,0,4,0,0,0,1,998,999,999,0,5,2,2,1,8,1,1,6,0,13,96,37,5,11,2020,5,11,2,38,1,1,4,1,1,2
482984,1,1,37,1,1,11,20,20,8,0,3,0,1,0,1,998,999,999,0,0,1,2,1,8,1,14,10,0,13,96,28,4,2,2020,3,17,2,12,1,1,1,1,1,4
482985,1,1,57,1,1,11,3,20,8,0,1,0,1,0,1,0,999,999,1,0,1,4,1,8,1,5,83,0,60,96,0,13,5,2020,4,7,2,9,2,2,1,1,10,0
482986,1,1,41,1,1,11,3,9,8,0,1,0,2,0,1,998,71,161,0,0,5,5,1,8,1,1,9,0,2,96,0,28,6,2020,1,11,2,24,1,1,4,1,1,4
482988,1,1,30,1,1,11,3,20,8,0,1,0,1,0,1,998,999,999,0,0,1,2,1,8,1,1,83,0,60,96,0,20,10,2020,3,5,2,15,1,1,1,3,10,0
482989,1,1,31,1,1,11,3,20,1,0,1,0,1,0,1,998,999,999,0,0,4,3,1,1,1,1,83,0,13,96,0,9,11,2020,2,5,2,9,8,1,1,3,10,0
482990,1,1,62,1,1,11,20,20,8,0,1,0,1,0,1,998,999,999,0,0,1,3,1,8,1,14,87,0,81,96,83,12,11,2020,5,7,2,11,1,1,1,1,1,4
482991,1,1,56,1,1,11,99,9,0,0,1,0,1,0,1,998,999,999,0,0,3,3,1,8,1,11,12,1,7,96,51,15,11,2020,1,1,2,39,1,1,4,3,1,4
482992,1,1,28,1,1,11,99,9,0,0,2,0,2,0,1,998,999,999,1,0,1,4,2,8,1,12,21,1,5,96,52,16,11,2020,2,18,2,12,1,1,1,3,1,4
482993,1,1,49,1,1,11,20,20,0,0,2,0,1,0,1,998,999,999,0,0,3,2,2,8,1,16,8,1,81,96,0,12,11,2020,5,10,2,1,5,1,10,1,1,4
482994,1,1,999,1,1,11,99,99,8,0,99,1,9,0,1,998,999,999,99,0,1,5,1,8,1,1,83,0,60,96,0,11,11,2020,4,18,2,9,3,2,1,3,1,0
482995,1,1,29,2,1,11,3,20,8,0,1,0,2,0,1,998,999,999,0,0,5,5,1,8,1,1,80,0,7,96,0,17,11,2020,3,18,2,8,1,1,1,3,1,0
482997,1,1,33,1,1,11,3,20,8,0,2,0,1,0,1,998,999,999,0,0,5,5,1,8,1,1,10,1,60,3,91,1,11,2020,1,2,2,12,1,1,1,2,1,0
483000,1,1,24,1,1,11,20,9,8,0,1,0,2,0,1,998,999,999,1,5,1,2,1,8,1,1,8,0,13,93,6,21,10,2020,4,3,2,30,1,1,4,3,1,4
483002,1,1,999,9,1,11,99,98,8,0,99,1,9,99,1,998,999,999,99,5,1,2,1,8,1,1,80,0,999,96,0,6,11,2020,6,23,2,8,1,1,1,3,1,9
483003,1,1,20,1,1,11,3,20,8,0,1,0,0,6,1,998,999,999,0,3,3,2,1,8,1,1,50,0,66,96,84,11,11,2020,4,7,2,12,1,1,1,1,1,0
483004,1,1,53,1,1,11,20,20,8,0,1,0,1,0,1,998,999,999,0,0,3,2,1,8,1,1,98,0,94,96,0,15,10,2020,5,9,2,54,1,1,1,1,10,4
483005,1,1,44,1,1,11,20,20,0,0,1,0,2,0,1,998,999,999,0,0,2,4,1,1,1,99,19,0,12,96,39,11,11,2020,4,7,2,12,2,2,1,1,1,4
483010,1,1,46,2,1,11,99,8,8,0,1,0,1,0,1,998,999,999,0,0,3,3,1,8,1,15,11,0,13,96,27,31,10,2020,7,19,2,12,1,1,1,3,1,4
483011,1,1,18,2,1,11,20,20,8,0,3,0,2,0,1,10,999,999,0,0,2,2,1,8,1,1,98,0,13,96,22,9,11,2020,2,3,2,5,1,1,1,2,1,0
483012,1,1,16,1,1,11,3,9,8,0,1,0,3,1,1,998,999,999,0,0,4,2,1,8,1,1,19,0,60,96,39,11,11,2020,4,10,2,12,2,3,1,1,1,0
483013,1,1,35,1,1,11,3,8,8,0,1,0,1,0,1,998,999,999,0,0,3,5,2,8,1,1,54,1,60,96,91,16,11,2020,2,2,2,12,1,1,1,3,1,1
483014,1,1,999,9,1,11,99,99,8,0,99,1,9,99,1,998,999,999,99,0,4,2,2,8,99,1,80,0,999,96,28,11,11,2020,4,9,2,8,1,1,1,9,99,9
483015,1,1,51,1,1,11,20,9,8,0,1,0,2,0,1,998,999,999,0,0,2,3,2,8,1,1,54,0,13,96,50,15,11,2020,1,1,2,12,1,1,1,3,1,4
483016,1,1,20,1,1,11,99,9,8,0,1,0,2,0,1,998,999,999,0,0,1,2,1,8,1,14,10,1,13,96,51,7,11,2020,7,3,2,12,1,1,1,2,1,4
483018,1,1,62,1,1,11,20,9,0,0,1,0,2,0,1,998,69,185,0,0,3,5,1,8,1,1,8,0,5,0,0,19,11,2020,5,11,2,21,19,1,10,1,1,4
483019,1,1,31,1,1,11,20,20,8,0,1,0,0,0,1,998,999,999,0,0,1,2,1,8,1,6,10,0,7,93,33,15,11,2020,1,18,2,12,1,1,1,2,1,1
483020,1,1,54,2,1,11,3,20,8,0,1,0,0,0,1,998,999,999,0,0,1,2,1,8,1,1,80,0,60,96,0,15,11,2020,1,20,2,8,1,1,1,2,1,0
483024,1,1,19,2,1,11,3,8,8,0,1,0,2,0,1,998,999,999,0,0,3,3,3,8,1,1,12,0,7,96,0,19,11,2020,5,3,2,52,19,1,3,2,1,4
483025,1,1,36,1,1,11,3,20,0,0,3,0,2,0,1,998,999,999,0,0,2,4,1,1,1,10,80,0,60,96,0,18,11,2020,4,16,2,8,3,2,1,1,1,0
483027,1,1,38,1,1,11,3,20,8,0,1,0,1,0,1,998,999,999,0,4,3,4,2,8,1,1,51,1,60,96,0,20,11,2020,6,1,2,12,18,1,1,3,1,0