ST_CASE,VEH_NO,PER_NO,AGE,SEX,PER_TYP,SEAT_POS,REST_USE,AIR_BAG,DRUGS,LOCATION,NUMOCCS,HIT_RUN,OWNER,V_CONFIG,HAZ_INV,TRAV_SP,DR_HGT,DR_WGT,PREV_SPD,SPEEDREL,VTRAFWAY,VNUM_LAN,VPROFILE,VPAVETYP,VSURCOND,P_CRASH1,P_CRASH2,DR_DRINK,VPICBODYCLASS,DRDISTRACT,DRIVERRF,DAY,MONTH,YEAR,DAY_WEEK,HOUR,RUR_URB,HARM_EV,RELJCT2,TYP_INT,REL_ROAD,LGT_COND,WEATHER,INJ_SEV
483028,1,1,28,1,1,11,99,99,8,0,99,1,2,0,1,998,999,999,1,0,5,7,2,8,1,1,80,0,60,96,0,19,11,2020,5,22,2,8,1,1,1,3,1,9
483030,1,1,30,1,1,11,99,20,8,0,2,1,2,0,1,998,999,999,0,5,5,5,1,8,1,1,80,0,7,96,0,20,11,2020,6,23,2,8,1,1,1,3,1,0
483033,1,1,53,1,1,11,3,20,8,0,3,0,1,0,1,998,999,999,0,0,5,5,1,8,1,1,82,0,13,96,0,13,11,2020,6,21,2,8,1,1,1,3,1,0
483034,1,1,43,1,1,11,3,20,8,0,2,0,2,0,1,998,70,999,0,0,1,4,1,8,1,1,80,0,60,96,89,14,11,2020,7,18,2,8,1,1,1,3,1,0
483037,1,1,34,1,1,11,3,8,8,0,1,0,1,0,1,998,999,999,1,0,1,4,1,8,1,1,66,1,60,96,60,7,11,2020,7,3,2,12,2,2,1,3,1,2
483038,1,1,37,1,1,11,3,20,8,0,1,0,2,0,1,998,999,999,2,0,5,5,1,8,1,11,15,0,13,96,38,15,11,2020,1,23,2,12,8,1,1,3,1,0
483039,1,1,21,1,1,11,1,20,1,0,2,0,3,1,1,998,999,999,0,5,3,4,3,1,1,1,51,0,63,96,0,19,11,2020,5,11,2,12,18,1,1,1,1,4
483040,1,1,37,1,1,11,20,8,8,0,1,0,1,0,1,998,999,999,0,0,5,5,1,8,1,1,10,0,13,96,28,18,11,2020,4,10,2,12,1,1,1,1,1,4
483041,1,1,999,9,1,11,99,99,8,0,99,1,9,99,1,998,999,999,99,0,1,2,1,8,1,1,80,0,999,96,0,20,11,2020,6,18,2,8,1,1,1,2,1,9
483042,1,1,28,1,1,11,20,8,8,0,1,0,0,0,1,998,999,999,0,5,2,2,1,8,1,14,12,0,7,96,0,21,11,2020,7,2,2,21,19,1,3,2,1,4
483044,1,1,26,2,1,11,3,20,8,0,1,0,1,0,1,998,999,999,0,0,5,5,1,8,1,11,80,0,5,96,0,14,11,2020,7,18,2,8,3,2,1,2,10,0
483046,1,1,17,1,1,11,20,20,8,0,1,0,0,0,1,998,999,999,0,0,1,2,1,2,1,99,19,0,69,96,39,15,11,2020,1,11,2,12,2,2,1,1,1,4
483048,1,1,48,1,1,11,3,20,8,0,1,0,3,6,1,998,999,999,0,0,3,4,1,8,1,15,80,0,66,96,0,21,10,2020,4,3,2,8,18,1,1,3,1,0
483050,1,1,41,1,1,11,20,9,8,0,1,0,2,0,1,998,999,999,2,4,4,3,1,8,1,1,8,0,7,0,0,18,11,2020,4,19,2,21,1,1,4,3,1,4
483051,1,1,26,1,1,11,20,9,8,0,1,0,0,0,1,998,999,999,0,0,5,5,1,8,1,1,10,0,60,96,28,10,11,2020,3,16,2,12,1,1,1,1,1,3
483054,1,1,20,1,1,11,20,9,1,0,2,0,0,0,1,998,999,999,0,0,2,2,1,8,1,1,13,0,60,96,0,11,11,2020,4,4,2,30,19,1,10,3,1,4
483055,1,1,23,1,1,11,20,9,0,0,1,0,2,0,1,998,999,999,0,0,2,2,1,1,1,1,13,1,7,96,0,18,11,2020,4,21,2,42,1,1,4,3,1,4
483057,1,1,19,2,1,11,3,8,8,0,2,0,2,0,1,998,999,999,0,0,1,4,8,8,1,1,17,0,13,96,39,24,10,2020,7,0,2,12,2,2,1,3,1,1
483058,1,1,27,2,1,11,3,20,8,0,2,0,2,0,1,998,999,999,0,0,5,7,1,2,1,1,80,0,60,96,0,14,11,2020,7,18,2,8,1,1,1,3,1,0
483060,1,1,33,1,1,11,99,99,8,0,99,1,1,0,1,998,999,99,0,0,2,4,1,8,1,1,80,1,13,96,38,26,10,2020,2,2,2,8,3,2,1,3,10,9
483061,1,1,21,1,1,11,3,9,8,0,1,0,1,0,1,998,999,999,0,3,1,2,4,8,1,1,98,0,7,96,0,20,11,2020,6,4,2,44,1,1,1,2,1,4
483062,2,1,46,1,1,11,3,9,8,0,1,0,1,0,1,998,999,999,3,3,3,2,2,8,1,6,10,0,60,96,91,23,11,2020,2,6,2,14,1,1,2,3,10,0
483066,1,1,21,1,1,11,3,8,8,0,2,0,1,0,1,998,999,999,0,5,1,2,1,8,1,1,12,1,13,96,91,23,10,2020,6,3,2,30,1,1,4,3,1,0
483067,1,1,998,9,1,11,99,98,8,0,99,1,9,99,1,998,999,999,99,0,1,4,1,1,1,1,80,0,999,96,0,9,11,2020,2,18,2,8,1,1,1,2,1,9
483068,1,1,20,2,1,11,20,8,1,0,1,0,0,0,1,998,999,999,0,0,6,2,2,8,1,14,54,1,13,96,50,22,11,2020,1,2,2,12,20,1,1,3,1,4
483069,1,1,34,1,1,11,3,20,8,0,1,1,2,0,1,998,999,999,0,0,1,2,1,8,1,11,15,0,13,96,38,16,11,2020,2,13,2,12,2,7,1,1,1,0
483070,1,1,999,9,1,11,99,98,8,0,99,1,9,99,1,998,999,999,99,0,1,4,1,8,1,1,80,0,999,96,0,20,11,2020,6,20,2,8,3,2,1,2,1,9
483071,1,1,46,2,1,11,3,20,8,0,2,0,1,0,1,998,999,999,1,5,5,3,1,8,1,1,80,0,7,96,0,23,11,2020,2,23,2,8,1,1,1,3,1,0
483072,1,1,71,1,1,11,3,20,0,0,7,0,3,21,1,998,999,999,0,0,1,2,1,8,1,4,80,0,73,96,0,17,11,2020,3,7,2,8,3,3,1,1,1,0
483073,1,1,45,1,1,11,20,20,8,0,1,0,1,0,1,998,999,999,0,4,6,2,2,8,1,14,6,0,81,96,0,13,11,2020,6,2,2,25,5,1,4,3,10,4
483077,1,1,19,2,1,11,20,8,0,0,2,0,1,0,1,998,61,91,0,0,0,0,0,0,0,1,19,0,13,96,38,22,11,2020,1,13,2,12,8,1,1,1,1,4
483081,1,1,28,1,1,11,20,20,8,0,1,0,1,0,1,998,999,999,0,0,4,2,1,8,1,1,13,1,94,96,0,17,10,2020,7,0,2,33,3,3,4,2,1,4
483082,1,1,56,1,1,11,3,20,1,0,1,0,1,0,1,998,999,999,0,0,2,4,1,8,1,1,80,0,60,96,0,22,10,2020,5,4,2,8,1,1,1,2,1,0
483083,1,1,18,1,1,11,20,9,1,0,2,0,2,0,1,998,999,999,0,3,1,2,1,8,1,1,9,1,60,96,37,20,11,2020,6,2,2,42,1,1,4,2,1,3
483084,1,1,37,2,1,11,99,8,8,0,1,0,2,0,1,998,999,999,0,0,2,2,1,8,1,1,54,1,7,96,51,27,11,2020,6,18,2,12,1,1,1,3,1,4
483085,1,1,28,2,1,11,3,9,8,0,2,0,1,0,1,998,999,999,0,4,1,2,5,8,1,14,6,0,13,96,58,18,11,2020,4,9,2,12,1,1,1,1,1,4
483086,1,1,46,1,1,11,20,20,0,0,1,0,1,0,1,998,68,213,0,5,2,3,1,8,1,1,17,0,98,96,0,22,11,2020,1,4,2,12,8,1,1,3,1,4
483087,1,1,37,2,1,11,3,20,8,0,3,0,1,0,1,998,999,999,0,0,5,5,1,8,1,1,80,0,13,96,0,13,11,2020,6,22,2,8,2,2,1,3,1,0
483088,1,1,28,1,1,11,20,20,0,0,1,0,9,0,1,998,999,999,0,0,4,3,1,1,1,15,9,0,98,96,999,18,11,2020,4,20,2,1,1,1,1,3,1,4
483089,1,1,31,1,1,11,20,8,8,0,1,0,1,0,1,998,999,999,0,4,3,4,1,8,1,1,50,0,13,93,6,12,11,2020,5,0,2,14,1,1,2,3,1,4
483090,1,1,32,1,1,11,20,20,1,0,1,0,0,0,1,998,999,999,0,4,3,4,1,8,1,1,50,0,98,96,0,13,11,2020,6,8,2,12,1,1,1,1,1,4
483092,1,1,28,1,1,11,3,8,0,0,2,0,2,0,1,998,999,999,0,0,4,3,1,1,1,16,13,1,8,96,0,15,11,2020,1,9,2,33,1,1,4,1,1,4
483095,1,1,19,1,1,11,3,20,8,0,3,0,1,0,1,998,999,999,0,0,3,4,1,8,1,1,53,0,7,96,85,26,11,2020,5,21,2,20,19,1,8,3,1,2
483096,1,1,38,2,1,11,3,8,8,0,1,0,1,0,1,998,999,999,0,0,5,5,2,8,1,1,62,0,7,96,0,28,11,2020,7,8,2,12,1,1,1,1,10,3
483099,1,1,39,1,1,11,99,20,8,0,2,1,0,0,1,998,999,999,1,0,5,7,1,8,1,1,80,1,13,15,0,26,11,2020,5,19,2,8,1,1,1,2,1,0
483100,1,1,67,1,1,11,3,20,8,0,1,0,1,0,1,33,999,999,0,0,5,5,1,8,2,1,80,0,13,0,86,24,11,2020,3,20,2,8,1,1,1,3,2,0
483102,1,1,999,9,1,11,99,98,8,0,99,1,9,99,1,998,999,999,99,0,4,2,1,8,1,1,82,0,999,96,0,22,11,2020,1,20,2,8,1,1,1,2,1,9
483104,1,1,32,1,1,11,3,98,8,0,1,0,1,0,1,998,999,999,1,4,1,2,1,8,1,1,6,1,13,96,51,25,11,2020,4,22,2,42,1,1,4,2,1,4
483105,1,1,19,2,1,11,20,9,8,0,2,0,2,0,1,998,999,999,0,5,3,3,1,8,2,3,9,0,7,96,0,29,11,2020,1,2,2,42,1,1,3,3,2,4
483107,1,1,62,1,1,11,3,20,8,0,1,0,0,0,1,998,999,999,0,3,1,2,1,8,1,1,83,0,60,96,0,13,11,2020,6,18,2,9,1,1,1,2,10,0
483108,1,1,43,1,1,11,3,9,8,0,1,0,1,0,1,998,999,999,0,0,5,7,1,8,1,1,67,0,60,93,39,18,11,2020,4,14,2,12,2,3,1,1,1,0
483109,1,1,32,2,1,11,3,9,0,0,2,0,0,0,1,998,999,999,0,0,1,2,1,8,1,1,17,0,7,96,39,25,11,2020,4,17,2,10,6,1,1,1,1,3
483110,1,1,51,2,1,11,3,8,8,0,1,0,1,0,1,998,999,999,1,0,1,3,1,8,1,1,17,0,13,93,39,16,11,2020,2,15,2,12,2,2,1,1,1,2
483111,1,1,35,1,1,11,3,20,8,0,2,0,2,0,1,998,999,999,0,5,2,3,1,8,1,14,17,0,7,93,39,27,11,2020,6,21,2,12,2,2,1,3,1,2
483112,1,1,44,1,1,11,3,8,1,0,1,0,2,0,1,998,999,999,0,0,1,2,1,8,2,1,13,0,7,96,0,27,11,2020,6,10,2,30,1,1,4,1,2,4
483114,1,1,41,1,1,11,3,9,1,0,1,0,2,0,1,70,999,999,0,0,3,1,2,8,1,1,13,0,13,96,0,23,11,2020,2,15,2,20,1,1,4,1,10,4
483116,1,1,26,2,1,11,20,9,1,0,1,0,2,0,1,998,999,999,0,4,1,2,2,8,1,99,9,1,7,96,0,25,11,2020,4,5,2,1,1,1,1,2,1,4
483117,1,1,21,1,1,11,20,8,8,0,1,0,2,0,1,998,999,999,0,3,2,2,1,8,1,14,9,0,60,96,0,28,11,2020,7,0,2,38,1,1,5,2,1,4
483120,1,1,70,1,1,11,3,9,8,0,1,0,1,0,1,998,999,999,0,0,4,1,1,8,1,1,12,0,60,96,0,11,11,2020,4,5,2,18,1,1,5,3,1,4
483121,1,1,30,2,1,11,3,9,1,0,2,0,2,0,1,998,999,999,0,3,1,2,1,8,1,6,10,0,13,96,51,22,11,2020,1,9,2,12,2,2,1,1,10,4
483123,1,1,37,1,1,11,3,8,1,0,1,0,1,0,1,998,999,999,0,5,3,4,1,8,1,14,13,1,13,96,0,1,12,2020,3,21,2,8,19,1,2,3,1,4
483124,1,1,49,1,1,11,20,20,8,0,2,0,4,0,1,998,69,200,1,0,3,3,1,8,1,1,12,0,7,96,0,22,11,2020,1,12,2,25,1,1,3,1,1,4
483126,1,1,52,1,1,11,3,20,8,0,1,0,1,0,1,998,999,999,0,0,2,1,1,8,1,1,12,0,2,96,999,26,11,2020,5,2,2,38,1,1,5,2,10,4
483127,1,1,52,2,1,11,3,9,8,0,1,0,1,0,1,998,999,999,0,0,5,5,3,8,1,1,80,0,7,96,0,2,12,2020,4,5,2,8,1,1,1,3,10,2
483129,1,1,20,2,1,11,20,20,8,0,1,0,1,0,1,998,999,999,1,5,5,7,1,8,1,1,8,0,6,96,6,24,11,2020,3,20,2,33,1,1,4,3,1,4
483133,1,1,77,2,1,11,3,8,8,0,1,0,2,0,1,998,999,999,0,0,4,3,8,8,1,1,17,0,7,96,39,26,11,2020,5,0,2,12,2,2,1,3,1,4
483135,1,1,34,1,1,11,99,20,8,0,1,1,1,0,1,998,999,999,0,4,3,2,1,8,1,1,83,1,13,96,74,2,12,2020,4,0,2,9,1,1,1,2,10,0
483140,1,1,64,1,1,11,20,20,8,0,1,0,1,0,1,998,999,999,0,5,3,2,1,8,1,14,50,0,60,96,85,16,11,2020,2,10,2,1,19,1,3,1,1,4
483142,1,1,28,2,1,11,20,8,8,0,1,0,0,0,1,998,64,156,1,3,3,4,1,8,1,15,12,1,13,96,58,28,11,2020,7,2,2,1,18,1,1,2,1,4
483143,1,1,58,1,1,11,3,9,8,0,1,0,3,0,1,998,999,999,0,0,3,3,1,8,1,15,8,0,7,0,0,2,12,2020,4,12,2,24,19,1,10,1,1,4
483144,1,1,35,1,1,11,20,20,0,0,1,0,1,0,1,998,999,999,0,5,2,2,2,8,1,15,51,1,81,96,0,7,11,2020,7,21,2,12,1,1,1,3,1,4
483145,1,1,999,9,1,11,99,98,8,0,99,1,9,99,1,998,999,999,99,0,3,3,1,8,1,99,19,0,999,96,0,21,11,2020,7,23,2,12,1,1,1,3,1,9
483146,1,1,63,1,1,11,3,20,8,0,1,0,1,0,1,998,999,999,0,0,5,5,1,8,1,1,80,0,7,96,0,2,12,2020,4,17,2,8,1,1,1,2,10,0
483147,1,1,54,1,1,11,3,20,8,0,2,0,1,0,1,998,999,999,0,0,5,5,1,8,1,1,80,0,95,96,0,16,11,2020,2,18,2,8,1,1,1,3,1,0
483148,1,1,21,1,1,11,3,9,8,0,1,0,2,0,1,74,999,999,1,0,5,5,2,8,1,1,10,0,13,96,999,1,12,2020,3,18,2,12,1,1,1,2,1,4
483149,1,1,24,1,1,11,3,9,0,0,1,0,2,0,1,998,999,999,1,5,4,3,1,8,1,11,13,1,13,96,91,13,11,2020,6,23,2,8,3,2,4,3,1,0
483150,1,1,88,1,1,11,98,98,0,0,1,0,1,0,1,998,68,175,0,0,1,2,1,8,1,13,98,0,7,96,59,1,12,2020,3,12,2,5,1,1,1,1,1,4
483152,1,1,62,2,1,11,3,8,8,0,1,0,1,0,1,998,999,999,0,0,1,4,8,8,98,99,19,0,13,93,39,18,11,2020,4,8,2,12,2,2,1,1,1,4
483157,1,1,28,1,1,11,3,20,8,0,1,0,0,1,1,998,999,999,1,0,2,3,1,8,1,1,80,0,62,96,0,3,12,2020,5,18,2,8,1,1,1,3,1,0
483158,1,1,40,1,1,11,3,8,8,0,1,0,0,0,1,998,999,999,0,5,3,3,1,2,1,14,13,0,60,96,0,4,12,2020,6,5,2,52,19,1,10,2,1,4
483159,1,1,26,1,1,11,3,8,8,0,3,0,2,0,1,998,999,999,0,0,1,2,1,8,1,1,80,0,7,96,21,26,11,2020,5,18,2,8,1,1,1,3,1,2
483161,1,1,56,1,1,11,20,9,8,0,1,0,2,0,1,998,999,999,99,4,3,4,1,8,1,15,9,0,13,93,27,29,11,2020,1,18,2,25,1,1,10,3,1,4
483165,1,1,39,1,1,11,3,20,8,0,1,0,0,0,1,998,999,999,0,0,2,3,1,1,1,1,83,0,7,96,0,1,12,2020,3,20,2,15,1,1,1,2,1,0
483166,1,1,34,1,1,11,20,20,0,0,1,0,0,0,1,998,999,999,0,0,3,3,1,8,1,6,12,1,80,96,34,5,12,2020,7,14,2,24,19,1,3,1,1,4
483167,1,1,999,9,1,11,99,98,8,0,99,1,9,99,1,998,999,999,99,0,2,3,1,8,1,1,80,0,999,96,0,21,11,2020,7,22,2,8,1,1,1,3,1,9
483168,1,1,73,1,1,11,3,8,8,0,1,0,1,0,1,998,999,999,0,0,3,2,1,8,2,99,19,0,60,96,0,28,11,2020,7,13,2,21,19,1,10,1,2,4
483170,1,1,60,1,1,11,3,20,8,0,1,0,2,0,1,998,999,999,0,0,1,2,8,8,1,1,8,0,7,0,0,5,12,2020,7,9,2,41,3,2,5,1,10,4
483171,1,1,21,1,1,11,3,9,8,0,1,0,1,0,1,998,72,200,0,0,2,3,1,8,1,1,62,0,13,96,23,19,11,2020,5,19,2,12,2,3,1,2,1,0
483172,1,1,31,1,1,11,3,20,8,0,1,0,1,0,1,998,999,999,0,0,3,4,1,2,1,1,80,0,13,96,0,30,11,2020,2,22,2,8,1,1,1,3,1,0
483173,1,1,31,1,1,11,20,8,8,0,1,0,3,0,1,998,999,999,1,0,5,5,1,8,2,1,13,1,13,96,0,28,11,2020,7,2,2,30,1,1,4,2,2,4
483174,1,1,31,1,1,11,3,8,8,0,1,0,1,0,1,998,999,999,1,4,1,2,6,8,1,14,6,0,60,96,0,3,12,2020,5,22,2,42,1,1,4,2,10,4
483175,1,1,24,1,1,11,20,20,8,0,1,0,0,0,1,998,999,999,0,0,3,3,1,8,1,1,9,0,60,93,8,2,12,2020,4,14,2,24,1,1,3,1,1,4
483178,1,1,20,1,1,11,99,8,8,0,2,0,1,0,1,998,999,999,0,4,1,2,1,8,1,14,50,1,60,96,0,2,12,2020,4,23,2,14,1,1,7,2,1,2
483182,1,1,69,1,1,11,3,8,8,0,2,0,2,0,1,998,999,999,0,0,2,1,8,8,1,11,15,0,13,96,48,1,12,2020,3,11,2,12,2,3,1,1,1,4
483184,1,1,32,1,1,11,99,20,8,0,1,1,1,0,1,998,999,999,0,0,4,2,1,8,1,1,80,1,13,96,0,4,12,2020,6,22,2,8,18,1,1,6,1,9
483185,1,1,19,1,1,11,20,99,8,0,1,0,2,0,1,998,999,999,1,0,1,4,8,8,98,4,17,0,60,93,38,12,11,2020,5,13,2,12,2,2,1,1,1,4
483187,1,1,62,1,1,11,3,20,8,0,1,0,1,0,1,998,999,999,0,0,3,3,1,8,1,1,80,0,13,96,0,4,12,2020,6,18,2,8,1,1,1,3,1,0
483188,1,1,85,1,1,11,20,8,8,0,1,0,2,0,1,998,999,999,0,0,5,7,1,8,1,1,8,0,60,96,51,24,11,2020,3,14,2,53,1,1,4,1,10,4
483190,1,1,25,2,1,11,3,8,8,0,1,0,2,0,1,998,999,999,1,0,5,7,1,8,2,1,62,0,13,96,0,2,12,2020,4,9,2,12,1,1,1,1,2,1
483191,1,1,53,2,1,11,3,20,8,0,3,0,0,0,1,998,999,999,1,0,1,4,2,8,1,1,80,0,7,96,0,2,12,2020,4,19,2,8,1,1,1,3,1,0
483192,1,1,53,1,1,11,3,20,8,0,1,0,0,0,1,998,999,999,1,0,3,5,1,1,1,1,80,0,7,96,0,6,12,2020,1,22,2,8,1,1,1,3,1,0
483193,1,1,29,1,1,11,20,20,1,0,1,0,1,0,1,998,999,999,0,0,5,5,1,8,1,1,13,1,80,96,6,25,11,2020,4,23,2,53,1,1,4,3,1,4
483194,1,1,34,1,1,11,3,9,8,0,1,0,2,1,1,998,999,999,2,4,3,4,1,8,1,15,50,0,63,96,0,7,12,2020,2,8,2,12,1,1,1,1,1,0
483195,1,1,42,1,1,11,20,8,8,0,2,0,2,0,1,68,999,999,0,3,1,4,1,8,1,1,62,1,13,96,0,5,12,2020,7,18,2,12,2,3,1,3,1,4
483197,1,1,25,1,1,11,99,20,8,0,1,1,2,0,1,998,999,999,3,0,1,2,1,8,1,4,98,0,7,96,91,28,11,2020,7,5,2,8,1,1,1,2,1,0
483198,1,1,49,1,1,11,3,20,8,0,1,0,2,0,1,998,999,999,0,0,2,3,1,8,1,1,80,0,2,96,0,29,11,2020,1,19,2,8,1,1,1,3,10,0
483200,1,1,71,1,1,11,20,20,8,0,2,0,1,0,1,998,999,999,1,0,1,2,8,8,98,1,17,0,13,96,38,20,11,2020,6,6,2,12,2,3,1,4,10,3
483201,1,1,43,1,1,11,3,20,8,0,1,0,1,0,1,998,999,999,0,0,3,2,1,8,1,1,80,0,60,96,0,5,12,2020,7,18,2,8,18,1,1,5,1,0
483203,1,1,30,1,1,11,3,20,8,0,2,0,2,0,1,998,999,999,0,0,6,2,2,8,1,14,80,0,13,96,0,29,11,2020,1,23,2,8,20,1,1,2,1,0
483205,1,1,32,1,1,11,99,20,8,0,1,1,1,0,1,998,999,999,2,0,5,7,1,8,1,1,80,0,60,96,0,1,12,2020,3,3,2,8,1,1,1,2,1,0
483206,1,1,999,9,1,11,99,99,8,0,99,1,9,99,1,998,999,999,99,0,2,2,1,8,1,1,80,0,999,96,0,7,12,2020,2,4,2,8,3,2,1,2,1,9
483207,1,1,999,9,1,11,99,99,8,0,99,1,9,99,1,998,999,999,99,0,1,3,1,8,1,1,53,0,999,96,0,28,11,2020,7,3,2,12,1,1,1,3,1,9
483208,1,1,59,2,1,11,3,8,8,0,1,0,1,0,1,75,57,187,0,3,5,5,2,8,1,14,13,0,13,93,6,22,11,2020,1,7,2,59,1,1,4,1,10,4
483209,1,1,23,1,1,11,3,20,8,0,1,0,1,0,1,998,999,999,0,0,3,4,1,1,1,1,80,0,60,96,0,19,11,2020,5,5,2,8,1,1,1,3,10,0
483210,1,1,75,2,1,11,3,9,8,0,2,0,1,0,1,998,999,999,0,0,5,5,1,8,1,11,15,0,7,96,48,5,12,2020,7,19,2,12,2,3,1,3,1,1
483212,1,1,17,1,1,11,3,8,8,0,5,0,2,0,1,65,999,999,0,3,4,3,2,8,1,1,6,0,7,96,91,6,12,2020,1,13,2,33,1,1,4,1,1,0
483214,1,1,67,1,1,11,20,9,8,0,1,0,2,0,1,998,999,999,1,0,1,2,1,8,1,1,13,1,60,96,0,29,11,2020,1,19,2,59,1,1,4,2,1,4
483218,1,1,35,1,1,11,3,20,8,0,1,0,3,4,1,998,999,999,0,0,2,4,1,8,1,11,15,0,63,96,38,8,12,2020,3,11,2,12,2,2,1,1,1,0
483221,1,1,28,1,1,11,20,99,8,0,2,0,2,0,1,998,999,999,0,3,2,2,1,8,1,1,13,0,13,96,0,22,11,2020,1,2,2,33,1,1,4,3,1,3
483225,1,1,27,2,1,11,3,8,8,0,2,0,1,0,1,998,999,999,0,3,3,5,1,8,1,15,10,1,13,96,91,24,11,2020,3,20,2,26,1,1,1,3,1,1
483226,1,1,80,1,1,11,99,9,8,0,1,0,1,0,1,998,999,999,0,0,1,2,8,8,1,1,8,0,7,0,0,7,12,2020,2,11,2,42,3,3,5,1,1,4
483227,1,1,26,1,1,11,3,9,0,0,2,0,2,0,1,998,999,999,0,5,2,3,1,1,1,1,66,0,7,96,16,21,11,2020,7,15,2,12,2,2,1,1,1,1
483228,1,1,48,2,1,11,3,20,8,0,1,0,2,0,1,36,999,999,0,0,2,2,1,8,1,1,80,0,7,0,0,4,12,2020,6,6,2,8,3,3,1,2,1,0
483230,1,1,28,1,1,11,20,8,8,0,1,0,2,0,1,998,999,999,0,0,5,5,1,8,2,1,17,1,60,96,39,28,11,2020,7,23,2,12,2,2,1,2,2,2
483234,1,1,17,1,1,11,3,20,8,0,2,0,2,0,1,998,999,999,0,0,4,3,1,8,1,15,11,0,7,96,27,9,12,2020,4,17,2,12,1,1,1,1,1,0
483236,1,1,74,2,1,11,3,20,8,0,1,0,1,0,1,998,999,999,0,0,1,3,8,8,98,4,17,0,7,96,38,4,12,2020,6,17,2,12,2,2,1,5,1,0
483237,1,1,999,9,1,11,99,99,8,0,99,1,9,99,1,998,999,999,99,4,5,5,1,8,2,1,80,0,999,96,0,5,12,2020,7,22,2,8,1,1,1,3,2,9
483239,1,1,999,9,1,11,98,98,8,0,99,1,9,99,1,998,999,999,99,0,1,2,1,8,1,99,80,0,999,93,6,10,12,2020,5,19,2,8,1,1,1,3,1,9
483240,1,1,30,2,1,11,3,20,8,0,1,0,0,0,1,998,999,999,0,0,4,2,1,8,1,1,80,0,13,96,0,10,12,2020,5,5,2,8,1,1,1,2,1,0
483241,1,1,85,1,1,11,3,9,8,0,1,0,1,0,1,998,77,261,0,0,2,2,1,1,1,1,8,0,60,0,0,10,12,2020,5,8,2,19,1,1,5,1,1,4
483242,1,1,50,1,1,11,3,20,0,0,1,0,1,0,1,998,999,999,1,0,5,5,1,8,1,1,80,1,9,96,91,29,11,2020,1,17,2,8,3,3,1,1,1,0
483244,1,1,61,1,1,11,20,8,8,0,1,0,2,0,1,998,999,999,1,4,3,3,1,8,2,1,50,0,7,15,6,13,12,2020,1,18,2,12,1,1,1,3,2,4
483251,1,1,59,1,1,11,3,20,8,0,1,0,2,0,1,998,999,999,0,0,5,5,1,8,1,1,80,0,13,96,0,7,12,2020,2,5,2,8,3,3,1,3,1,0
483253,1,1,51,1,1,11,3,20,8,0,2,0,0,0,1,998,999,999,0,0,3,3,1,8,1,1,80,0,13,96,0,14,12,2020,2,3,2,8,1,1,1,2,1,0
483258,1,1,19,1,1,11,3,20,8,0,1,0,2,0,1,998,999,999,0,4,1,2,2,8,2,1,9,0,60,96,0,13,12,2020,1,17,2,12,1,1,1,3,10,4
483260,1,1,41,2,1,11,3,20,8,0,1,0,2,0,1,998,999,999,0,0,2,4,1,8,1,1,80,0,13,96,0,30,11,2020,2,22,2,8,3,2,1,3,1,0
483261,1,1,29,1,1,11,99,99,0,0,1,0,9,0,1,998,999,999,0,4,2,2,1,8,1,1,9,1,13,96,0,20,10,2020,3,22,2,30,1,1,4,2,1,4
483262,1,1,26,1,1,11,3,20,8,0,1,0,2,0,1,998,999,999,0,0,3,5,1,8,1,17,80,0,60,0,86,7,12,2020,2,5,2,8,18,1,1,3,1,0
483263,1,1,29,1,1,11,20,20,1,0,3,0,0,0,1,998,73,218,0,0,2,2,1,8,1,1,13,0,7,96,0,29,11,2020,1,15,2,93,1,1,5,1,10,3
483264,1,1,33,1,1,11,3,20,8,0,4,0,1,0,1,998,999,999,0,0,3,4,1,1,1,1,80,0,60,96,0,22,11,2020,1,15,2,8,1,1,1,1,1,0
483265,1,1,22,1,1,11,3,20,8,0,1,0,3,6,1,998,67,155,1,0,2,2,1,8,1,1,83,0,64,96,0,7,12,2020,2,19,2,9,1,1,1,2,1,0
483266,1,1,48,1,1,11,3,8,0,0,1,0,2,0,1,998,69,143,0,3,5,5,1,8,1,1,10,0,5,96,28,8,12,2020,3,14,2,12,1,1,1,1,1,4
483267,1,1,64,1,1,11,3,20,8,0,1,0,1,0,1,998,71,185,1,0,5,7,1,8,1,1,83,0,2,96,0,9,12,2020,4,19,2,9,1,1,1,2,1,0
483268,1,1,46,1,1,11,3,9,1,0,1,0,2,0,1,998,999,999,0,0,2,2,1,8,1,1,54,0,60,96,51,9,12,2020,4,19,2,12,1,1,1,3,1,4
483269,1,1,32,1,1,11,20,20,0,0,2,0,1,0,1,998,999,999,0,5,5,7,1,8,1,1,12,1,3,96,0,11,12,2020,6,1,2,1,1,1,98,2,10,4