ST_CASE,VEH_NO,PER_NO,AGE,SEX,PER_TYP,SEAT_POS,REST_USE,AIR_BAG,DRUGS,LOCATION,NUMOCCS,HIT_RUN,OWNER,V_CONFIG,HAZ_INV,TRAV_SP,DR_HGT,DR_WGT,PREV_SPD,SPEEDREL,VTRAFWAY,VNUM_LAN,VPROFILE,VPAVETYP,VSURCOND,P_CRASH1,P_CRASH2,DR_DRINK,VPICBODYCLASS,DRDISTRACT,DRIVERRF,DAY,MONTH,YEAR,DAY_WEEK,HOUR,RUR_URB,HARM_EV,RELJCT2,TYP_INT,REL_ROAD,LGT_COND,WEATHER,INJ_SEV
483271,1,1,17,1,1,11,3,20,8,0,2,0,2,0,1,998,999,999,0,0,5,7,1,8,2,1,80,0,60,96,73,13,12,2020,1,17,2,8,1,1,1,2,10,0
483272,1,1,25,1,1,11,20,8,8,0,1,0,1,0,1,998,999,999,1,5,1,2,1,8,1,1,12,0,13,96,999,21,11,2020,7,13,2,43,1,1,5,1,1,4
483274,1,1,999,9,1,11,99,99,8,0,99,1,9,99,1,998,999,999,99,0,1,4,1,8,1,1,80,0,999,96,0,24,11,2020,3,22,2,8,1,1,1,3,1,9
483279,1,1,41,1,1,11,20,20,8,0,2,0,0,0,1,998,999,999,2,5,3,2,1,8,1,1,12,0,80,96,0,25,8,2020,3,3,2,33,1,1,3,3,1,3
483280,1,1,47,1,1,11,20,20,8,0,1,0,0,0,1,998,999,999,0,0,3,2,2,8,1,14,6,0,80,96,37,8,11,2020,1,21,2,26,1,1,4,3,1,4
483281,1,1,64,1,1,11,3,8,0,0,1,0,1,0,1,998,69,183,0,0,1,2,8,8,98,1,66,1,3,96,0,21,11,2020,7,20,2,12,2,2,1,3,1,4
483282,1,1,56,1,1,11,20,8,1,0,1,0,1,0,1,998,999,999,0,0,4,3,1,8,1,1,13,0,5,96,0,28,11,2020,7,9,2,42,1,1,4,1,1,4
483283,1,1,31,2,1,11,3,20,8,0,1,0,1,0,1,35,999,999,0,0,2,4,1,8,1,1,83,0,13,96,52,8,12,2020,3,5,2,15,1,1,1,3,1,0
483285,1,1,58,1,1,11,20,9,8,0,1,0,0,0,1,998,68,149,0,4,2,2,1,8,2,1,6,0,13,96,87,13,12,2020,1,19,2,33,1,1,12,3,10,4
483287,1,1,44,1,1,11,20,20,8,0,1,0,0,0,1,998,999,999,1,5,2,3,1,8,1,1,6,0,7,0,0,8,12,2020,3,21,2,25,1,1,4,3,1,4
483289,1,1,35,2,1,11,3,8,8,0,1,0,1,0,1,998,999,999,0,0,2,4,1,8,2,1,17,1,8,96,91,12,12,2020,7,2,2,12,2,2,1,3,5,1
483290,1,1,77,1,1,11,99,8,0,0,1,0,1,0,1,998,999,999,0,4,1,2,1,8,1,1,8,0,7,0,0,14,12,2020,2,12,2,14,1,1,7,1,1,3
483292,1,1,41,1,1,11,3,9,8,0,4,0,1,0,1,998,999,999,4,0,3,4,3,8,1,1,50,0,60,96,89,12,12,2020,7,17,2,12,1,1,1,1,1,0
483293,1,1,28,1,1,11,3,8,8,0,1,0,1,0,1,998,999,999,1,0,2,2,1,8,1,15,54,0,60,96,50,8,12,2020,3,22,2,12,1,1,1,2,1,4
483295,1,1,51,1,1,11,3,8,8,0,1,0,1,0,1,998,999,999,1,0,3,3,1,8,2,15,11,0,7,96,27,9,11,2020,2,10,2,26,19,1,8,1,1,4
483296,1,1,85,2,1,11,3,9,8,0,2,0,2,0,1,998,999,999,0,0,2,4,1,8,1,11,15,0,13,96,38,10,12,2020,5,8,2,12,2,2,1,1,1,0
483297,1,1,999,9,1,11,99,98,8,0,99,1,9,99,1,998,999,999,99,0,1,2,1,8,1,99,80,0,999,96,0,15,12,2020,3,21,2,8,1,1,1,2,1,9
483298,1,1,26,1,1,11,3,8,8,0,3,0,1,0,1,998,999,999,0,4,3,3,1,8,1,1,50,0,8,96,26,12,12,2020,7,22,2,12,1,1,1,2,1,0
483299,1,1,37,1,1,11,1,20,8,0,1,0,1,0,1,998,999,999,1,0,2,3,2,8,1,1,80,0,3,96,0,9,12,2020,4,18,2,8,1,1,1,3,1,9
483304,1,1,50,1,1,11,3,8,8,0,3,0,3,0,1,998,72,999,0,4,3,3,1,8,1,1,51,0,7,96,0,9,12,2020,4,11,2,12,1,1,1,1,1,4
483305,1,1,35,1,1,11,20,99,8,0,1,0,3,6,1,998,999,999,0,4,3,3,3,8,1,1,50,0,66,96,54,9,12,2020,4,9,2,12,1,1,1,1,1,4
483307,1,1,47,1,1,11,3,8,8,0,1,0,1,0,1,998,999,999,0,3,1,2,1,8,1,1,68,0,13,96,0,13,12,2020,1,18,2,12,2,2,1,3,1,3
483308,1,1,22,1,1,11,20,20,8,0,1,0,0,0,1,998,999,999,0,4,5,5,1,8,1,1,90,1,3,96,81,11,12,2020,6,2,2,38,1,1,5,3,1,4
483309,1,1,999,9,1,11,99,99,8,0,99,1,9,99,1,998,999,999,99,0,5,5,1,1,1,1,80,0,999,96,0,9,12,2020,4,18,2,8,1,1,1,3,1,9
483310,1,1,49,1,1,11,99,9,8,0,99,1,1,0,1,998,999,999,0,0,5,7,1,2,1,1,80,0,7,96,0,12,12,2020,7,23,2,8,1,1,1,2,10,0
483311,1,1,37,2,1,11,3,20,8,0,1,0,2,0,1,998,999,999,0,0,4,3,1,8,1,1,80,0,60,96,0,25,11,2020,4,21,2,8,1,1,1,2,1,0
483312,1,1,27,2,1,11,20,20,8,0,1,0,2,0,1,998,999,999,1,0,2,2,1,1,1,1,65,0,7,96,0,15,12,2020,3,15,2,12,3,3,1,1,10,4
483313,1,1,67,2,1,11,3,8,8,0,1,0,0,0,1,998,999,999,0,0,3,3,1,8,1,1,80,0,5,96,0,16,12,2020,4,19,2,8,1,1,1,3,1,3
483314,1,1,44,1,1,11,3,8,0,0,1,0,3,0,1,998,68,233,1,0,4,2,1,8,1,1,50,0,7,93,6,8,12,2020,3,14,2,12,8,1,1,1,1,4
483317,1,1,59,1,1,11,3,20,8,0,1,0,1,0,1,998,999,999,0,0,5,5,1,8,1,1,80,0,60,96,0,11,12,2020,6,18,2,8,1,1,1,2,1,0
483322,1,1,15,2,1,11,20,8,1,0,2,0,2,0,1,998,999,999,0,0,2,2,1,1,1,1,12,0,13,3,6,10,12,2020,5,21,2,33,1,1,3,3,10,3
483323,1,1,27,2,1,11,3,20,8,0,1,0,2,0,1,998,999,999,0,0,2,4,1,1,1,1,80,1,13,96,0,18,12,2020,6,1,2,8,1,1,1,3,1,0
483324,1,1,37,1,1,11,3,20,8,0,3,0,2,0,1,998,999,999,0,0,3,3,1,8,1,1,80,0,13,96,0,12,12,2020,7,19,2,8,1,1,1,3,1,0
483326,1,1,21,1,1,11,3,20,8,0,1,1,2,0,1,998,999,999,0,0,5,5,1,8,1,1,80,0,7,93,6,23,11,2020,2,17,2,8,3,2,1,3,1,0
483328,1,1,47,1,1,11,3,9,1,0,1,0,0,0,1,55,999,999,0,3,1,2,1,8,1,1,17,0,13,96,39,14,12,2020,2,7,2,12,2,2,1,1,1,3
483330,1,1,29,1,1,11,20,20,1,0,1,0,1,0,1,998,999,999,0,4,6,2,1,8,2,10,6,1,60,96,87,23,11,2020,2,3,2,1,3,3,8,2,2,4
483333,1,1,50,1,1,11,3,20,8,0,1,0,1,0,1,998,75,277,0,4,4,3,1,8,1,1,13,1,60,96,58,18,12,2020,6,22,2,33,1,1,10,3,10,4
483335,1,1,998,9,1,11,99,98,8,0,99,1,9,99,1,998,999,999,99,0,3,3,1,8,1,1,80,0,999,96,0,20,12,2020,1,6,2,8,18,1,1,2,1,9
483339,1,1,55,1,1,11,3,20,8,0,2,0,1,0,1,998,999,999,0,0,2,3,1,8,1,1,80,0,60,96,0,10,12,2020,5,18,2,8,1,1,1,3,1,0
483340,1,1,36,2,1,11,20,8,1,0,1,0,0,0,1,998,999,999,0,0,3,4,2,8,1,14,54,0,13,96,51,17,12,2020,5,4,2,12,1,1,1,3,1,2
483341,1,1,44,1,1,11,3,9,8,0,1,0,2,0,1,998,999,999,0,4,5,7,1,8,1,1,72,0,60,96,0,16,12,2020,4,1,2,12,8,1,1,3,1,4
483342,1,1,49,2,1,11,20,20,8,0,1,0,1,0,1,998,999,999,0,0,5,5,1,2,1,10,11,0,7,96,48,19,12,2020,7,20,2,12,8,1,1,3,1,4
483347,1,1,37,2,1,11,3,8,8,0,1,0,2,0,1,99,999,999,2,3,2,2,1,8,1,1,54,1,13,96,50,18,12,2020,6,5,2,12,1,1,1,2,1,3
483348,1,1,31,2,1,11,3,20,8,0,3,0,0,0,1,998,999,999,0,0,2,3,1,8,1,1,80,0,7,96,0,21,12,2020,2,19,2,8,3,2,1,2,1,0
483351,1,1,72,1,1,11,3,9,8,0,2,0,1,0,1,998,999,999,0,0,2,5,2,8,1,11,15,0,7,96,38,18,12,2020,6,18,2,12,2,2,1,3,10,0
483352,1,1,85,1,1,11,3,20,8,0,1,0,1,0,1,998,999,999,0,0,1,2,1,8,1,11,80,0,3,96,38,20,8,2020,5,10,2,8,3,3,1,1,1,0
483353,1,1,21,2,1,11,3,20,8,0,1,0,3,0,1,998,999,999,0,0,3,5,1,8,1,1,80,0,7,93,6,21,12,2020,2,7,2,8,1,1,1,4,1,0
483354,1,1,65,1,1,11,99,9,8,0,1,0,1,0,1,998,999,999,1,0,6,1,2,8,1,14,8,0,7,0,0,17,12,2020,5,16,2,12,5,1,1,1,1,4
483356,1,1,31,1,1,11,20,20,8,0,1,0,0,0,1,998,999,999,0,0,1,2,8,8,1,99,12,0,7,96,0,22,12,2020,3,14,2,12,1,1,1,1,1,4
483358,1,1,55,1,1,11,20,20,8,0,1,0,1,0,1,998,999,999,0,5,1,2,1,2,1,1,13,0,80,96,0,20,12,2020,1,11,2,33,1,1,4,1,1,4
483362,1,1,44,1,1,11,3,20,8,0,3,0,1,0,1,998,999,999,0,0,1,2,1,8,1,14,98,0,7,96,83,19,12,2020,7,12,2,11,1,1,1,1,1,0
483363,1,1,52,1,1,11,3,20,8,0,1,0,1,6,1,998,999,999,0,4,3,4,1,8,1,1,50,0,66,96,0,22,12,2020,3,5,2,12,1,1,1,3,10,1
483365,1,1,39,2,1,11,20,8,1,0,1,0,2,0,1,998,999,999,4,4,3,3,1,8,1,1,98,0,7,96,0,20,12,2020,1,1,2,12,1,1,1,3,10,4
483368,1,1,999,9,1,11,99,99,8,0,99,1,9,99,1,998,999,999,99,0,3,4,1,8,1,1,80,0,999,96,0,7,12,2020,2,3,2,8,1,1,1,2,1,9
483370,1,1,31,2,1,11,20,8,1,0,1,0,0,0,1,998,999,999,0,0,1,4,2,8,1,14,10,1,13,96,91,18,12,2020,6,20,2,12,1,1,1,3,10,2
483377,1,1,66,2,1,11,1,8,8,0,1,0,0,0,1,998,62,152,0,0,1,2,3,2,1,1,8,0,13,0,28,24,12,2020,5,12,2,12,18,1,1,1,1,4
483378,1,1,41,2,1,11,3,20,8,0,1,0,3,6,1,998,999,999,0,0,3,2,1,8,1,1,60,0,66,96,0,24,12,2020,5,2,2,12,1,1,1,3,1,0
483379,1,1,26,1,1,11,99,8,1,0,2,0,2,0,1,998,999,999,0,0,3,2,1,8,1,1,54,1,7,96,91,24,12,2020,5,2,2,12,1,1,1,3,1,3
483381,1,1,22,1,1,11,3,20,8,0,1,0,2,0,1,998,999,999,0,4,5,5,1,8,1,1,80,0,13,96,0,24,12,2020,5,21,2,8,1,1,1,2,1,0
483382,1,1,999,9,1,11,99,9,8,0,99,1,9,99,1,998,999,999,99,4,2,4,1,1,1,1,80,0,999,96,0,15,12,2020,3,18,2,8,1,1,1,3,1,9
483384,1,1,27,1,1,11,20,20,8,0,1,0,2,0,1,120,999,999,0,3,6,2,1,8,1,10,6,0,7,96,0,24,12,2020,5,23,2,1,5,1,4,2,1,4
483387,1,1,19,1,1,11,3,8,8,0,1,0,2,0,1,998,999,999,0,0,3,2,1,8,1,1,80,0,7,96,0,7,9,2020,2,5,2,8,1,1,1,2,1,0
483390,1,1,28,1,1,11,3,8,8,0,1,0,3,0,1,998,999,999,0,4,3,2,2,8,1,1,52,0,95,93,6,12,12,2020,7,18,2,12,1,1,1,2,1,1
483391,1,1,21,1,1,11,20,20,0,0,2,0,2,0,1,998,999,999,0,0,1,2,8,8,1,99,19,0,60,93,38,19,12,2020,7,15,2,12,2,2,1,1,1,4
483392,1,1,36,2,1,11,3,8,8,0,1,0,2,0,1,998,999,999,0,0,2,2,1,8,1,1,12,1,7,93,6,26,12,2020,7,2,2,33,1,1,3,2,1,4
483394,1,1,24,1,1,11,3,8,0,0,1,0,0,0,1,998,999,999,0,3,1,2,1,8,1,1,10,1,13,96,28,25,12,2020,6,2,2,12,1,1,1,2,1,4
483396,1,1,30,2,1,11,20,8,8,0,1,0,1,0,1,998,999,999,0,5,3,3,1,8,1,1,12,0,7,96,0,20,12,2020,1,3,2,25,1,1,3,3,1,4
483399,1,1,19,1,1,11,99,8,8,0,1,1,2,0,1,998,999,999,0,0,3,3,2,8,2,1,80,0,3,96,0,29,11,2020,1,0,2,8,18,1,1,2,2,9
483402,1,1,16,1,1,11,3,20,8,0,2,0,2,0,1,998,999,999,0,0,4,2,1,8,1,2,12,0,60,96,73,10,12,2020,5,7,2,24,1,1,10,1,1,2
483403,1,1,39,1,1,11,20,20,1,0,1,0,1,0,1,998,999,999,1,0,1,2,2,8,1,1,52,0,82,96,26,18,12,2020,6,19,2,1,8,1,4,2,1,4
483404,1,1,50,1,1,11,3,20,8,0,1,0,0,0,1,998,999,999,0,0,1,2,1,8,1,11,8,0,60,0,0,23,12,2020,4,11,2,38,3,3,5,1,1,4
483408,1,1,19,1,1,11,99,8,8,0,5,0,2,0,1,998,999,999,0,0,1,5,8,8,98,1,17,1,13,96,91,3,10,2020,7,17,2,12,2,2,1,1,1,2
483409,1,1,17,2,1,11,3,20,8,0,4,0,2,0,1,998,999,999,0,0,1,2,1,8,2,1,80,0,3,96,0,18,12,2020,6,19,2,8,1,1,1,3,2,0
483410,1,1,74,1,1,11,3,20,8,0,1,0,1,0,1,998,999,999,0,0,1,2,8,8,1,1,17,0,13,93,39,20,12,2020,1,11,2,12,2,2,1,1,1,4
483413,1,1,39,1,1,11,20,20,0,0,1,0,1,0,1,90,999,999,0,2,2,3,2,8,1,1,62,0,80,96,52,20,12,2020,1,16,2,12,8,1,1,1,1,4
483415,1,1,51,1,1,11,3,8,8,0,3,0,4,0,1,998,72,195,1,0,1,2,8,8,1,1,17,0,60,96,38,17,12,2020,5,4,2,12,2,2,1,2,1,2
483419,1,1,30,1,1,11,3,20,8,0,1,1,1,0,1,998,999,999,0,5,5,5,1,8,1,1,80,0,7,96,91,10,12,2020,5,17,2,8,3,2,1,3,1,0
483420,1,1,40,1,1,11,20,20,8,0,1,0,0,0,1,998,999,999,0,4,1,2,1,8,1,1,6,1,69,96,0,25,12,2020,6,20,2,1,3,3,4,2,1,4
483422,1,1,54,1,1,11,3,20,8,0,1,0,1,0,1,65,999,999,0,0,4,3,1,8,1,1,81,0,7,96,0,18,12,2020,6,6,2,8,1,1,1,3,1,0
483424,1,1,24,1,1,11,20,20,8,0,1,0,2,0,1,998,999,999,0,0,3,2,3,8,1,1,90,0,7,96,81,24,12,2020,5,17,2,1,19,1,10,1,1,4
483425,1,1,38,1,1,11,20,8,8,0,4,0,0,0,1,998,999,999,0,0,2,2,1,1,2,1,12,0,7,96,0,13,12,2020,1,16,2,25,19,1,3,7,2,2
483428,1,1,34,2,1,11,99,8,8,0,1,0,1,0,1,998,999,999,0,5,3,2,1,8,1,1,12,0,13,92,0,29,12,2020,3,12,2,42,1,1,3,1,10,4
483431,1,1,28,1,1,11,3,8,0,0,1,0,0,0,1,998,999,999,0,4,1,2,1,8,2,1,6,1,13,96,87,14,11,2020,7,5,2,12,1,1,1,2,10,4
483432,1,1,41,1,1,11,3,20,0,0,2,0,1,1,1,998,999,999,0,0,2,2,1,1,2,1,13,0,60,96,0,28,11,2020,7,17,2,30,1,1,4,1,2,4
483433,1,1,999,9,1,11,99,98,8,0,99,1,9,99,1,998,999,999,99,4,2,3,1,1,1,1,83,0,999,96,0,22,11,2020,1,5,2,9,1,1,1,3,1,9
483435,1,1,31,1,1,11,20,9,8,0,1,0,2,0,1,998,999,999,0,5,2,3,1,8,1,1,12,0,3,96,0,27,12,2020,1,3,2,21,1,1,3,2,1,4
483437,1,1,61,1,1,11,3,9,8,0,1,0,1,0,1,998,999,999,1,4,2,2,1,2,1,1,50,0,7,96,0,26,12,2020,7,9,2,12,3,3,1,1,10,4
483440,1,1,29,1,1,11,20,8,0,0,1,0,1,0,1,80,999,999,0,3,2,2,1,8,1,14,6,0,3,96,0,22,12,2020,3,19,2,33,1,1,3,2,1,4
483441,1,1,36,1,1,11,3,8,0,0,1,0,0,0,1,998,999,999,2,3,2,2,1,8,1,1,6,0,3,96,0,16,12,2020,4,15,2,30,1,1,4,1,1,4
483442,1,1,24,1,1,11,20,8,8,0,2,0,1,0,1,998,999,999,99,4,2,1,2,8,1,1,51,1,13,96,0,20,12,2020,1,1,2,12,1,1,1,3,1,0
483445,1,1,41,1,1,11,3,20,8,0,1,0,2,6,1,998,71,999,0,0,3,4,3,8,2,2,53,0,66,96,0,29,12,2020,3,21,2,12,1,1,1,3,2,0
483449,1,1,54,1,1,11,20,8,8,0,1,0,1,0,1,998,999,999,0,5,1,2,3,8,2,1,13,1,60,96,0,30,12,2020,4,20,2,53,1,1,4,2,2,4
483452,1,1,21,1,1,11,20,9,0,0,1,0,2,0,1,998,999,999,0,0,1,2,1,8,1,14,13,1,13,96,0,28,12,2020,2,3,2,42,1,1,4,3,1,4
483453,1,1,25,1,1,11,3,8,8,0,1,0,2,0,1,998,999,999,0,5,2,2,1,1,2,1,12,1,13,96,0,20,12,2020,1,2,2,42,1,1,3,3,5,4
483455,1,1,81,1,1,11,3,20,8,0,1,0,1,0,1,998,999,999,0,0,1,2,1,2,1,11,15,0,60,96,38,28,12,2020,2,13,2,12,2,3,1,1,1,0
483457,1,1,999,9,1,11,99,98,8,0,99,1,9,99,1,998,999,999,99,0,2,2,1,8,1,1,80,0,999,96,0,27,12,2020,1,18,2,8,1,1,1,3,1,9
483459,1,1,35,2,1,11,3,9,8,0,1,0,1,0,1,998,999,999,0,0,6,2,1,8,1,1,50,1,7,96,91,28,11,2020,7,2,2,12,20,1,1,2,1,1
483460,1,1,23,2,1,11,3,20,8,0,1,0,1,0,1,0,999,999,0,0,3,4,2,8,1,5,53,0,13,96,54,27,11,2020,6,15,2,12,1,1,1,1,10,2
483461,1,1,23,1,1,11,3,8,8,0,2,0,1,0,1,998,999,999,0,0,2,2,8,8,1,99,19,0,13,96,38,24,12,2020,5,18,2,12,2,2,1,2,1,4
483462,1,1,36,1,1,11,3,20,8,0,1,0,1,0,1,998,999,999,0,0,4,1,1,8,1,1,80,0,13,7,0,29,12,2020,3,21,2,8,1,1,1,2,1,0
483463,1,1,56,1,1,11,3,20,8,0,1,0,1,0,1,998,999,999,0,0,2,2,2,8,2,1,80,0,7,96,0,30,12,2020,4,18,2,8,1,1,1,2,2,0
483464,1,1,44,1,1,11,3,20,8,0,1,0,1,0,1,998,999,999,2,0,6,2,1,8,1,1,80,0,7,96,0,27,12,2020,1,20,2,8,20,1,1,2,1,0
483465,1,1,20,1,1,11,3,20,0,0,1,0,1,0,1,998,999,999,0,0,3,5,1,8,1,1,80,0,5,96,0,20,12,2020,1,4,2,8,1,1,1,3,1,0
483466,1,1,23,1,1,11,20,20,8,0,5,0,0,0,1,998,999,999,0,0,1,2,1,8,1,1,80,1,60,96,91,11,12,2020,6,18,2,8,1,1,1,2,1,3
483467,1,1,21,2,1,11,3,20,8,0,1,0,2,0,1,998,999,999,0,0,2,4,1,1,1,1,80,0,13,96,73,19,12,2020,7,0,2,8,1,1,1,3,10,0
483468,1,1,55,1,1,11,3,20,8,0,2,0,1,0,1,998,74,190,1,0,5,7,3,8,1,1,80,0,60,96,0,24,12,2020,5,21,2,8,1,1,1,2,1,0
483469,1,1,28,1,1,11,20,8,0,0,1,0,2,0,1,998,999,999,0,0,6,2,1,8,1,1,12,1,13,96,28,31,12,2020,5,20,2,26,3,2,10,3,1,4
483470,1,1,30,2,1,11,20,8,0,0,2,0,1,0,1,998,999,999,2,0,3,4,1,1,1,99,13,1,7,96,0,25,12,2020,6,15,2,25,1,1,4,1,1,4
483471,1,1,21,1,1,11,99,99,0,0,4,0,1,0,1,998,999,999,0,0,2,2,1,8,1,1,6,1,13,96,0,22,12,2020,3,2,2,33,1,1,3,3,1,4
483472,1,1,28,1,1,11,99,8,8,0,1,0,1,0,1,998,999,999,1,4,3,2,1,8,1,1,9,0,7,96,0,27,12,2020,1,3,2,31,1,1,4,3,1,4
483474,1,1,52,2,1,11,3,9,8,0,1,0,2,0,1,998,999,999,1,0,5,5,3,8,1,14,8,0,95,0,999,20,12,2020,1,10,2,18,1,1,4,1,1,4
483476,1,1,39,1,1,11,20,8,0,0,1,0,2,0,1,998,999,999,0,0,3,4,2,8,2,1,9,0,7,96,0,30,12,2020,4,1,2,1,19,1,10,3,2,4
483480,1,1,24,1,1,11,99,8,8,0,2,0,0,0,1,998,999,999,0,0,4,2,1,2,1,6,9,1,5,96,60,13,12,2020,1,0,2,1,1,1,1,3,1,4
483481,1,1,28,1,1,11,20,8,8,0,1,0,2,0,1,998,999,999,1,4,1,2,1,8,1,1,12,0,13,96,0,25,12,2020,6,1,2,1,1,1,4,6,1,4
483484,1,1,51,1,1,11,3,20,8,0,1,0,1,0,1,998,999,999,0,0,2,2,1,8,1,1,13,0,60,96,999,23,12,2020,4,6,2,40,1,1,4,2,10,4
483487,1,1,40,1,1,11,3,20,8,0,2,0,3,7,1,998,70,999,0,0,3,2,1,8,1,1,80,0,66,96,0,28,12,2020,2,0,2,8,18,1,1,3,1,0
483489,1,1,19,1,1,11,3,99,1,0,3,0,2,0,1,998,999,999,0,0,1,2,1,8,1,1,13,1,7,96,36,27,12,2020,1,4,2,23,1,1,4,2,1,3
483490,1,1,59,1,1,11,20,20,8,0,1,0,0,0,1,998,999,999,0,3,1,2,1,8,1,14,8,0,81,96,84,7,11,2020,7,18,2,5,1,1,1,3,1,4
483491,1,1,21,1,1,11,3,9,8,0,1,0,2,0,1,998,999,999,0,0,5,5,1,8,1,1,13,1,60,96,91,17,12,2020,5,3,2,14,1,1,2,3,1,0
483492,1,1,73,2,1,11,3,9,8,0,1,0,1,0,1,998,999,999,0,0,1,4,1,8,1,1,13,0,7,15,0,30,12,2020,4,9,2,52,1,1,4,1,10,4
483495,1,1,46,1,1,11,20,9,8,0,1,0,0,0,1,998,999,999,1,0,1,2,1,8,1,1,10,0,13,96,0,28,12,2020,2,5,2,12,1,1,1,2,10,4
483498,1,1,65,1,1,11,20,20,8,0,1,0,1,0,1,998,999,999,0,4,2,3,1,8,1,15,10,1,13,96,27,28,12,2020,2,16,2,12,1,1,1,1,1,4
483500,1,1,61,1,1,11,20,20,8,0,1,0,1,0,1,998,70,150,0,4,4,3,1,8,1,1,6,0,125,96,0,21,12,2020,2,23,2,33,3,2,4,2,1,4
483502,1,1,79,1,1,11,20,9,8,0,1,0,0,0,1,998,999,999,2,4,1,2,1,8,1,1,51,0,13,96,0,16,12,2020,4,18,2,12,1,1,1,2,1,4
483503,1,1,23,1,1,11,20,20,1,0,2,0,0,0,1,998,999,999,2,0,2,2,1,8,1,1,13,1,60,96,58,22,12,2020,3,0,2,1,1,1,3,2,1,4
483504,1,1,47,1,1,11,99,20,8,0,4,0,1,0,1,998,999,999,99,4,1,2,1,8,1,14,6,0,7,96,8,29,12,2020,3,23,2,1,1,1,4,3,1,4
483505,1,1,76,1,1,11,20,9,0,0,1,0,1,0,1,998,999,999,0,0,1,3,1,8,2,1,8,0,60,96,28,24,11,2020,3,15,2,12,2,3,1,1,2,4
483506,1,1,27,2,1,11,3,8,0,0,2,0,1,0,1,998,999,999,0,3,4,5,1,8,1,1,80,1,7,96,73,26,11,2020,5,0,2,30,19,1,10,3,1,3
483508,1,1,71,2,1,11,3,20,8,0,1,0,1,0,1,998,999,999,0,0,2,2,2,8,1,1,80,0,7,96,0,27,12,2020,1,18,2,8,1,1,1,3,1,0
483509,1,1,43,2,1,11,3,9,1,0,2,0,1,0,1,998,999,999,0,0,4,4,1,1,1,1,17,0,7,96,91,25,12,2020,6,2,2,12,2,2,1,3,1,2
483510,1,1,43,1,1,11,20,8,8,0,3,0,2,0,1,998,999,999,1,5,3,3,1,8,1,1,50,1,7,96,91,27,12,2020,1,2,2,12,18,1,1,3,1,2
483511,1,1,47,1,1,11,20,8,0,0,1,0,4,0,1,998,999,999,0,4,4,2,1,8,1,1,6,1,2,96,0,20,12,2020,1,23,2,33,1,1,4,3,1,4
483512,1,1,29,1,1,11,99,9,0,0,1,0,1,0,1,998,999,999,99,0,2,2,1,8,1,1,13,1,13,96,0,27,12,2020,1,2,2,42,1,1,4,3,1,4
483513,1,1,61,1,1,11,99,20,1,0,1,0,2,0,1,998,73,207,0,0,1,3,8,8,2,1,17,0,13,96,39,31,12,2020,5,20,2,12,2,2,1,3,2,4
483514,1,1,999,9,1,11,99,98,8,0,99,1,9,99,1,998,999,999,99,0,1,2,1,8,1,1,80,0,999,96,0,19,12,2020,7,23,2,8,1,1,1,3,10,9
483515,1,1,40,1,1,11,3,9,8,0,1,0,2,1,1,998,999,999,1,4,2,3,1,8,1,1,51,1,60,96,60,11,11,2020,4,1,2,12,3,2,1,2,1,0
483517,1,1,39,1,1,11,3,8,8,0,1,0,1,0,1,998,999,999,0,5,3,5,1,8,1,1,13,1,7,96,0,26,12,2020,7,0,2,30,1,1,4,3,1,4
483518,1,1,74,1,1,11,3,20,8,0,2,0,1,0,1,998,999,999,0,0,2,4,3,8,1,1,51,0,60,93,6,28,12,2020,2,18,2,12,18,1,1,3,1,2
483519,1,1,34,1,1,11,20,9,8,0,1,0,1,0,1,998,999,999,0,5,4,3,2,8,2,1,13,0,13,96,39,29,12,2020,3,21,2,26,19,1,10,3,10,4
483521,1,1,43,1,1,11,3,8,8,0,1,0,1,0,1,82,999,999,99,3,2,4,1,8,2,14,66,0,60,96,0,31,12,2020,5,9,2,12,2,3,1,1,2,3
483522,1,1,31,2,1,11,3,20,8,0,3,0,1,0,1,998,999,999,0,0,2,4,1,8,1,12,21,0,7,96,48,12,12,2020,7,12,2,1,1,1,1,1,1,0
483525,1,1,28,1,1,11,99,98,8,0,1,0,2,0,1,998,999,999,0,5,1,2,1,8,1,1,12,0,60,96,0,13,12,2020,1,2,2,31,1,1,4,2,10,4
483526,1,1,28,1,1,11,99,8,0,0,2,0,2,0,1,998,999,999,1,0,2,3,1,8,1,1,17,1,7,96,0,5,10,2020,2,15,2,12,2,2,1,1,1,2
483527,1,1,35,1,1,11,3,20,8,0,1,0,0,6,1,998,74,200,0,0,3,2,2,1,1,2,53,0,66,96,0,14,12,2020,2,17,2,12,1,1,1,1,1,0
483528,1,1,36,1,1,11,3,9,0,0,1,0,1,0,1,998,999,999,0,3,2,4,1,1,2,1,17,0,5,96,39,29,12,2020,3,20,2,12,2,2,1,3,2,2