ST_CASE,VEH_NO,PER_NO,AGE,SEX,PER_TYP,SEAT_POS,REST_USE,AIR_BAG,DRUGS,LOCATION,NUMOCCS,HIT_RUN,OWNER,V_CONFIG,HAZ_INV,TRAV_SP,DR_HGT,DR_WGT,PREV_SPD,SPEEDREL,VTRAFWAY,VNUM_LAN,VPROFILE,VPAVETYP,VSURCOND,P_CRASH1,P_CRASH2,DR_DRINK,VPICBODYCLASS,DRDISTRACT,DRIVERRF,DAY,MONTH,YEAR,DAY_WEEK,HOUR,RUR_URB,HARM_EV,RELJCT2,TYP_INT,REL_ROAD,LGT_COND,WEATHER,INJ_SEV
483532,1,1,33,2,1,11,20,8,8,0,1,0,1,0,1,998,66,156,0,0,2,2,1,8,1,1,12,0,13,96,0,24,12,2020,5,20,2,33,1,1,3,3,1,4
483533,1,1,18,1,1,11,20,9,8,0,4,0,1,0,1,62,999,999,0,3,2,4,1,8,1,1,17,0,13,96,39,28,12,2020,2,0,2,12,2,2,1,3,1,3
483534,1,1,16,2,1,11,3,8,8,0,1,1,2,0,1,997,999,999,0,3,3,4,1,8,1,14,11,0,13,96,91,27,12,2020,1,3,2,12,1,1,1,3,1,2
483536,1,1,27,1,1,11,20,8,8,0,4,0,2,0,1,998,64,152,1,0,2,2,1,1,1,1,12,1,60,96,0,26,11,2020,5,1,2,1,1,1,3,2,1,4
483537,1,1,62,1,1,11,3,20,0,0,1,0,3,0,1,998,999,999,0,0,2,5,3,8,1,1,80,1,60,96,0,30,12,2020,4,18,2,12,2,2,1,3,10,0
483538,1,1,21,2,1,11,3,9,8,0,2,0,2,0,1,998,999,999,0,0,3,3,1,1,1,1,54,1,5,96,51,22,12,2020,3,22,2,12,1,1,1,3,1,4
483540,1,1,19,1,1,11,3,8,8,0,1,0,0,0,1,998,73,155,1,4,3,3,1,8,2,14,6,0,60,96,87,30,12,2020,4,21,2,24,19,1,10,2,2,4
483541,1,1,28,1,1,11,20,20,8,0,1,0,1,0,1,998,999,999,2,5,4,2,1,8,1,1,52,0,82,96,0,29,12,2020,3,15,2,12,3,3,1,1,1,4
483542,1,1,28,1,1,11,3,20,8,0,1,0,2,6,1,70,999,999,0,0,3,3,1,8,1,1,80,0,66,0,0,31,12,2020,5,23,2,8,1,1,1,2,1,0
483543,1,1,86,1,1,11,99,20,8,0,1,0,0,0,1,998,999,999,0,5,1,4,1,8,2,1,13,0,13,93,6,31,12,2020,5,18,2,30,1,1,4,2,2,4
483544,1,1,26,1,1,11,20,20,1,0,1,0,2,0,1,998,999,999,0,5,1,2,1,8,1,1,12,0,13,96,999,13,12,2020,1,13,2,34,1,1,4,1,1,4
483545,1,1,40,2,1,11,3,9,0,0,1,0,0,0,1,998,999,999,0,0,1,2,1,8,2,1,10,1,7,96,28,31,12,2020,5,16,2,12,1,1,1,1,2,3
483547,1,1,28,1,1,11,3,8,8,0,1,0,1,0,1,998,999,999,1,0,2,4,1,8,1,1,83,1,13,96,0,31,5,2020,1,19,2,15,3,3,1,1,1,0
483548,1,1,999,9,1,11,99,99,8,0,99,1,9,99,1,998,999,999,99,0,2,4,1,8,1,11,15,0,999,93,6,9,6,2020,3,12,2,12,2,3,1,1,1,0
483549,1,1,25,1,1,11,3,20,8,0,1,0,1,0,1,998,999,999,0,0,2,3,1,8,1,1,17,0,3,96,39,13,7,2020,2,15,2,12,2,7,1,1,1,1
483550,1,1,45,1,1,11,3,20,8,0,1,0,1,0,1,998,999,999,0,0,3,4,1,8,1,1,61,0,60,96,0,25,11,2020,4,20,2,12,1,1,1,3,1,4
483551,1,1,33,1,1,11,3,20,8,0,1,0,0,0,1,55,999,999,0,5,3,4,1,1,1,1,52,0,7,96,26,6,12,2020,1,12,2,12,18,1,1,1,1,1
483554,1,1,37,2,1,11,3,9,8,0,2,0,1,0,1,998,999,999,99,4,5,3,2,8,2,14,6,0,60,96,87,31,12,2020,5,14,2,12,1,1,1,1,2,2
483557,1,1,999,9,1,11,99,98,8,0,99,1,9,99,1,998,999,999,99,0,2,2,1,8,1,1,80,0,999,96,91,10,12,2020,5,20,2,8,1,1,1,2,1,9
483558,1,1,30,1,1,11,20,8,8,0,1,0,1,0,1,998,999,999,0,0,3,5,1,8,1,1,80,0,13,96,51,27,12,2020,1,0,2,12,18,1,1,3,1,3
483561,1,1,999,9,1,11,99,99,8,0,99,1,9,99,1,998,999,999,99,0,4,2,1,8,1,1,80,0,999,96,0,17,9,2020,5,22,2,8,3,3,1,3,1,9
483564,1,1,16,2,1,11,3,8,8,0,1,0,2,0,1,998,999,999,0,3,5,5,1,1,1,1,51,0,7,96,73,17,12,2020,5,2,2,12,1,1,1,3,1,2
483567,1,1,16,1,1,11,20,9,1,0,2,1,0,0,1,104,999,999,0,5,1,2,1,8,1,1,9,0,7,96,91,16,10,2020,6,0,2,32,1,1,4,3,1,2
483568,1,1,69,1,1,11,3,8,8,0,2,0,3,0,1,998,999,999,0,4,3,3,1,8,1,1,51,0,13,96,0,27,12,2020,1,20,2,12,1,1,1,3,1,4
483569,1,1,35,1,1,11,3,8,8,0,1,0,9,0,1,998,74,233,0,0,2,3,1,8,2,99,12,1,13,96,0,6,12,2020,1,4,2,33,1,1,3,3,2,4
483570,1,1,24,1,1,11,20,20,8,0,1,0,2,0,1,998,999,999,3,5,5,5,3,8,1,1,12,0,80,96,0,28,12,2020,2,0,2,33,1,1,4,3,1,4
483571,1,1,38,1,1,11,3,20,8,0,4,0,1,4,1,998,999,999,0,0,3,2,1,8,1,11,15,0,95,96,32,20,11,2020,6,8,2,5,2,3,1,1,10,0
483572,1,1,39,1,1,11,3,20,1,0,1,0,2,0,1,998,999,999,1,0,2,2,1,2,1,99,12,0,60,96,91,25,12,2020,6,9,2,33,1,1,3,1,1,1
483573,1,1,21,1,1,11,20,8,8,0,2,0,0,0,1,998,999,999,0,4,1,2,1,8,2,1,54,1,13,96,51,11,12,2020,6,9,2,42,1,1,4,1,10,3
483576,1,1,21,2,1,11,3,20,8,0,1,1,1,0,1,998,999,999,0,5,3,4,2,8,1,1,82,1,13,96,91,24,12,2020,5,2,2,8,1,1,1,3,1,0
483577,1,1,36,1,1,11,3,20,8,0,1,0,3,6,1,998,999,999,0,4,1,2,1,8,2,14,6,0,66,96,87,19,12,2020,7,0,2,51,1,1,1,2,2,0
483579,1,1,31,1,1,11,3,9,8,0,1,0,1,0,1,998,999,999,2,3,3,6,3,1,1,1,50,0,13,96,0,28,12,2020,2,2,2,12,18,1,1,3,1,1
483580,1,1,26,1,1,11,3,20,8,0,1,0,1,0,1,998,999,999,99,0,2,4,1,1,1,15,80,0,3,96,0,27,12,2020,1,22,2,8,1,1,1,3,1,0
483581,1,1,73,1,1,11,3,20,8,0,1,0,1,0,1,998,999,999,0,0,1,2,1,8,1,14,10,0,7,93,28,5,10,2020,2,14,2,12,1,1,1,1,1,0
483582,1,1,19,2,1,11,3,20,8,0,3,0,1,0,1,998,999,999,0,0,1,4,1,8,1,1,80,0,13,96,0,28,10,2020,4,20,2,8,1,1,1,2,1,0
483583,1,1,48,2,1,11,20,20,8,0,1,0,3,0,1,998,999,999,1,0,5,7,2,8,2,1,98,0,60,0,0,31,12,2020,5,22,2,32,1,1,4,2,2,4
483584,1,1,56,1,1,11,3,8,8,0,2,0,1,0,1,998,999,999,0,5,2,3,1,8,1,1,50,0,60,96,0,20,10,2020,3,13,2,12,3,2,1,1,1,0
483585,1,1,52,2,1,11,3,20,8,0,1,0,2,0,1,998,999,999,0,0,5,7,1,1,1,1,83,0,7,96,0,26,11,2020,5,18,2,9,1,1,11,3,1,0
483586,1,1,85,1,1,11,3,8,8,0,1,0,1,0,1,998,999,999,0,0,1,2,1,8,1,1,8,0,2,0,48,30,10,2020,6,21,2,30,1,1,4,2,1,4
483587,1,1,77,2,1,11,3,20,8,0,1,0,1,0,1,998,999,999,0,5,4,3,1,8,1,1,61,0,7,96,0,5,11,2020,5,11,2,12,4,1,1,1,1,4
483588,1,1,25,1,1,11,20,9,8,0,1,0,0,0,1,998,999,999,0,4,2,2,2,8,1,14,6,1,7,96,0,5,12,2020,7,5,2,30,1,1,4,3,1,4
483589,1,1,42,1,1,11,20,9,8,0,1,0,2,0,1,998,999,999,0,0,2,3,1,8,1,1,50,0,7,0,0,27,6,2020,7,8,2,12,1,1,1,1,1,4
483591,1,1,43,1,1,11,3,9,1,0,1,0,1,0,1,998,999,999,0,5,3,5,1,1,1,1,51,1,60,96,0,7,8,2020,6,23,2,12,1,1,1,3,1,1
483592,1,1,64,1,1,11,3,20,8,0,1,0,1,0,1,998,999,999,0,0,4,3,1,8,1,1,83,0,8,92,0,26,8,2020,4,22,2,9,1,1,1,3,1,0
483593,1,1,16,1,1,11,99,20,8,0,1,0,2,0,1,998,999,999,99,5,3,2,1,8,1,1,13,0,7,96,0,4,7,2020,7,1,2,30,1,1,4,2,1,4
483596,1,1,999,9,1,11,99,99,8,0,99,1,9,0,1,998,999,999,99,0,2,4,1,8,1,1,80,0,3,96,0,25,9,2020,6,23,2,8,3,2,1,3,1,9
483597,1,1,21,1,1,11,20,20,8,0,1,0,1,0,1,998,999,999,1,3,3,6,1,8,1,15,98,0,80,96,27,14,9,2020,2,7,2,12,1,1,1,4,1,4
483598,1,1,999,9,1,11,99,99,8,0,99,1,9,99,1,998,999,999,99,0,1,2,1,8,1,1,83,0,999,96,0,28,9,2020,2,20,2,15,1,1,1,2,1,9
483600,1,1,26,1,1,11,20,9,8,0,1,0,1,0,1,998,999,999,0,0,2,2,1,8,1,1,12,0,13,96,0,26,9,2020,7,0,2,42,1,1,3,3,1,4
483601,1,1,29,1,1,11,98,8,8,0,1,0,1,0,1,998,999,999,0,0,5,5,1,8,1,14,10,0,7,96,0,27,9,2020,1,6,2,12,2,3,1,3,1,4
483602,1,1,19,1,1,11,20,9,8,0,2,0,2,0,1,998,999,999,0,4,1,2,1,8,1,1,14,0,7,96,91,25,10,2020,1,3,2,25,1,1,4,3,1,2
483603,1,1,67,1,1,11,3,20,8,0,1,0,1,0,1,998,999,999,0,0,2,5,1,1,1,11,10,0,7,96,50,8,10,2020,5,19,2,12,3,2,1,3,1,4
483604,1,1,39,1,1,11,3,9,1,0,1,0,1,0,1,998,999,999,0,4,1,2,1,8,1,14,6,1,7,96,0,21,10,2020,4,18,2,42,1,1,4,5,1,4
483605,1,1,23,1,1,11,3,9,8,0,1,0,1,0,1,998,999,999,0,4,3,5,1,1,1,1,51,1,7,96,0,11,8,2020,3,2,2,12,1,1,1,3,1,4
483607,1,1,19,1,1,11,20,20,8,0,1,0,1,0,1,998,999,999,0,5,4,2,1,8,1,14,13,0,3,96,0,19,11,2020,5,0,2,33,1,1,4,3,1,4
483608,1,1,40,1,1,11,20,8,8,0,1,0,1,0,1,998,999,999,0,4,1,5,3,2,2,1,13,1,60,96,91,29,12,2020,3,23,2,14,1,1,2,3,2,1
483609,1,1,30,1,1,11,99,8,8,0,1,0,2,0,1,998,999,999,1,0,2,2,1,8,1,14,12,1,60,96,0,13,12,2020,1,1,2,30,1,1,3,3,1,4
483610,1,1,43,1,1,11,3,20,8,0,1,0,0,0,1,998,999,999,0,0,2,3,1,8,1,1,83,0,5,96,0,26,12,2020,7,18,2,9,2,4,1,3,1,0
483612,1,1,19,1,1,11,20,9,1,0,1,0,1,0,1,998,999,999,99,0,2,2,1,8,1,6,54,1,7,96,0,30,5,2020,7,0,2,33,1,1,4,3,1,4
483614,1,1,21,1,1,11,3,20,8,0,1,0,0,0,1,998,999,999,0,0,2,2,2,8,6,14,6,0,13,96,87,31,12,2020,5,14,2,1,19,1,10,1,2,4
483615,1,1,27,1,1,11,20,8,8,0,1,0,1,0,1,998,999,999,99,0,3,3,1,8,1,1,13,0,60,93,6,6,12,2020,1,8,2,59,19,1,10,1,1,4
483618,1,1,27,1,1,11,20,20,8,0,1,0,0,0,1,998,999,999,0,0,2,2,8,8,98,98,8,0,113,96,29,15,4,2020,4,14,2,58,1,1,4,1,1,4
483619,1,1,27,1,1,11,99,99,8,0,1,0,2,0,1,998,999,999,99,0,3,2,2,2,1,1,13,0,13,96,39,20,4,2020,2,4,2,7,19,1,5,2,1,4
483620,1,1,78,2,1,11,20,9,8,0,1,0,2,0,1,998,999,999,99,0,1,3,2,8,1,1,13,0,13,96,0,2,6,2020,3,19,2,21,19,1,10,1,1,4
483621,1,1,999,1,1,11,99,20,8,0,99,1,9,0,1,998,999,999,99,0,2,4,1,8,1,1,98,0,60,96,6,7,6,2020,1,21,2,5,1,1,1,3,1,9
483622,1,1,60,1,1,11,3,9,8,0,1,0,2,0,1,998,999,999,99,0,5,5,1,8,1,8,8,0,7,96,0,16,11,2020,2,7,2,30,1,1,4,1,1,4
483624,1,1,28,2,1,11,3,8,8,0,1,0,1,0,1,998,999,999,99,5,2,3,1,8,1,12,13,0,5,96,0,10,12,2020,5,14,2,59,1,1,3,1,1,1
490001,1,1,46,1,1,11,3,8,8,0,1,0,1,0,1,40,69,150,0,0,1,3,1,2,2,1,55,1,8,99,39,1,1,2020,4,12,2,12,2,2,1,1,10,2
490002,1,1,83,1,1,11,3,20,8,0,2,0,1,0,1,998,69,195,0,0,1,5,1,2,1,11,15,0,13,99,47,27,1,2020,2,13,2,12,2,2,1,1,1,3
490003,1,1,77,2,1,11,99,1,9,0,1,0,1,0,1,998,65,110,0,0,3,3,1,1,2,1,54,0,13,99,51,24,1,2020,6,13,2,12,1,1,1,1,2,4
490004,1,1,21,1,1,11,3,20,8,0,2,0,2,0,1,40,70,165,0,0,5,5,1,2,2,1,80,0,7,96,0,24,1,2020,6,20,2,8,3,2,1,6,2,0
490007,1,1,84,1,1,11,99,99,8,0,1,0,1,0,1,33,70,130,0,0,1,2,1,2,1,11,83,0,5,99,0,1,2,2020,7,11,2,9,2,2,1,1,1,0
490008,1,1,19,1,1,11,3,8,8,0,2,0,1,0,1,8,73,125,2,0,1,8,8,2,1,11,15,0,13,0,38,1,2,2020,7,14,2,12,2,2,1,1,1,1
490010,1,1,28,1,1,11,3,1,1,0,1,0,1,0,1,998,67,160,0,0,3,4,1,2,1,1,55,0,13,10,38,25,2,2020,3,6,2,12,2,2,1,2,1,1
490011,1,1,48,2,1,11,3,20,9,0,4,0,1,0,1,5,67,135,0,0,1,2,1,2,1,1,83,0,7,0,0,23,2,2020,1,20,2,15,1,1,1,2,1,0
490012,1,1,72,1,1,11,3,2,0,0,1,0,1,0,1,2,70,186,0,0,3,1,2,2,1,11,15,0,7,99,38,4,1,2020,7,12,2,12,2,3,1,1,1,4
490013,1,1,38,1,1,11,20,20,8,0,1,0,1,0,1,69,73,200,0,5,1,7,1,1,1,1,17,1,94,0,39,8,3,2020,1,17,2,12,2,2,1,1,1,4
490014,1,1,17,1,1,11,20,20,8,0,1,0,2,0,1,45,68,120,0,0,1,2,1,2,1,14,9,0,86,99,36,7,3,2020,7,17,2,17,1,1,4,1,1,4
490015,1,1,61,1,1,11,3,20,0,0,1,0,1,0,1,30,70,165,0,0,5,3,1,2,1,1,17,0,5,0,0,7,3,2020,7,22,2,8,1,1,1,2,1,0
490016,1,1,21,1,1,11,3,1,8,0,1,0,1,0,1,33,74,315,0,0,1,2,1,2,1,1,55,0,95,96,38,16,3,2020,2,10,2,12,2,2,1,1,1,0
490017,1,1,16,1,1,11,3,1,8,0,2,0,2,0,1,40,70,140,0,0,1,2,1,2,1,1,13,0,7,3,0,20,2,2020,5,19,2,33,1,1,4,3,1,1
490018,1,1,41,1,1,11,20,8,9,0,1,0,0,1,1,998,68,165,3,3,1,5,1,1,1,1,55,0,60,99,38,9,2,2020,1,20,2,12,2,2,1,3,1,1
490022,1,1,18,1,1,11,20,20,0,0,1,0,1,0,1,50,72,200,1,4,1,3,1,2,1,14,6,0,82,0,0,3,3,2020,3,13,2,1,1,1,1,1,10,4
490025,1,1,36,2,1,11,3,20,0,0,1,0,1,0,1,998,63,135,0,0,1,3,1,2,2,1,80,0,60,0,0,4,2,2020,3,18,2,8,1,1,1,6,10,0
490026,1,1,42,1,1,11,20,20,8,0,1,0,1,0,1,60,70,195,1,3,5,5,1,2,1,1,61,0,6,99,36,24,3,2020,3,18,2,12,1,1,1,1,1,4
490028,1,1,30,1,1,11,99,8,8,0,1,0,1,0,1,998,72,180,1,5,5,5,1,2,2,1,10,1,5,99,0,24,3,2020,3,23,2,12,1,1,1,2,2,4
490029,1,1,81,2,1,11,3,8,8,0,1,0,1,0,1,5,65,180,0,0,1,6,1,2,1,11,15,0,2,99,38,7,1,2020,3,11,2,12,2,2,1,1,1,4
490030,1,1,21,1,1,11,3,20,0,0,3,0,1,0,1,60,999,999,99,0,3,2,1,2,1,1,13,0,7,3,28,29,3,2020,1,15,2,24,1,1,4,1,10,0
490031,1,1,48,1,1,11,3,20,8,0,1,0,2,1,1,49,72,190,0,0,1,2,1,2,2,14,10,0,74,99,28,23,3,2020,2,11,2,12,1,1,1,1,2,1
490032,1,1,39,1,1,11,3,2,0,0,1,0,1,0,1,90,999,999,99,3,1,2,1,2,1,1,6,1,13,99,27,31,3,2020,3,18,2,1,1,1,5,1,1,4
490033,1,1,36,1,1,11,3,1,1,0,2,0,2,0,1,35,70,200,0,0,5,5,1,2,1,1,50,0,13,99,26,7,4,2020,3,13,2,12,1,1,1,1,1,3
490034,1,1,55,1,1,11,20,1,8,0,1,0,2,0,1,55,73,210,0,0,5,5,1,1,1,14,10,0,7,99,51,9,4,2020,5,21,2,12,1,1,1,2,1,4
490035,1,1,20,1,1,11,3,8,9,0,1,0,2,0,1,89,69,135,0,3,1,7,1,2,1,15,6,1,13,99,36,11,4,2020,7,22,2,12,2,2,1,3,1,4
490036,1,1,56,2,1,11,3,20,8,0,1,0,1,0,1,45,64,170,0,0,1,5,1,1,1,1,80,0,13,0,0,11,4,2020,7,4,2,8,3,2,1,2,1,0
490037,1,1,45,2,2,13,99,20,0,0,2,0,2,0,1,45,70,190,1,0,5,5,1,2,10,11,6,0,13,0,87,11,1,2020,7,15,2,12,2,2,1,1,4,4
490041,1,1,56,1,1,11,20,20,8,0,1,0,1,0,1,60,68,180,0,0,3,6,1,1,1,1,12,0,6,12,0,17,4,2020,6,15,2,1,1,1,2,1,1,4
490043,1,1,77,2,1,11,3,1,0,0,1,0,1,0,1,998,61,122,0,0,2,6,2,2,1,11,15,0,3,99,38,8,4,2020,4,6,2,12,2,2,1,1,1,4
490045,1,1,18,2,1,11,3,1,0,0,2,0,1,0,1,15,66,140,0,0,3,6,2,2,1,11,15,0,13,92,38,25,2,2020,3,18,2,12,2,2,1,3,10,2
490046,1,1,10,1,1,11,20,20,0,0,1,0,2,0,1,998,999,999,0,0,1,2,1,2,1,1,9,0,84,99,0,28,4,2020,3,12,2,33,1,1,4,1,1,4
490047,1,1,23,1,1,11,99,99,8,0,1,0,2,0,1,35,72,145,1,0,1,2,1,2,2,1,82,0,95,99,39,6,2,2020,5,19,2,8,1,1,1,3,4,0
490050,1,1,68,2,1,11,3,1,0,0,1,0,1,0,1,20,63,200,0,0,1,6,1,1,1,1,17,0,60,99,39,14,3,2020,7,9,2,12,2,2,1,1,10,4
490052,1,1,25,1,1,11,3,8,0,0,1,0,1,0,1,998,69,160,6,4,3,3,1,1,1,15,51,0,5,99,0,11,4,2020,7,12,2,12,1,1,1,1,1,4
490056,1,1,20,1,1,11,20,8,0,0,1,0,1,0,1,998,73,150,0,0,3,4,1,1,1,1,9,1,13,99,28,13,4,2020,2,3,2,25,1,1,3,2,10,4
490057,1,1,48,2,1,11,3,20,1,0,1,0,1,0,1,998,70,165,1,0,1,5,1,2,1,1,17,0,8,99,39,13,5,2020,4,20,2,12,2,2,1,9,99,1
490063,1,1,68,1,1,11,20,20,8,0,1,0,0,0,1,30,999,999,0,0,1,2,8,2,1,14,6,0,84,0,36,14,5,2020,5,17,2,14,1,1,2,1,1,4
490065,1,1,73,1,1,11,1,20,0,0,1,0,1,0,1,60,72,270,0,4,3,6,1,2,1,1,50,0,13,99,0,13,5,2020,4,11,2,12,1,1,1,1,10,4
490066,1,1,66,1,1,11,3,20,8,0,1,0,1,0,1,998,72,180,0,0,5,5,8,1,1,1,80,0,7,0,0,9,5,2020,7,14,2,8,3,3,1,1,1,0
490068,1,1,25,1,1,11,3,20,8,0,1,0,1,0,1,40,68,175,2,0,1,6,1,1,2,1,80,0,13,0,0,22,5,2020,6,22,2,8,3,2,1,3,2,0
490069,1,1,32,1,1,11,3,20,1,0,1,0,1,0,1,20,69,170,1,0,1,4,1,2,2,11,80,0,60,0,38,22,5,2020,6,21,2,8,3,2,1,3,2,0
490071,1,1,18,1,1,11,3,1,0,0,1,0,2,0,1,57,69,180,0,0,1,4,1,2,1,1,17,0,7,0,38,29,1,2020,4,22,2,12,2,2,1,3,10,2
490073,1,1,24,1,1,11,3,2,9,0,1,0,1,0,1,15,71,185,2,0,1,2,8,2,1,11,15,0,1,99,38,28,4,2020,3,6,2,12,2,3,1,4,1,4
490075,1,1,26,1,1,11,20,8,0,0,1,0,2,0,1,998,71,170,0,3,1,7,1,1,2,1,17,1,13,0,39,23,5,2020,7,3,2,12,2,2,1,3,2,4
490077,1,1,22,1,1,11,3,1,1,0,1,0,1,0,1,40,67,130,1,0,3,3,1,2,1,1,54,1,13,5,51,2,6,2020,3,5,2,12,2,2,1,4,1,0
490078,1,1,26,1,1,11,3,20,8,0,1,0,2,0,1,60,62,160,0,0,5,5,1,2,1,1,83,0,13,15,0,31,5,2020,1,15,2,9,1,1,1,1,1,0
490079,1,1,28,1,1,11,3,20,0,0,2,0,3,0,1,0,73,254,1,0,3,3,1,1,1,5,53,0,60,0,21,20,4,2020,2,10,2,12,1,1,1,1,1,0
490084,1,1,92,1,1,11,3,8,0,0,2,0,1,0,1,61,70,217,0,0,1,3,1,2,1,1,98,0,60,0,28,28,5,2020,5,10,2,19,3,3,5,1,1,3
490085,1,1,45,2,1,11,3,20,1,0,2,0,1,0,1,30,61,150,0,0,1,2,1,2,1,1,83,0,13,0,0,8,6,2020,2,13,2,9,2,2,1,1,10,0
490089,1,1,46,1,1,11,20,8,1,0,3,0,1,0,1,998,74,210,2,0,3,6,2,1,1,1,13,0,60,0,28,7,3,2020,7,1,2,1,1,1,8,3,1,4
490090,1,1,24,1,1,11,99,8,1,0,1,0,2,0,1,65,73,200,1,0,1,2,2,2,1,14,10,0,7,99,28,1,5,2020,6,10,2,12,1,1,1,1,1,4
490092,1,1,35,1,1,11,99,8,1,0,2,0,1,0,1,100,69,165,1,3,2,4,1,2,1,1,17,1,5,99,39,5,1,2020,1,6,2,12,2,2,1,3,10,4
490093,1,1,34,1,1,11,20,8,9,0,1,0,2,0,1,998,70,145,0,0,6,2,2,1,1,14,12,1,13,99,28,13,6,2020,7,23,2,35,5,1,3,2,1,4
490094,1,1,72,2,1,11,3,1,9,0,2,0,1,0,1,998,67,135,0,0,3,2,1,2,1,16,13,0,3,99,58,14,5,2020,5,17,2,12,17,1,1,1,10,3
490095,1,1,67,1,1,11,3,1,8,0,1,0,1,0,1,999,74,265,0,0,1,2,1,2,99,1,13,0,13,0,28,24,1,2020,6,10,2,38,1,1,5,1,99,4
490097,1,1,41,1,1,11,20,20,9,0,1,0,1,0,1,100,71,190,0,3,3,6,1,2,1,1,62,0,80,99,0,17,6,2020,4,20,2,12,2,3,1,1,1,4
490100,1,1,68,1,1,11,3,20,8,0,1,0,1,0,1,5,66,200,0,0,5,7,1,2,1,12,10,0,60,0,38,2,7,2020,5,7,2,12,1,1,1,1,1,0
490101,1,1,27,2,1,11,99,1,8,0,1,0,1,0,1,998,66,140,0,0,2,2,1,2,1,1,17,0,7,99,39,4,7,2020,7,23,2,12,2,2,1,2,1,0
490102,1,1,22,2,1,11,3,8,8,0,1,0,1,0,1,10,59,125,3,0,1,3,1,2,1,11,15,0,7,0,38,27,4,2020,2,16,2,12,2,3,1,1,1,4
490103,1,1,22,1,1,11,3,8,8,0,1,0,2,0,1,10,74,160,1,0,1,4,8,2,1,1,67,0,3,0,0,29,5,2020,6,8,2,12,2,3,1,1,10,4
490105,1,1,24,1,1,11,3,8,8,0,1,0,2,0,1,998,68,290,0,0,1,3,1,2,1,1,10,0,7,99,28,1,7,2020,4,13,2,12,1,1,1,1,1,4
490106,1,1,35,1,1,11,20,1,8,0,1,0,1,0,1,55,66,200,1,0,5,5,1,2,1,1,12,0,7,99,0,13,7,2020,2,8,2,42,3,3,4,1,1,4
490111,1,1,47,2,1,11,3,2,1,0,2,0,1,0,1,30,66,200,0,0,1,7,1,2,1,12,15,0,13,99,27,16,5,2020,7,17,2,12,1,1,1,1,1,1
490115,1,1,24,1,1,11,3,20,8,0,1,0,1,0,1,35,65,140,0,0,5,5,1,2,1,1,11,1,13,6,28,25,7,2020,7,6,2,9,1,1,2,4,1,0
490116,1,1,36,1,1,11,3,20,8,0,1,1,1,0,1,35,65,180,1,0,5,5,1,2,1,1,80,0,7,6,0,5,6,2020,6,3,2,8,1,1,1,3,1,0
490117,1,1,42,1,1,11,3,20,8,0,1,0,2,0,1,998,68,170,0,0,1,2,1,2,1,1,52,0,60,6,26,28,7,2020,3,14,2,12,1,1,1,1,1,0
490120,1,1,37,1,1,11,3,8,9,0,1,0,1,0,1,998,64,135,0,4,3,4,2,2,1,14,10,0,3,99,0,12,7,2020,1,23,2,25,1,1,3,2,99,4
490123,1,1,28,1,1,11,20,20,8,0,1,0,2,0,1,998,73,174,1,3,1,2,6,2,1,14,10,0,80,99,28,26,7,2020,1,20,2,12,1,1,1,5,1,4
490124,1,1,53,1,1,11,20,8,8,0,1,0,2,0,1,52,74,260,0,4,2,2,1,2,1,1,50,0,7,0,38,4,8,2020,3,11,2,12,1,1,1,1,1,4
490125,1,1,20,1,1,11,20,20,0,0,1,0,3,0,1,998,71,200,3,0,2,2,1,2,1,1,1,0,60,0,0,16,7,2020,5,15,2,31,1,1,4,1,1,4
490126,1,1,45,1,1,11,3,20,0,0,1,0,1,0,1,60,68,190,0,0,3,3,1,1,1,1,83,0,13,0,0,16,7,2020,5,5,2,9,1,1,1,2,1,0
490128,1,1,59,1,1,11,3,20,9,0,1,0,3,6,1,998,69,150,0,0,1,2,1,2,1,11,15,0,66,99,38,28,7,2020,3,14,2,12,2,3,1,1,1,0
490131,1,1,20,2,1,11,99,99,8,0,5,0,1,0,1,998,64,138,0,3,1,2,1,8,1,11,6,0,13,0,0,8,8,2020,7,23,2,1,3,3,5,2,1,0
490132,1,1,19,1,1,11,20,8,1,0,2,0,2,0,1,59,73,153,0,0,1,4,1,2,1,1,10,0,7,92,28,31,7,2020,6,15,2,12,2,2,1,1,1,3
490133,1,1,22,2,1,11,3,20,0,0,2,0,1,0,1,70,64,100,0,0,3,6,2,1,1,1,80,0,13,0,0,21,6,2020,1,1,2,8,1,1,1,2,1,1
490135,1,1,87,1,1,11,99,20,8,0,1,0,1,0,1,998,68,155,0,0,1,3,8,2,1,1,17,0,15,99,39,17,8,2020,2,20,2,12,2,2,1,1,1,4
490136,1,1,48,1,1,11,3,8,8,0,1,0,1,0,1,998,70,180,0,0,3,3,1,2,1,1,13,0,7,99,28,20,8,2020,5,8,2,42,3,2,4,1,1,4
490137,1,1,39,1,1,11,99,8,9,0,1,0,2,0,1,65,64,165,0,5,2,4,1,2,1,1,13,0,60,99,36,11,8,2020,3,13,2,30,3,2,4,1,1,4
490140,1,1,28,2,1,11,99,20,1,0,1,1,2,0,1,998,64,105,0,0,6,1,1,2,1,1,11,0,60,99,28,23,8,2020,1,13,2,8,5,1,2,1,10,0
490141,1,1,42,1,1,11,3,20,8,0,1,0,1,0,1,998,71,166,0,0,4,5,1,2,1,1,80,0,7,0,0,26,8,2020,4,21,2,8,3,2,1,3,1,0