ST_CASE,VEH_NO,PER_NO,AGE,SEX,PER_TYP,SEAT_POS,REST_USE,AIR_BAG,DRUGS,LOCATION,NUMOCCS,HIT_RUN,OWNER,V_CONFIG,HAZ_INV,TRAV_SP,DR_HGT,DR_WGT,PREV_SPD,SPEEDREL,VTRAFWAY,VNUM_LAN,VPROFILE,VPAVETYP,VSURCOND,P_CRASH1,P_CRASH2,DR_DRINK,VPICBODYCLASS,DRDISTRACT,DRIVERRF,DAY,MONTH,YEAR,DAY_WEEK,HOUR,RUR_URB,HARM_EV,RELJCT2,TYP_INT,REL_ROAD,LGT_COND,WEATHER,INJ_SEV
490142,1,1,26,2,1,11,3,8,8,0,1,0,2,0,1,998,63,130,0,0,0,0,0,0,0,11,15,0,13,99,38,28,8,2020,6,20,2,12,8,1,1,1,1,2
490143,1,1,20,1,1,11,3,20,9,0,1,0,2,0,1,60,73,162,0,3,1,2,2,2,1,1,9,0,3,99,37,21,7,2020,3,16,2,12,1,1,1,1,1,4
490148,1,1,21,1,1,11,3,20,8,0,1,0,1,0,1,998,71,220,1,0,3,3,1,2,1,1,80,0,13,0,0,30,8,2020,1,2,2,8,1,1,1,2,1,0
490149,1,1,55,1,1,11,99,1,8,0,1,0,2,0,1,45,72,185,0,4,2,3,1,2,1,1,14,1,7,99,39,3,9,2020,5,1,2,35,3,3,4,2,1,4
490150,1,1,30,1,1,11,99,1,8,0,1,0,1,0,1,998,70,135,0,3,5,3,1,2,1,14,12,1,5,99,36,3,9,2020,5,1,2,43,1,1,8,3,1,4
490151,1,1,53,1,1,11,3,1,8,0,1,0,1,0,1,10,79,200,0,0,1,5,1,2,1,11,15,0,13,0,38,4,9,2020,6,13,2,12,2,2,1,1,1,0
490152,1,1,26,1,1,11,3,20,8,0,1,0,1,0,1,5,999,999,0,0,1,2,1,2,1,11,15,0,5,0,38,1,9,2020,3,17,2,12,8,1,1,1,1,0
490153,1,1,59,1,1,11,3,20,8,0,1,0,1,0,1,998,75,245,0,0,5,5,1,2,1,11,15,0,7,0,38,26,8,2020,4,17,2,12,8,1,1,1,1,0
490154,1,1,29,1,1,11,3,20,8,0,3,0,2,0,1,35,72,195,0,0,5,3,5,2,1,14,84,0,60,0,0,1,6,2020,2,7,2,9,2,3,1,4,1,0
490156,1,1,23,2,1,11,99,20,0,0,1,1,1,0,1,998,63,180,1,0,6,2,1,1,1,1,80,1,7,99,0,22,8,2020,7,4,2,8,20,1,1,3,10,0
490160,1,1,37,1,1,11,20,20,8,0,1,0,1,0,1,50,70,173,0,3,4,2,1,2,1,6,13,0,80,99,33,12,9,2020,7,13,2,25,1,1,4,1,1,4
490167,1,1,70,1,1,11,3,1,8,0,1,0,1,0,1,10,72,250,0,0,1,6,1,2,1,11,15,0,60,0,38,18,8,2020,3,8,2,12,2,2,1,1,1,4
490168,1,1,56,1,1,11,20,20,8,0,1,0,2,0,1,998,68,150,0,0,5,3,8,2,1,1,65,1,94,99,84,18,9,2020,6,1,2,14,3,3,7,3,1,4
490174,1,1,46,1,1,11,3,20,0,0,1,0,1,0,1,60,73,270,1,0,3,2,1,2,1,1,13,1,7,0,28,20,8,2020,5,6,2,8,1,1,2,2,1,0
490175,1,1,24,1,1,11,20,1,8,0,1,0,1,0,1,998,73,240,0,0,5,5,1,2,1,1,10,1,13,0,28,12,9,2020,7,6,2,12,1,1,1,1,1,4
490176,1,1,20,1,1,11,3,3,8,0,1,0,1,0,1,15,74,180,0,0,3,5,2,2,1,1,17,0,13,99,0,24,9,2020,5,0,2,12,2,2,1,3,1,4
490177,1,1,46,2,1,11,3,20,8,0,1,0,1,0,1,45,63,138,2,0,1,5,1,2,1,1,83,0,7,0,0,15,8,2020,7,22,2,15,2,2,1,2,1,0
490178,1,1,42,1,1,11,3,1,8,0,1,0,1,0,1,998,72,165,1,3,6,1,2,2,1,14,6,0,13,99,39,6,10,2020,3,5,2,46,3,7,4,3,1,4
490179,1,1,24,1,1,11,3,20,8,0,1,0,1,0,1,998,66,135,1,0,5,3,1,1,1,99,19,0,7,99,0,6,10,2020,3,18,2,38,1,1,4,1,1,4
490180,1,1,34,1,1,11,3,20,8,0,1,0,1,0,1,998,73,215,3,0,2,4,1,2,1,1,83,0,7,99,0,8,10,2020,5,17,2,9,3,2,1,1,1,0
490181,1,1,23,2,1,11,99,20,0,0,2,0,2,0,1,998,70,152,0,0,2,7,1,2,1,1,78,0,7,0,0,6,10,2020,3,6,2,8,3,2,1,9,1,0
490182,1,1,71,1,1,11,20,20,8,0,1,0,1,0,1,35,70,180,0,0,5,7,1,1,1,1,52,1,125,99,26,29,8,2020,7,17,2,12,1,1,1,1,1,4
490186,1,1,26,1,1,11,20,1,8,0,1,0,3,0,1,998,69,140,1,0,5,5,1,2,1,1,13,1,60,99,0,16,10,2020,6,19,2,30,1,1,4,3,1,4
490188,1,1,26,1,1,11,99,99,8,0,5,0,1,0,1,998,71,160,4,4,1,2,1,2,1,1,6,1,13,99,0,17,5,2020,1,17,2,1,1,1,4,1,1,2
490189,1,1,22,2,1,11,3,20,0,0,1,0,1,0,1,80,66,123,0,3,3,3,1,1,1,1,11,0,13,0,28,15,8,2020,7,21,2,12,1,1,1,2,1,2
490190,1,1,28,1,1,11,20,20,8,0,1,0,2,0,1,998,70,180,1,3,5,5,1,2,1,1,6,0,80,99,36,16,8,2020,1,17,2,1,1,1,4,1,1,4
490192,1,1,34,2,1,11,3,20,8,0,1,0,1,0,1,998,66,135,0,0,1,3,1,2,1,14,83,0,7,99,0,18,10,2020,1,17,2,9,16,1,1,1,1,0
490194,1,1,36,1,1,11,20,20,8,0,1,0,2,0,1,20,71,160,0,0,1,2,1,2,1,1,17,0,7,99,38,30,9,2020,4,6,2,12,2,2,1,4,1,4
490198,1,1,74,2,1,11,3,20,8,0,1,0,1,0,1,15,66,130,0,0,1,5,1,2,1,11,15,0,7,0,38,22,9,2020,3,13,2,12,2,2,1,1,1,0
490200,1,1,34,1,1,11,20,1,1,0,3,0,2,0,1,998,75,230,0,0,3,3,1,1,1,1,9,0,7,99,28,8,10,2020,5,4,2,25,1,1,3,2,1,3
490201,1,1,18,1,1,11,3,8,9,0,1,0,1,0,1,998,72,160,1,0,1,7,1,2,1,1,17,0,7,99,39,15,10,2020,5,19,2,12,2,2,1,1,1,3
490204,1,1,25,1,1,11,3,1,8,0,2,0,1,0,1,70,72,200,0,3,1,2,1,2,1,1,13,1,13,99,36,15,8,2020,7,1,2,30,1,1,4,2,1,3
490205,1,1,24,1,1,11,20,20,0,0,1,0,1,0,1,25,73,200,2,0,1,5,1,1,1,14,9,1,80,99,0,21,8,2020,6,1,2,1,2,3,1,2,1,4
490206,1,1,44,1,1,11,20,8,8,0,1,0,2,0,1,55,66,195,1,0,1,2,1,2,1,1,10,0,60,99,28,23,10,2020,6,7,2,12,1,1,1,4,1,1
490207,1,1,33,1,1,11,20,20,8,0,1,0,2,0,1,50,71,175,1,0,1,2,1,2,1,1,17,1,12,99,39,26,10,2020,2,20,2,12,2,2,1,3,1,4
490208,1,1,42,1,1,11,20,20,0,0,2,0,1,0,1,80,69,315,0,0,2,2,1,2,1,1,1,0,82,0,0,5,9,2020,7,13,2,1,1,1,4,1,1,2
490209,1,1,41,1,1,11,3,20,0,0,1,0,3,6,1,70,69,259,0,0,3,4,1,1,1,1,80,0,66,0,0,25,9,2020,6,0,2,8,1,1,1,2,10,0
490210,1,1,18,2,1,11,3,8,0,0,1,0,2,0,1,5,66,120,0,0,5,5,2,2,1,11,15,0,5,0,38,16,9,2020,4,19,2,12,2,2,1,2,1,0
490213,1,1,29,1,1,11,3,20,8,0,1,0,1,0,1,60,70,164,0,4,1,2,1,2,3,1,5,0,13,99,0,25,10,2020,1,8,2,12,1,1,1,4,11,4
490214,1,1,19,1,1,11,3,8,0,0,2,0,1,0,1,998,68,120,0,0,1,2,1,2,1,14,87,0,13,92,58,26,9,2020,7,22,2,1,1,1,4,2,1,1
490217,1,1,31,1,1,11,99,8,8,0,1,0,1,0,1,50,74,160,0,0,4,1,1,2,1,14,14,0,13,99,39,30,8,2020,1,2,2,25,3,6,4,3,1,4
490219,1,1,23,1,1,11,20,20,8,0,1,0,1,0,1,999,71,215,1,3,5,5,1,2,1,1,64,0,80,99,0,5,11,2020,5,17,2,12,8,1,1,5,1,4
490220,1,1,27,1,1,11,20,20,8,0,1,0,1,0,1,35,70,175,1,0,1,2,1,2,1,1,9,1,94,99,0,31,10,2020,7,0,2,1,2,3,1,3,1,4
490223,1,1,28,1,1,11,99,20,1,0,1,0,1,0,1,998,74,210,0,0,1,3,2,2,1,14,80,0,60,99,38,14,9,2020,2,17,2,8,1,1,1,1,1,0
490224,1,1,58,2,1,11,3,20,9,0,1,0,1,0,1,998,64,120,0,0,1,2,1,2,1,1,17,0,13,99,38,26,10,2020,2,15,2,12,2,2,1,1,1,4
490226,1,1,39,1,1,11,3,20,1,0,1,0,1,0,1,35,70,190,0,0,5,3,1,2,1,1,80,0,13,99,0,17,10,2020,7,22,2,8,1,1,1,3,1,0
490227,1,1,35,1,1,11,3,20,0,0,1,0,1,0,1,45,67,170,1,0,5,7,1,1,1,15,80,0,13,0,0,29,10,2020,5,6,2,8,3,3,1,2,1,0
490229,1,1,63,1,1,11,3,20,0,0,1,0,1,0,1,65,72,290,0,0,3,5,1,1,1,1,80,0,60,0,0,10,11,2020,3,2,2,8,1,1,1,2,10,0
490232,1,1,999,9,1,11,99,99,8,0,1,1,9,99,1,998,999,999,99,0,2,7,1,2,1,1,80,0,999,99,0,30,1,2020,5,22,2,8,1,1,1,3,1,1
490234,1,1,25,1,1,11,20,20,0,0,1,0,1,0,1,998,71,250,0,4,2,2,1,1,1,1,12,0,60,99,28,11,11,2020,4,6,2,1,1,1,3,1,1,4
490239,1,1,26,1,1,11,99,20,1,0,1,0,1,0,1,998,71,170,0,0,1,2,1,2,1,1,17,0,7,0,39,4,12,2020,6,17,2,12,2,2,1,2,1,3
490241,1,1,68,1,1,11,3,20,8,0,1,0,1,0,1,15,75,250,4,0,1,2,1,2,1,11,15,0,60,0,38,23,10,2020,6,18,2,8,3,2,1,5,1,0
490242,1,1,33,2,1,11,20,8,1,0,1,0,1,0,1,998,63,135,2,0,2,2,1,1,1,1,17,0,13,99,39,27,11,2020,6,22,2,12,2,2,1,3,1,4
490244,1,1,56,2,1,11,3,20,0,0,1,0,3,0,1,998,61,158,1,0,1,2,1,2,1,11,15,0,9,0,38,11,12,2020,6,17,2,8,3,2,1,3,1,0
490245,1,1,37,1,1,11,3,20,9,0,1,0,1,0,1,45,74,200,0,0,5,5,1,2,1,1,80,0,7,99,0,10,12,2020,5,21,2,8,1,1,1,2,10,0
490248,1,1,71,2,1,11,3,1,0,0,1,0,1,0,1,65,62,126,0,0,3,3,1,1,1,1,52,0,7,0,26,30,10,2020,6,16,2,12,1,1,1,1,1,4
490249,1,1,18,1,1,11,3,1,8,0,5,0,2,0,1,998,999,999,99,3,1,6,1,2,1,1,17,0,13,99,39,11,12,2020,6,14,2,12,2,2,1,1,10,4
490250,1,1,73,1,1,11,3,1,9,0,1,0,1,0,1,998,73,170,0,0,1,2,1,2,1,11,15,0,13,99,38,7,12,2020,2,8,2,12,2,3,1,1,1,4
490252,1,1,75,2,1,11,3,8,9,0,1,0,2,0,1,45,62,104,0,0,1,5,1,2,1,1,10,0,13,0,28,3,11,2020,3,12,2,12,2,2,1,1,1,3
490253,1,1,49,1,1,11,20,1,0,0,1,0,4,0,1,60,70,240,1,3,1,2,5,2,3,14,12,1,13,99,53,16,12,2020,4,0,2,33,1,1,4,3,4,4
490254,1,1,72,1,1,11,3,20,0,0,1,0,1,0,1,998,71,230,0,0,1,2,1,2,1,1,80,0,60,0,0,8,10,2020,5,9,2,8,3,2,1,1,1,0
490255,1,1,74,1,1,11,3,8,0,0,1,0,1,0,1,998,72,150,0,0,1,7,1,2,1,1,17,0,13,99,39,25,12,2020,6,9,2,12,2,2,1,1,1,4
490256,1,1,23,2,1,11,3,8,0,0,2,0,1,0,1,70,66,130,0,4,3,5,2,1,10,1,6,0,13,99,58,17,12,2020,5,20,2,12,1,1,1,3,4,4
490257,1,1,28,1,1,11,99,1,9,0,99,1,2,0,1,100,63,155,0,3,2,5,1,2,1,1,66,0,60,99,39,21,6,2020,1,3,2,12,2,2,1,3,1,1
490259,1,1,17,1,1,11,3,3,0,0,1,0,2,0,1,998,71,145,0,3,5,5,3,2,1,1,6,0,13,99,36,31,12,2020,5,14,2,12,1,1,1,1,10,4
490262,1,1,58,2,1,11,3,20,0,0,2,0,1,0,1,998,64,180,0,0,2,2,3,2,1,1,17,0,2,4,39,30,12,2020,4,11,2,12,2,2,1,1,10,2
490263,1,1,37,1,1,11,20,20,0,0,1,0,0,0,1,998,65,225,0,4,3,3,1,1,1,14,6,0,81,99,0,27,9,2020,1,1,2,25,1,1,3,3,1,4
490264,1,1,18,1,1,11,3,20,0,0,1,0,2,0,1,998,70,125,0,0,1,2,1,2,1,1,10,0,13,99,28,16,12,2020,4,18,2,12,1,1,1,2,1,4
490267,1,1,62,1,1,11,99,20,0,0,1,0,1,0,1,998,70,200,0,0,1,7,1,2,1,1,17,0,60,99,39,21,9,2020,2,10,2,12,2,2,1,1,1,0
490268,1,1,20,2,1,11,99,8,9,0,1,0,1,0,1,998,62,135,0,0,1,7,1,2,1,11,15,1,13,99,39,31,10,2020,7,1,2,12,2,2,1,3,1,4
490269,1,1,29,1,1,11,99,1,1,0,1,0,2,0,1,80,74,175,0,3,2,4,1,1,1,1,50,0,7,99,36,27,12,2020,1,20,2,12,3,2,1,3,1,2
490270,1,1,42,2,1,11,3,20,8,0,1,0,1,0,1,40,61,122,0,0,5,5,1,2,1,1,80,0,60,99,0,22,12,2020,3,18,2,8,1,1,1,2,1,0
490273,1,1,66,1,1,11,3,8,0,0,1,0,1,0,1,70,67,190,0,3,1,4,2,2,1,1,10,0,13,99,28,3,12,2020,5,12,2,18,1,1,4,1,1,4
490274,1,1,53,1,1,11,3,8,1,0,1,0,1,0,1,45,999,999,0,0,1,2,6,2,2,1,10,0,13,99,28,30,12,2020,4,7,2,12,1,1,1,1,1,4
490275,1,1,68,1,1,11,3,20,8,0,1,0,1,0,1,998,67,220,0,0,1,5,1,2,1,11,80,0,13,0,0,2,12,2020,4,15,2,8,3,2,1,1,1,0
490276,1,1,74,1,1,11,3,1,8,0,1,0,1,0,1,50,68,180,0,3,2,1,6,2,1,14,13,1,13,99,28,13,10,2020,3,20,2,33,1,1,4,3,1,4
500012,1,1,34,1,1,11,20,20,0,0,1,0,1,0,1,999,70,150,1,3,1,4,1,2,1,1,63,0,6,96,0,4,6,2020,5,20,2,1,2,3,1,5,10,4
500017,1,1,31,1,1,11,20,20,0,0,1,0,2,0,1,25,70,210,0,0,1,2,1,2,1,1,12,0,80,96,0,16,6,2020,3,17,2,42,3,2,4,1,1,4
500025,1,1,21,1,1,11,3,20,0,0,4,0,2,0,1,40,72,242,0,5,1,2,1,2,1,14,89,0,1,96,36,9,7,2020,5,3,2,1,3,3,4,2,10,2
500034,1,1,72,1,1,11,3,9,0,0,1,0,1,0,1,45,74,220,0,0,1,2,4,2,1,1,10,0,7,96,28,5,8,2020,4,12,2,12,1,1,1,1,1,4
500040,1,1,58,1,1,11,3,3,0,0,1,0,1,0,1,30,72,178,0,0,1,2,1,2,1,1,83,0,7,96,0,27,8,2020,5,14,2,9,3,3,1,1,10,0
500043,1,1,29,2,1,11,20,9,1,0,1,0,5,0,1,40,67,200,1,0,1,2,1,2,1,1,10,0,13,96,0,4,9,2020,6,3,2,12,2,2,1,3,1,4
500044,1,1,59,1,1,11,3,1,0,0,2,0,1,0,1,74,71,145,0,0,2,2,1,2,1,1,12,0,8,96,0,4,9,2020,6,12,2,17,1,1,3,1,1,4
500049,1,1,76,1,1,11,20,8,0,0,2,0,1,0,1,40,68,200,2,0,1,2,1,2,1,1,12,0,60,96,36,22,9,2020,3,12,2,12,2,3,1,1,1,3
500050,1,1,38,2,1,11,20,9,1,0,1,0,1,0,1,999,65,125,0,0,1,2,1,2,1,1,13,1,7,96,0,22,9,2020,3,19,2,30,1,1,4,2,1,4
500057,1,1,53,2,1,11,3,20,0,0,1,0,1,0,1,40,67,155,0,0,1,2,1,2,1,1,80,0,7,12,0,8,11,2020,1,18,2,8,1,1,1,3,1,0
500059,1,1,17,2,1,11,20,20,1,0,5,0,2,0,1,60,62,186,0,4,1,2,1,2,2,14,6,0,5,96,36,30,11,2020,2,20,2,34,1,1,4,2,2,0
500060,1,1,26,2,1,11,3,20,0,0,1,1,1,0,1,50,68,227,0,0,1,4,1,2,1,1,80,0,13,96,0,14,12,2020,2,22,2,8,1,1,1,3,1,0
510001,1,1,998,8,1,11,98,98,9,0,99,1,9,0,1,998,999,999,99,0,2,2,1,2,1,1,80,0,60,96,0,2,2,2020,1,2,2,8,1,1,1,3,98,9
510004,1,1,35,1,1,11,20,1,9,0,1,0,1,0,1,90,70,175,2,3,3,3,3,2,2,1,51,1,13,0,0,1,2,2020,7,3,2,12,1,1,1,2,2,4
510007,1,1,74,1,1,11,20,2,9,0,1,0,1,0,1,60,70,180,0,0,3,3,1,2,2,15,10,0,60,0,27,6,2,2020,5,16,2,12,1,1,1,1,2,4
510008,1,1,35,1,1,11,20,20,9,0,1,0,1,0,1,60,71,218,0,0,3,2,1,2,2,1,13,1,7,92,0,7,2,2020,6,1,2,42,1,1,4,3,2,4
510009,1,1,42,1,1,11,3,20,0,0,2,0,2,0,1,80,62,200,0,0,3,4,1,2,1,1,11,1,13,0,0,9,2,2020,1,2,2,25,1,1,4,3,98,4
510011,1,1,71,2,1,11,20,1,9,0,1,0,2,0,1,70,61,163,0,0,3,3,1,2,1,1,13,0,13,92,0,5,2,2020,4,11,2,32,1,1,4,1,98,4
510012,1,1,54,1,1,11,20,20,9,0,1,0,1,0,1,998,69,220,0,0,1,2,2,2,1,14,13,0,9,0,0,4,2,2020,3,16,2,33,3,3,4,1,98,4
510013,1,1,29,2,1,11,3,2,9,0,1,0,2,0,1,101,68,185,0,3,2,2,1,2,1,14,6,1,13,0,0,4,2,2020,3,0,2,33,3,3,4,3,98,4
510015,1,1,25,2,1,11,3,20,0,0,1,0,1,0,1,40,66,160,0,3,2,3,1,2,2,1,80,0,13,0,0,10,2,2020,2,20,2,8,3,2,1,3,2,0
510016,1,1,26,2,1,11,3,1,9,0,1,0,1,0,1,998,64,135,1,0,1,2,1,2,1,1,17,1,5,0,39,14,2,2020,6,20,2,12,2,2,1,3,98,1
510021,1,1,48,2,1,11,20,8,9,0,1,0,1,0,1,25,62,152,1,0,2,7,1,2,1,11,17,0,13,0,39,8,2,2020,7,10,2,12,2,2,1,1,98,4
510022,1,1,31,1,1,11,20,20,9,0,1,0,1,0,1,998,71,220,0,0,1,2,1,2,1,14,12,0,94,96,0,18,2,2020,3,19,2,34,1,1,4,2,98,4
510023,1,1,54,2,1,11,3,20,0,0,1,0,1,0,1,998,62,175,0,0,2,3,1,2,1,1,80,0,13,0,0,14,2,2020,6,6,2,8,3,2,1,2,98,0
510024,1,1,59,1,1,11,3,1,0,0,1,0,3,2,1,0,70,320,0,0,3,4,1,2,1,5,53,0,11,0,0,17,2,2020,2,6,2,12,3,2,1,1,98,0
510029,1,1,61,1,1,11,3,20,0,0,1,0,2,0,1,40,73,210,0,4,1,2,1,2,2,14,90,0,60,96,0,21,2,2020,6,5,2,18,1,1,1,2,11,4
510030,1,1,37,1,1,11,20,20,9,0,1,0,2,0,1,998,73,165,0,0,2,4,1,2,2,1,13,1,3,0,37,20,2,2020,5,22,2,34,1,1,4,1,98,4
510033,1,1,90,2,1,11,3,8,0,0,1,0,1,0,1,10,66,122,0,0,2,2,1,2,1,1,17,0,13,0,38,20,2,2020,5,9,2,12,2,2,1,1,98,4
510040,1,1,45,1,1,11,3,20,0,0,1,0,1,0,1,51,68,198,0,0,2,4,1,2,1,1,80,0,3,0,0,1,3,2020,1,2,2,8,1,1,1,2,98,1
510041,1,1,25,1,1,11,3,8,1,0,1,0,1,0,1,998,73,160,3,4,6,2,8,2,1,1,6,1,3,96,0,28,2,2020,6,1,2,42,5,1,4,3,98,4
510042,1,1,45,1,1,11,20,1,0,0,1,0,1,0,1,85,71,170,1,4,6,2,8,2,2,1,6,1,13,0,0,3,3,2020,3,0,2,35,5,1,4,2,2,4
510044,1,1,48,1,1,11,20,20,9,0,1,0,1,0,1,25,71,180,0,0,1,2,1,2,1,1,17,0,12,0,39,27,2,2020,5,10,2,12,2,2,1,1,98,4
510046,1,1,37,1,1,11,3,20,1,0,2,0,1,0,1,65,72,170,0,0,3,4,1,2,1,1,13,1,7,0,0,29,2,2020,7,3,2,24,1,1,3,2,98,3
510048,1,1,27,1,1,11,20,1,0,0,1,0,1,0,1,998,999,999,2,0,3,3,1,2,1,1,17,0,95,0,39,2,3,2020,2,9,2,12,2,2,1,1,98,2
510050,1,1,19,1,1,11,20,1,9,0,4,0,2,0,1,998,67,150,0,3,1,2,1,2,1,14,6,0,13,0,0,5,3,2020,5,0,2,53,1,1,4,3,98,4
510052,1,1,49,1,1,11,20,1,9,0,1,0,1,0,1,32,74,250,0,0,1,2,1,2,2,1,12,1,60,0,0,6,3,2020,6,6,2,42,1,1,5,4,98,4
510054,1,1,52,1,1,11,3,20,9,0,99,1,1,0,1,25,62,189,0,0,2,2,2,2,1,1,80,1,7,92,91,1,2,2020,7,1,2,8,1,1,1,3,98,0
510056,1,1,65,2,1,11,3,20,0,0,2,0,1,0,1,65,62,252,0,0,3,3,1,2,1,1,11,0,13,0,0,17,1,2020,6,2,2,42,1,1,4,2,98,3
510058,1,1,71,1,1,11,3,1,0,0,1,0,2,0,1,998,70,180,0,0,2,4,1,2,1,11,15,0,13,0,38,9,3,2020,2,19,2,12,2,2,1,2,98,2
510064,1,1,44,1,1,11,3,99,9,0,1,0,2,6,1,65,999,999,0,0,2,2,1,2,1,1,12,0,66,96,0,6,3,2020,6,3,2,34,1,1,4,2,98,4
510072,1,1,35,1,1,11,20,8,9,0,1,0,1,0,1,85,74,210,0,0,1,2,1,2,1,1,10,0,7,0,0,6,1,2020,2,12,2,12,18,1,1,1,1,4
510078,1,1,56,1,1,11,3,20,0,0,2,0,2,0,1,30,67,175,1,0,1,4,1,2,2,1,80,0,13,0,0,11,1,2020,7,18,2,8,1,1,1,2,2,0
510081,1,1,23,1,1,11,97,20,9,0,1,0,2,0,1,100,72,185,1,3,6,2,2,2,1,14,6,0,13,0,0,14,1,2020,3,2,2,1,5,1,4,2,98,4
510082,1,1,998,8,1,11,98,98,9,0,99,1,1,0,1,65,999,999,99,5,2,2,1,2,2,1,12,0,13,96,58,11,1,2020,7,1,2,24,1,1,4,2,98,9
510083,1,1,35,2,1,11,20,20,9,0,2,0,2,0,1,60,60,151,0,4,3,4,2,1,2,1,6,1,7,92,0,12,1,2020,1,2,2,23,1,1,3,3,2,4
510085,1,1,27,2,1,11,3,20,0,0,1,0,1,0,1,45,64,150,0,0,2,3,1,2,2,1,80,0,13,0,0,12,1,2020,1,5,2,8,2,3,1,2,98,2
510092,1,1,21,2,1,11,20,8,9,0,1,0,1,0,1,55,62,154,2,0,2,2,2,2,1,1,12,0,3,0,0,19,1,2020,1,13,2,12,1,1,1,1,98,3
510098,1,1,21,1,1,11,20,8,9,0,1,0,2,0,1,61,70,165,1,0,3,4,1,2,1,1,12,1,5,96,0,24,1,2020,6,0,2,33,3,2,3,3,98,4
510099,1,1,55,1,1,11,3,20,0,0,2,0,2,0,1,30,66,165,0,0,2,3,1,2,1,1,80,0,7,0,0,15,1,2020,4,17,2,8,1,1,1,3,98,0
510101,1,1,31,1,1,11,3,20,1,0,1,0,2,0,1,998,71,270,1,0,2,3,1,2,2,1,11,0,13,5,36,11,1,2020,7,16,2,8,1,1,4,5,2,0
510103,1,1,46,1,1,11,20,20,9,0,1,0,1,0,1,998,63,135,1,0,2,3,1,2,1,1,80,0,7,0,0,24,1,2020,6,20,2,8,1,1,1,2,1,0
510104,1,1,48,1,1,11,20,1,9,0,2,0,3,0,1,998,74,245,0,5,2,3,1,2,1,1,13,1,13,96,0,18,1,2020,7,0,2,14,1,1,6,3,98,4
510105,1,1,52,1,1,11,3,20,0,0,1,0,1,0,1,55,71,195,2,0,2,4,1,2,1,1,80,0,60,0,0,16,1,2020,5,21,2,8,1,1,1,2,98,0
510106,1,1,38,1,1,11,20,1,9,0,1,0,1,0,1,998,69,200,1,0,1,2,1,2,1,98,80,1,13,96,37,23,1,2020,5,18,2,59,1,1,4,3,98,1
510107,1,1,33,1,1,11,20,1,9,0,1,0,2,0,1,76,76,235,0,5,1,3,1,2,1,1,17,0,13,0,39,24,1,2020,6,20,2,12,2,2,1,3,98,2
510112,1,1,41,2,1,11,20,1,9,0,2,0,1,0,1,998,62,210,1,0,1,2,1,2,1,1,17,0,13,96,39,30,1,2020,5,9,2,12,2,2,1,1,98,4
510116,1,1,60,1,1,11,20,8,9,0,1,0,2,0,1,35,72,185,1,0,1,2,1,2,1,1,13,1,13,96,0,30,1,2020,5,21,2,43,1,1,4,3,98,4
510119,1,1,65,1,1,11,3,20,9,0,99,1,1,0,1,10,73,185,0,0,8,3,1,1,98,1,15,0,13,92,0,17,1,2020,6,22,2,12,2,3,1,3,98,1
510120,1,1,30,2,1,11,3,1,8,0,1,0,3,0,1,50,62,150,1,0,3,5,1,2,1,1,50,1,60,96,39,26,1,2020,1,12,2,12,2,2,1,1,98,2
510121,1,1,19,2,1,11,3,20,0,0,1,0,3,0,1,998,62,160,0,0,1,2,1,2,2,1,80,0,13,0,38,18,1,2020,7,17,2,8,3,3,1,2,2,0
510122,1,1,55,1,1,11,3,20,0,0,1,0,1,0,1,998,62,128,0,0,2,2,1,2,1,1,17,0,2,0,38,20,1,2020,2,21,2,12,2,2,1,3,98,0
510123,1,1,61,1,1,11,20,20,9,0,1,0,1,0,1,50,72,189,0,0,3,5,1,2,1,1,51,0,81,12,0,10,1,2020,6,14,2,12,18,1,1,1,98,4
510124,1,1,60,1,1,11,3,20,0,0,1,0,1,0,1,45,66,178,0,0,2,3,1,2,1,1,80,0,13,0,0,9,1,2020,5,20,2,8,1,1,1,3,98,0
510126,1,1,27,1,1,11,3,20,0,0,1,0,1,0,1,40,71,200,0,0,2,4,1,1,2,1,80,0,13,0,0,2,3,2020,2,20,2,8,1,1,1,3,2,0
510127,1,1,28,1,1,11,20,1,1,0,1,0,1,0,1,45,72,160,0,3,1,3,1,2,1,1,6,0,7,96,0,22,1,2020,4,2,2,42,1,1,4,3,98,4
510131,1,1,27,1,1,11,3,20,0,0,1,0,1,0,1,50,70,200,0,0,1,4,1,2,2,1,80,1,13,0,0,11,2,2020,3,1,2,8,1,1,1,2,2,0
510133,1,1,18,2,1,11,20,20,8,0,2,0,2,0,1,40,62,135,0,0,1,2,1,2,1,1,13,0,7,0,58,11,3,2020,4,14,2,53,1,1,4,1,98,0
510136,1,1,40,1,1,11,20,8,9,0,1,0,1,0,1,90,71,215,0,4,3,3,1,2,1,14,6,1,13,0,0,14,3,2020,7,4,2,24,1,1,4,3,98,4
510140,1,1,28,2,1,11,20,8,9,0,1,0,1,0,1,80,60,116,0,3,2,3,1,1,2,14,6,1,13,96,0,5,1,2020,1,2,2,34,1,1,4,6,2,4
510141,1,1,87,1,1,11,3,20,9,0,1,0,2,0,1,52,73,163,0,4,1,2,1,2,1,14,6,0,13,0,0,10,3,2020,3,18,2,12,1,1,1,1,98,4
510142,1,1,30,1,1,11,20,20,9,0,1,0,1,0,1,998,68,184,3,0,1,4,1,2,1,14,13,1,80,0,0,1,3,2020,1,3,2,30,3,98,4,3,98,4