ST_CASE,VEH_NO,PER_NO,AGE,SEX,PER_TYP,SEAT_POS,REST_USE,AIR_BAG,DRUGS,LOCATION,NUMOCCS,HIT_RUN,OWNER,V_CONFIG,HAZ_INV,TRAV_SP,DR_HGT,DR_WGT,PREV_SPD,SPEEDREL,VTRAFWAY,VNUM_LAN,VPROFILE,VPAVETYP,VSURCOND,P_CRASH1,P_CRASH2,DR_DRINK,VPICBODYCLASS,DRDISTRACT,DRIVERRF,DAY,MONTH,YEAR,DAY_WEEK,HOUR,RUR_URB,HARM_EV,RELJCT2,TYP_INT,REL_ROAD,LGT_COND,WEATHER,INJ_SEV
510143,1,1,29,1,1,11,20,20,8,0,1,0,2,0,1,75,74,200,0,3,1,2,1,1,1,1,72,1,98,0,0,11,3,2020,4,19,2,12,8,1,1,5,98,4
510149,1,1,41,1,1,11,3,1,9,0,1,0,2,0,1,70,73,135,0,0,2,3,1,2,1,1,12,0,13,0,0,24,3,2020,3,9,2,35,1,1,3,1,98,3
510151,1,1,998,8,1,11,98,99,8,0,1,1,1,1,1,45,72,245,0,0,2,2,1,2,2,1,80,0,62,0,0,25,3,2020,4,0,2,8,1,1,1,2,2,0
510154,1,1,38,2,1,11,3,20,0,0,1,0,1,1,1,25,63,140,0,0,6,1,2,2,1,14,80,0,60,0,0,27,3,2020,6,23,2,8,20,1,1,3,98,0
510155,1,1,47,2,1,11,3,20,8,0,1,0,1,0,1,25,67,125,0,0,3,6,1,2,1,1,80,0,5,0,0,28,2,2020,6,15,2,8,3,2,1,1,98,0
510156,1,1,29,1,1,11,3,20,0,0,1,0,1,0,1,30,74,215,0,0,3,5,1,2,1,1,80,0,13,5,0,27,2,2020,5,21,2,8,3,3,1,3,98,0
510157,1,1,27,1,1,11,3,2,0,0,1,0,1,0,1,55,64,169,1,0,3,3,1,2,1,1,80,0,13,0,0,1,3,2020,1,2,2,8,1,1,1,3,98,2
510159,1,1,22,1,1,11,20,8,9,0,2,0,2,0,1,115,71,200,0,5,6,1,2,2,1,1,13,0,13,92,37,7,2,2020,6,22,2,46,3,2,4,3,98,3
510161,1,1,34,1,1,11,3,20,9,0,2,1,1,0,1,49,71,210,2,0,1,2,1,2,1,1,80,0,3,0,0,29,2,2020,7,16,2,8,1,1,1,1,1,0
510164,1,1,30,1,1,11,3,8,9,0,1,0,1,0,1,120,75,210,0,3,2,2,1,2,1,14,13,1,3,15,0,22,3,2020,1,22,2,31,1,1,4,3,98,4
510165,1,1,54,2,1,11,20,8,9,0,1,0,1,0,1,55,67,125,2,0,2,2,1,2,1,1,12,1,8,0,0,29,3,2020,1,22,2,35,1,1,4,2,98,4
510177,1,1,49,1,1,11,20,20,9,0,1,0,1,6,1,60,73,220,0,0,3,2,2,2,2,1,13,0,66,0,0,9,4,2020,5,4,2,24,1,1,4,2,2,4
510178,1,1,62,2,1,11,3,20,0,0,1,0,1,0,1,35,64,152,0,0,2,2,1,2,1,1,80,0,13,0,0,5,4,2020,1,20,2,8,1,1,1,2,98,1
510181,1,1,64,1,1,11,20,8,0,0,1,0,1,0,1,53,72,185,1,0,1,6,2,1,2,1,17,0,13,96,39,11,2,2020,3,9,2,12,2,2,1,1,2,4
510187,1,1,34,1,1,11,3,2,0,0,1,0,2,0,1,65,67,155,0,9,1,4,1,2,2,1,13,1,7,96,0,7,2,2020,6,1,2,53,1,1,4,3,98,4
510188,1,1,25,1,1,11,20,20,9,0,1,0,1,0,1,86,69,165,1,3,1,4,1,2,1,1,62,0,80,92,0,12,4,2020,1,19,2,12,2,2,1,3,98,4
510189,1,1,92,2,1,11,3,2,0,0,1,0,1,0,1,11,62,140,0,0,2,3,1,2,1,11,15,0,13,0,38,6,3,2020,6,14,2,12,2,2,1,1,98,4
510191,1,1,63,1,1,11,3,20,9,0,1,0,1,0,1,45,65,216,1,0,3,3,1,2,1,14,13,0,13,0,0,22,4,2020,4,6,2,24,1,1,4,4,98,4
510196,1,1,35,2,1,11,3,20,0,0,2,0,1,0,1,20,65,259,0,0,2,2,1,1,1,1,17,0,3,0,38,5,4,2020,1,16,2,12,2,2,1,1,98,3
510197,1,1,26,2,1,11,3,20,9,0,1,0,1,0,1,71,64,150,0,3,3,3,1,2,1,1,12,1,13,5,58,13,4,2020,2,21,2,42,1,1,3,2,98,4
510201,1,1,38,2,1,11,3,1,0,0,2,0,1,0,1,70,64,170,0,3,3,5,1,2,1,1,50,1,7,0,0,25,4,2020,7,19,2,12,1,1,1,5,98,2
510205,1,1,17,1,1,11,3,20,0,0,1,0,2,0,1,45,71,225,0,0,1,3,1,2,1,1,80,0,7,0,0,11,3,2020,4,17,2,8,1,1,1,1,98,0
510206,1,1,76,2,1,11,3,8,9,0,1,0,1,0,1,998,62,145,0,0,1,2,1,2,1,1,17,0,13,96,0,13,3,2020,6,8,2,12,2,3,1,1,98,4
510208,1,1,998,8,1,11,98,98,9,0,99,1,9,99,1,998,999,999,99,0,1,2,2,2,1,1,80,0,998,96,0,21,4,2020,3,6,2,8,1,1,1,2,98,9
510209,1,1,75,1,1,11,20,8,0,0,1,0,1,0,1,45,69,210,0,0,2,4,1,2,1,1,50,0,13,96,0,27,2,2020,5,7,2,12,2,2,1,1,98,4
510211,1,1,32,1,1,11,3,8,9,0,4,0,2,0,1,20,68,180,0,0,2,4,8,2,2,11,15,0,13,12,38,30,4,2020,5,3,2,12,2,3,1,2,2,3
510214,1,1,43,2,1,11,3,20,9,0,1,0,1,0,1,30,64,170,0,3,1,2,1,2,1,1,80,0,7,0,0,23,3,2020,2,22,2,8,3,2,1,3,98,0
510219,1,1,36,8,1,11,3,20,0,0,99,1,3,0,1,60,999,999,99,3,2,3,1,2,1,1,51,0,13,96,36,8,3,2020,1,1,2,12,1,1,1,3,98,1
510220,1,1,32,1,1,11,20,9,9,0,1,0,2,0,1,75,65,160,1,3,3,2,1,2,1,1,11,1,13,96,27,16,4,2020,5,1,2,12,1,1,1,2,98,4
510221,1,1,998,2,1,11,3,20,9,0,1,0,1,0,1,998,999,999,0,0,3,3,1,2,1,12,51,0,60,0,38,3,5,2020,1,17,2,12,2,2,1,1,98,0
510223,1,1,46,1,1,11,20,2,0,0,1,0,1,0,1,60,69,175,0,4,1,2,1,2,1,14,13,1,7,0,0,9,5,2020,7,23,2,34,1,1,4,2,98,4
510224,1,1,32,1,1,11,3,8,0,0,2,0,2,0,1,91,69,165,0,3,2,2,1,2,1,1,17,1,7,96,0,2,5,2020,7,20,2,12,2,2,1,3,98,0
510226,1,1,66,1,1,11,20,1,0,0,1,0,1,0,1,75,67,285,0,0,3,3,1,2,1,1,13,0,60,0,0,2,5,2020,7,12,2,24,1,1,4,1,98,4
510227,1,1,35,2,1,11,3,8,9,0,2,0,2,0,1,55,67,120,0,0,1,2,1,2,1,1,10,0,1,96,0,10,5,2020,1,16,2,59,1,1,4,1,98,3
510228,1,1,66,1,1,11,3,1,9,0,1,0,1,0,1,998,68,161,1,0,2,4,1,2,1,1,50,0,7,98,0,9,5,2020,7,11,2,12,3,2,1,1,98,4
510232,1,1,19,2,1,11,3,20,0,0,1,0,2,0,1,79,64,171,0,3,2,2,2,2,1,14,6,0,13,92,0,1,5,2020,6,14,2,33,3,2,4,1,98,1
510234,1,1,33,1,1,11,20,20,9,0,1,0,1,0,1,998,71,131,0,0,1,2,1,2,1,14,13,1,6,96,0,13,5,2020,4,18,2,59,1,1,4,1,98,4
510235,1,1,34,1,1,11,3,20,0,0,1,0,2,0,1,35,72,200,0,0,3,4,1,2,1,1,80,0,9,0,0,26,1,2020,1,7,2,8,3,2,1,1,98,0
510236,1,1,998,8,1,11,99,98,9,0,99,1,9,0,1,80,999,999,99,0,3,4,1,2,1,1,13,0,3,0,0,10,5,2020,1,5,2,42,1,1,4,1,98,9
510237,1,1,19,1,1,11,20,1,9,0,1,0,2,0,1,60,71,110,1,5,2,4,1,2,1,1,12,0,13,96,0,26,4,2020,1,21,2,33,1,1,3,3,98,4
510242,1,1,73,1,1,11,3,20,0,0,1,0,1,0,1,30,72,190,0,0,1,2,1,2,1,1,83,0,60,0,38,16,5,2020,7,17,2,15,2,3,1,1,98,1
510244,1,1,998,8,1,11,98,98,9,0,99,1,9,99,1,998,999,999,99,0,2,5,1,2,2,1,80,0,999,96,0,6,5,2020,4,4,2,8,1,1,1,2,2,9
510247,1,1,18,2,1,11,3,1,0,0,1,0,3,0,1,65,70,141,0,0,3,3,2,2,6,1,12,0,9,0,0,24,4,2020,6,4,2,25,1,1,3,2,2,3
510250,1,1,18,1,1,11,20,8,9,0,1,0,2,0,1,998,70,145,0,0,3,3,1,2,1,1,12,0,13,96,0,20,5,2020,4,20,2,12,3,2,1,3,98,4
510251,1,1,58,1,1,11,20,1,9,0,1,0,1,0,1,90,73,230,0,3,3,6,1,1,1,1,51,1,13,0,0,17,5,2020,1,14,2,12,1,1,1,1,98,4
510253,1,1,34,2,1,11,3,20,0,0,1,0,1,0,1,20,62,110,1,0,1,5,1,2,2,1,83,0,13,0,38,19,5,2020,3,17,2,9,2,2,1,1,2,1
510258,1,1,61,1,1,11,3,20,0,0,2,0,1,0,1,0,72,230,0,0,6,2,8,2,1,5,53,0,13,0,54,24,4,2020,6,16,2,12,20,1,1,1,98,2
510259,1,1,59,1,1,11,3,20,9,0,1,0,1,0,1,60,74,215,0,0,2,2,1,2,1,1,12,0,13,96,0,20,5,2020,4,7,2,34,1,1,4,1,98,4
510263,1,1,25,1,1,11,20,20,9,0,1,0,9,0,1,50,70,230,0,5,1,4,1,2,1,1,17,0,80,92,37,28,5,2020,5,23,2,12,2,3,1,3,98,4
510264,1,1,36,2,1,11,3,8,9,0,1,0,1,0,1,95,61,999,1,5,2,2,1,2,1,1,6,1,2,0,0,24,5,2020,1,19,2,32,1,1,3,1,98,4
510265,1,1,27,2,1,11,20,8,9,0,1,0,1,0,1,70,64,135,3,5,3,3,1,2,1,1,12,1,5,92,0,1,6,2020,2,22,2,34,1,1,3,3,98,4
510268,1,1,29,1,1,11,3,1,9,0,1,0,2,0,1,76,73,195,2,5,1,4,2,2,1,14,6,0,60,92,0,24,5,2020,1,5,2,42,3,2,4,4,98,4
510271,1,1,63,1,1,11,20,20,0,0,1,0,2,0,1,998,72,220,0,0,4,3,1,2,1,1,13,1,7,0,0,4,6,2020,5,20,2,24,1,1,4,1,98,4
510274,1,1,46,1,1,11,20,20,0,0,1,0,2,0,1,90,71,210,0,5,6,1,2,2,1,14,13,0,94,0,0,4,6,2020,5,17,2,1,5,1,4,1,98,4
510275,1,1,37,1,1,11,3,1,9,0,1,0,3,4,1,70,73,220,0,0,3,3,2,2,1,15,1,0,60,0,0,4,6,2020,5,14,2,12,1,1,1,1,98,4
510276,1,1,18,1,1,11,3,20,0,0,1,0,2,0,1,30,66,152,0,0,1,4,1,2,1,1,83,0,13,0,0,7,6,2020,1,0,2,15,1,1,1,3,98,0
510278,1,1,33,2,1,11,3,1,0,0,2,0,1,0,1,15,65,170,0,0,1,3,1,2,1,11,15,0,3,3,38,7,6,2020,1,23,2,12,2,3,1,3,98,1
510282,1,1,31,2,1,11,3,20,9,0,1,0,1,0,1,998,63,165,1,0,2,3,1,2,1,1,80,0,13,0,0,13,5,2020,4,21,2,8,1,1,1,2,98,0
510283,1,1,29,2,1,11,3,20,0,0,1,0,2,0,1,30,65,155,0,0,1,4,1,2,1,1,80,0,7,0,0,15,5,2020,6,19,2,8,1,1,1,1,98,0
510284,1,1,46,1,1,11,20,1,9,0,1,0,2,0,1,70,66,155,0,0,1,5,1,2,1,1,10,0,13,0,28,3,6,2020,4,15,2,12,1,1,1,1,98,4
510286,1,1,60,1,1,11,20,1,8,0,1,0,1,0,1,75,70,213,0,5,2,3,1,2,2,1,13,0,7,0,0,18,5,2020,2,14,2,34,1,1,4,1,2,4
510288,1,1,44,1,1,11,3,8,0,0,1,0,2,0,1,50,72,170,1,0,3,6,1,2,1,1,11,0,7,0,0,8,6,2020,2,22,2,12,18,1,1,3,98,0
510290,1,1,29,1,1,11,20,8,9,0,1,0,2,0,1,45,68,185,0,0,6,1,1,2,1,1,11,0,13,0,36,11,6,2020,5,12,2,8,5,1,4,1,98,0
510293,1,1,998,8,1,11,99,98,9,0,2,0,9,0,1,83,999,999,99,5,3,2,1,2,2,1,12,0,13,92,0,7,6,2020,1,2,2,25,1,1,3,3,98,9
510295,1,1,30,1,1,11,20,8,9,0,1,0,1,0,1,85,69,275,2,3,3,3,1,2,1,1,12,1,13,96,0,13,6,2020,7,23,2,25,1,1,3,3,98,4
510296,1,1,31,1,1,11,3,20,0,0,1,0,3,0,1,60,69,999,0,3,3,3,1,2,1,14,80,0,7,12,16,6,6,2020,7,0,2,8,1,1,1,2,5,2
510298,1,1,47,1,1,11,97,1,0,0,2,0,2,0,1,998,71,200,0,0,3,2,1,2,8,1,62,0,3,0,0,17,6,2020,4,10,2,42,1,1,3,1,98,4
510300,1,1,999,9,1,11,99,98,9,0,99,1,9,99,1,998,999,999,99,9,3,2,2,2,1,1,80,0,999,99,0,2,4,2020,5,0,2,8,18,1,1,2,98,9
510301,1,1,21,1,1,11,3,20,9,0,1,0,1,0,1,68,72,175,0,0,3,2,2,2,1,1,12,0,5,96,0,16,6,2020,3,18,2,42,1,1,3,1,98,4
510303,1,1,18,1,1,11,3,1,9,0,2,0,2,0,1,79,68,135,0,3,1,2,1,2,2,14,6,0,13,96,0,10,6,2020,4,18,2,42,1,1,4,1,2,4
510305,1,1,26,1,1,11,20,20,9,0,1,0,1,0,1,65,66,170,1,3,2,4,1,2,1,1,17,0,80,0,39,18,6,2020,5,13,2,12,2,2,1,1,98,4
510306,1,1,26,1,1,11,3,1,0,0,1,0,1,0,1,45,73,200,0,0,3,4,1,2,1,1,80,0,13,0,0,8,2,2020,7,1,2,12,1,1,1,2,98,3
510317,1,1,31,1,1,11,20,20,9,0,1,0,1,0,1,60,70,140,0,4,2,3,1,2,1,14,12,1,94,0,0,27,6,2020,7,2,2,5,1,1,1,3,98,4
510318,2,1,35,1,1,11,3,1,0,0,1,0,1,0,1,60,74,220,0,0,3,3,1,2,1,1,50,0,13,0,0,11,6,2020,5,2,2,12,2,2,1,2,98,2
510319,1,1,56,1,1,11,20,20,9,0,1,0,1,0,1,998,69,178,0,5,3,2,1,2,1,14,12,1,13,96,0,20,6,2020,7,17,2,42,1,1,3,1,98,4
510320,1,1,43,1,1,11,20,8,8,0,1,0,2,0,1,55,71,250,0,3,2,3,1,2,1,1,13,1,3,92,0,13,6,2020,7,3,2,33,3,2,4,3,98,4
510321,1,1,22,1,1,11,20,1,9,0,1,0,2,0,1,998,73,161,0,3,2,6,1,2,1,14,13,0,13,92,0,7,6,2020,1,21,2,42,1,1,4,2,98,4
510323,1,1,78,1,1,11,3,1,0,0,1,0,1,0,1,45,71,170,0,0,1,6,1,2,1,1,50,0,13,96,26,29,6,2020,2,9,2,12,2,3,1,1,98,4
510324,1,1,28,1,1,11,20,20,9,0,1,0,2,0,1,30,73,240,0,0,1,2,1,2,1,14,12,0,80,0,0,30,6,2020,3,20,2,38,1,1,4,5,98,4
510327,1,1,39,1,1,11,20,8,9,0,1,0,2,0,1,94,74,251,2,3,1,2,2,2,2,14,6,0,3,96,0,22,6,2020,2,16,2,53,1,1,4,1,2,4
510332,1,1,66,1,1,11,3,20,0,0,2,0,1,0,1,60,68,178,1,0,2,2,2,2,1,1,87,1,13,0,0,1,6,2020,2,3,2,11,1,1,1,2,98,4
510334,1,1,19,1,1,11,20,1,9,0,1,0,2,0,1,80,68,156,0,5,3,3,1,2,1,1,13,0,13,96,0,28,6,2020,1,7,2,24,1,1,4,1,98,4
510336,1,1,25,1,1,11,3,8,0,0,1,0,1,0,1,50,72,156,2,0,1,2,1,2,1,1,13,1,13,92,58,3,7,2020,6,17,2,12,1,1,1,1,98,2
510337,1,1,53,1,1,11,3,8,0,0,1,0,1,0,1,40,73,250,0,0,3,3,1,2,1,14,13,1,13,0,0,18,6,2020,5,13,2,43,3,3,4,1,98,4
510340,1,1,79,1,1,11,20,1,9,0,1,0,2,0,1,25,68,250,0,0,1,2,1,2,1,1,13,0,1,0,0,13,6,2020,7,18,2,42,3,2,4,1,98,4
510341,1,1,27,1,1,11,20,20,9,0,1,0,1,0,1,30,64,130,3,0,3,2,1,2,1,1,13,1,80,92,0,3,7,2020,6,19,2,33,1,1,4,1,98,4
510342,1,1,79,2,1,11,3,20,0,0,1,0,1,0,1,45,60,135,0,0,3,2,2,2,1,1,80,0,13,0,0,26,6,2020,6,11,2,8,3,3,1,1,98,1
510343,1,1,60,1,1,11,20,20,9,0,1,0,3,6,1,70,69,216,0,0,3,4,1,1,1,1,13,0,66,92,0,6,7,2020,2,2,2,12,1,1,2,3,98,4
510346,1,1,29,1,1,11,20,20,9,0,1,0,1,0,1,61,68,165,0,3,2,2,1,2,1,1,80,1,81,0,0,30,6,2020,3,21,2,8,1,1,1,2,98,4
510350,1,1,44,2,1,11,20,20,9,0,1,0,1,0,1,60,65,240,0,0,2,2,1,2,1,1,13,0,7,0,0,19,6,2020,6,17,2,33,3,2,4,1,98,4
510352,1,1,58,1,1,11,3,8,0,0,2,0,1,0,1,60,73,999,2,5,3,2,2,1,1,14,12,1,13,96,0,14,6,2020,1,23,2,33,1,1,3,3,98,4
510357,1,1,92,1,1,11,20,1,9,0,1,0,1,0,1,998,65,155,0,0,1,2,1,2,1,1,11,0,13,92,0,7,7,2020,3,21,2,14,1,1,4,3,98,4
510359,1,1,27,1,1,11,20,20,9,0,1,0,3,6,1,998,68,250,0,0,2,3,2,2,1,1,13,0,66,96,0,13,7,2020,2,10,2,52,3,2,4,1,98,4
510362,1,1,32,2,1,11,3,20,9,0,1,0,1,0,1,998,74,205,0,0,3,2,1,2,1,1,80,0,13,0,0,15,7,2020,4,14,2,8,1,1,1,1,98,0
510364,1,1,44,1,1,11,3,8,9,0,1,0,2,0,1,90,69,175,0,3,1,4,1,2,2,14,6,0,13,92,0,17,6,2020,4,13,2,33,3,2,8,1,2,4
510365,1,1,56,2,1,11,3,20,0,0,2,0,2,0,1,70,999,999,99,0,3,4,1,2,1,1,1,0,60,0,0,14,7,2020,3,18,2,35,1,1,4,1,98,3
510366,1,1,24,1,1,11,3,20,0,0,1,0,2,0,1,35,74,200,0,0,2,2,1,2,1,1,80,0,60,0,0,10,7,2020,6,22,2,8,3,2,1,3,98,0
510374,1,1,19,1,1,11,3,20,9,0,4,0,2,0,1,35,68,134,2,5,1,2,1,2,1,14,6,1,1,96,0,4,7,2020,7,0,2,34,1,1,4,2,98,0
510375,1,1,37,1,1,11,20,8,8,0,1,0,1,0,1,998,75,215,1,0,1,4,1,2,1,14,13,0,3,0,0,9,6,2020,3,23,2,39,3,2,4,3,98,4
510377,1,1,58,1,1,11,3,2,9,0,1,0,1,0,1,67,67,245,0,4,1,2,2,2,1,14,6,1,7,0,0,16,7,2020,5,19,2,43,1,1,4,5,98,4
510380,1,1,52,1,1,11,20,20,9,0,1,0,1,0,1,65,73,390,0,0,2,2,1,2,1,1,13,0,7,92,0,24,6,2020,4,14,2,24,1,1,4,1,98,4
510382,1,1,77,2,1,11,3,8,0,0,2,0,1,0,1,70,65,130,0,3,2,2,1,2,1,1,51,0,7,0,0,10,7,2020,6,20,2,12,2,2,1,5,98,2
510383,1,1,26,1,1,11,20,20,9,0,1,0,2,0,1,35,67,180,0,0,1,2,1,2,1,14,13,0,80,96,0,11,7,2020,7,18,2,53,1,1,4,1,98,4
510387,1,1,61,1,1,11,20,8,0,0,1,0,1,0,1,90,72,210,1,5,3,5,2,2,1,10,13,0,7,0,0,20,7,2020,2,9,2,30,3,3,4,1,98,4
510389,1,1,25,1,1,11,3,8,9,0,1,0,5,0,1,80,72,198,0,3,1,2,2,2,1,1,10,0,7,92,37,17,7,2020,6,19,2,12,1,1,1,1,98,2
510390,1,1,31,1,1,11,20,1,1,0,1,0,1,0,1,52,69,200,0,0,2,3,2,2,1,1,13,1,60,96,0,13,7,2020,2,2,2,33,1,1,4,3,98,4
510395,1,1,89,1,1,11,3,1,0,0,1,0,1,0,1,5,68,165,0,0,3,4,2,2,1,11,15,0,60,0,38,23,7,2020,5,16,2,12,2,2,1,1,98,4
510396,1,1,49,2,1,11,3,20,1,0,1,0,1,0,1,45,65,165,0,0,2,2,1,2,1,1,80,0,13,96,0,11,6,2020,5,21,2,8,1,1,1,3,98,0
510398,1,1,24,1,1,11,3,20,0,0,1,0,2,0,1,45,73,300,1,0,1,4,1,2,1,1,80,0,13,0,0,29,6,2020,2,21,2,8,1,1,1,2,98,1
510401,1,1,21,1,1,11,3,1,9,0,3,0,2,0,1,71,71,175,1,0,3,4,1,1,1,1,13,0,119,0,36,18,7,2020,7,3,2,52,1,1,4,3,98,3
510402,1,1,53,2,1,11,3,20,0,0,2,0,1,0,1,999,69,165,0,0,1,2,1,2,1,13,80,0,7,0,31,27,7,2020,2,8,2,8,1,1,1,1,98,0
510403,1,1,24,1,1,11,20,20,9,0,1,0,1,0,1,100,67,160,3,5,6,2,8,1,1,14,6,0,80,0,37,26,7,2020,1,23,2,25,5,1,4,2,98,4
510405,1,1,18,1,1,11,3,20,0,0,1,0,2,0,1,63,67,160,0,3,2,5,1,2,1,15,80,0,8,0,0,24,7,2020,6,20,2,8,3,2,1,3,98,0
510406,1,1,64,1,1,11,3,20,0,0,1,0,1,0,1,36,67,180,1,0,3,4,1,2,1,1,80,0,5,0,0,11,6,2020,5,21,2,8,3,2,1,3,98,0
510420,1,1,64,1,1,11,3,20,9,0,1,0,3,6,1,60,73,220,0,0,6,2,2,2,2,14,12,0,66,0,0,23,7,2020,5,22,2,42,5,1,4,2,2,4
510422,1,1,65,1,1,11,20,1,9,0,1,0,1,0,1,33,72,200,0,3,1,2,2,2,1,14,13,1,7,0,0,5,8,2020,4,16,2,33,1,1,4,1,98,4
510428,1,1,68,1,1,11,20,2,9,0,1,0,1,0,1,30,70,190,0,0,8,8,8,2,1,11,15,0,7,92,39,1,8,2020,7,21,2,12,2,2,1,3,98,4
510430,1,1,30,1,1,11,20,20,9,0,2,0,1,0,1,999,76,214,0,0,1,2,1,2,1,14,13,1,80,0,0,8,8,2020,7,1,2,31,1,1,4,2,98,4
510433,1,1,998,8,1,11,20,99,8,0,99,1,9,99,1,999,999,999,99,0,2,3,2,2,1,1,99,0,999,96,0,10,7,2020,6,7,2,9,1,1,6,3,98,9
510435,1,1,29,1,1,11,3,1,8,0,3,0,3,0,1,96,71,163,0,5,1,4,1,2,1,1,10,0,7,98,28,27,6,2020,7,10,2,12,1,1,1,1,98,2
510436,1,1,28,1,1,11,20,2,9,0,1,0,1,0,1,80,65,145,0,3,3,3,1,2,1,1,13,0,13,92,0,1,8,2020,7,6,2,42,1,1,4,1,98,4
510439,1,1,27,1,1,11,3,8,0,0,1,0,3,6,1,60,66,175,0,0,3,2,1,2,1,14,13,0,66,0,0,12,8,2020,4,21,2,24,1,1,4,2,98,4
510440,1,1,44,2,1,11,3,8,0,0,2,0,2,0,1,0,61,172,4,0,3,2,1,1,1,5,53,0,13,0,0,8,8,2020,7,22,2,12,1,1,1,2,98,0
510444,1,1,55,2,1,11,3,20,0,0,1,0,1,0,1,35,67,180,0,0,1,4,1,2,2,1,80,0,5,0,0,14,8,2020,6,20,2,8,1,1,1,2,2,0
510446,1,1,29,1,1,11,20,8,9,0,1,0,2,0,1,73,72,160,3,3,2,2,1,2,1,1,12,1,2,0,0,18,3,2020,4,21,2,42,1,1,3,2,98,4
510448,1,1,64,1,1,11,20,8,9,0,1,0,1,1,1,70,73,205,0,4,1,2,1,2,1,1,10,0,60,96,0,14,7,2020,3,16,2,12,1,1,1,1,98,4
510449,1,1,19,1,1,11,3,20,0,0,2,0,1,0,1,51,73,163,0,0,2,6,1,2,1,1,80,0,7,96,0,30,7,2020,5,21,2,8,2,2,1,3,98,1
510450,1,1,33,1,1,11,20,8,9,0,1,0,2,0,1,75,68,165,0,3,2,3,2,2,1,6,6,0,13,96,0,10,8,2020,2,0,2,12,1,1,1,2,98,4
510453,1,1,45,1,1,11,20,1,9,0,1,0,1,0,1,58,71,220,1,0,2,2,1,2,2,1,11,0,2,99,0,15,8,2020,7,18,2,12,1,1,1,1,2,4
510454,1,1,22,1,1,11,3,1,0,0,1,0,2,0,1,14,70,300,0,0,2,3,1,2,1,11,15,0,13,0,38,14,8,2020,6,21,2,12,2,2,1,3,98,0
510456,1,1,47,2,1,11,20,8,9,0,1,0,3,0,1,998,64,125,0,0,1,2,1,2,1,1,13,1,5,0,58,8,8,2020,7,12,2,12,1,1,1,1,98,4
510463,1,1,82,2,1,11,3,20,0,0,1,0,1,0,1,20,66,178,0,0,1,4,1,2,1,11,15,0,13,0,38,20,8,2020,5,18,2,12,2,2,1,1,98,0
510466,1,1,18,2,1,11,1,1,1,0,1,0,2,0,1,50,61,201,0,3,1,2,1,2,1,1,62,0,13,0,0,6,8,2020,5,17,2,12,2,2,1,1,98,1
510467,1,1,20,1,1,11,3,8,9,0,1,0,1,0,1,35,999,999,0,0,1,4,1,2,2,1,17,1,3,0,39,16,8,2020,1,2,2,12,2,2,1,3,2,3
510470,1,1,46,1,1,11,3,1,0,0,2,0,1,0,1,45,68,161,0,0,1,4,1,2,1,1,17,0,7,0,39,24,8,2020,2,11,2,12,2,2,1,1,98,2
510473,1,1,70,2,1,11,3,1,0,0,3,0,2,0,1,998,62,125,0,0,2,2,1,2,1,1,13,0,7,0,0,23,8,2020,1,22,2,34,1,1,4,2,98,3
510478,1,1,25,2,1,11,3,20,0,0,1,0,1,0,1,45,66,185,1,0,3,2,1,2,1,1,80,0,3,0,0,29,8,2020,7,22,2,8,1,1,1,3,98,0
510479,1,1,27,2,1,11,3,1,0,0,2,0,3,0,1,35,61,160,1,0,2,6,1,2,1,1,98,1,5,3,0,24,5,2020,1,3,2,5,2,3,1,3,98,0
510481,1,1,31,1,1,11,3,20,0,0,2,0,1,0,1,65,72,200,0,0,3,4,1,2,1,15,11,0,7,0,27,29,7,2020,4,14,2,12,1,1,1,1,98,1
510485,1,1,52,1,1,11,20,20,0,0,1,0,9,0,1,999,69,180,0,5,1,2,1,2,1,1,50,1,104,0,0,25,8,2020,3,20,2,12,4,1,1,2,98,4
510486,1,1,26,1,1,11,3,1,9,0,1,0,3,0,1,60,66,160,0,0,3,4,1,2,1,15,10,0,95,92,0,2,9,2020,4,7,2,12,1,1,1,1,98,4
510488,1,1,30,1,1,11,20,8,9,0,1,0,1,0,1,70,67,150,0,0,3,5,1,2,1,1,17,1,60,0,37,18,7,2020,7,18,2,12,2,2,1,1,98,4
510492,1,1,41,1,1,11,20,8,0,0,1,0,1,0,1,999,69,200,0,0,1,2,1,2,1,1,12,0,3,0,0,31,8,2020,2,9,2,42,1,1,4,1,98,4
510494,1,1,23,1,1,11,20,8,0,0,1,0,1,0,1,70,73,170,0,3,2,4,1,2,1,11,15,0,13,96,39,14,7,2020,3,15,2,12,2,2,1,1,98,3
510495,1,1,29,1,1,11,20,1,9,0,2,0,1,0,1,70,71,135,5,3,2,2,1,2,1,1,13,1,3,0,0,9,8,2020,1,0,2,21,1,1,4,3,98,4
510496,1,1,33,2,1,11,3,8,0,0,1,0,1,0,1,10,69,135,0,0,2,3,1,2,2,11,11,0,7,98,39,31,8,2020,2,10,2,12,2,2,1,1,2,1
510497,1,1,48,2,1,11,3,2,9,0,2,0,1,0,1,60,62,235,0,0,3,4,1,2,2,1,11,0,7,0,0,16,8,2020,1,10,2,8,1,1,2,1,98,3
510499,1,1,24,1,1,11,3,8,9,0,1,0,2,0,1,55,999,999,99,0,2,3,1,2,1,1,10,1,13,96,50,3,9,2020,5,21,2,12,18,1,1,2,98,4
510501,1,1,23,1,1,11,20,20,9,0,1,0,1,0,1,70,69,150,0,3,3,2,1,2,1,1,51,0,80,98,0,30,8,2020,1,21,2,12,1,1,1,3,98,4