ST_CASE,VEH_NO,PER_NO,AGE,SEX,PER_TYP,SEAT_POS,REST_USE,AIR_BAG,DRUGS,LOCATION,NUMOCCS,HIT_RUN,OWNER,V_CONFIG,HAZ_INV,TRAV_SP,DR_HGT,DR_WGT,PREV_SPD,SPEEDREL,VTRAFWAY,VNUM_LAN,VPROFILE,VPAVETYP,VSURCOND,P_CRASH1,P_CRASH2,DR_DRINK,VPICBODYCLASS,DRDISTRACT,DRIVERRF,DAY,MONTH,YEAR,DAY_WEEK,HOUR,RUR_URB,HARM_EV,RELJCT2,TYP_INT,REL_ROAD,LGT_COND,WEATHER,INJ_SEV
510502,1,1,62,2,1,11,3,20,0,0,1,0,2,0,1,55,64,113,0,0,1,2,1,2,1,1,60,0,2,0,0,30,8,2020,1,9,2,12,1,1,1,1,98,1
510505,1,1,26,1,1,11,20,20,9,0,1,0,1,0,1,100,71,145,1,3,3,4,1,2,1,1,12,1,82,0,0,7,9,2020,2,0,2,5,1,1,4,2,98,4
510506,1,1,31,1,1,11,20,1,9,0,1,0,1,0,1,999,70,170,0,0,3,5,1,1,1,1,10,1,7,0,0,9,9,2020,4,22,2,12,1,1,1,3,98,4
510507,1,1,32,2,1,11,20,8,9,0,2,0,1,0,1,70,64,145,1,0,3,4,1,2,1,1,12,0,13,0,0,18,8,2020,3,23,2,25,1,1,3,3,98,4
510511,1,1,36,1,1,11,20,8,9,0,1,0,2,0,1,64,75,250,0,5,2,2,2,2,1,1,12,0,60,0,0,3,9,2020,5,15,2,33,1,1,3,1,98,4
510513,1,1,30,1,1,11,20,1,9,0,1,0,2,0,1,100,999,999,99,3,3,4,1,2,1,1,11,0,13,98,0,29,8,2020,7,5,2,12,1,1,1,3,98,4
510515,1,1,26,1,1,11,3,1,9,0,1,0,2,0,1,75,75,190,0,5,1,5,1,2,1,15,6,0,7,96,28,4,9,2020,6,10,2,12,1,1,1,1,98,4
510517,1,1,28,1,1,11,20,20,9,0,1,0,2,0,1,50,69,160,0,0,3,2,1,2,1,1,13,0,80,0,37,9,9,2020,4,1,2,25,1,1,4,3,98,4
510518,1,1,18,1,1,11,3,8,0,0,1,0,3,0,1,62,69,167,0,0,3,3,1,2,1,1,50,0,13,12,0,31,8,2020,2,5,2,12,1,1,1,2,98,2
510521,1,1,61,1,1,11,3,20,9,0,1,0,1,0,1,56,73,225,0,0,2,3,1,2,1,1,80,0,13,0,0,5,9,2020,7,0,2,15,3,2,1,2,98,0
510524,1,1,27,1,1,11,3,8,9,0,1,0,1,0,1,15,69,125,0,0,2,2,1,2,1,1,17,0,13,96,38,5,9,2020,7,18,2,12,2,2,1,1,98,4
510530,1,1,36,1,1,11,20,20,9,0,1,0,2,0,1,64,75,300,5,3,1,3,2,2,1,1,17,0,80,0,0,8,8,2020,7,19,2,12,2,2,1,1,98,4
510531,1,1,19,1,1,11,20,8,9,0,1,0,2,0,1,135,70,158,0,3,1,2,2,2,1,1,10,1,13,92,0,28,7,2020,3,22,2,12,2,3,1,3,98,4
510532,1,1,998,8,1,11,99,98,9,0,99,1,9,99,1,999,999,999,99,0,1,2,1,2,1,1,83,0,999,99,0,26,8,2020,4,20,2,9,1,1,1,2,98,9
510533,1,1,39,1,1,11,20,20,9,0,1,0,2,0,1,65,999,999,0,0,3,3,1,2,2,1,8,0,7,0,0,15,8,2020,7,1,2,24,1,1,3,2,2,4
510534,1,1,21,1,1,11,20,20,0,0,1,0,1,0,1,102,71,200,1,3,2,5,2,2,1,1,6,0,80,96,0,24,8,2020,2,15,2,33,1,1,4,1,98,4
510535,1,1,18,1,1,11,3,20,0,0,2,1,2,0,1,65,999,999,99,0,3,3,1,2,1,1,80,0,13,0,0,13,9,2020,1,20,2,8,3,2,1,3,98,0
510537,1,1,28,1,1,11,3,8,9,0,2,0,2,0,1,60,71,180,0,3,1,2,2,2,1,1,13,1,13,96,0,9,8,2020,1,1,2,31,1,1,4,3,98,4
510540,1,1,998,8,1,11,99,98,9,0,99,1,9,99,1,998,999,999,99,0,1,2,1,2,1,1,80,0,998,99,0,3,9,2020,5,18,2,8,3,3,1,1,98,9
510541,1,1,998,8,1,11,99,98,9,0,99,1,9,0,1,998,999,999,99,0,3,3,1,2,1,1,80,0,60,0,0,7,9,2020,2,1,2,8,1,1,1,3,98,9
510542,1,1,49,2,1,11,3,20,0,0,1,0,1,0,1,30,68,180,0,0,1,4,1,2,1,1,80,0,7,0,0,4,9,2020,6,21,2,8,1,1,1,3,98,0
510543,1,1,31,1,1,11,20,20,9,0,2,0,1,0,1,70,72,200,2,3,1,2,1,2,1,1,13,1,94,0,0,7,9,2020,2,0,2,33,1,1,4,3,98,4
510547,1,1,22,1,1,11,20,20,9,0,1,0,1,0,1,998,68,190,1,3,2,3,1,2,1,1,17,0,80,0,0,23,9,2020,4,18,2,12,2,3,1,1,98,3
510550,1,1,29,1,1,11,20,1,9,0,1,0,3,0,1,55,71,230,0,5,2,2,1,2,1,1,12,1,7,96,0,28,9,2020,2,1,2,42,1,1,3,6,98,4
510551,1,1,19,1,1,11,20,1,1,0,2,0,1,0,1,70,70,165,0,5,1,2,8,2,1,1,6,1,7,0,58,7,8,2020,6,22,2,59,1,1,4,3,98,2
510553,1,1,27,1,1,11,3,8,0,0,2,0,2,0,1,70,69,153,0,3,3,4,1,2,1,15,51,1,2,0,35,23,9,2020,4,23,2,12,1,1,1,3,98,2
510554,1,1,29,1,1,11,20,20,9,0,1,0,1,0,1,80,74,220,1,3,3,2,1,1,1,1,13,1,80,92,0,26,9,2020,7,0,2,26,1,1,4,3,98,4
510555,1,1,28,1,1,11,20,20,9,0,1,0,2,0,1,80,74,210,0,5,1,2,1,2,2,14,12,1,80,96,0,28,9,2020,2,1,2,30,1,1,4,3,98,4
510557,1,1,54,1,1,11,3,20,0,0,1,0,3,6,1,55,70,999,0,0,3,2,2,2,2,15,11,0,66,0,0,26,9,2020,7,10,2,12,1,1,1,1,98,0
510558,1,1,29,1,1,11,20,20,9,0,99,1,2,0,1,45,70,157,0,0,2,4,1,2,1,1,80,0,7,96,0,14,9,2020,2,21,2,8,1,1,1,3,98,1
510560,1,1,43,1,1,11,3,20,9,0,1,0,1,0,1,30,999,999,99,0,3,4,2,2,1,15,11,0,7,0,38,20,8,2020,5,8,2,12,1,1,1,1,98,2
510563,1,1,28,1,1,11,20,20,9,0,1,0,0,0,1,90,74,165,0,5,2,3,1,2,1,1,17,1,80,98,37,27,9,2020,1,15,2,12,2,2,1,1,98,4
510566,1,1,38,1,1,11,20,8,9,0,1,0,2,0,1,91,71,185,0,3,1,2,1,2,1,1,12,1,13,0,0,20,9,2020,1,3,2,42,1,1,4,3,98,4
510567,1,1,57,1,1,11,3,20,9,0,1,0,3,6,1,50,69,225,0,3,6,1,2,2,1,14,12,0,66,92,0,28,9,2020,2,6,2,24,5,1,4,4,98,4
510569,1,1,73,1,1,11,3,20,0,0,1,0,1,0,1,59,75,300,0,0,2,3,1,2,1,1,17,0,60,0,39,7,9,2020,2,9,2,12,2,2,1,1,98,4
510570,1,1,52,1,1,11,3,20,0,0,4,0,2,0,1,30,67,170,0,0,1,4,1,2,1,11,17,1,7,0,38,13,9,2020,1,2,2,12,2,2,1,3,98,2
510578,1,1,55,1,1,11,20,20,9,0,2,0,1,0,1,998,66,170,1,4,2,4,3,2,1,1,50,0,82,0,0,3,10,2020,7,19,2,12,3,2,1,2,98,3
510579,1,1,18,1,1,11,3,20,0,0,2,0,1,0,1,35,75,158,0,0,2,3,1,2,1,1,80,0,13,0,0,25,9,2020,6,19,2,8,1,1,1,3,98,0
510585,1,1,31,1,1,11,20,20,9,0,1,0,2,0,1,998,999,999,99,0,4,4,8,2,1,1,66,0,85,0,0,12,9,2020,7,9,2,12,2,2,1,1,98,4
510586,1,1,26,1,1,11,3,20,9,0,1,0,2,0,1,0,77,390,0,0,3,3,1,1,1,7,53,0,13,0,23,4,10,2020,1,21,2,12,1,1,1,2,98,4
510587,1,1,32,1,1,11,20,20,8,0,1,0,1,0,1,40,71,185,0,0,3,3,1,1,1,14,11,1,12,96,0,5,10,2020,2,2,2,5,1,1,4,3,98,4
510593,1,1,42,1,1,11,3,1,9,0,1,0,1,0,1,999,73,200,1,0,1,7,1,2,2,6,10,0,13,0,28,17,9,2020,5,18,2,12,1,1,1,5,2,4
510596,1,1,56,1,1,11,3,1,9,0,1,0,2,0,1,50,70,160,0,0,1,6,1,2,1,1,10,0,7,96,0,29,9,2020,3,12,2,12,1,1,1,1,98,4
510597,1,1,28,1,1,11,3,8,9,0,3,0,1,0,1,92,70,135,4,3,2,2,2,2,1,14,12,0,3,98,0,10,10,2020,7,3,2,33,1,1,3,3,98,3
510599,1,1,73,2,1,11,3,8,0,0,1,0,1,0,1,35,64,165,0,0,2,4,1,2,1,1,17,0,13,96,38,18,9,2020,6,11,2,12,2,2,1,1,98,4
510600,1,1,37,2,1,11,3,1,0,0,1,0,1,0,1,998,62,170,0,0,3,5,1,2,1,1,80,1,7,0,0,3,10,2020,7,0,2,8,1,1,1,3,98,0
510601,1,1,34,1,1,11,3,1,1,0,1,0,1,0,1,50,69,165,0,0,1,4,1,2,1,1,10,1,60,92,0,6,10,2020,3,14,2,12,1,1,1,1,98,0
510602,1,1,71,2,1,11,3,20,0,0,2,0,2,0,1,35,60,160,0,0,3,2,1,2,1,8,53,0,13,3,0,19,9,2020,7,0,2,12,1,1,1,2,98,0
510605,1,1,998,8,1,11,98,98,9,0,99,1,9,99,1,998,999,999,99,0,3,6,1,2,1,1,80,0,999,96,0,1,10,2020,5,1,2,8,1,1,1,3,98,9
510606,1,1,26,1,1,11,3,1,9,0,3,1,2,0,1,101,999,999,0,3,2,2,1,2,1,14,6,0,13,0,58,5,10,2020,2,9,2,42,1,1,4,1,98,2
510607,1,1,38,1,1,11,20,1,9,0,1,0,1,0,1,999,69,195,0,0,2,2,1,2,1,11,15,1,13,0,38,14,10,2020,4,16,2,12,2,2,1,1,98,4
510610,1,1,998,8,1,11,98,98,9,0,99,1,9,99,1,998,999,999,99,0,3,2,1,2,1,1,80,0,999,98,0,8,9,2020,3,3,2,8,1,1,1,2,98,9
510611,1,1,18,1,1,11,3,8,9,0,1,0,1,0,1,999,74,255,0,0,2,4,2,2,1,1,17,0,60,92,39,17,10,2020,7,17,2,12,2,2,1,1,98,2
510612,1,1,62,1,1,11,3,20,8,0,1,0,1,0,1,38,70,185,0,0,3,5,1,2,2,1,80,0,5,0,0,9,9,2020,4,22,2,8,1,1,1,2,2,0
510613,1,1,67,2,1,11,3,8,9,0,1,0,1,0,1,998,65,100,0,3,2,2,1,2,1,1,12,0,7,0,0,14,9,2020,2,15,2,33,1,1,4,1,98,4
510614,1,1,34,2,1,11,3,20,0,0,1,0,1,0,1,35,65,130,0,0,3,2,8,2,2,1,80,0,7,0,0,16,10,2020,6,7,2,8,3,2,1,2,2,0
510615,1,1,19,1,1,11,3,7,0,0,2,0,1,0,1,55,68,150,0,3,2,3,1,2,1,1,83,0,5,0,0,8,10,2020,5,20,2,9,2,2,1,3,98,1
510617,1,1,64,1,1,11,3,20,9,0,1,0,1,0,1,998,70,180,0,0,2,3,1,2,1,11,15,0,7,0,38,18,10,2020,1,17,2,12,2,2,1,1,98,0
510619,1,1,35,1,1,11,3,20,0,0,1,0,1,0,1,999,71,205,1,0,2,3,1,2,1,1,80,0,60,0,0,22,10,2020,5,23,2,8,3,3,1,2,98,0
510623,1,1,22,1,1,11,3,20,0,0,1,0,2,0,1,20,75,258,0,0,2,5,1,2,1,11,17,0,60,0,38,24,9,2020,5,18,2,12,2,2,1,5,98,1
510628,1,1,67,2,1,11,3,20,0,0,1,0,1,0,1,20,62,165,1,0,2,4,1,2,1,10,16,0,13,0,38,7,10,2020,4,8,2,9,2,2,1,1,98,0
510630,1,1,78,1,1,11,20,8,9,0,1,0,1,0,1,70,74,350,0,0,2,3,1,2,1,1,12,0,7,0,0,28,10,2020,4,14,2,35,1,1,3,1,98,4
510638,1,1,24,1,1,11,20,2,9,0,1,0,2,0,1,60,73,165,0,5,1,2,1,2,1,14,13,1,7,96,37,30,10,2020,6,0,2,34,1,1,4,3,98,4
510639,1,1,56,1,1,11,3,20,0,0,1,0,3,0,1,0,63,168,0,0,2,9,1,2,1,5,53,0,9,0,0,9,10,2020,6,14,2,12,2,2,1,1,98,1
510640,1,1,88,1,1,11,3,1,0,0,1,0,1,0,1,10,71,190,0,3,1,2,8,2,1,11,66,0,7,0,0,20,10,2020,3,17,2,12,2,3,1,1,98,2
510641,1,1,42,1,1,11,20,20,0,0,5,0,2,0,1,999,999,999,99,0,2,2,1,2,2,1,54,0,13,0,0,26,10,2020,2,6,2,12,1,1,1,2,98,3
510642,1,1,26,1,1,11,3,1,9,0,1,0,1,0,1,78,73,150,0,3,2,2,1,2,1,1,17,1,7,0,0,9,10,2020,6,20,2,12,2,2,1,3,98,1
510643,1,1,33,1,1,11,20,20,9,0,1,0,1,0,1,50,73,190,0,3,3,2,1,2,1,1,1,1,60,96,80,24,10,2020,7,0,2,14,1,1,5,3,98,4
510644,1,1,30,1,1,11,20,1,1,0,1,0,1,0,1,35,77,175,0,0,3,2,1,2,1,10,16,1,7,0,28,14,10,2020,4,21,2,30,3,2,12,3,98,4
510646,1,1,26,1,1,11,3,1,9,0,1,0,1,0,1,33,71,180,0,0,2,2,1,2,1,14,10,1,7,0,51,22,10,2020,5,6,2,12,1,1,1,2,5,1
510648,1,1,60,1,1,11,3,20,0,0,1,0,3,0,1,40,71,210,0,0,2,2,1,2,1,1,80,0,8,0,0,7,11,2020,7,2,2,8,1,1,1,3,98,1
510649,1,1,40,2,1,11,20,20,9,0,99,1,9,99,1,998,64,190,2,0,1,4,1,2,1,1,80,0,998,92,0,3,11,2020,3,20,2,8,1,1,1,3,98,0
510651,1,1,62,1,1,11,20,20,9,0,2,0,1,0,1,998,72,285,0,0,1,2,1,2,1,1,53,1,997,92,0,17,10,2020,7,23,2,12,1,1,1,3,98,4
510653,1,1,36,1,1,11,3,20,9,0,1,1,1,0,1,999,73,240,0,5,2,2,1,2,1,1,11,0,60,96,0,23,10,2020,6,22,2,12,1,1,1,3,98,0
510654,1,1,22,1,1,11,3,20,0,0,1,0,1,0,1,60,69,999,0,0,3,3,1,2,1,1,98,0,60,0,80,6,11,2020,6,13,2,54,1,1,1,1,98,0
510660,1,1,46,1,1,11,20,1,9,0,1,0,1,0,1,93,71,150,0,3,1,4,1,2,1,1,11,1,13,96,0,31,10,2020,7,1,2,12,1,1,1,3,98,4
510662,1,1,35,1,1,11,3,20,0,0,1,0,2,0,1,55,72,200,1,0,3,3,1,2,2,1,80,0,13,0,0,13,11,2020,6,0,2,8,1,1,1,3,2,0
510664,1,1,50,1,1,11,20,20,1,0,1,0,1,0,1,30,71,168,0,0,1,2,3,2,1,1,13,1,94,96,0,6,7,2020,2,22,2,5,1,1,4,3,98,4
510665,1,1,48,2,1,11,3,20,0,0,1,0,2,0,1,45,66,197,0,0,2,6,1,2,1,1,80,0,13,0,0,3,11,2020,3,17,2,8,1,1,1,1,98,0
510668,1,1,78,1,1,11,20,8,9,0,1,0,1,0,1,50,67,137,1,0,5,3,1,2,1,1,13,0,7,96,0,7,11,2020,7,13,2,25,3,2,4,1,98,4
510669,1,1,55,1,1,11,3,20,0,0,1,0,3,0,1,40,72,170,0,0,2,2,1,2,1,1,80,0,13,0,0,16,11,2020,2,1,2,8,1,1,1,2,98,0
510670,1,1,28,1,1,11,20,8,9,0,2,0,1,0,1,80,69,170,6,5,1,2,1,2,2,1,10,1,3,0,0,11,11,2020,4,16,2,12,1,1,1,1,98,4
510676,1,1,21,1,1,11,3,20,0,0,1,0,1,0,1,22,72,166,0,0,1,2,1,2,1,11,15,0,13,0,38,7,11,2020,7,15,2,12,2,3,1,1,98,1
510678,1,1,27,2,1,11,3,8,0,0,2,0,2,0,1,60,64,138,0,3,1,2,1,2,1,14,12,0,13,98,0,20,11,2020,6,23,2,35,1,1,4,2,98,3
510680,1,1,61,1,1,11,20,1,9,0,1,0,2,0,1,63,70,171,0,0,1,2,1,2,1,1,13,1,7,96,0,22,10,2020,5,16,2,42,1,1,4,1,98,4
510686,1,1,49,1,1,11,20,20,0,0,2,0,1,0,1,35,71,165,0,0,2,4,1,2,1,11,15,0,81,96,39,3,10,2020,7,18,2,12,2,2,1,1,98,4
510688,1,1,25,1,1,11,20,1,9,0,1,0,1,0,1,999,70,160,0,3,2,3,1,2,1,1,17,0,60,98,38,26,11,2020,5,19,2,12,2,2,1,3,98,2
510691,1,1,28,1,1,11,20,20,9,0,1,0,1,0,1,100,70,160,0,3,1,5,1,2,1,1,80,1,80,92,0,14,11,2020,7,0,2,8,3,3,1,3,98,4
510693,1,1,47,1,1,11,3,20,9,0,1,0,2,0,1,999,69,235,0,0,1,2,2,2,1,1,80,1,13,0,0,14,11,2020,7,19,2,8,1,1,1,3,98,0
510694,1,1,24,1,1,11,3,20,9,0,1,0,2,0,1,998,66,155,2,0,5,3,2,2,1,14,80,0,13,0,0,26,11,2020,5,15,2,8,3,3,1,1,98,0
510697,1,1,21,2,1,11,3,20,0,0,3,0,2,0,1,45,60,152,0,0,2,2,1,2,1,1,83,0,13,0,0,7,11,2020,7,21,2,15,3,2,1,3,98,1
510699,1,1,33,1,1,11,3,20,0,0,1,0,1,0,1,35,68,200,0,0,3,4,1,2,1,1,80,0,13,0,0,15,11,2020,1,0,2,8,3,2,1,3,98,0
510700,1,1,998,8,1,11,99,98,9,0,99,1,9,99,1,998,999,999,99,0,2,2,1,2,2,1,80,0,999,96,0,4,12,2020,6,20,2,8,1,1,1,3,2,9
510701,1,1,59,1,1,11,3,20,0,0,2,0,3,6,1,60,999,999,99,0,3,4,1,2,1,1,10,0,66,0,0,5,9,2020,7,10,2,12,18,1,1,1,98,0
510703,1,1,30,1,1,11,20,20,9,0,1,0,1,0,1,55,73,180,4,0,3,3,1,2,1,17,50,0,94,0,0,29,11,2020,1,23,2,5,1,1,1,2,98,4
510710,1,1,60,1,1,11,3,1,9,0,1,0,3,0,1,45,999,999,0,0,2,2,1,2,2,1,11,0,65,0,0,5,12,2020,7,7,2,34,1,1,4,1,98,4
510711,1,1,28,2,1,11,3,20,0,0,1,0,1,0,1,43,64,215,0,0,1,4,1,2,1,1,80,0,13,0,0,20,11,2020,6,20,2,8,1,1,1,3,98,0
510715,1,1,48,1,1,11,3,8,0,0,3,0,1,0,1,56,74,230,3,0,3,4,1,2,1,1,17,0,60,96,39,6,12,2020,1,10,2,12,2,2,1,1,98,2
510717,1,1,33,1,1,11,20,1,9,0,2,0,1,0,1,80,68,160,1,3,3,5,1,2,1,1,51,1,60,96,39,27,11,2020,6,13,2,12,2,2,1,1,98,4
510719,1,1,27,2,1,11,20,1,9,0,1,1,1,0,1,66,67,130,1,0,1,5,1,2,1,1,62,1,2,0,0,9,11,2020,2,21,2,12,2,2,1,3,98,2
510724,1,1,53,2,1,11,3,20,8,0,1,0,1,0,1,30,63,195,0,0,2,5,1,2,1,1,80,0,13,0,0,13,12,2020,1,22,2,8,1,1,1,2,98,0
510726,1,1,42,1,1,11,20,1,1,0,2,0,2,0,1,60,68,175,0,3,1,2,1,2,1,1,12,1,7,96,0,6,9,2020,1,4,2,14,1,1,4,3,98,4
510728,1,1,36,1,1,11,8,2,0,0,1,0,1,0,1,998,67,210,0,0,3,2,6,1,1,14,13,0,13,96,0,4,5,2020,2,7,2,33,1,1,4,1,10,4
510730,1,1,35,1,1,11,3,20,0,0,1,0,1,0,1,45,71,190,0,0,3,4,1,2,1,1,80,0,5,96,0,17,12,2020,5,16,2,8,1,1,1,5,98,0
510738,1,1,19,1,1,11,20,20,0,0,1,0,1,0,1,45,999,999,99,0,3,3,1,2,1,14,13,0,80,0,0,19,12,2020,7,15,2,34,1,1,4,1,98,4
510739,1,1,58,2,1,11,3,20,0,0,1,0,2,0,1,5,67,145,2,0,1,2,1,2,1,11,80,0,60,0,38,13,11,2020,6,16,2,8,3,2,1,1,98,0
510740,1,1,55,8,1,11,3,1,9,0,1,0,3,0,1,998,999,999,0,0,1,2,1,2,1,1,10,1,60,98,28,11,12,2020,6,18,2,12,1,1,1,2,98,4
510743,1,1,47,1,1,11,3,8,0,0,2,0,1,0,1,80,66,185,1,3,3,3,1,2,1,1,64,0,95,0,0,27,8,2020,5,2,2,12,1,1,1,3,98,2
510744,1,1,49,1,1,11,3,8,0,0,2,0,1,0,1,99,71,197,0,3,2,2,1,2,1,1,13,0,60,0,0,9,12,2020,4,11,2,42,1,1,4,1,98,2
510745,1,1,28,1,1,11,20,20,1,0,1,0,1,0,1,80,67,170,1,3,2,5,1,2,1,10,13,1,94,96,0,28,9,2020,2,19,2,33,3,2,4,3,98,4
510749,1,1,27,1,1,11,20,20,9,0,1,0,1,0,1,45,999,999,99,0,3,2,1,2,1,1,12,1,13,0,0,13,12,2020,1,6,2,42,1,1,3,4,98,4
510750,1,1,24,2,1,11,20,1,1,0,2,0,1,0,1,56,63,150,1,3,3,4,2,2,2,14,6,1,7,96,0,25,12,2020,6,2,2,24,1,1,4,3,2,4
510752,1,1,74,2,1,11,20,1,9,0,1,0,1,0,1,998,64,115,0,0,1,2,3,2,2,1,54,0,13,0,51,16,12,2020,4,19,2,12,1,1,1,3,2,4
510756,1,1,69,1,1,11,20,8,9,0,1,0,1,0,1,99,63,165,0,3,1,2,1,2,1,14,13,1,60,0,0,16,12,2020,4,22,2,31,1,1,4,3,98,4
510765,1,1,37,1,1,11,3,20,0,0,1,0,1,0,1,25,75,415,0,0,2,4,1,2,1,11,15,0,13,0,38,8,10,2020,5,14,2,12,2,3,1,1,98,2
510768,1,1,57,1,1,11,3,20,0,0,1,0,3,0,1,40,71,220,0,0,2,3,1,2,1,1,80,0,7,0,0,11,12,2020,6,19,2,8,1,1,1,3,98,0
510770,1,1,50,1,1,11,3,8,9,0,1,0,3,0,1,60,69,230,1,3,3,4,1,2,2,1,13,0,7,96,0,17,12,2020,5,1,2,14,1,1,2,3,2,4
510776,1,1,34,1,1,11,20,20,1,0,2,0,2,0,1,50,72,280,0,3,1,2,2,2,1,14,6,0,80,98,0,4,12,2020,6,4,2,34,1,1,4,2,98,3
510777,1,1,998,8,1,11,98,98,9,0,99,1,1,0,1,998,999,999,99,0,2,3,1,2,1,1,51,0,999,96,0,17,12,2020,5,21,2,12,1,1,1,3,98,9
510778,1,1,57,1,1,11,3,20,0,0,1,0,1,0,1,35,70,260,0,0,1,4,1,2,1,1,80,0,7,0,0,3,10,2020,7,19,2,8,1,1,1,3,98,0
510780,1,1,36,1,1,11,3,1,0,0,1,0,1,0,1,45,74,265,0,0,3,3,2,2,4,1,5,0,13,0,0,9,12,2020,4,6,2,12,1,1,1,1,98,3
510781,1,1,31,1,1,11,20,20,1,0,1,0,1,0,1,40,69,185,2,0,1,4,1,2,1,1,13,1,80,96,0,9,10,2020,6,17,2,33,1,1,4,1,98,4
510782,1,1,20,1,1,11,3,20,9,0,1,0,1,0,1,35,69,125,0,0,4,3,1,2,2,1,9,0,3,92,0,23,11,2020,2,8,2,33,1,1,4,1,98,4
510785,1,1,998,8,1,11,98,98,9,0,99,1,9,99,1,60,999,999,99,0,2,3,1,2,1,1,80,0,999,96,0,25,11,2020,4,18,2,8,1,1,1,3,98,9
510787,1,1,20,1,1,11,99,1,9,0,3,0,2,0,1,45,70,175,0,0,2,2,8,1,1,14,13,1,60,96,0,31,5,2020,1,5,2,33,1,1,4,2,1,1
510788,1,1,31,2,1,11,3,1,0,0,1,0,1,0,1,55,63,120,2,3,3,2,2,2,4,1,6,0,60,0,87,17,12,2020,5,7,2,24,1,1,3,1,3,2
510789,1,1,61,2,1,11,1,20,0,0,1,0,2,0,1,15,70,195,0,0,1,2,1,2,1,11,15,0,7,0,38,22,9,2020,3,13,2,12,8,1,1,1,98,4
510793,1,1,24,1,1,11,20,20,9,0,1,0,1,0,1,999,64,130,4,0,1,4,1,2,1,14,10,1,94,0,0,30,10,2020,6,1,2,33,1,1,4,3,98,4
510794,1,1,43,1,1,11,20,1,9,0,1,0,1,0,1,80,71,190,0,3,1,4,2,2,2,14,6,1,3,0,0,26,10,2020,2,1,2,17,1,1,4,3,2,4
510796,1,1,44,2,1,11,3,20,0,0,1,0,3,0,1,40,67,130,1,0,1,2,1,2,1,1,80,0,13,0,16,13,12,2020,1,23,2,8,2,2,1,2,98,0
510798,1,1,38,8,1,11,3,20,0,0,1,0,2,0,1,15,999,999,99,0,3,3,1,2,1,11,63,0,7,0,38,30,12,2020,4,11,2,12,2,2,1,1,98,1
510801,1,1,49,1,1,11,20,1,9,0,1,0,2,0,1,998,69,215,0,5,1,2,1,2,1,1,12,0,13,98,0,19,11,2020,5,1,2,42,1,1,4,3,98,4
530001,1,1,999,9,1,11,99,99,8,0,99,1,1,0,1,998,999,999,99,0,2,2,1,2,1,1,80,0,7,92,0,6,1,2020,2,20,2,8,3,2,1,3,10,9
530003,1,1,81,1,1,11,3,20,8,0,1,0,1,0,1,998,63,196,0,0,5,5,1,2,2,1,80,0,7,96,0,6,1,2020,2,17,2,8,2,2,1,3,2,0
530005,1,1,23,1,1,11,3,8,8,0,1,0,1,0,1,998,72,155,1,4,6,1,1,1,2,14,12,1,13,96,0,5,1,2020,1,14,2,12,5,1,1,1,1,1
530008,1,1,75,1,1,11,99,20,8,0,1,0,2,0,1,0,69,212,0,0,1,2,2,2,10,5,6,0,60,96,87,14,1,2020,3,17,2,12,1,1,1,2,4,4
530011,1,1,50,2,1,11,3,20,8,0,1,0,1,0,1,998,67,135,0,0,3,2,2,2,2,1,80,0,7,96,0,11,1,2020,7,4,2,8,1,1,1,3,2,0
530013,1,1,28,1,1,11,3,20,8,0,3,0,1,0,1,998,71,121,0,0,1,3,2,2,2,11,15,0,13,96,38,16,1,2020,5,11,2,12,2,2,1,1,10,0
530015,1,1,54,1,1,11,3,20,8,0,1,0,1,0,1,998,71,260,1,0,1,3,1,2,2,1,80,0,7,0,10,9,1,2020,5,7,2,8,3,3,1,3,4,0
530019,1,1,19,2,1,11,3,20,8,0,1,0,2,0,1,998,64,140,0,0,5,5,1,2,2,1,80,0,13,96,0,26,1,2020,1,22,2,8,1,1,1,3,10,0
530020,1,1,19,1,1,11,3,20,8,0,1,0,1,0,1,998,71,150,0,0,5,5,2,2,2,1,80,0,60,0,10,21,1,2020,3,6,2,8,1,1,1,3,10,0
530021,1,1,22,1,1,11,99,20,8,0,1,1,2,0,1,998,69,140,3,0,1,2,1,2,1,10,80,0,60,92,0,14,1,2020,3,7,2,8,3,2,1,3,1,0
530022,1,1,24,2,1,11,3,20,8,0,1,0,2,0,1,998,63,140,0,4,3,5,1,1,4,14,6,0,7,5,0,13,1,2020,2,22,2,42,1,1,4,3,4,4
530025,1,1,33,1,1,11,3,20,8,0,3,0,1,0,1,998,68,205,2,0,1,7,1,2,2,1,80,0,60,96,0,31,1,2020,6,18,2,8,3,2,1,3,2,0
530026,1,1,58,1,1,11,3,8,8,0,1,0,2,0,1,998,70,230,1,0,5,5,1,2,2,11,15,1,13,96,38,30,1,2020,5,21,2,12,4,1,1,2,2,4
530028,1,1,41,1,1,11,3,8,8,0,1,0,1,0,1,998,71,200,1,4,5,5,1,2,2,15,10,0,13,96,58,21,1,2020,3,13,2,12,1,1,1,1,2,4
530030,1,1,38,1,1,11,3,8,8,0,1,0,1,0,1,998,69,175,0,3,5,3,1,2,1,14,13,1,13,96,0,31,1,2020,6,10,2,59,1,1,4,1,1,4
530031,1,1,93,2,1,11,3,1,8,0,1,0,1,0,1,998,62,139,0,0,1,2,1,2,1,1,50,0,5,96,0,17,2,2020,2,15,2,12,2,2,1,1,1,4