ST_CASE,VEH_NO,PER_NO,AGE,SEX,PER_TYP,SEAT_POS,REST_USE,AIR_BAG,DRUGS,LOCATION,NUMOCCS,HIT_RUN,OWNER,V_CONFIG,HAZ_INV,TRAV_SP,DR_HGT,DR_WGT,PREV_SPD,SPEEDREL,VTRAFWAY,VNUM_LAN,VPROFILE,VPAVETYP,VSURCOND,P_CRASH1,P_CRASH2,DR_DRINK,VPICBODYCLASS,DRDISTRACT,DRIVERRF,DAY,MONTH,YEAR,DAY_WEEK,HOUR,RUR_URB,HARM_EV,RELJCT2,TYP_INT,REL_ROAD,LGT_COND,WEATHER,INJ_SEV
530033,1,1,29,2,1,11,3,8,8,0,1,0,1,0,1,998,66,134,2,5,1,2,1,2,1,1,14,0,7,96,0,30,1,2020,5,2,2,33,3,5,12,3,1,4
530037,1,1,61,1,1,11,3,20,8,0,1,0,1,0,1,998,70,200,1,0,5,5,1,2,1,1,80,0,60,96,0,1,2,2020,7,0,2,8,1,1,1,3,6,0
530039,1,1,25,1,1,11,20,1,8,0,4,1,2,0,1,998,65,145,0,0,1,3,1,1,1,1,14,1,13,96,91,2,2,2020,1,2,2,38,3,3,4,3,1,2
530040,1,1,999,8,1,11,99,99,8,0,99,1,9,99,1,998,999,999,99,0,1,2,2,2,1,1,80,0,999,92,0,11,2,2020,3,1,2,8,1,1,1,2,1,0
530042,1,1,19,1,1,11,3,20,8,0,2,0,1,0,1,998,74,150,0,0,1,2,1,2,1,1,80,0,13,96,0,2,2,2020,1,19,2,8,1,1,1,2,1,0
530043,1,1,29,1,1,11,99,1,8,0,1,1,2,0,1,998,69,160,0,0,5,7,1,2,2,1,17,1,7,96,91,9,2,2020,1,6,2,12,2,2,1,1,5,1
530044,1,1,39,1,1,11,20,1,8,0,1,0,1,0,1,998,71,175,0,0,2,2,1,2,1,1,50,1,8,96,39,10,2,2020,2,19,2,12,3,4,1,3,10,4
530045,1,1,43,2,1,11,3,8,8,0,2,0,1,0,1,998,60,125,0,4,3,3,1,2,1,1,54,1,13,96,51,12,2,2020,4,23,2,12,1,1,1,2,5,4
530047,1,1,74,1,1,11,3,2,8,0,1,0,1,0,1,998,71,150,1,0,1,2,2,2,4,14,5,0,13,92,28,19,2,2020,4,6,2,12,1,1,1,4,1,4
530050,1,1,54,2,1,11,3,7,8,0,4,0,1,0,1,998,68,250,1,0,5,5,2,2,1,11,15,0,7,96,38,18,2,2020,3,19,2,12,4,1,1,3,1,4
530051,1,1,41,2,1,11,3,20,8,0,1,0,2,0,1,998,60,135,0,0,1,4,2,2,2,1,81,0,13,96,0,7,1,2020,3,15,2,8,3,2,1,1,2,0
530052,1,1,21,2,1,11,3,20,8,0,1,0,2,0,1,998,67,150,1,0,5,5,8,2,1,1,80,0,60,0,10,3,3,2020,3,4,2,8,3,3,1,2,1,0
530053,1,1,55,1,1,11,3,2,8,0,1,0,1,0,1,998,67,160,0,3,5,5,1,2,2,14,13,0,3,96,0,4,3,2020,4,3,2,42,1,1,4,2,10,4
530054,1,1,20,1,1,11,20,1,8,0,1,0,1,0,1,998,70,153,3,3,3,3,1,2,1,14,6,0,13,96,0,24,2,2020,2,0,2,25,1,1,3,2,1,4
530056,1,1,23,2,1,11,99,8,8,0,1,0,1,0,1,998,64,140,3,3,1,2,1,5,2,1,12,1,13,96,0,8,3,2020,1,4,2,53,1,1,4,6,10,4
530058,1,1,29,1,1,11,3,8,8,0,1,0,1,0,1,998,70,170,2,4,2,1,2,2,2,1,9,1,13,96,58,2,3,2020,2,23,2,39,1,1,4,2,10,4
530059,1,1,45,1,1,11,3,20,8,0,1,0,1,0,1,998,72,190,0,0,5,5,1,2,1,1,80,0,13,0,10,8,3,2020,1,20,2,8,3,3,1,3,1,0
530060,1,1,70,1,1,11,20,1,8,0,1,0,1,0,1,998,65,170,0,0,2,2,1,2,2,14,8,0,13,96,0,7,3,2020,7,15,2,12,3,6,1,1,2,4
530061,1,1,27,1,1,11,3,20,8,0,1,0,1,0,1,998,71,170,0,0,2,2,3,2,1,1,80,0,13,0,10,12,3,2020,5,5,2,8,1,1,1,3,1,2
530062,1,1,57,1,1,11,99,1,8,0,1,0,1,0,1,998,66,200,0,0,1,5,1,2,1,1,13,1,7,92,0,3,3,2020,3,0,2,59,1,1,4,3,1,4
530063,1,1,45,1,1,11,20,1,8,0,3,0,2,0,1,998,71,170,1,0,1,4,2,2,1,1,12,1,13,96,0,11,3,2020,4,18,2,33,3,3,4,1,1,4
530064,1,1,53,1,1,11,3,20,8,0,3,0,3,6,1,998,63,165,0,0,3,2,1,2,1,14,80,0,66,96,0,1,3,2020,1,1,2,8,1,1,1,6,1,0
530065,1,1,32,2,1,11,3,20,8,0,1,0,1,0,1,998,67,208,2,0,3,2,1,1,1,1,13,0,7,96,58,14,3,2020,7,21,2,1,1,1,4,2,1,4
530066,1,1,64,1,1,11,3,20,8,0,1,0,1,0,1,998,78,200,9,0,2,4,1,2,1,1,80,1,7,96,0,15,3,2020,1,21,2,8,3,2,1,3,1,0
530068,1,1,53,2,2,13,20,20,8,0,1,0,6,0,1,0,998,997,998,8,2,2,1,1,1,0,3,0,13,16,20,11,3,2020,4,20,2,12,1,1,1,2,1,0
530069,1,1,41,2,1,11,3,8,8,0,1,0,2,0,1,998,61,185,1,3,5,5,2,2,2,14,10,0,5,96,28,6,3,2020,6,15,2,12,1,1,1,1,2,4
530070,1,1,27,2,1,11,99,99,8,0,1,0,2,0,1,998,64,115,0,0,1,4,1,2,1,1,8,0,7,96,0,6,1,2020,2,7,2,30,1,1,4,1,10,4
530071,1,1,30,2,1,11,3,8,8,0,1,0,1,0,1,998,66,150,0,4,6,1,2,2,1,14,12,1,13,92,0,8,3,2020,1,22,2,1,5,1,8,3,1,4
530074,1,1,23,1,1,11,3,8,1,0,2,0,2,0,1,998,77,230,0,0,1,4,1,1,2,1,10,1,13,96,28,18,1,2020,7,2,2,12,2,2,1,3,2,4
530075,1,1,42,1,1,11,3,1,1,0,1,0,1,0,1,998,62,108,0,0,1,2,2,2,1,1,80,1,13,96,91,24,1,2020,6,16,2,8,1,1,2,1,1,0
530076,1,1,38,1,1,11,20,20,8,0,1,0,1,0,1,998,73,220,1,3,2,5,1,2,1,1,17,0,80,96,0,2,2,2020,1,14,2,12,2,2,1,1,1,4
530079,1,1,32,1,1,11,3,20,8,0,1,0,1,0,1,998,65,200,0,0,2,1,1,2,1,1,80,0,13,96,0,20,3,2020,6,5,2,8,1,1,1,2,1,2
530082,1,1,44,2,1,11,3,20,8,0,1,0,2,0,1,998,62,150,0,4,3,3,1,2,1,1,6,1,13,96,58,29,2,2020,7,22,2,25,1,1,4,3,1,4
530086,1,1,31,2,1,11,3,20,8,0,3,0,1,0,1,998,59,119,0,0,1,4,1,2,1,1,17,0,13,96,38,10,4,2020,6,13,2,12,2,2,1,1,1,4
530087,1,1,44,2,1,11,3,20,8,0,2,0,2,0,1,998,63,130,0,0,1,3,2,2,1,11,15,0,2,92,38,22,3,2020,1,15,2,9,2,3,1,1,10,0
530088,1,1,35,1,1,11,3,20,8,0,1,0,1,0,1,998,69,145,0,0,1,4,3,2,1,1,83,0,60,96,0,12,4,2020,1,22,2,9,1,1,1,3,1,0
530093,1,1,52,2,1,11,20,20,8,0,1,0,1,0,1,998,63,160,0,3,2,2,1,2,1,14,9,1,82,96,0,9,4,2020,5,19,2,33,1,1,3,5,1,4
530095,1,1,999,9,1,11,99,99,8,0,99,1,9,99,1,998,999,999,99,0,2,2,1,2,2,1,80,0,999,92,0,3,4,2020,6,23,2,8,1,1,1,3,2,0
530097,1,1,30,1,1,11,20,20,1,0,1,0,2,0,1,998,72,170,0,3,3,3,2,1,1,14,13,0,98,96,0,10,4,2020,6,23,2,25,1,1,4,3,1,4
530103,1,1,32,1,1,11,20,20,8,0,1,0,2,0,1,998,64,140,2,3,3,2,1,2,1,14,13,1,80,96,0,18,4,2020,7,0,2,38,1,1,4,3,1,4
530105,1,1,34,2,1,11,20,20,8,0,2,0,2,0,1,998,61,120,0,4,5,3,1,2,1,14,6,1,13,96,0,18,4,2020,7,15,2,59,3,10,4,1,1,4
530107,1,1,20,1,1,11,20,20,8,0,1,0,1,0,1,998,70,237,0,0,1,5,2,2,1,15,17,0,94,96,0,21,4,2020,3,8,2,12,2,3,1,1,1,4
530108,1,1,18,2,1,11,3,20,8,0,1,0,2,0,1,998,63,157,0,0,6,1,2,1,1,3,80,0,7,96,0,10,4,2020,6,23,2,8,20,1,1,2,10,0
530111,1,1,21,1,1,11,99,99,8,0,1,1,1,0,1,998,70,207,1,3,1,4,1,2,1,1,80,1,13,96,0,1,4,2020,4,20,2,8,3,2,1,3,1,0
530113,1,1,26,1,1,11,20,1,1,0,3,0,2,0,1,998,74,180,1,3,1,2,1,2,1,1,17,0,13,96,8,30,4,2020,5,14,2,12,2,2,1,1,10,1
530114,1,1,20,1,1,11,99,99,8,0,3,0,9,0,1,998,999,999,0,3,5,5,3,2,1,14,13,1,3,96,0,1,5,2020,6,19,2,59,1,1,4,1,10,4
530115,1,1,39,1,1,11,20,20,1,0,2,0,2,0,1,998,72,160,2,0,1,2,4,2,2,1,13,1,60,96,0,2,5,2020,7,5,2,52,3,3,4,2,2,4
530116,1,1,30,1,1,11,3,8,1,0,2,0,1,0,1,998,66,180,0,0,2,2,1,2,1,1,13,0,5,96,91,24,4,2020,6,19,2,39,3,3,4,5,1,2
530117,1,1,30,1,1,11,20,20,8,0,1,0,2,0,1,998,73,160,1,4,1,2,1,2,1,6,10,0,80,96,33,28,4,2020,3,17,2,12,2,3,1,1,1,4
530118,1,1,19,1,1,11,99,8,1,0,2,0,2,0,1,998,75,148,1,0,1,6,1,2,1,1,9,1,13,96,0,1,5,2020,6,1,2,30,1,1,4,6,1,4
530121,1,1,57,1,1,11,99,99,8,0,2,0,1,0,1,998,70,200,0,3,5,5,1,2,1,14,12,1,3,96,0,25,4,2020,7,20,2,30,3,3,4,1,1,4
530123,1,1,17,1,1,11,3,20,8,0,2,0,2,0,1,998,72,155,0,0,1,2,8,2,1,1,12,1,13,92,0,4,5,2020,2,23,2,14,3,3,2,3,1,3
530124,1,1,37,1,1,11,20,20,8,0,2,0,1,0,1,998,76,250,1,3,3,4,1,2,1,14,13,1,80,96,91,8,4,2020,4,22,2,35,1,1,4,2,1,3
530127,1,1,60,1,1,11,3,20,8,0,2,0,1,0,1,998,65,160,1,0,1,5,1,2,1,11,15,0,7,15,38,7,5,2020,5,8,2,12,2,3,1,1,1,0
530128,1,1,999,9,1,11,99,99,8,0,99,1,9,0,1,998,999,999,99,3,6,1,8,2,1,10,80,0,13,96,38,3,5,2020,1,23,2,8,3,4,1,3,1,9
530129,1,1,33,2,1,11,3,8,1,0,1,0,1,0,1,998,62,190,0,0,3,3,1,2,1,1,54,1,15,96,51,8,5,2020,6,1,2,12,1,1,1,3,1,4
530130,1,1,55,1,1,11,20,20,1,0,1,0,1,0,1,998,73,240,0,3,1,2,1,2,1,6,6,0,81,96,0,10,5,2020,1,6,2,35,1,1,4,1,1,4
530131,1,1,31,1,1,11,99,20,8,0,1,0,2,0,1,998,72,200,0,0,1,2,1,2,1,1,10,0,7,92,28,8,5,2020,6,20,2,12,1,1,1,2,1,3
530132,1,1,35,1,1,11,20,20,8,0,1,0,2,0,1,998,72,170,2,0,1,3,3,1,1,6,17,0,80,96,39,4,5,2020,2,9,2,12,2,2,1,1,1,4
530133,1,1,41,1,1,11,20,20,8,0,1,0,1,0,1,998,76,220,1,0,1,2,1,2,1,6,51,1,81,96,8,9,5,2020,7,12,2,12,1,1,1,1,1,4
530134,1,1,65,1,1,11,20,20,8,0,1,0,1,0,1,998,69,212,1,0,1,5,6,2,1,14,8,0,94,96,28,11,5,2020,2,14,2,1,1,1,1,1,10,4
530135,1,1,55,1,1,11,20,20,8,0,2,0,1,0,1,998,72,175,0,0,3,2,1,2,1,15,9,0,94,96,0,9,5,2020,7,14,2,1,1,1,1,1,1,4
530136,1,1,34,1,1,11,3,8,8,0,1,0,2,0,1,998,67,170,2,0,1,2,1,1,1,14,62,0,7,96,0,18,4,2020,7,20,2,12,1,1,1,2,1,2
530137,1,1,79,2,1,11,3,1,8,0,1,0,2,0,1,998,64,143,0,4,6,3,1,2,1,10,6,0,13,92,0,9,5,2020,7,16,2,12,3,4,1,1,1,4
530140,1,1,43,1,1,11,3,20,8,0,3,0,1,0,1,998,66,240,4,0,8,8,1,2,1,1,98,0,60,92,0,14,5,2020,5,19,2,5,1,1,1,1,10,0
530141,1,1,40,1,1,11,99,20,1,0,1,1,2,0,1,998,999,999,1,0,1,2,2,2,1,1,80,0,13,96,91,9,5,2020,7,14,2,9,1,1,2,1,1,0
530143,1,1,21,1,1,11,20,8,1,0,2,0,2,0,1,998,72,180,0,4,3,5,1,2,2,1,13,0,5,92,0,16,5,2020,7,3,2,35,1,1,4,3,10,4
530144,1,1,32,1,1,11,20,1,8,0,1,0,2,0,1,998,76,260,0,0,1,6,1,2,1,1,17,0,8,92,39,13,4,2020,2,6,2,12,2,3,1,1,1,1
530147,1,1,71,1,1,11,3,20,8,0,2,0,1,0,1,998,72,190,0,4,2,2,2,2,1,14,6,0,7,96,0,18,5,2020,2,22,2,1,1,1,4,2,10,4
530150,1,1,67,1,1,11,99,20,8,0,1,0,1,0,1,998,67,190,0,0,1,3,1,2,1,1,8,0,7,0,0,24,5,2020,1,9,2,31,1,1,12,1,1,4
530151,1,1,49,8,1,11,3,20,0,0,3,0,1,0,1,998,64,162,0,0,1,2,1,2,1,1,80,0,7,96,0,14,3,2020,7,21,2,8,1,1,1,2,1,0
530152,1,1,36,1,1,11,3,20,8,0,1,0,1,0,1,998,73,160,0,0,1,4,2,2,1,1,17,0,60,96,39,13,5,2020,4,14,2,12,2,2,1,1,1,0
530155,1,1,79,1,1,11,3,8,8,0,1,0,3,0,1,998,73,190,0,0,1,2,3,1,1,4,17,0,60,96,38,26,5,2020,3,10,2,12,2,2,1,1,1,0
530160,1,1,19,1,1,11,20,8,8,0,1,0,1,0,1,998,69,150,0,3,1,2,1,2,1,6,9,1,3,96,33,29,5,2020,6,23,2,1,1,1,4,3,10,4
530162,1,1,30,1,1,11,20,20,8,0,1,0,1,0,1,998,67,193,2,4,4,4,2,2,1,1,10,1,94,96,0,2,6,2020,3,23,2,12,3,2,1,3,1,4
530163,1,1,17,1,1,11,99,8,8,0,3,0,2,0,1,998,72,200,0,3,1,2,1,2,1,14,13,0,7,96,8,2,6,2020,3,17,2,38,1,1,4,1,10,2
530165,1,1,25,1,1,11,99,1,1,0,1,0,2,0,1,998,77,285,0,4,1,2,8,2,1,1,17,0,13,96,39,6,6,2020,7,21,2,12,2,2,1,3,1,3
530167,1,1,42,1,1,11,20,20,8,0,1,0,2,0,1,998,76,235,1,0,1,2,1,2,1,1,17,0,7,96,39,31,5,2020,1,19,2,12,2,2,1,1,10,4
530169,1,1,58,1,1,11,20,20,8,0,1,0,1,0,1,998,68,195,0,0,1,2,1,2,1,14,10,0,82,96,0,8,6,2020,2,15,2,12,1,1,1,1,1,4
530170,1,1,48,1,1,11,3,20,8,0,1,0,2,0,1,998,70,290,0,0,3,3,1,2,1,1,80,0,95,96,0,4,6,2020,5,2,2,8,1,1,1,2,1,0
530171,1,1,23,1,1,11,20,7,9,0,1,0,1,0,1,998,74,220,0,4,6,1,1,2,1,14,12,1,13,96,0,23,5,2020,7,2,2,25,5,1,4,3,1,4
530172,1,1,68,1,1,11,20,1,8,0,1,0,2,0,1,998,66,150,0,0,1,4,1,2,1,1,17,0,13,96,39,1,6,2020,2,7,2,12,2,2,1,1,1,4
530180,1,1,41,1,1,11,3,20,8,0,1,0,1,0,1,998,75,175,0,0,1,4,2,2,1,1,80,0,13,92,0,18,6,2020,5,0,2,8,1,1,1,3,1,0
530181,1,1,23,1,1,11,20,20,8,0,1,0,2,0,1,998,67,165,2,3,1,3,1,2,2,1,14,1,82,96,39,12,6,2020,6,23,2,32,3,3,4,3,10,4
530182,1,1,21,2,1,11,3,20,8,0,3,0,1,0,1,998,61,128,2,0,3,2,1,1,2,1,83,0,13,96,0,12,6,2020,6,21,2,15,2,2,1,2,2,1
530189,1,1,36,1,1,11,20,20,8,0,1,0,2,0,1,998,71,190,0,4,1,2,1,2,1,6,9,0,80,96,8,21,6,2020,1,15,2,1,3,2,4,1,1,4
530193,1,1,62,1,1,11,20,20,8,0,2,0,1,0,1,35,73,260,0,0,1,5,1,2,2,3,8,0,81,96,6,8,2,2020,7,11,2,1,3,2,1,1,10,4
530195,1,1,81,1,1,11,3,8,8,0,2,0,1,0,1,998,73,240,0,0,1,2,1,2,1,11,17,0,3,96,39,25,6,2020,5,13,2,12,2,2,1,1,1,4
530203,1,1,16,2,1,11,3,8,1,0,4,0,2,0,1,998,64,180,0,4,1,2,2,2,1,1,6,0,13,96,73,26,6,2020,6,3,2,1,3,2,4,2,1,2
530204,1,1,19,1,1,11,3,20,8,0,2,0,2,0,1,998,74,140,5,3,1,4,2,2,1,14,13,1,3,96,23,18,6,2020,5,2,2,1,1,1,4,2,1,4
530205,1,1,21,1,1,11,20,20,8,0,1,0,1,0,1,998,71,238,4,4,1,4,1,2,1,1,17,1,80,96,0,25,6,2020,5,13,2,12,2,2,1,1,1,4
530209,1,1,43,2,1,11,3,8,8,0,1,0,1,0,1,998,66,190,0,0,2,3,1,2,1,1,80,0,7,96,0,26,6,2020,6,14,2,8,1,1,1,1,1,1
530213,1,1,22,1,1,11,3,1,8,0,1,0,2,0,1,998,74,200,2,3,5,5,1,2,1,1,67,1,13,96,91,29,6,2020,2,19,2,12,2,3,1,1,1,3
530214,1,1,75,1,1,11,3,1,1,0,2,0,2,0,1,998,70,230,0,0,2,2,1,1,8,1,54,1,13,96,51,1,7,2020,4,20,2,12,1,1,1,5,10,3
530216,1,1,21,1,1,11,20,1,8,0,1,0,1,0,1,998,63,115,0,4,6,2,2,1,1,14,13,1,13,96,58,4,7,2020,7,2,2,1,5,1,2,3,1,4
530217,1,1,61,2,1,11,3,20,8,0,1,0,1,0,1,998,64,110,0,0,1,2,1,2,1,1,53,0,13,96,0,3,7,2020,6,21,2,12,1,1,1,5,1,0
530218,1,1,39,1,1,11,99,1,8,0,1,0,2,0,1,998,71,200,0,4,5,5,1,2,1,1,10,0,3,96,28,6,7,2020,2,15,2,12,1,1,1,1,1,4
530221,1,1,35,1,1,11,3,8,8,0,1,0,2,0,1,998,76,220,0,3,1,2,1,2,1,1,13,1,7,96,8,29,6,2020,2,22,2,53,1,1,4,3,1,4
530222,1,1,47,1,1,11,3,20,8,0,1,0,3,2,1,998,999,999,99,0,1,2,1,2,2,1,8,0,66,96,38,3,7,2020,6,12,2,12,2,3,1,1,2,0
530227,1,1,57,1,1,11,99,99,8,0,1,0,1,0,1,998,70,243,0,0,1,5,1,2,1,1,17,0,5,96,39,11,7,2020,7,0,2,12,2,2,1,3,1,4
530230,1,1,55,1,1,11,3,20,1,0,2,0,2,0,1,998,67,195,0,0,1,2,2,2,1,14,13,0,13,96,0,14,7,2020,3,21,2,17,1,1,4,2,1,9
530231,1,1,19,1,1,11,3,20,8,0,1,0,2,0,1,998,68,170,0,0,5,3,1,2,1,1,13,0,13,96,0,17,7,2020,6,12,2,8,1,1,4,1,1,0
530233,1,1,74,1,1,11,3,8,8,0,2,0,2,0,1,998,66,200,0,0,1,2,1,2,1,4,17,0,13,96,38,20,6,2020,7,16,2,12,2,2,1,1,1,4
530234,1,1,29,2,1,11,3,1,8,0,3,0,2,0,1,998,62,175,0,0,1,2,1,2,1,11,15,0,13,0,10,26,2,2020,4,12,2,12,8,1,1,1,1,0
530238,1,1,999,9,1,11,99,99,8,0,99,1,9,99,1,998,999,999,99,0,1,4,2,2,1,1,11,0,999,92,0,16,7,2020,5,22,2,8,1,1,2,3,1,9
530240,1,1,34,2,1,11,20,20,8,0,1,0,2,0,1,998,65,150,0,0,1,2,1,2,1,14,13,0,60,96,58,17,7,2020,6,21,2,93,1,1,4,2,1,4
530241,1,1,60,1,1,11,20,1,1,0,1,0,1,0,1,998,73,210,0,0,2,2,1,1,1,1,12,0,60,96,0,18,7,2020,7,4,2,12,1,1,1,4,1,4
530242,1,1,24,2,1,11,3,20,8,0,2,0,1,0,1,998,62,110,1,0,1,4,1,2,1,1,83,0,7,96,0,12,7,2020,1,23,2,15,3,2,1,3,1,0
530243,1,1,23,1,1,11,3,20,1,0,2,0,1,0,1,998,63,147,0,0,5,5,1,2,1,1,80,0,13,96,0,18,7,2020,7,2,2,8,1,1,1,3,1,0
530246,1,1,54,8,1,11,20,8,8,0,1,0,1,0,1,998,72,170,1,0,6,2,1,2,1,11,15,0,2,96,50,24,7,2020,6,6,2,43,3,2,5,1,10,4
530250,1,1,42,1,1,11,3,99,8,0,1,0,1,0,1,998,68,195,0,0,1,5,1,2,1,1,98,1,7,96,8,24,7,2020,6,23,2,12,1,1,1,3,1,4
530251,1,1,63,2,1,11,3,8,1,0,3,0,1,0,1,998,67,109,0,0,1,4,1,2,1,11,15,0,2,96,0,28,7,2020,3,19,2,12,2,2,1,1,1,0
530252,1,1,31,2,1,11,3,20,8,0,1,0,9,0,1,998,67,135,0,0,2,3,1,2,1,11,80,0,7,10,39,6,3,2020,6,20,2,8,3,2,1,1,10,0
530253,1,1,29,1,1,11,20,20,8,0,1,0,2,0,1,998,65,175,0,4,5,3,2,2,1,14,13,1,80,96,0,29,7,2020,4,20,2,33,1,1,4,3,1,4
530255,1,1,34,1,1,11,99,99,8,0,1,0,1,0,1,998,67,180,2,3,2,6,1,2,1,11,12,1,3,96,0,18,7,2020,7,2,2,33,3,2,12,3,10,4
530256,1,1,18,1,1,11,3,20,8,0,1,0,2,0,1,998,70,170,0,0,5,3,2,2,1,11,15,0,13,96,38,27,7,2020,2,9,2,9,2,3,1,1,1,0
530259,1,1,59,1,1,11,20,20,8,0,1,0,1,0,1,998,73,200,0,4,3,4,2,1,1,15,8,0,94,96,0,14,7,2020,3,17,2,25,1,1,3,1,1,4
530260,1,1,33,1,1,11,99,8,1,0,1,1,1,0,1,998,69,190,0,0,3,2,1,2,1,14,98,1,13,96,0,29,7,2020,4,21,2,24,1,1,3,2,1,0
530263,1,1,18,1,1,11,20,1,8,0,2,0,2,0,1,998,78,175,0,0,1,4,1,2,1,1,80,0,8,0,10,1,8,2020,7,0,2,8,1,1,1,2,1,0
530266,1,1,35,2,1,11,3,8,8,0,1,0,1,0,1,998,64,140,0,0,3,2,1,2,1,14,54,1,15,96,51,11,7,2020,7,22,2,12,1,1,1,2,10,4
530267,1,1,76,1,1,11,3,8,1,0,1,0,1,0,1,998,74,300,0,0,3,2,2,1,1,1,54,0,7,96,51,5,8,2020,4,12,2,12,1,1,1,1,1,4
530268,1,1,50,1,1,11,3,1,1,0,1,0,2,0,1,998,72,215,2,0,1,2,2,2,1,1,10,1,60,96,58,4,8,2020,3,19,2,12,1,1,1,1,1,2
530278,1,1,43,1,1,11,99,8,8,0,1,0,1,0,1,998,72,250,0,0,1,2,2,2,1,14,10,1,5,92,28,9,8,2020,1,16,2,12,1,1,1,1,1,4
530279,1,1,29,1,1,11,20,1,8,0,1,0,2,0,1,998,68,160,5,3,1,2,1,2,1,14,13,1,13,96,0,8,8,2020,7,20,2,59,1,1,4,5,1,4
530280,1,1,32,1,1,11,99,20,8,0,1,0,1,0,1,998,74,170,0,0,5,3,1,2,1,10,80,1,7,96,0,15,8,2020,7,22,2,8,8,1,1,3,1,0
530282,1,1,30,1,1,11,3,20,8,0,2,0,2,0,1,998,73,220,0,0,6,1,2,2,1,4,17,0,60,10,38,30,7,2020,5,11,2,12,2,2,1,1,1,0
530288,1,1,55,1,1,11,3,20,8,0,1,0,3,5,1,998,999,999,99,0,3,5,1,2,1,1,52,0,66,12,0,5,8,2020,4,6,2,12,1,1,1,1,1,0
530289,1,1,38,1,1,11,20,20,8,0,1,0,1,0,1,998,67,160,1,0,1,2,2,2,1,14,9,0,94,96,8,19,8,2020,4,17,2,1,1,1,1,1,1,4
530290,1,1,26,1,1,11,99,20,8,0,1,0,2,0,1,998,63,203,0,0,2,2,1,2,1,98,98,1,95,96,39,19,8,2020,4,17,2,12,2,3,1,1,1,0
530291,1,1,53,1,1,11,3,20,9,0,1,0,1,0,1,998,74,235,0,4,3,2,1,2,1,6,8,1,60,96,33,14,8,2020,6,20,2,57,1,1,3,1,1,4
530292,1,1,47,1,1,11,20,1,8,0,2,0,2,0,1,998,64,140,1,3,2,2,1,2,2,1,14,1,13,96,0,20,8,2020,5,23,2,43,3,5,3,3,2,4
530293,1,1,25,1,1,11,3,20,8,0,1,0,1,0,1,998,68,160,2,0,1,2,1,2,1,1,83,0,13,96,0,30,7,2020,5,17,2,9,2,2,1,1,1,0
530295,1,1,27,2,1,11,99,1,8,0,1,0,1,0,1,998,66,185,1,0,1,2,4,2,1,11,13,1,7,92,0,11,8,2020,3,1,2,30,3,3,4,3,98,4
530296,1,1,23,2,1,11,99,99,8,0,1,0,1,0,1,998,62,130,2,3,2,4,1,2,1,14,13,1,3,96,8,18,8,2020,3,22,2,38,1,1,4,3,1,4
530297,1,1,72,2,1,11,20,8,8,0,1,0,2,0,1,998,61,184,0,0,1,2,1,2,1,1,10,0,7,92,28,4,8,2020,3,12,2,12,1,1,1,1,1,4
530300,1,1,17,1,1,11,3,20,8,0,2,0,2,0,1,998,72,148,0,2,1,2,1,2,1,1,17,0,5,96,39,12,8,2020,4,12,2,12,2,2,1,1,1,3
530302,1,1,998,8,1,11,99,99,8,0,99,1,9,99,1,998,999,999,99,0,1,4,1,2,1,1,80,0,999,92,0,21,8,2020,6,5,2,8,1,1,1,3,10,9
530305,1,1,55,1,1,11,20,8,8,0,1,0,3,0,1,998,70,225,1,0,5,3,1,2,1,1,10,0,2,92,28,20,8,2020,5,13,2,12,1,1,1,1,10,4
530306,1,1,32,1,1,11,3,20,8,0,4,0,1,0,1,998,73,175,0,0,3,3,1,2,1,1,80,0,60,96,0,24,8,2020,2,5,2,8,1,1,1,4,1,0
530308,1,1,17,1,1,11,3,8,8,0,3,0,2,0,1,998,74,140,0,4,1,2,2,2,1,14,6,0,3,96,0,22,8,2020,7,23,2,12,1,1,1,3,1,1
530309,1,1,27,1,1,11,20,20,8,0,1,0,2,0,1,998,74,195,2,4,1,5,1,2,1,1,62,0,80,96,0,28,8,2020,6,14,2,12,8,1,1,1,1,4
530314,1,1,51,1,1,11,99,99,8,0,1,0,2,0,1,998,68,180,0,4,1,2,1,2,1,14,12,1,1,96,0,28,8,2020,6,0,2,1,1,1,4,2,1,4
530315,1,1,65,1,1,11,3,1,8,0,1,0,1,0,1,998,68,200,0,4,6,1,4,2,1,14,13,0,7,96,0,15,8,2020,7,23,2,25,5,1,4,2,1,4
530317,1,1,79,1,1,11,99,20,8,0,1,0,1,0,1,998,70,180,0,0,0,0,0,0,0,11,15,0,2,96,38,18,8,2020,3,14,2,12,8,1,1,1,1,4
530324,1,1,42,1,1,11,99,20,1,0,1,0,2,0,1,998,72,185,0,0,1,2,1,2,1,1,14,1,3,96,0,29,8,2020,7,2,2,41,3,10,4,3,1,9
530325,1,1,17,1,1,11,20,1,1,0,1,0,2,0,1,998,67,140,0,0,3,3,1,2,1,1,54,1,13,96,73,29,8,2020,7,3,2,12,1,1,1,2,1,4
530327,1,1,48,8,1,11,3,20,8,0,1,0,1,0,1,998,64,182,0,0,5,3,1,2,1,1,80,0,7,0,10,2,9,2020,4,20,2,8,1,1,1,3,1,0
530330,1,1,55,1,1,11,3,20,0,0,1,0,1,0,1,998,73,395,0,0,5,5,1,2,1,1,80,0,60,96,0,28,8,2020,6,22,2,8,3,3,1,3,1,0