ST_CASE,VEH_NO,PER_NO,AGE,SEX,PER_TYP,SEAT_POS,REST_USE,AIR_BAG,DRUGS,LOCATION,NUMOCCS,HIT_RUN,OWNER,V_CONFIG,HAZ_INV,TRAV_SP,DR_HGT,DR_WGT,PREV_SPD,SPEEDREL,VTRAFWAY,VNUM_LAN,VPROFILE,VPAVETYP,VSURCOND,P_CRASH1,P_CRASH2,DR_DRINK,VPICBODYCLASS,DRDISTRACT,DRIVERRF,DAY,MONTH,YEAR,DAY_WEEK,HOUR,RUR_URB,HARM_EV,RELJCT2,TYP_INT,REL_ROAD,LGT_COND,WEATHER,INJ_SEV
540039,1,1,60,1,1,11,3,1,0,0,1,0,1,0,1,998,72,195,0,0,1,2,1,2,1,1,8,0,13,0,28,24,2,2020,2,17,2,12,1,1,1,1,1,1
540041,1,1,43,1,1,11,20,20,9,0,1,0,1,0,1,998,74,240,0,4,1,2,6,2,1,14,10,1,94,96,39,1,3,2020,1,16,2,12,1,1,1,1,1,4
540047,1,1,38,1,1,11,3,1,0,0,1,0,1,0,1,998,76,280,1,0,2,2,1,2,1,1,17,0,60,0,0,13,3,2020,6,16,2,12,2,2,1,1,1,3
540050,1,1,20,1,1,11,3,1,9,0,1,0,2,0,1,998,72,190,0,4,2,3,6,2,2,14,6,0,5,96,28,27,3,2020,6,10,2,12,1,1,1,1,2,4
540053,1,1,38,1,1,11,20,8,9,0,2,0,2,0,1,998,72,220,0,0,1,2,5,2,1,14,13,0,119,96,6,2,4,2020,5,8,2,30,1,1,4,1,1,4
540055,1,1,41,1,1,11,3,20,0,0,2,0,1,0,1,998,66,190,1,0,5,6,1,2,1,1,17,0,15,96,39,10,4,2020,6,13,2,33,3,3,4,1,1,4
540058,1,1,23,1,1,11,3,99,0,0,1,0,1,0,1,998,70,185,0,0,3,3,1,2,1,1,53,0,13,96,0,13,4,2020,2,20,2,12,1,1,1,2,1,4
540059,1,1,23,1,1,11,20,20,0,0,1,0,1,0,1,998,999,999,0,0,1,2,3,2,1,14,6,0,82,96,58,15,4,2020,4,10,2,12,1,1,1,1,1,4
540062,1,1,53,1,1,11,99,20,1,0,2,0,1,0,1,998,71,205,0,3,1,2,5,2,1,14,13,1,60,96,36,3,4,2020,6,22,2,24,1,1,4,2,1,0
540066,1,1,48,2,1,11,3,8,0,0,1,0,1,0,1,998,65,165,0,0,2,2,1,2,1,1,54,1,13,96,51,1,5,2020,6,9,2,12,1,1,1,1,1,4
540067,1,1,999,9,1,11,99,98,8,0,99,1,9,99,1,998,999,999,99,9,1,2,5,2,1,1,80,0,998,99,999,9,3,2020,2,23,2,8,1,1,1,2,1,9
540068,1,1,60,1,1,11,99,20,0,0,1,0,0,0,1,998,67,165,0,4,1,2,1,2,2,14,6,0,7,96,58,23,4,2020,5,16,2,32,1,1,4,1,2,4
540069,1,1,26,1,1,11,20,20,0,0,1,0,3,1,1,998,74,999,0,0,3,2,1,2,1,1,50,0,11,5,6,30,4,2020,5,15,2,12,1,1,1,1,1,4
540072,1,1,28,1,1,11,99,1,1,0,5,0,1,0,1,998,73,170,0,0,5,5,1,2,1,11,15,0,13,96,38,14,5,2020,5,18,2,12,8,1,1,1,1,1
540073,1,1,43,1,1,11,20,20,9,0,1,0,1,0,1,998,72,430,0,0,5,6,1,2,2,11,15,1,60,96,38,18,5,2020,2,16,2,12,2,3,1,1,2,4
540074,1,1,42,1,1,11,20,20,0,0,2,0,3,4,1,998,71,190,0,0,1,2,1,2,1,1,62,0,11,0,0,20,5,2020,4,8,2,12,1,1,1,1,10,2
540076,1,1,21,1,1,11,3,8,1,0,2,0,1,0,1,998,67,130,0,0,3,3,1,2,1,1,13,0,13,96,91,29,3,2020,1,20,2,32,1,1,4,3,1,3
540089,1,1,19,1,1,11,20,1,0,0,1,0,1,0,1,998,75,145,0,4,1,3,1,2,1,14,6,0,3,96,58,26,5,2020,3,21,2,52,1,1,4,2,1,4
540092,1,1,48,2,1,11,3,20,1,0,1,0,1,0,1,998,66,200,0,0,3,3,1,2,1,1,13,1,13,99,58,7,6,2020,1,3,2,42,1,1,4,2,1,4
540097,1,1,998,8,1,11,98,98,9,0,99,1,9,99,1,999,999,999,99,9,1,2,1,2,2,1,80,0,998,96,999,14,6,2020,1,23,2,8,1,1,1,3,2,9
540098,1,1,70,1,1,11,3,20,0,0,1,0,1,0,1,998,70,171,0,0,1,2,1,2,1,1,80,0,5,0,0,22,6,2020,2,15,2,8,1,1,1,1,1,0
540099,1,1,40,1,1,11,20,20,0,0,2,0,1,0,1,998,71,150,0,0,1,2,1,2,1,1,12,0,82,96,0,27,6,2020,7,3,2,33,1,1,4,2,1,4
540100,1,1,22,1,1,11,3,1,0,0,1,0,1,0,1,998,63,150,1,0,3,2,6,2,6,1,12,0,7,96,51,14,6,2020,1,5,2,12,1,1,1,1,2,0
540101,1,1,27,1,1,11,99,1,9,0,1,0,1,0,1,35,71,175,1,4,1,3,6,2,2,14,6,0,3,96,58,17,6,2020,4,22,2,12,1,1,1,2,10,4
540104,1,1,27,1,1,11,3,20,0,0,1,0,1,0,1,998,72,200,1,0,2,2,1,2,1,1,80,0,7,0,0,27,6,2020,7,22,2,8,1,1,1,2,10,0
540105,1,1,23,2,1,11,99,8,1,0,2,0,1,0,1,998,64,110,1,0,1,2,1,2,1,1,10,1,13,96,28,28,6,2020,1,2,2,14,1,1,2,3,10,1
540109,1,1,41,1,1,11,20,20,9,0,1,0,2,0,1,998,70,140,0,0,2,2,5,2,1,1,10,1,81,96,58,2,7,2020,5,1,2,24,1,1,4,6,1,4
540110,1,1,44,1,1,11,20,20,9,0,2,0,2,0,1,998,70,200,0,0,1,2,5,1,1,6,10,0,94,96,51,8,7,2020,4,12,2,9,1,1,1,1,1,4
540111,1,1,20,1,1,11,3,2,0,0,99,1,1,0,1,998,72,165,0,0,1,2,1,2,1,11,15,1,13,0,38,2,7,2020,5,6,2,12,2,3,1,1,1,1
540112,1,1,62,1,1,11,20,20,0,0,1,0,1,0,1,998,66,170,0,0,2,2,1,2,1,1,13,0,5,96,6,8,7,2020,4,13,2,33,1,1,4,1,1,4
540114,1,1,25,1,1,11,20,20,9,0,1,0,2,0,1,998,69,170,1,4,1,2,1,2,1,14,6,1,60,96,0,10,7,2020,6,17,2,34,1,1,4,1,10,4
540119,1,1,20,1,1,11,20,20,0,0,1,0,1,0,1,998,68,210,1,0,1,4,1,2,1,1,13,1,60,96,36,12,7,2020,1,3,2,33,1,1,4,6,1,4
540121,1,1,49,1,1,11,20,20,9,0,1,0,1,0,1,998,66,155,0,0,6,1,5,2,1,14,12,1,81,96,36,19,7,2020,1,1,2,25,5,1,4,3,1,4
540122,1,1,18,1,1,11,99,20,9,0,4,0,2,0,1,998,73,190,0,0,1,2,1,2,1,1,9,1,60,96,28,22,7,2020,4,23,2,35,1,1,4,2,1,3
540126,1,1,36,1,1,11,20,20,0,0,1,0,1,0,1,998,65,180,0,0,1,2,1,2,2,1,13,1,6,96,0,28,7,2020,3,21,2,30,1,1,4,3,2,4
540129,1,1,24,1,1,11,3,1,9,0,1,0,1,0,1,998,72,999,0,0,2,3,1,2,1,11,15,0,13,0,38,20,7,2020,2,14,2,12,2,2,1,1,1,2
540132,1,1,23,1,1,11,20,20,9,0,1,0,0,0,1,998,68,165,0,0,1,2,6,2,1,14,13,1,69,96,0,2,8,2020,1,19,2,42,1,1,4,1,10,4
540134,1,1,70,2,1,11,3,1,0,0,1,0,1,0,1,998,67,180,0,0,2,2,1,2,1,1,13,0,15,96,28,1,8,2020,7,10,2,14,1,1,5,1,10,4
540142,1,1,16,1,1,11,3,8,0,0,2,0,2,0,1,998,71,200,0,0,2,3,1,2,1,11,15,0,13,96,38,14,8,2020,6,17,2,12,2,3,1,1,1,1
540144,1,1,30,1,1,11,20,20,9,0,2,0,0,0,1,998,66,135,0,0,1,2,1,2,1,1,9,0,87,96,999,19,8,2020,4,14,2,1,1,1,1,1,1,4
540146,1,1,24,2,1,11,3,8,0,0,5,0,3,0,1,998,999,999,99,4,6,1,1,2,1,14,6,0,7,96,0,20,8,2020,5,14,2,1,5,1,8,1,1,2
540151,1,1,35,1,1,11,20,20,9,0,2,0,2,0,1,998,75,200,0,3,3,2,1,2,1,14,12,0,98,96,36,25,8,2020,3,1,2,25,1,1,3,3,1,3
540156,1,1,43,2,1,11,3,1,0,0,1,0,1,0,1,998,62,180,1,0,2,2,1,2,1,1,17,0,60,96,0,1,9,2020,3,13,2,12,2,2,1,1,1,1
540167,1,1,30,1,1,11,20,20,1,0,2,0,2,0,1,998,999,999,0,0,1,2,6,2,1,1,9,0,7,0,28,19,8,2020,4,17,2,24,1,1,4,1,1,1
540173,1,1,41,1,1,11,20,20,1,0,1,0,2,0,1,998,66,180,0,0,1,2,3,2,1,14,12,0,80,96,36,19,9,2020,7,15,2,30,1,1,4,1,1,4
540174,1,1,58,1,1,11,20,20,0,0,1,0,1,0,1,998,75,255,0,0,2,2,1,2,1,14,6,0,81,96,0,20,9,2020,1,17,2,12,1,1,1,1,1,4
540175,1,1,80,1,1,11,3,20,0,0,1,0,1,0,1,998,66,185,0,0,1,2,1,2,1,1,83,0,7,96,39,20,9,2020,1,22,2,9,2,2,1,1,1,0
540188,1,1,30,2,1,11,99,8,1,0,1,0,1,0,1,998,61,120,0,0,1,2,6,2,1,14,10,0,7,96,28,7,10,2020,4,10,2,12,1,1,1,1,1,4
540192,1,1,28,2,1,11,3,20,1,0,1,0,1,0,1,998,63,130,0,0,5,3,1,2,1,1,80,1,13,96,24,14,10,2020,4,13,2,8,1,1,1,1,1,0
540197,1,1,23,1,1,11,20,20,9,0,1,0,1,0,1,998,71,155,1,0,1,2,6,2,1,14,12,1,94,99,36,18,10,2020,1,3,2,30,1,1,4,2,1,4
540201,1,1,23,1,1,11,3,8,0,0,1,0,2,0,1,998,73,220,0,0,1,2,1,2,2,14,10,0,7,96,28,31,10,2020,7,13,2,12,1,1,1,1,1,1
540205,1,1,53,1,1,11,20,99,9,0,1,0,1,0,1,998,73,180,0,0,2,3,1,2,1,1,12,0,60,96,0,9,11,2020,2,13,2,1,1,1,3,1,1,4
540218,1,1,55,1,1,11,20,1,1,0,2,0,1,0,1,998,71,285,0,0,1,2,1,2,1,1,11,0,13,96,0,31,10,2020,7,21,2,17,1,1,4,2,1,4
540219,1,1,48,1,1,11,99,99,1,0,2,0,2,0,1,998,66,170,1,0,3,3,1,2,1,1,13,0,60,96,0,23,11,2020,2,7,2,42,1,1,4,4,1,4
540221,1,1,72,2,1,11,3,20,0,0,2,0,1,0,1,0,66,260,0,0,3,3,1,2,3,5,53,0,2,96,80,1,12,2020,3,10,2,12,1,1,1,1,4,4
540230,1,1,30,1,1,11,3,8,0,0,1,0,2,0,1,998,75,200,0,0,1,2,1,2,1,1,10,0,13,96,28,10,12,2020,5,18,2,12,1,1,1,3,1,3
540233,1,1,53,1,1,11,20,20,0,0,1,0,1,0,1,998,70,200,0,4,1,2,5,2,2,14,6,0,105,96,0,11,10,2020,1,22,2,35,1,1,4,2,5,4
540236,1,1,79,1,1,11,98,20,1,0,99,1,1,0,1,998,68,135,0,0,2,2,6,1,2,14,82,1,60,96,36,12,12,2020,7,22,2,8,1,1,1,2,1,0
540241,1,1,22,1,1,11,3,8,9,0,1,0,3,0,1,998,72,160,1,0,3,2,1,2,2,1,12,1,60,96,0,14,12,2020,2,10,2,57,1,1,3,1,2,4
540242,1,1,999,9,1,11,99,99,8,0,99,1,9,99,1,998,999,999,99,9,4,3,1,2,1,1,80,0,999,99,999,15,12,2020,3,20,2,8,1,1,1,2,1,9
540243,1,1,20,1,1,11,20,20,9,0,1,0,0,0,1,998,69,240,0,3,2,2,1,2,1,1,12,0,69,96,0,15,5,2020,6,18,2,26,1,1,3,1,1,4
540244,1,1,45,1,1,11,20,20,0,0,1,0,1,0,1,998,70,210,0,0,1,2,1,2,2,1,13,1,7,96,6,16,12,2020,4,19,2,24,1,1,4,2,2,4
540247,1,1,999,9,1,11,99,99,9,0,99,1,9,99,1,998,999,999,99,9,1,2,1,2,2,14,99,0,999,99,999,21,12,2020,2,17,2,19,1,1,5,2,2,9
540248,1,1,22,2,1,11,99,99,0,0,2,0,1,0,1,998,63,150,0,0,6,2,1,2,2,1,14,1,7,96,39,25,12,2020,6,4,2,46,3,2,4,2,2,4
540250,1,1,75,2,1,11,99,1,0,0,1,0,1,0,1,998,62,115,0,0,1,2,6,2,1,14,13,0,13,96,0,29,12,2020,3,14,2,32,1,1,4,1,1,4
540252,1,1,59,2,1,11,99,8,0,0,1,0,1,0,1,998,61,999,0,0,1,2,1,2,1,1,17,1,7,96,39,29,12,2020,3,1,2,12,2,2,1,3,1,4
550002,1,1,61,1,1,11,3,20,0,0,2,0,1,0,1,55,71,165,0,0,2,3,1,2,1,1,53,0,7,0,0,4,1,2020,7,6,2,12,1,1,1,6,10,3
550003,1,1,44,1,1,11,99,20,1,0,2,0,0,0,1,45,70,180,0,4,1,2,1,2,4,14,6,1,7,0,91,1,1,2020,4,2,2,12,1,1,1,3,10,2
550005,1,1,54,1,1,11,3,20,0,0,1,0,3,6,1,65,76,292,0,0,3,4,1,1,1,14,80,0,66,0,0,3,1,2020,6,4,2,8,1,1,1,2,10,0
550010,1,1,81,1,1,11,20,1,9,0,1,0,1,0,1,45,76,220,0,0,2,3,1,1,1,1,8,0,13,0,0,15,1,2020,4,12,2,33,3,2,4,1,10,4
550012,1,1,31,1,1,11,99,20,8,0,1,1,2,0,1,999,69,140,0,3,1,4,1,1,2,6,83,0,13,96,36,26,1,2020,1,1,2,9,2,2,1,3,10,0
550013,1,1,49,1,1,11,3,20,0,0,1,0,3,6,1,0,68,165,0,0,1,2,1,1,2,5,15,0,66,0,48,22,1,2020,4,10,2,12,2,2,1,1,4,0
550018,1,1,37,2,1,11,20,1,0,0,1,0,1,0,1,56,67,295,0,0,1,2,1,2,1,14,10,0,3,99,28,27,1,2020,2,18,2,12,1,1,1,2,1,4
550019,1,1,47,1,1,11,20,20,0,0,2,0,1,0,1,30,68,165,1,0,1,4,5,2,2,1,17,0,60,99,16,25,1,2020,7,11,2,12,2,2,1,1,10,4
550023,1,1,34,2,1,11,20,8,0,0,1,0,1,0,1,30,66,210,0,0,1,2,1,2,1,14,13,1,8,99,6,17,1,2020,6,1,2,42,1,1,4,3,1,4
550024,1,1,50,1,1,11,99,20,8,0,1,1,0,0,1,47,72,269,0,4,1,4,1,2,2,1,80,0,13,96,86,31,1,2020,6,17,2,8,1,1,1,3,1,0
550025,1,1,43,1,1,11,20,20,0,0,2,0,1,0,1,50,70,220,1,3,1,2,1,2,1,14,6,1,81,0,6,1,3,2020,1,19,2,34,3,3,4,5,1,3
550026,1,1,27,1,1,11,20,20,0,0,1,0,1,0,1,60,69,205,1,3,1,4,3,2,1,14,6,1,98,99,36,28,2,2020,6,0,2,30,1,1,4,3,1,4
550027,1,1,33,2,1,11,99,1,0,0,1,0,1,0,1,35,66,189,0,0,1,2,1,2,2,14,6,1,13,99,87,26,2,2020,4,2,2,33,1,1,4,3,4,4
550030,1,1,28,1,1,11,20,99,8,0,1,0,2,0,1,999,67,190,0,0,2,4,1,1,1,3,12,1,7,99,36,1,3,2020,1,2,2,59,3,2,3,3,1,4
550031,1,1,30,1,1,11,20,8,0,0,1,0,1,0,1,999,76,265,0,0,1,2,1,1,1,99,12,1,13,99,999,7,3,2020,7,0,2,42,1,1,4,3,1,4
550034,1,1,49,1,1,11,3,20,0,0,1,0,2,0,1,55,71,214,1,0,3,3,1,1,1,1,61,0,13,0,0,28,2,2020,6,17,2,12,1,1,1,1,1,0
550038,1,1,59,2,1,11,3,3,0,0,1,0,4,0,1,25,62,120,0,0,1,2,1,2,1,11,66,0,7,96,38,12,3,2020,5,18,2,12,2,3,1,5,10,4
550039,1,1,33,1,1,11,3,1,0,0,2,0,2,0,1,35,70,240,0,0,1,4,1,2,1,1,62,0,2,0,28,5,2,2020,4,8,2,12,1,1,1,1,1,3
550045,1,1,50,2,1,11,3,1,0,0,2,0,1,0,1,35,63,125,0,0,1,2,1,2,1,1,62,0,7,0,0,12,2,2020,4,18,2,12,1,1,1,3,1,2
550046,1,1,16,1,1,11,20,20,0,0,1,0,2,0,1,999,68,197,0,0,1,2,1,1,1,1,17,0,60,0,38,15,2,2020,7,7,2,12,2,2,1,4,10,3
550047,1,1,81,2,1,11,20,3,0,0,1,0,2,0,1,30,65,120,0,0,1,2,1,2,10,1,17,0,13,99,39,13,2,2020,5,14,2,12,2,2,1,1,1,4
550055,1,1,47,2,1,11,99,8,1,0,1,0,1,0,1,80,65,160,1,0,1,4,3,2,1,1,10,1,13,99,36,20,2,2020,5,22,2,12,3,2,1,2,1,4
550056,1,1,20,2,2,13,99,20,8,0,2,0,0,0,1,40,62,102,0,0,4,2,1,1,1,1,80,0,13,96,91,11,2,2020,3,20,2,8,3,2,1,3,1,0
550059,1,1,54,1,1,11,99,8,0,0,1,1,2,0,1,999,66,168,3,0,1,4,1,1,1,1,80,0,13,99,0,28,2,2020,6,2,2,8,1,1,1,3,1,2
550060,1,1,47,1,1,11,20,20,1,0,1,0,2,0,1,999,72,175,0,0,2,2,5,1,2,98,8,0,7,0,4,11,2,2020,3,18,2,8,3,2,3,3,10,0
550062,1,1,27,1,1,11,20,20,9,0,1,1,3,0,1,50,71,187,0,5,2,2,1,1,1,1,80,0,7,96,8,1,3,2020,1,19,2,8,1,1,1,3,1,0
550069,1,1,26,1,1,11,20,1,0,0,1,0,1,0,1,60,68,145,0,3,1,4,1,1,1,6,51,1,13,99,58,5,3,2020,5,0,2,53,1,1,4,2,10,4
550070,1,1,56,1,1,11,20,20,0,0,1,0,2,0,1,998,67,158,0,0,1,2,1,2,1,13,80,1,7,99,86,8,3,2020,1,21,2,8,8,1,1,3,1,0
550071,1,1,28,2,1,11,99,20,0,0,2,0,1,0,1,35,60,150,2,0,1,2,6,2,1,2,98,0,7,3,999,7,3,2020,7,21,2,5,1,1,1,2,1,0
550079,1,1,24,1,1,11,99,99,0,0,4,0,0,0,1,85,75,210,1,3,2,4,1,2,1,99,6,1,7,96,58,20,3,2020,6,23,2,42,99,1,4,3,1,4
550080,1,1,27,1,1,11,99,1,0,0,1,0,2,0,1,50,75,270,0,3,2,4,1,2,1,10,8,0,13,12,48,29,3,2020,1,12,2,12,2,3,1,1,10,0
550081,1,1,23,2,1,11,99,20,0,0,1,0,0,0,1,40,70,180,2,0,1,4,1,2,1,1,80,0,13,99,0,11,3,2020,4,20,2,8,3,2,1,3,1,0
550083,1,1,25,1,1,11,99,20,9,0,3,1,2,0,1,70,73,270,5,3,1,2,1,1,1,1,55,0,13,96,39,16,3,2020,2,0,2,12,2,2,1,3,1,0
550084,1,1,46,1,1,11,20,20,0,0,1,0,1,0,1,50,72,280,0,0,2,4,1,2,1,1,8,0,7,99,6,27,3,2020,6,23,2,24,1,1,4,2,10,4
550086,1,1,30,1,1,11,99,1,1,0,1,0,1,0,1,75,69,175,0,0,3,3,1,2,1,1,54,1,13,0,51,14,4,2020,3,23,2,12,1,1,1,2,1,3
550090,1,1,27,1,1,11,99,20,1,0,1,1,2,0,1,88,73,290,1,3,1,2,1,2,1,1,17,0,13,96,37,3,4,2020,6,9,2,12,2,2,1,1,10,2
550091,1,1,76,2,1,11,20,1,0,0,1,0,1,0,1,45,64,180,0,0,1,2,1,2,1,1,17,0,60,0,39,26,2,2020,4,10,2,12,2,2,1,1,1,3
550093,1,1,63,1,1,11,8,1,0,0,1,0,0,0,1,65,65,180,1,3,1,4,1,1,1,1,6,1,13,99,36,26,4,2020,1,20,2,33,3,2,4,3,1,4
550098,1,1,37,1,1,11,20,20,0,0,2,0,1,0,1,60,71,270,1,0,1,2,1,1,1,1,90,1,81,99,28,6,4,2020,2,99,2,18,1,1,1,9,99,4
550099,1,1,46,1,1,11,3,1,0,0,3,0,1,1,1,998,69,225,0,3,1,3,1,2,2,1,6,1,60,0,87,7,4,2020,3,19,2,33,1,1,4,1,1,4
550100,1,1,31,1,1,11,20,20,0,0,2,0,2,0,1,70,71,192,0,3,2,3,1,1,1,1,50,1,13,99,39,8,4,2020,4,21,2,12,3,2,1,3,1,4
550101,1,1,46,1,1,11,99,20,0,0,1,0,1,0,1,30,72,180,1,0,5,5,1,1,1,1,80,0,7,0,0,14,4,2020,3,21,2,8,1,1,1,3,1,0
550107,1,1,19,1,1,11,99,8,0,0,2,0,2,0,1,50,65,125,0,0,1,2,1,2,1,99,9,1,13,99,91,19,4,2020,1,0,2,14,1,1,7,3,1,3
550117,1,1,60,1,1,11,99,20,8,0,2,1,1,0,1,30,68,145,0,0,1,2,1,2,1,1,80,0,13,96,999,5,5,2020,3,0,2,8,1,1,1,3,10,0
550122,1,1,78,1,1,11,2,20,0,0,1,0,0,0,1,15,68,258,0,0,1,2,6,2,1,1,9,0,126,98,28,6,5,2020,4,15,2,12,1,1,1,1,1,0
550123,1,1,66,1,1,11,3,20,0,0,1,0,3,6,1,999,68,225,1,0,2,4,1,2,1,11,15,0,66,0,38,16,4,2020,5,10,2,12,2,2,1,1,1,0
550128,1,1,38,1,1,11,99,20,8,0,1,1,1,0,1,45,75,305,0,0,1,2,1,2,1,1,80,0,7,99,999,2,5,2020,7,99,2,8,1,1,1,4,1,0
550129,1,1,24,1,1,11,20,99,0,0,5,0,0,0,1,60,66,270,1,3,1,2,1,2,1,1,17,1,7,98,39,15,5,2020,6,23,2,12,2,2,1,3,1,0
550132,1,1,20,1,1,11,99,1,0,0,3,0,1,0,1,80,69,160,0,5,1,2,1,2,1,1,6,0,5,99,58,14,4,2020,3,14,2,14,1,1,7,1,10,3
550134,1,1,95,2,1,11,20,8,0,0,1,0,1,0,1,25,60,138,1,0,1,2,1,2,1,1,17,0,7,96,38,21,5,2020,5,8,2,12,2,2,1,1,1,4
550136,1,1,49,1,1,11,3,2,0,0,2,0,1,0,1,100,71,240,1,3,1,2,3,2,1,1,8,0,7,96,36,13,3,2020,6,10,2,34,1,1,4,1,1,3
550139,1,1,31,1,1,11,20,20,1,0,1,0,1,0,1,999,70,160,0,0,1,4,1,2,1,3,60,0,80,99,999,25,3,2020,4,19,2,12,1,1,1,5,10,4
550141,1,1,22,1,1,11,20,20,0,0,2,0,2,0,1,70,72,185,3,3,1,2,1,2,1,1,66,0,6,99,37,31,5,2020,1,23,2,12,2,2,1,3,1,4
550142,1,1,68,1,1,11,20,20,0,0,1,0,1,0,1,45,69,235,0,0,2,4,1,1,1,1,63,0,81,99,999,7,6,2020,1,11,2,12,2,2,1,1,1,4
550143,1,1,75,1,1,11,3,9,0,0,3,0,1,0,1,35,72,230,0,0,1,2,1,2,1,1,10,0,7,99,28,7,6,2020,1,13,2,12,1,1,1,1,1,3
550144,1,1,20,1,1,11,20,1,1,0,2,0,2,0,1,95,72,175,0,3,2,4,6,1,1,1,63,0,1,0,36,3,6,2020,4,20,2,12,2,2,1,5,1,3
550147,1,1,33,1,1,11,20,20,0,0,1,0,1,0,1,70,68,164,0,0,3,2,1,1,1,1,6,1,13,99,58,30,5,2020,7,19,2,1,1,1,4,1,1,4
550149,1,1,24,1,1,11,99,20,9,0,2,1,2,0,1,78,73,178,7,0,2,2,1,2,1,1,17,0,13,96,36,12,5,2020,3,15,2,12,2,2,1,1,1,0
550155,1,1,24,1,1,11,20,20,0,0,2,0,1,0,1,80,999,999,99,2,2,4,5,2,1,1,6,0,80,0,36,3,5,2020,1,18,2,5,1,1,1,1,1,4
550167,1,1,19,1,1,11,20,20,0,0,3,0,1,0,1,60,65,180,2,3,1,2,1,1,1,1,9,1,13,99,80,30,5,2020,7,1,2,33,1,1,4,3,1,4
550170,1,1,23,1,1,11,3,20,0,0,1,0,2,0,1,40,77,225,1,3,2,2,1,1,1,1,50,0,7,99,6,24,6,2020,4,10,2,12,3,2,1,1,10,0
550174,1,1,67,2,1,11,3,9,0,0,1,0,1,0,1,25,67,240,0,0,4,3,1,2,1,1,12,0,13,99,999,15,6,2020,2,11,2,42,1,1,4,1,10,4
550175,1,1,81,2,1,11,20,1,0,0,3,0,1,0,1,40,59,122,0,0,2,4,1,2,1,1,17,0,13,99,39,22,6,2020,2,13,2,12,2,2,1,1,10,4
550177,1,1,17,1,1,11,3,1,1,0,1,0,3,0,1,60,70,140,2,3,2,2,1,1,1,1,6,0,13,99,73,24,6,2020,4,3,2,33,1,1,3,2,1,4
550178,1,1,22,1,1,11,99,1,0,0,1,0,1,0,1,60,74,130,0,3,2,2,1,1,1,1,17,0,13,0,36,28,6,2020,1,13,2,12,2,3,1,1,1,1
550182,1,1,46,1,1,11,3,1,0,0,1,0,2,0,1,55,74,275,0,0,1,2,1,1,1,14,6,0,13,0,28,29,6,2020,2,1,2,34,1,1,4,3,1,4
550185,1,1,47,1,1,11,20,20,0,0,1,0,2,0,1,60,72,167,0,3,2,3,1,1,1,6,6,0,13,0,36,1,7,2020,4,18,2,33,1,1,4,1,1,4
550188,1,1,19,2,1,11,3,20,0,0,1,0,1,0,1,45,63,150,0,0,1,2,5,1,1,1,83,0,7,99,28,3,6,2020,4,18,2,9,1,1,1,1,1,0
550191,1,1,29,1,1,11,3,20,0,0,1,0,2,0,1,10,71,147,0,0,2,4,1,2,1,11,54,0,999,0,38,3,7,2020,6,15,2,12,2,2,1,1,1,0
550195,1,1,55,1,1,11,3,20,0,0,1,0,2,0,1,5,70,260,2,0,1,4,1,2,1,11,55,0,7,0,38,25,7,2020,7,9,2,12,2,2,1,1,10,0
550197,1,1,21,2,1,11,3,8,1,0,1,0,1,0,1,40,62,130,2,3,1,2,1,2,1,1,17,1,13,99,39,31,7,2020,6,19,2,12,2,3,1,1,1,4
550204,1,1,29,1,1,11,8,8,1,0,1,0,2,0,1,999,67,155,1,3,1,4,1,1,1,1,9,1,7,96,36,4,6,2020,5,19,2,33,3,3,4,1,1,2
550206,1,1,22,2,1,11,99,8,1,0,7,0,0,0,1,70,65,125,0,3,1,2,1,1,1,1,17,1,7,99,39,4,6,2020,5,16,2,12,2,2,1,1,1,2
550213,1,1,56,1,1,11,20,20,1,0,2,0,1,0,1,65,70,275,0,0,2,2,1,2,1,14,12,0,81,0,6,17,6,2020,4,18,2,34,1,1,4,1,1,4
550219,1,1,21,1,1,11,99,20,0,0,1,1,2,0,1,35,70,255,1,0,1,2,1,1,1,1,80,0,7,96,0,19,6,2020,6,23,2,8,1,1,1,3,1,0
550220,1,1,54,2,1,11,3,1,0,0,1,0,1,0,1,30,999,999,99,0,1,2,1,1,1,1,17,0,13,0,53,11,6,2020,5,10,2,12,2,2,1,1,1,2
550224,1,1,43,1,1,11,20,20,0,0,1,0,1,0,1,25,66,165,0,0,1,2,1,1,1,1,9,1,81,99,28,19,6,2020,6,0,2,33,1,1,4,3,1,4
550227,1,1,21,2,1,11,99,20,8,0,2,1,2,0,1,35,65,150,2,0,3,4,1,2,2,99,80,0,13,96,74,22,6,2020,2,1,2,8,1,1,1,3,2,0
550230,1,1,25,2,1,11,20,3,0,0,2,0,1,0,1,78,61,250,0,0,3,4,6,1,1,1,9,0,7,99,79,26,6,2020,6,12,2,1,1,1,1,1,10,4
550233,1,1,27,1,1,11,20,1,0,0,4,0,2,0,1,999,68,180,1,3,1,2,1,2,1,1,6,1,13,0,36,26,6,2020,6,0,2,33,1,1,4,3,1,3
550234,1,1,29,1,1,11,99,1,0,0,2,0,2,0,1,80,71,220,2,3,2,4,1,2,1,1,6,1,13,99,36,21,6,2020,1,3,2,42,1,1,5,3,10,4