ST_CASE,VEH_NO,PER_NO,AGE,SEX,PER_TYP,SEAT_POS,REST_USE,AIR_BAG,DRUGS,LOCATION,NUMOCCS,HIT_RUN,OWNER,V_CONFIG,HAZ_INV,TRAV_SP,DR_HGT,DR_WGT,PREV_SPD,SPEEDREL,VTRAFWAY,VNUM_LAN,VPROFILE,VPAVETYP,VSURCOND,P_CRASH1,P_CRASH2,DR_DRINK,VPICBODYCLASS,DRDISTRACT,DRIVERRF,DAY,MONTH,YEAR,DAY_WEEK,HOUR,RUR_URB,HARM_EV,RELJCT2,TYP_INT,REL_ROAD,LGT_COND,WEATHER,INJ_SEV
550235,1,1,41,2,1,11,3,20,0,0,1,0,1,0,1,10,64,153,0,0,1,2,1,1,1,11,63,0,13,0,74,21,6,2020,1,13,2,12,8,1,1,1,1,0
550240,1,1,38,2,1,11,99,20,0,0,1,0,2,0,1,90,66,175,0,3,1,2,1,2,1,1,6,0,13,99,36,1,6,2020,2,3,2,40,1,1,4,3,10,4
550242,1,1,29,1,1,11,20,20,0,0,1,0,1,0,1,999,64,180,1,4,1,2,5,2,1,14,12,0,80,99,74,20,8,2020,5,5,2,23,1,1,4,4,1,4
550248,1,1,61,1,1,11,3,8,0,0,1,0,3,0,1,40,74,362,0,0,2,2,1,1,1,1,13,0,7,0,0,25,7,2020,7,7,2,33,1,1,4,1,1,4
550249,1,1,67,2,1,11,3,3,0,0,1,0,1,0,1,15,66,129,0,0,1,2,1,2,1,3,17,0,13,99,38,30,8,2020,1,13,2,12,2,2,1,1,1,4
550251,1,1,47,2,1,11,3,8,9,0,1,0,1,0,1,10,63,140,0,0,1,2,1,2,1,10,16,0,13,99,39,31,7,2020,6,9,2,12,3,2,1,1,10,4
550252,1,1,69,1,1,11,3,1,0,0,1,0,1,0,1,55,68,210,0,0,1,2,1,2,1,17,66,0,13,0,85,3,8,2020,2,14,2,12,2,2,1,1,1,4
550253,1,1,70,2,1,11,3,8,0,0,2,0,1,0,1,30,67,160,0,0,2,3,1,1,1,11,15,0,5,99,39,3,9,2020,5,14,2,12,2,2,1,1,1,2
550257,1,1,54,2,1,11,3,20,0,0,1,0,1,0,1,30,65,117,0,0,2,3,1,2,1,1,81,0,13,0,0,22,8,2020,7,11,2,8,2,2,1,1,1,0
550258,1,1,22,1,1,11,3,20,0,0,2,0,1,0,1,41,71,175,0,0,1,4,1,2,2,1,66,0,13,0,0,8,9,2020,3,19,2,12,2,2,1,3,2,0
550259,1,1,999,9,1,11,20,20,9,0,99,1,9,99,1,999,999,999,99,0,1,2,1,1,2,1,80,0,999,96,86,10,9,2020,5,18,2,8,2,3,1,1,2,0
550261,1,1,36,1,1,11,20,9,0,0,2,0,0,0,1,60,74,190,2,3,1,2,1,2,1,1,13,0,7,99,999,25,6,2020,5,10,2,14,1,1,7,1,1,4
550263,1,1,30,1,1,11,8,9,1,0,3,0,0,0,1,90,75,200,0,3,3,3,1,2,1,14,54,0,13,99,74,24,6,2020,4,23,2,12,1,1,1,3,1,3
550265,1,1,33,1,1,11,20,1,0,0,1,0,3,0,1,60,71,180,0,4,2,2,1,2,2,15,6,0,5,99,79,9,9,2020,4,23,2,42,1,1,3,3,2,4
550267,1,1,28,1,1,11,20,1,0,0,2,0,2,0,1,75,68,155,2,3,1,4,1,2,1,1,9,1,13,0,36,25,9,2020,6,1,2,14,1,1,1,3,1,4
550268,1,1,19,2,1,11,3,1,0,0,1,0,1,0,1,55,59,117,0,0,1,2,1,1,1,6,10,0,13,0,28,24,9,2020,5,14,2,12,1,1,1,1,1,3
550269,1,1,53,1,1,11,20,8,0,0,2,0,1,0,1,70,64,200,0,4,1,2,1,2,1,14,6,1,60,99,0,27,9,2020,1,2,2,42,1,1,4,2,1,4
550270,1,1,62,1,1,11,20,20,0,0,1,0,1,0,1,999,69,125,0,0,1,2,1,2,1,11,15,0,125,99,38,26,9,2020,7,10,2,12,2,3,1,1,10,4
550275,1,1,58,1,1,11,20,20,0,0,1,0,1,0,1,999,69,160,0,0,6,2,1,1,1,11,12,0,81,0,28,21,8,2020,6,15,2,33,3,2,4,1,1,4
550276,1,1,71,2,1,11,20,9,0,0,1,0,1,0,1,65,66,135,0,0,1,2,6,2,1,1,10,0,7,99,28,30,8,2020,1,21,2,12,1,1,1,2,10,4
550278,1,1,51,1,1,11,99,20,8,0,99,1,1,0,1,50,67,217,1,0,1,2,1,1,1,1,17,0,7,96,38,26,9,2020,7,21,2,12,2,2,1,3,1,0
550279,1,1,19,1,1,11,99,8,0,0,3,0,1,0,1,50,72,145,0,0,1,4,1,1,1,1,50,0,13,99,36,22,9,2020,3,19,2,12,2,2,1,3,1,3
550280,1,1,91,2,1,11,3,1,0,0,2,0,1,0,1,30,62,155,0,0,2,2,1,2,1,11,15,0,13,99,38,2,10,2020,6,12,2,12,2,2,1,1,10,4
550281,1,1,52,2,1,11,20,1,0,0,1,0,1,0,1,55,62,100,0,0,1,2,1,2,1,1,10,0,2,0,28,9,10,2020,6,8,2,12,1,1,1,1,1,4
550282,1,1,88,2,1,11,3,8,0,0,1,0,1,0,1,50,67,135,0,0,1,2,1,2,1,1,10,0,7,99,28,22,9,2020,3,13,2,12,1,1,1,1,1,4
550284,1,1,22,1,1,11,20,9,0,0,1,0,1,0,1,62,71,299,0,0,2,4,1,2,1,1,12,0,7,99,999,18,9,2020,6,5,2,46,3,2,3,3,10,4
550285,1,1,32,1,1,11,20,20,0,0,1,0,1,0,1,999,69,220,0,3,1,2,1,1,1,1,98,1,82,0,999,4,10,2020,1,16,2,1,1,1,1,1,1,4
550286,1,1,63,1,1,11,99,20,8,0,99,1,2,0,1,999,74,220,0,0,1,2,1,2,1,1,80,0,7,99,999,5,10,2020,2,22,2,8,1,1,1,2,1,0
550287,1,1,71,1,1,11,3,20,0,0,1,0,1,0,1,15,74,215,0,0,1,4,1,2,1,11,83,0,5,99,51,7,10,2020,4,10,2,15,3,2,1,1,1,0
550288,1,1,68,2,1,11,99,1,0,0,1,0,1,0,1,45,65,147,0,0,2,2,1,1,1,1,12,0,3,0,999,15,9,2020,3,15,2,33,1,1,3,1,1,4
550289,1,1,28,1,1,11,20,20,0,0,1,0,3,2,1,2,70,210,0,0,1,2,1,4,11,13,80,0,64,0,0,24,9,2020,5,8,2,8,1,1,4,1,1,0
550291,1,1,74,1,1,11,99,20,9,0,2,1,1,0,1,35,65,130,1,0,1,2,1,2,1,1,9,0,7,99,0,9,10,2020,6,10,2,34,1,1,4,1,1,3
550294,1,1,24,2,1,11,3,20,1,0,2,0,1,0,1,999,63,125,2,0,1,2,1,2,1,11,80,0,7,0,38,8,10,2020,5,19,2,8,3,3,1,5,10,0
550295,1,1,26,1,1,11,3,1,0,0,1,0,1,0,1,25,73,150,0,0,1,2,1,1,1,98,13,0,13,99,0,24,7,2020,6,19,2,33,1,1,4,1,1,4
550297,1,1,33,1,1,11,99,20,0,0,1,0,1,0,1,30,70,240,2,0,1,2,5,2,1,1,80,0,13,0,0,24,10,2020,7,19,2,8,1,1,1,3,1,0
550305,1,1,21,1,1,11,99,20,0,0,2,0,1,0,1,70,72,170,2,0,1,2,1,2,2,99,6,1,60,99,87,15,11,2020,1,2,2,35,1,1,4,2,2,2
550311,1,1,21,1,1,11,99,9,0,0,1,0,1,0,1,999,74,182,0,0,1,2,5,2,1,14,6,0,3,0,8,27,5,2020,4,22,2,42,1,1,4,2,1,4
550313,1,1,80,2,1,11,20,1,0,0,1,0,1,0,1,35,62,240,0,0,1,2,1,2,1,1,50,0,13,99,0,10,11,2020,3,10,2,14,1,1,1,1,10,4
550314,1,1,998,9,1,11,99,20,9,0,1,1,9,99,1,999,999,999,99,9,2,5,1,2,99,99,80,0,999,96,999,21,6,2020,1,99,2,8,1,1,1,9,99,0
550315,1,1,42,1,1,11,20,1,0,0,1,0,1,0,1,70,73,260,0,3,2,2,1,2,1,1,6,0,13,99,36,3,11,2020,3,7,2,42,1,1,4,1,1,4
550316,1,1,31,1,1,11,20,8,0,0,1,0,3,0,1,75,65,145,0,0,3,4,1,2,1,1,12,0,7,99,999,16,11,2020,2,2,2,25,1,1,3,3,10,4
550322,1,1,21,1,1,11,3,9,0,0,2,0,2,0,1,80,76,200,1,3,1,4,1,1,1,1,6,0,13,99,6,5,7,2020,1,20,2,33,1,1,4,3,1,4
550325,1,1,67,1,1,11,20,20,1,0,1,0,1,0,1,85,73,240,0,3,1,2,6,2,1,14,6,1,81,99,999,5,7,2020,1,99,2,24,1,1,4,1,1,4
550328,1,1,18,1,1,11,99,9,0,0,2,0,1,0,1,90,71,170,1,3,2,6,1,2,1,1,62,0,13,0,39,10,7,2020,6,20,2,12,2,2,1,3,1,3
550329,1,1,35,1,1,11,20,20,0,0,1,0,1,0,1,70,66,145,1,3,2,6,1,2,1,1,60,1,81,0,36,13,7,2020,2,11,2,12,1,1,1,1,1,4
550334,1,1,53,1,1,11,20,20,0,0,1,0,1,0,1,45,68,300,0,3,2,2,1,1,1,6,6,0,81,99,36,2,7,2020,5,6,2,33,1,1,4,1,1,4
550335,1,1,20,1,1,11,20,20,8,0,1,1,2,0,1,25,68,160,0,0,1,2,1,2,2,1,83,0,13,96,999,15,7,2020,4,4,2,9,3,3,7,3,10,0
550336,1,1,24,1,1,11,20,1,0,0,1,0,1,0,1,55,72,130,2,0,1,2,1,2,1,14,6,1,5,99,58,12,7,2020,1,1,2,59,1,1,4,3,1,4
550339,1,1,42,1,1,11,20,1,0,0,1,0,0,0,1,51,71,198,0,0,2,4,1,2,1,99,12,0,7,0,0,6,7,2020,2,14,2,42,1,1,4,1,10,4
550340,1,1,51,2,1,11,20,20,0,0,1,0,2,0,1,40,61,140,0,3,1,2,1,1,1,1,6,0,95,99,36,4,7,2020,7,9,2,33,1,1,4,1,1,4
550342,1,1,27,1,1,11,99,1,1,0,1,0,2,0,1,85,68,190,0,3,1,2,1,1,1,98,66,0,7,99,39,16,7,2020,5,7,2,12,2,2,1,1,10,4
550348,1,1,39,1,1,11,20,20,0,0,1,0,1,0,1,40,70,285,0,0,2,2,1,2,1,6,6,0,125,0,36,31,7,2020,6,14,2,33,3,7,4,1,10,4
550354,1,1,48,2,1,11,99,20,1,0,1,0,9,0,1,45,69,269,0,0,1,3,1,1,1,1,83,1,13,0,86,25,7,2020,7,22,2,9,1,1,1,2,1,0
550355,1,1,27,1,1,11,20,1,1,0,2,0,2,0,1,41,73,150,2,0,1,4,1,1,1,99,10,0,13,99,28,7,7,2020,3,16,2,12,1,1,1,1,10,4
550356,1,1,31,1,1,11,20,20,0,0,1,0,2,0,1,30,67,230,1,0,1,2,5,2,1,1,9,0,94,99,999,18,7,2020,7,7,2,1,1,1,1,1,10,4
550357,1,1,39,2,1,11,99,9,0,0,1,0,2,0,1,50,69,150,0,3,1,2,1,1,1,1,6,0,95,0,39,14,7,2020,3,19,2,38,1,1,4,1,1,4
550358,1,1,17,1,1,11,20,1,0,0,3,0,5,0,1,80,71,141,0,3,1,2,1,2,1,1,6,0,7,0,37,30,7,2020,5,2,2,30,1,1,4,3,1,4
550359,1,1,34,2,1,11,99,1,0,0,1,0,0,0,1,12,69,125,0,0,1,2,1,2,1,11,54,0,13,0,38,1,7,2020,4,13,2,12,2,2,1,1,1,0
550360,1,1,32,2,1,11,20,20,0,0,2,0,3,0,1,5,64,125,0,0,1,2,1,2,1,4,80,0,13,12,0,31,7,2020,6,10,2,8,1,1,1,1,1,0
550362,1,1,23,1,1,11,3,8,0,0,1,0,1,0,1,60,70,220,2,3,2,2,1,1,1,3,6,1,13,99,8,11,12,2020,6,2,2,30,1,1,4,3,1,4
550364,1,1,28,1,1,11,99,20,9,0,1,1,2,0,1,40,75,220,2,0,2,2,1,2,1,1,83,0,13,96,6,27,11,2020,6,13,2,9,1,1,1,1,1,0
550365,1,1,17,1,1,11,20,3,0,0,1,0,1,0,1,50,999,999,99,3,1,2,1,2,1,1,6,0,13,99,36,6,12,2020,1,11,2,19,1,1,4,1,10,4
550366,1,1,55,1,1,11,20,1,0,0,4,0,1,0,1,55,72,190,1,5,1,2,1,1,1,1,12,1,60,99,0,6,12,2020,1,19,2,33,1,1,4,3,10,4
550371,1,1,57,1,1,11,20,20,0,0,1,0,2,0,1,999,70,230,0,0,1,2,1,2,1,1,10,1,7,99,28,24,12,2020,5,19,2,14,1,1,1,2,10,4
550372,1,1,45,1,1,11,20,8,0,0,1,0,2,0,1,999,72,220,1,0,3,2,1,1,1,14,6,0,7,99,51,15,12,2020,3,18,2,31,19,1,3,2,10,4
550375,1,1,20,1,1,11,3,1,0,0,2,0,1,0,1,50,71,130,1,0,2,2,1,1,1,1,62,0,1,0,0,15,12,2020,3,18,2,12,2,2,1,3,10,1
550378,1,1,21,1,1,11,99,1,1,0,1,0,2,0,1,17,999,999,99,0,1,4,1,1,99,11,15,0,13,99,38,27,5,2020,4,21,2,12,2,2,1,3,99,1
550379,1,1,32,1,1,11,99,3,0,0,1,0,1,0,1,17,74,220,0,0,1,2,1,2,1,11,15,1,7,99,38,23,11,2020,2,15,2,12,2,3,1,1,1,2
550381,1,1,30,1,1,11,3,1,0,0,3,0,1,0,1,55,66,156,1,3,1,2,5,1,1,1,52,0,8,99,6,25,12,2020,6,13,2,12,1,1,1,1,10,1
550386,1,1,50,1,1,11,8,1,0,0,1,0,1,0,1,50,72,240,0,0,1,2,5,1,2,1,99,0,60,99,6,9,9,2020,4,14,2,53,1,1,4,1,2,4
550389,1,1,31,1,1,11,99,20,9,0,5,1,3,0,1,50,68,155,1,0,3,3,1,1,1,15,11,0,7,99,28,4,9,2020,6,16,2,12,1,1,1,1,1,0
550391,1,1,51,1,1,11,20,20,0,0,1,0,1,0,1,35,75,300,0,0,1,2,1,2,1,1,52,0,81,0,26,13,9,2020,1,14,2,12,1,1,1,1,1,4
550393,1,1,31,1,1,11,20,20,0,0,1,0,2,0,1,90,74,175,1,3,3,5,1,2,1,1,51,1,80,99,74,4,9,2020,6,0,2,12,1,1,1,3,1,4
550394,1,1,50,1,1,11,3,8,0,0,1,0,1,0,1,3,71,275,0,0,2,2,1,1,1,11,15,0,13,0,38,12,9,2020,7,11,2,12,8,1,1,1,10,4
550397,1,1,27,1,1,11,20,20,0,0,1,0,1,0,1,85,67,130,2,3,2,2,1,2,1,14,6,0,80,99,74,15,9,2020,3,20,2,33,1,1,4,3,1,4
550398,1,1,82,2,1,11,3,20,1,0,2,0,1,0,1,15,61,155,0,0,2,5,1,1,1,10,16,0,2,0,38,17,9,2020,5,7,2,9,3,2,1,1,1,0
550399,1,1,19,1,1,11,3,20,0,0,1,0,2,0,1,50,66,200,0,0,1,2,1,2,1,1,6,0,7,0,58,19,9,2020,7,1,2,1,1,1,1,2,1,4
550400,1,1,40,1,1,11,3,20,0,0,2,0,1,0,1,40,72,190,0,0,5,3,1,2,1,1,53,0,13,0,0,19,9,2020,7,2,2,12,1,1,1,3,1,0
550402,1,1,51,2,1,11,3,20,0,0,2,0,2,0,1,35,65,110,0,0,6,2,1,2,1,1,83,0,2,0,0,18,9,2020,6,14,2,9,3,2,1,1,1,0
550404,1,1,57,2,1,11,20,8,0,0,1,0,1,0,1,30,64,110,0,0,2,2,1,2,1,98,12,0,13,99,74,15,9,2020,3,21,2,25,1,1,4,3,1,4
550406,1,1,26,1,1,11,99,1,0,0,3,0,1,0,1,46,72,220,0,0,2,4,5,1,1,1,17,0,13,0,39,19,9,2020,7,3,2,12,2,2,1,3,1,0
550407,1,1,28,1,1,11,20,20,0,0,1,0,1,0,1,999,68,170,3,0,1,2,6,2,1,14,12,1,80,99,999,21,9,2020,2,0,2,30,1,1,4,2,1,4
550408,1,1,32,1,1,11,20,8,0,0,2,0,1,0,1,95,69,175,3,2,2,2,6,2,1,6,6,0,13,99,74,4,9,2020,6,14,2,35,1,1,3,1,1,3
550409,1,1,28,1,1,11,3,1,0,0,2,0,1,0,1,46,67,150,0,3,1,6,1,1,1,1,66,1,3,99,39,15,9,2020,3,4,2,12,2,2,1,3,1,3
550420,1,1,68,1,1,11,20,20,0,0,1,0,1,0,1,25,71,215,0,0,2,2,1,1,1,1,13,0,12,99,0,26,9,2020,7,8,2,33,1,1,4,1,10,4
550427,1,1,79,1,1,11,3,9,0,0,1,0,1,0,1,45,71,180,0,0,1,3,1,2,1,1,12,0,13,0,0,30,9,2020,4,10,2,42,1,1,5,1,10,4
550429,1,1,26,1,1,11,20,1,0,0,1,0,9,0,1,80,999,999,99,0,3,2,1,1,1,14,13,0,13,99,36,24,9,2020,5,99,2,1,1,1,4,2,1,4
550433,1,1,18,1,1,11,99,98,1,0,4,0,3,0,1,91,74,160,1,3,2,4,6,2,1,1,55,0,7,99,36,17,9,2020,5,19,2,12,2,2,1,1,1,3
550442,1,1,23,1,1,11,99,20,8,0,1,1,1,0,1,65,68,220,1,3,1,2,1,1,1,1,17,0,15,96,74,3,10,2020,7,10,2,12,2,2,1,1,1,0
550447,1,1,29,1,1,11,20,20,0,0,1,0,1,0,1,55,70,155,0,0,1,2,1,2,1,1,62,0,81,99,0,4,10,2020,1,19,2,12,2,2,1,3,10,4
550449,1,1,22,1,1,11,99,8,0,0,2,0,2,0,1,98,71,154,1,3,2,4,1,2,1,6,6,0,13,0,36,13,10,2020,3,8,2,14,1,1,2,1,10,3
550452,1,1,42,2,1,11,3,20,0,0,1,0,2,0,1,1,62,130,0,0,8,1,6,1,1,13,80,0,13,0,0,20,10,2020,3,13,2,8,8,1,1,1,10,0
550456,1,1,32,2,1,11,3,20,0,0,1,0,1,0,1,50,60,170,0,0,2,4,1,1,1,1,80,0,7,0,0,16,10,2020,6,21,2,8,1,1,1,2,1,0
550457,1,1,51,1,1,11,3,9,0,0,2,0,1,0,1,998,70,170,0,0,1,4,1,1,1,11,15,1,13,99,38,11,10,2020,1,19,2,12,2,2,1,3,1,1
550459,1,1,36,1,1,11,20,20,0,0,1,0,1,0,1,56,999,999,99,3,1,2,1,2,1,14,6,1,7,0,36,19,10,2020,2,0,2,30,3,3,4,3,1,4
550462,1,1,45,2,1,11,3,99,0,0,1,0,1,0,1,998,67,250,0,0,1,2,1,2,1,14,10,0,5,92,28,27,10,2020,3,8,2,12,1,1,1,1,10,4
550463,1,1,36,1,1,11,3,1,0,0,1,0,1,0,1,87,71,181,1,3,1,2,1,1,1,3,66,0,13,0,39,29,10,2020,5,23,2,12,2,2,1,3,1,2
550464,1,1,26,1,1,11,20,1,0,0,2,0,1,0,1,70,71,235,0,3,3,2,1,1,1,1,13,1,13,96,36,29,10,2020,5,22,2,19,1,1,6,3,1,4
550479,1,1,34,2,1,11,8,99,8,0,1,0,2,0,1,90,67,190,0,3,2,4,1,1,1,1,62,0,13,99,36,17,10,2020,7,20,2,12,2,2,1,3,1,3
550490,1,1,26,2,1,11,3,8,0,0,2,0,2,0,1,70,65,130,1,3,2,6,1,1,1,1,62,0,13,0,8,1,12,2020,3,15,2,12,2,2,1,1,10,3
550491,1,1,60,1,1,11,20,1,0,0,1,0,1,0,1,75,70,180,0,3,6,1,5,1,1,1,12,0,13,99,36,22,11,2020,1,13,2,42,5,1,8,1,1,4
550492,1,1,21,2,1,11,20,20,0,0,1,0,1,0,1,25,66,175,1,0,1,2,1,2,1,11,66,0,13,99,38,22,11,2020,1,0,2,12,2,2,1,3,10,4
550496,1,1,37,1,1,11,20,8,0,0,1,0,5,0,1,999,72,210,0,3,1,2,1,2,1,1,6,0,60,99,28,6,12,2020,1,5,2,34,1,1,4,2,10,4
550498,1,1,31,2,1,11,20,20,0,0,1,0,2,0,1,91,64,220,0,4,6,2,1,1,8,14,13,0,7,99,79,29,11,2020,1,7,2,1,5,1,8,1,1,4
550503,1,1,18,2,1,11,3,20,0,0,1,0,2,0,1,30,64,129,0,0,1,2,1,1,2,1,80,0,13,96,0,21,12,2020,2,16,2,8,1,1,1,3,10,0
550504,1,1,45,1,1,11,3,1,1,0,1,0,1,0,1,50,73,210,1,3,1,2,1,2,2,1,10,0,13,99,51,15,12,2020,3,16,2,12,1,1,1,2,10,4
550506,1,1,27,1,1,11,99,8,0,0,1,0,1,0,1,998,74,190,0,0,3,6,1,2,1,99,12,0,7,99,0,24,12,2020,5,5,2,25,1,1,4,2,1,4
550508,1,1,38,1,1,11,20,20,0,0,1,0,1,0,1,100,999,999,0,3,3,3,6,1,1,14,13,1,80,99,28,8,11,2020,1,2,2,25,1,1,4,3,1,4
550510,1,1,38,1,1,11,20,1,0,0,1,0,2,0,1,75,69,185,0,3,1,4,1,2,1,1,13,1,7,0,36,22,12,2020,3,3,2,30,1,1,4,3,1,4
550513,1,1,29,2,1,11,3,8,1,0,1,0,1,0,1,79,64,115,0,0,3,2,1,2,2,1,50,0,7,99,999,25,11,2020,4,22,2,12,1,1,1,2,10,4
550515,1,1,24,1,1,11,3,20,0,0,1,0,2,0,1,40,70,170,1,0,2,3,1,1,1,1,80,0,7,0,999,27,10,2020,3,16,2,8,3,2,1,1,1,0
550517,1,1,20,1,1,11,99,20,9,0,1,1,2,0,1,103,72,164,1,2,2,3,1,1,1,1,62,0,13,96,36,28,10,2020,4,19,2,12,2,2,1,3,1,0
550518,1,1,44,1,1,11,20,20,0,0,1,0,1,0,1,60,70,165,2,3,2,4,6,2,1,14,13,0,81,99,28,8,11,2020,1,21,2,30,1,1,4,3,1,4
550519,1,1,24,1,1,11,99,20,1,0,4,0,1,0,1,65,64,140,5,0,2,3,1,2,2,1,51,0,7,0,39,31,12,2020,5,13,2,12,2,7,1,1,10,0
550525,1,1,31,1,1,11,20,20,0,0,1,0,2,0,1,998,65,130,0,0,1,2,1,2,1,99,14,1,98,99,36,8,8,2020,7,0,2,24,1,1,4,3,1,4
550532,1,1,26,1,1,11,20,20,0,0,1,0,1,0,1,35,66,175,2,0,1,4,1,2,1,1,66,0,80,99,999,7,8,2020,6,23,2,12,2,2,1,3,1,4
550533,1,1,48,1,1,11,20,20,8,0,1,1,1,0,1,45,67,135,99,0,1,2,1,2,1,99,80,0,7,96,91,8,8,2020,7,1,2,8,3,2,1,3,1,0
550536,1,1,29,1,1,11,20,20,0,0,1,0,1,0,1,60,68,160,0,0,1,2,1,1,1,1,10,0,94,99,28,21,8,2020,6,14,2,12,1,1,1,1,10,4
550545,1,1,36,1,1,11,20,20,1,0,1,0,1,0,1,40,71,205,0,0,1,2,1,1,1,1,17,0,2,0,91,15,8,2020,7,17,2,12,2,2,1,1,10,1
550546,1,1,14,1,1,11,3,1,0,0,2,0,0,0,1,15,999,999,0,0,1,2,5,2,1,98,98,0,7,0,52,17,8,2020,2,13,2,14,1,1,7,1,10,0
550549,1,1,47,1,1,11,20,20,0,0,1,0,2,0,1,60,70,270,0,3,1,4,1,1,1,1,64,0,80,99,36,16,8,2020,1,14,2,12,1,1,1,1,1,4
550550,1,1,36,1,1,11,20,20,0,0,1,0,2,0,1,65,72,175,2,3,1,4,1,1,1,1,62,0,98,0,36,18,8,2020,3,17,2,12,8,1,1,1,1,4
550551,1,1,29,1,1,11,20,20,0,0,1,0,9,0,1,65,68,130,1,5,1,2,1,1,1,6,54,0,80,0,74,27,8,2020,5,23,2,12,3,2,1,3,10,4
550552,1,1,37,1,1,11,99,20,8,0,1,1,1,0,1,26,69,175,0,5,1,2,1,1,1,98,13,0,13,96,74,30,8,2020,1,18,2,14,1,1,7,1,1,0
550553,1,1,45,2,1,11,3,1,0,0,1,0,0,0,1,15,66,118,0,0,1,4,1,1,1,14,62,0,7,0,0,19,8,2020,4,11,2,12,1,1,1,1,1,1
550568,1,1,50,1,1,11,20,20,8,0,1,0,0,0,1,30,67,245,0,4,1,2,8,2,1,12,6,1,69,0,0,13,9,2020,1,18,2,18,1,1,4,1,1,4
560003,1,1,33,1,1,11,3,20,0,0,2,0,2,0,1,0,71,175,0,0,1,2,1,2,1,5,53,0,7,0,0,20,1,2020,2,10,2,12,3,2,1,1,1,1
560004,1,1,84,1,1,11,20,1,0,0,1,0,1,0,1,60,71,230,1,0,1,4,1,2,2,14,10,0,13,99,28,29,1,2020,4,14,2,12,1,1,1,1,1,4
560008,1,1,40,1,1,11,99,20,9,0,1,1,1,0,1,999,69,200,0,0,5,5,1,2,1,13,20,1,7,99,31,29,2,2020,7,8,2,8,19,1,2,2,1,0
560010,1,1,36,2,1,11,20,20,0,0,1,0,1,0,1,45,67,200,1,4,1,4,4,2,3,1,6,0,13,99,87,12,3,2020,5,9,2,12,1,1,1,1,4,4
560011,1,1,30,1,1,11,99,1,0,0,1,0,3,6,1,65,74,230,0,0,3,2,1,2,2,14,12,0,66,99,0,17,3,2020,3,1,2,57,1,1,3,2,5,4
560016,1,1,87,2,1,11,3,1,0,0,1,0,3,0,1,75,62,125,0,0,3,2,1,1,1,1,54,0,13,99,51,9,4,2020,5,12,2,12,1,1,1,1,1,4
560024,1,1,71,1,1,11,3,20,9,0,2,0,1,0,1,5,67,160,0,0,2,2,1,2,1,12,21,1,60,0,0,21,5,2020,5,11,2,12,1,1,1,1,1,4
560026,1,1,92,1,1,11,20,2,0,0,1,0,1,0,1,26,67,187,0,0,1,2,6,2,1,1,17,0,13,0,0,17,5,2020,1,9,2,12,2,2,1,1,1,4
560027,1,1,63,1,1,11,20,20,0,0,1,0,0,0,1,15,77,190,0,0,1,2,1,2,11,11,5,1,125,0,79,30,5,2020,7,16,2,1,3,3,1,1,1,4
560032,1,1,37,1,1,11,20,20,0,0,6,0,1,0,1,30,65,265,2,0,1,2,1,1,1,11,6,1,60,3,58,6,6,2020,7,21,2,1,3,3,1,3,1,2
560044,1,1,39,1,1,11,20,20,0,0,1,0,1,0,1,45,78,360,0,0,1,2,1,2,1,1,13,0,60,99,58,16,7,2020,5,14,2,38,1,1,4,1,1,4
560049,1,1,44,1,1,11,20,1,9,0,1,0,1,0,1,999,70,270,0,0,1,4,1,2,1,1,17,0,60,99,39,23,7,2020,5,14,2,12,2,2,1,1,1,4
560053,1,1,67,1,1,11,20,20,0,0,1,0,1,0,1,65,71,212,0,0,2,1,5,1,1,1,90,1,94,0,0,11,7,2020,7,14,2,18,18,1,1,1,1,4
560062,1,1,67,1,1,11,99,2,0,0,1,0,0,0,1,10,62,120,0,0,1,2,1,2,1,1,17,0,7,99,39,8,8,2020,7,7,2,12,2,2,1,1,1,4
560069,1,1,28,1,1,11,20,20,1,0,1,0,1,0,1,999,73,190,1,0,5,5,1,1,1,3,59,1,81,99,999,17,8,2020,2,19,2,58,1,1,1,1,1,4
560073,1,1,998,8,1,11,99,99,9,0,99,1,9,99,1,999,999,999,99,9,1,2,1,2,1,99,82,0,999,99,999,24,8,2020,2,20,2,8,1,1,1,2,1,9
560077,1,1,61,1,1,11,20,20,0,0,2,0,1,4,1,3,73,290,0,0,1,3,1,2,1,98,98,0,60,93,59,11,9,2020,6,4,2,5,1,1,2,3,1,4
560078,1,1,17,1,1,11,3,1,0,0,1,0,2,0,1,55,69,150,0,0,1,3,5,2,1,1,13,0,15,99,58,12,9,2020,7,21,2,12,1,1,1,2,1,4
560082,1,1,89,1,1,11,20,20,0,0,1,0,1,0,1,20,72,156,0,0,1,4,1,2,1,1,17,0,60,93,6,20,8,2020,5,9,2,12,2,2,1,1,1,4
560086,1,1,21,1,1,11,3,20,0,0,1,0,2,0,1,10,75,209,0,0,0,0,0,0,0,10,80,0,13,0,91,23,9,2020,4,14,2,8,4,1,1,1,1,0
560106,1,1,84,1,1,11,99,1,0,0,1,0,1,0,1,80,72,160,0,3,1,2,1,2,1,1,13,0,119,0,0,2,11,2020,2,15,2,38,1,1,4,1,1,4
560114,1,1,18,2,1,11,2,1,0,0,2,0,2,0,1,55,67,160,0,3,5,5,1,2,98,1,83,0,13,12,6,15,12,2020,3,20,2,12,1,1,1,2,1,1