ST_CASE,VEH_NO,PER_NO,AGE,SEX,PER_TYP,SEAT_POS,REST_USE,AIR_BAG,DRUGS,LOCATION,NUMOCCS,HIT_RUN,OWNER,V_CONFIG,HAZ_INV,TRAV_SP,DR_HGT,DR_WGT,PREV_SPD,SPEEDREL,VTRAFWAY,VNUM_LAN,VPROFILE,VPAVETYP,VSURCOND,P_CRASH1,P_CRASH2,DR_DRINK,VPICBODYCLASS,DRDISTRACT,DRIVERRF,DAY,MONTH,YEAR,DAY_WEEK,HOUR,RUR_URB,HARM_EV,RELJCT2,TYP_INT,REL_ROAD,LGT_COND,WEATHER,INJ_SEV
60553,1,1,49,1,1,11,8,20,0,0,1,0,0,0,1,38,67,180,0,0,1,5,8,2,1,1,80,0,60,0,0,31,1,2020,6,19,2,8,3,3,1,3,1,0
60554,1,1,59,1,1,11,3,20,0,0,2,0,1,0,1,998,64,160,0,0,1,2,1,2,1,12,21,0,13,96,38,28,1,2020,3,14,2,12,3,2,1,1,1,0
60555,1,1,23,1,1,11,3,20,0,0,1,0,2,0,1,998,66,186,0,0,8,8,8,8,1,1,80,1,13,96,0,20,5,2020,4,23,2,8,3,98,1,3,1,0
60556,1,1,34,1,1,11,3,9,9,0,1,0,1,0,1,998,68,165,99,0,1,5,8,2,1,1,10,0,13,96,51,10,1,2020,6,23,2,12,1,1,1,3,1,4
60558,1,1,54,1,1,11,3,20,0,0,2,0,1,0,1,38,66,200,0,0,1,4,1,2,2,1,80,0,13,96,0,9,1,2020,5,17,2,8,1,1,1,3,1,0
60559,1,1,45,2,1,11,99,20,9,0,2,0,1,0,1,998,64,135,0,4,2,2,6,8,1,14,51,0,7,96,0,14,3,2020,7,23,2,12,1,1,1,2,10,1
60560,1,1,47,1,1,11,3,9,0,0,1,0,1,0,1,998,68,178,0,0,3,2,6,1,1,14,80,0,5,0,0,14,3,2020,7,23,2,8,1,1,1,2,10,0
60561,1,1,39,1,1,11,3,9,1,0,2,0,1,0,1,998,76,190,0,4,2,2,1,2,1,1,9,1,13,96,0,14,6,2020,1,2,2,33,1,1,4,3,1,2
60562,1,1,41,1,1,11,20,20,9,0,1,0,2,0,1,65,73,195,2,3,3,3,8,8,1,14,12,0,98,0,36,27,5,2020,4,12,2,33,1,1,3,1,1,4
60565,1,1,61,1,1,11,20,20,1,0,1,0,1,0,1,999,72,220,0,0,0,0,0,0,0,11,15,0,82,96,0,4,6,2020,5,18,2,12,8,1,1,1,1,4
60567,1,1,62,1,1,11,3,20,0,0,1,0,1,0,1,38,72,260,0,0,2,3,8,2,1,14,80,0,7,0,0,21,5,2020,5,18,2,8,1,1,1,1,1,0
60568,1,1,22,1,1,11,3,9,0,0,1,0,2,0,1,75,71,175,0,0,3,4,6,2,1,15,11,0,13,0,27,15,4,2020,4,22,2,12,18,1,1,2,1,2
60569,1,1,54,1,1,11,20,20,1,0,1,0,1,0,1,998,66,165,0,0,1,2,1,2,1,14,13,1,80,0,0,25,5,2020,2,99,2,17,1,1,4,1,1,4
60571,1,1,29,2,1,11,3,20,0,0,3,0,4,0,1,4,68,197,0,0,2,5,1,8,1,1,83,0,7,96,0,7,3,2020,7,11,2,15,18,1,1,1,1,0
60572,1,1,57,1,1,11,3,20,0,0,1,0,3,6,1,45,65,200,1,0,3,5,6,1,1,15,80,0,66,0,0,29,2,2020,7,3,2,8,1,1,1,3,1,0
60575,1,1,24,1,1,11,99,20,9,0,1,0,1,0,1,998,72,160,0,0,1,2,6,2,1,11,80,0,60,0,38,24,2,2020,2,15,2,8,3,3,1,1,1,0
60576,1,1,45,1,1,11,3,20,0,0,1,0,1,0,1,65,67,245,0,0,3,4,1,8,1,16,80,0,13,96,0,1,5,2020,6,20,2,8,1,1,1,2,1,0
60577,1,1,59,1,1,11,3,20,0,0,1,0,3,6,1,55,72,275,0,0,3,2,8,8,1,1,80,0,66,96,0,20,5,2020,4,5,2,8,1,1,1,4,1,0
60579,1,1,32,1,1,11,20,9,1,0,1,0,2,0,1,998,71,190,0,0,3,5,1,1,1,1,13,0,95,96,0,27,3,2020,6,21,2,33,1,1,4,3,1,4
60581,1,1,32,2,1,11,3,20,9,0,1,0,1,0,1,85,66,200,0,0,2,2,8,2,1,1,8,0,13,96,0,25,4,2020,7,15,2,42,1,1,8,1,1,4
60585,1,1,31,2,1,11,3,1,0,0,1,0,1,0,1,999,59,140,0,0,1,2,8,8,1,14,12,1,3,96,0,8,6,2020,2,12,2,42,1,1,4,1,1,4
60588,1,1,38,1,1,11,20,1,1,0,2,0,2,0,1,90,66,240,0,4,1,4,1,1,2,14,6,0,13,96,37,9,4,2020,5,0,2,33,3,3,4,3,2,3
60590,1,1,62,1,1,11,3,20,0,0,1,0,1,0,1,45,65,200,0,0,1,3,8,8,1,1,83,0,60,0,0,20,6,2020,7,9,2,9,2,2,1,1,1,0
60591,1,1,32,1,1,11,99,9,0,0,2,0,2,0,1,998,72,168,0,0,1,2,1,2,1,1,13,1,60,96,0,2,2,2020,1,0,2,33,1,1,4,3,1,4
60592,1,1,27,2,1,11,3,20,0,0,3,0,1,0,1,998,63,115,0,0,2,4,8,8,1,1,80,0,13,96,0,1,2,2020,7,23,2,8,1,1,1,3,1,0
60593,1,1,91,1,1,11,3,20,0,0,2,0,1,0,1,998,68,165,0,0,4,2,8,8,2,11,80,0,60,96,38,8,1,2020,4,10,2,8,3,2,1,1,2,3
60594,1,1,68,1,1,11,3,20,9,0,99,1,1,0,1,998,68,140,0,0,2,5,8,2,1,1,83,0,60,96,999,2,2,2020,1,0,2,15,3,2,1,3,1,0
60595,1,1,56,2,1,11,99,1,0,0,1,0,2,0,1,998,66,150,0,4,1,4,8,2,1,1,6,1,60,96,58,2,2,2020,1,17,2,14,1,1,7,1,1,4
60600,1,1,57,1,1,11,3,9,0,0,2,0,1,0,1,80,70,180,0,4,3,7,6,1,1,1,50,0,60,0,0,20,6,2020,7,12,2,12,1,1,1,1,1,1
60601,1,1,40,1,1,11,3,20,0,0,1,0,1,0,1,68,65,150,0,0,3,3,1,1,1,1,80,0,3,96,0,25,4,2020,7,3,2,8,1,1,1,2,1,0
60602,1,1,40,1,1,11,3,9,1,0,2,0,1,0,1,998,72,170,0,0,3,2,8,8,1,1,13,0,13,96,0,26,4,2020,1,21,2,33,1,1,4,3,1,3
60606,1,1,19,1,1,11,3,20,0,0,3,0,2,0,1,50,66,146,0,0,1,2,1,8,1,1,80,1,13,0,0,25,5,2020,2,22,2,8,1,1,1,2,1,0
60608,1,1,56,1,1,11,3,20,0,0,1,0,1,0,1,998,67,155,0,0,1,4,8,2,1,1,80,0,13,96,0,2,2,2020,1,19,2,8,3,4,1,3,1,0
60609,1,1,999,1,1,11,98,98,9,0,99,1,9,99,1,999,999,999,99,0,1,2,1,2,1,1,80,0,999,96,0,1,1,2020,4,1,2,8,1,1,1,2,1,9
60610,1,1,21,2,1,11,20,9,1,0,1,0,3,0,1,62,63,140,0,4,2,5,1,2,1,1,17,0,13,96,39,3,2,2020,2,15,2,12,2,2,1,1,1,4
60611,1,1,23,2,1,11,3,9,0,0,3,0,2,0,1,73,60,100,0,0,2,2,1,2,1,1,80,0,13,96,0,8,5,2020,6,21,2,8,1,1,1,3,1,2
60612,1,1,39,1,1,11,3,1,0,0,1,0,1,0,1,80,70,130,0,0,3,4,1,2,1,14,8,0,3,0,0,11,1,2020,7,18,2,24,1,1,4,2,1,4
60613,1,1,43,1,1,11,3,1,0,0,1,0,1,0,1,68,69,175,0,0,3,4,1,1,1,1,13,1,13,96,0,26,4,2020,1,16,2,42,1,1,4,1,1,4
60614,1,1,21,1,1,11,3,8,9,0,1,0,2,0,1,998,72,190,0,0,1,2,1,2,1,11,15,0,3,96,38,2,2,2020,1,19,2,12,2,3,1,3,1,4
60615,1,1,24,1,1,11,3,9,0,0,2,0,1,0,1,30,67,195,1,4,5,7,8,8,1,1,80,0,60,96,0,6,2,2020,5,6,2,8,1,1,1,1,1,0
60616,1,1,29,1,1,11,99,20,9,0,1,0,1,0,1,998,72,210,1,9,1,2,8,2,1,1,9,1,9,96,999,2,2,2020,1,21,2,1,3,2,2,3,1,4
60617,1,1,80,1,1,11,3,20,0,0,1,0,1,0,1,998,66,136,0,0,1,2,8,8,1,11,80,0,5,96,0,5,2,2020,4,16,2,8,3,2,1,1,1,0
60618,1,1,20,1,1,11,3,9,9,0,1,0,1,0,1,998,66,156,0,0,5,5,8,2,1,1,80,0,3,96,0,9,1,2020,5,17,2,8,3,98,11,3,1,2
60619,1,1,27,1,1,11,3,20,0,0,2,0,2,0,1,998,68,145,0,0,5,5,8,2,1,1,80,0,60,96,53,5,2,2020,4,18,2,8,1,1,1,3,1,0
60621,1,1,28,1,1,11,20,20,9,0,1,0,1,0,1,999,65,130,2,4,1,6,1,2,1,14,6,0,94,96,0,1,7,2020,4,20,2,33,1,1,4,3,1,4
60622,1,1,28,1,1,11,20,20,9,0,1,0,9,0,1,999,68,277,0,0,1,2,1,2,1,1,11,0,69,96,28,11,4,2020,7,19,2,14,1,1,7,5,10,4
60629,1,1,84,2,1,11,3,8,0,0,1,0,1,0,1,999,66,115,0,0,3,7,1,2,1,1,13,0,13,96,0,18,2,2020,3,12,2,39,1,1,4,1,1,4
60630,1,1,53,2,1,11,3,20,0,0,2,0,1,0,1,35,59,153,0,0,5,4,8,2,1,1,80,0,2,0,0,10,5,2020,1,20,2,8,1,1,1,3,1,0
60633,1,1,63,2,1,11,3,20,0,0,1,0,1,0,1,998,62,201,0,0,2,4,1,2,1,11,15,0,5,96,74,6,2,2020,5,16,2,12,8,1,1,1,1,0
60634,1,1,20,1,1,11,3,20,0,0,1,0,1,0,1,998,68,270,0,0,1,4,1,2,1,1,80,0,5,96,0,5,2,2020,4,19,2,8,3,2,1,3,1,0
60635,1,1,70,2,1,11,3,98,9,0,1,0,1,0,1,38,65,235,0,0,5,3,8,8,1,14,13,0,5,99,0,6,1,2020,2,8,2,53,1,1,4,1,1,4
60636,1,1,26,2,1,11,3,20,9,0,99,1,2,0,1,58,58,180,0,0,1,2,8,2,1,14,83,0,60,98,0,5,6,2020,6,20,2,9,1,1,1,1,1,0
60639,1,1,85,1,1,11,3,20,9,0,99,1,1,0,1,998,64,150,0,0,2,3,8,8,1,11,15,0,13,96,91,5,2,2020,4,19,2,12,2,3,1,3,1,0
60640,1,1,25,1,1,11,3,20,0,0,1,0,3,21,1,998,64,110,0,0,1,4,8,2,1,11,80,0,73,96,6,8,2,2020,7,11,2,8,3,2,1,1,1,0
60641,1,1,28,1,1,11,99,20,0,0,99,1,1,0,1,998,69,170,0,0,1,5,8,8,1,1,80,1,5,96,0,6,2,2020,5,1,2,8,1,1,1,3,1,2
60642,1,1,51,1,1,11,3,9,0,0,1,0,1,0,1,65,76,215,0,0,3,6,1,1,1,98,12,1,3,96,0,20,4,2020,2,20,2,25,1,1,3,2,1,4
60644,1,1,15,2,1,11,20,9,9,0,2,0,2,0,1,999,57,135,0,0,3,6,1,8,1,1,13,0,13,96,0,12,5,2020,3,9,2,33,19,1,4,1,10,4
60646,1,1,45,1,1,11,3,20,0,0,1,0,2,0,1,40,77,245,0,0,2,2,8,8,1,14,80,0,60,0,0,15,5,2020,6,17,2,8,1,1,1,1,1,0
60648,1,1,999,9,1,11,99,9,9,0,99,1,2,0,1,998,999,999,99,4,2,2,1,2,1,1,17,0,3,96,39,8,2,2020,7,0,2,12,2,2,1,3,1,9
60649,1,1,47,1,1,11,3,20,0,0,99,1,1,0,1,998,72,350,0,0,5,5,8,8,1,1,80,1,7,96,91,6,2,2020,5,20,2,8,3,3,1,3,1,0
60651,1,1,42,1,1,11,3,9,0,0,99,1,1,0,1,71,69,185,0,4,3,5,5,8,1,14,50,1,95,96,0,9,1,2020,5,21,2,12,1,1,1,3,1,0
60652,1,1,29,1,1,11,20,9,0,0,1,0,1,0,1,86,72,190,0,0,3,6,1,2,1,1,13,1,3,96,0,23,2,2020,1,3,2,14,19,1,2,2,10,3
60654,1,1,24,2,1,11,20,9,0,0,1,0,2,0,1,999,61,140,0,0,3,7,8,2,2,1,54,1,13,96,51,29,3,2020,1,6,2,12,1,1,1,3,10,4
60656,1,1,24,1,1,11,3,20,0,0,1,0,3,6,1,55,67,223,0,0,3,3,8,1,1,15,64,0,66,96,27,8,4,2020,4,21,2,12,1,1,1,3,10,0
60657,1,1,29,1,1,11,99,99,9,0,2,0,2,0,1,999,70,150,5,0,1,2,8,2,1,1,13,1,13,96,0,4,7,2020,7,1,2,59,1,1,4,2,1,4
60658,1,1,29,1,1,11,3,20,9,0,1,1,1,0,1,63,70,165,0,0,1,2,8,8,1,1,80,0,7,96,0,6,6,2020,7,0,2,8,1,1,1,2,10,0
60660,1,1,56,2,1,11,99,99,0,0,1,0,1,0,1,999,60,170,0,0,3,2,1,2,1,1,13,1,2,96,0,11,6,2020,5,2,2,30,3,3,4,3,1,4
60663,1,1,52,2,1,11,3,9,9,0,1,0,1,0,1,998,64,168,0,4,2,4,1,8,1,1,50,0,13,0,41,23,2,2020,1,1,2,12,1,1,1,2,1,4
60665,1,1,46,1,1,11,20,20,0,0,1,0,1,0,1,43,66,160,0,0,6,1,5,2,1,1,5,0,94,96,0,16,2,2020,1,11,2,44,20,1,1,1,1,4
60666,1,1,63,1,1,11,3,9,9,0,1,0,1,0,1,999,76,257,0,0,3,3,1,1,2,1,13,0,7,96,0,10,3,2020,3,11,2,24,1,1,4,1,2,4
60667,1,1,21,1,1,11,3,20,0,0,3,0,2,0,1,998,69,210,0,0,2,3,8,8,1,1,80,0,13,96,0,7,2,2020,6,19,2,8,1,1,1,3,1,0
60668,1,1,46,2,1,11,3,20,0,0,1,0,1,0,1,998,68,180,0,0,2,2,1,2,1,1,80,0,3,96,0,15,2,2020,7,21,2,8,3,3,1,3,1,0
60669,1,1,54,1,1,11,3,20,0,0,2,0,1,4,1,998,66,215,0,0,0,0,0,0,0,11,15,0,74,0,91,8,2,2020,7,13,2,1,8,1,1,1,1,0
60670,1,1,29,1,1,11,20,9,9,0,1,0,1,0,1,998,71,205,0,0,1,8,8,8,1,11,15,1,13,96,38,16,2,2020,1,1,2,12,2,2,1,3,1,4
60671,1,1,40,1,1,11,3,20,0,0,1,0,1,0,1,998,75,200,0,0,5,3,1,2,1,1,80,0,60,96,0,22,1,2020,4,17,2,8,1,1,1,5,1,0
60672,1,1,29,1,1,11,3,20,0,0,1,0,3,6,1,55,69,200,1,0,2,2,1,1,1,1,11,0,66,13,0,15,5,2020,6,14,2,14,1,1,2,1,1,0
60673,1,1,20,1,1,11,99,98,0,0,99,1,1,0,1,998,71,148,0,0,2,4,8,2,1,1,80,1,7,0,0,8,2,2020,7,23,2,8,3,2,1,3,1,0
60674,1,1,45,1,1,11,3,20,0,0,2,0,1,0,1,998,66,132,0,0,3,3,1,8,1,1,13,1,2,96,29,29,1,2020,4,17,2,33,1,1,4,5,1,0
60675,1,1,22,1,1,11,3,20,0,0,1,0,1,0,1,998,67,180,0,0,1,4,8,2,1,1,80,0,7,96,0,10,2,2020,2,18,2,8,1,1,1,5,1,0
60676,1,1,30,1,1,11,99,9,9,0,1,0,1,0,1,998,75,120,0,4,1,2,8,8,1,1,6,0,13,96,39,9,2,2020,1,18,2,33,3,2,4,5,1,4
60677,1,1,48,1,1,11,20,20,9,0,2,0,2,0,1,998,74,245,0,4,1,2,8,8,1,6,12,0,80,96,37,28,1,2020,3,19,2,33,3,2,4,3,1,4
60678,1,1,29,1,1,11,20,9,0,0,2,0,1,0,1,65,73,220,0,0,3,3,8,2,1,15,13,0,7,0,0,4,7,2020,7,13,2,38,1,1,4,1,1,4
60679,1,1,69,2,1,11,3,20,1,0,1,0,1,0,1,999,63,150,0,0,1,2,1,2,1,1,80,1,3,96,0,1,7,2020,4,20,2,8,3,3,1,5,1,0
60680,1,1,81,2,1,11,3,9,8,0,1,0,3,0,1,35,66,121,0,0,2,2,8,2,1,14,12,0,13,96,0,8,6,2020,2,18,2,42,1,1,4,1,1,4
60684,1,1,36,1,1,11,20,20,1,0,1,0,1,0,1,61,69,160,0,4,1,2,8,2,1,1,10,1,94,96,28,13,1,2020,2,20,2,14,1,1,7,3,1,4
60685,1,1,54,1,1,11,3,20,0,0,2,0,1,0,1,998,72,300,0,0,1,2,8,8,1,11,15,0,13,96,38,11,2,2020,3,8,2,12,2,3,1,1,1,4
60686,1,1,30,1,1,11,3,20,0,0,1,0,1,0,1,68,74,200,0,0,1,5,8,8,1,1,80,0,60,0,60,9,2,2020,1,19,2,8,1,1,1,3,10,0
60687,1,1,39,1,1,11,20,8,0,0,1,0,2,0,1,85,71,160,0,3,1,2,1,2,1,14,10,1,13,96,28,2,2,2020,1,19,2,12,1,1,1,2,1,4
60688,1,1,85,2,1,11,3,9,0,0,1,0,2,0,1,998,65,155,0,0,0,0,0,0,0,11,15,0,13,96,38,11,2,2020,3,14,2,12,4,1,1,1,1,4
60691,1,1,24,1,1,11,20,9,1,0,2,0,2,0,1,999,73,175,1,0,3,3,8,2,1,1,12,1,13,96,0,17,5,2020,1,21,2,24,1,1,3,3,1,2
60692,1,1,59,1,1,11,3,20,0,0,1,0,1,0,1,65,73,235,0,4,3,3,8,2,1,1,80,0,13,96,26,1,6,2020,2,4,2,8,1,1,1,2,1,0
60693,1,1,32,1,1,11,3,20,0,0,1,0,3,2,1,45,62,130,0,0,3,2,1,8,1,14,80,0,66,0,0,8,6,2020,2,0,2,8,1,1,1,2,1,0
60696,1,1,999,9,1,11,99,99,9,0,1,1,9,99,1,999,999,999,99,0,3,5,5,1,1,1,80,0,999,96,0,25,4,2020,7,6,2,8,1,1,1,1,1,9
60697,1,1,37,1,1,11,3,9,1,0,2,0,2,0,1,89,71,280,0,0,3,4,1,2,1,98,13,1,13,96,0,19,1,2020,1,3,2,38,1,1,4,2,10,3
60699,1,1,23,1,1,11,20,9,0,0,1,0,1,0,1,55,67,130,0,4,1,2,1,2,1,1,10,0,1,96,28,24,3,2020,3,13,2,12,1,1,1,1,10,4
60701,1,1,84,2,1,11,3,20,0,0,1,0,2,0,1,998,63,140,0,4,1,4,8,8,1,1,80,0,5,96,0,10,1,2020,6,12,2,8,3,3,1,1,1,0
60702,1,1,52,2,1,11,3,20,0,0,1,0,1,0,1,998,60,95,0,0,2,4,1,8,1,1,80,0,7,0,10,23,1,2020,5,18,2,8,3,2,1,3,1,0
60703,1,1,28,1,1,11,3,20,0,0,1,0,2,0,1,998,69,150,0,0,1,5,8,2,1,1,80,0,13,96,0,23,1,2020,5,20,2,8,3,2,1,3,1,0
60704,1,1,36,1,1,11,20,9,9,0,1,0,3,0,1,998,71,145,0,0,1,6,8,8,1,1,17,0,15,96,0,4,1,2020,7,7,2,33,3,2,4,1,1,4
60705,1,1,26,1,1,11,3,20,0,0,1,0,2,0,1,28,69,250,1,0,1,2,8,8,1,1,80,0,3,0,0,24,1,2020,6,0,2,8,1,1,1,2,1,0
60706,1,1,39,1,1,11,3,9,9,0,99,1,5,0,1,998,70,190,0,0,8,8,8,8,1,1,54,0,1,96,51,24,1,2020,6,7,2,12,1,1,1,1,1,9
60707,1,1,26,2,1,11,3,9,0,0,1,0,2,0,1,998,68,260,0,0,2,2,8,8,1,6,13,1,13,96,28,1,2,2020,7,2,2,42,1,1,4,3,1,4
60708,1,1,59,1,1,11,3,9,0,0,1,0,1,0,1,998,70,175,0,4,2,3,8,2,1,1,12,0,3,96,0,12,1,2020,1,3,2,33,1,1,4,3,1,4
60709,1,1,25,2,1,11,3,20,0,0,1,0,2,0,1,35,63,120,1,0,8,3,1,2,1,1,80,0,5,96,0,6,2,2020,5,13,2,8,1,1,1,1,1,0
60710,1,1,45,1,1,11,3,20,1,0,99,1,1,0,1,998,69,165,0,4,1,4,8,8,1,1,80,1,5,96,91,13,2,2020,5,1,2,8,3,3,1,3,1,0
60711,1,1,22,1,1,11,20,9,9,0,1,0,2,0,1,999,77,197,2,0,2,2,8,2,1,1,12,0,13,96,0,15,2,2020,7,17,2,33,1,1,3,1,1,4
60712,1,1,16,1,1,11,99,99,9,0,2,0,2,0,1,75,70,225,0,4,5,3,8,8,1,1,6,1,13,96,73,7,2,2020,6,23,2,39,1,1,4,3,1,4
60714,1,1,22,1,1,11,3,20,0,0,1,0,2,0,1,60,73,310,0,0,3,5,8,8,1,1,12,0,60,0,0,7,3,2020,7,5,2,24,1,1,3,2,10,0
60715,1,1,25,2,1,11,3,20,0,0,1,0,1,0,1,70,63,135,0,0,3,6,8,1,1,1,80,0,13,0,0,7,1,2020,3,2,2,8,1,1,1,2,10,0
60716,1,1,24,2,1,11,3,9,0,0,1,0,1,0,1,65,71,180,1,0,3,3,8,8,2,15,50,0,95,0,0,22,3,2020,1,20,2,12,1,1,1,2,2,0
60717,1,1,25,2,1,11,3,8,0,0,1,0,1,0,1,60,68,200,1,4,3,4,8,1,1,1,51,1,13,5,91,26,4,2020,1,0,2,12,18,1,1,3,1,1
60718,1,1,36,2,1,11,3,20,0,0,5,0,1,0,1,65,60,120,0,0,3,5,8,1,1,2,80,0,13,96,0,31,5,2020,1,16,2,8,1,1,1,1,1,0
60721,1,1,27,1,1,11,3,9,0,0,3,0,1,0,1,998,67,185,0,0,2,3,1,2,1,11,15,1,13,96,91,18,2,2020,3,20,2,12,2,2,1,3,1,0
60722,1,1,29,1,1,11,3,8,1,0,1,0,2,0,1,998,66,150,0,4,2,3,5,8,1,1,13,1,13,0,51,3,2,2020,2,20,2,33,1,1,3,3,1,4
60723,1,1,28,1,1,11,20,8,0,0,1,0,2,0,1,999,73,180,1,4,2,1,8,8,1,1,17,0,13,96,0,13,1,2020,2,10,2,12,2,2,1,1,1,4
60724,1,1,38,1,1,11,3,20,1,0,1,0,2,0,1,998,73,155,1,0,2,3,8,8,1,1,82,0,13,96,0,31,1,2020,6,13,2,8,3,2,6,1,1,0
60725,1,1,26,1,1,11,99,20,9,0,99,1,2,0,1,27,72,140,0,0,1,2,1,2,1,1,80,0,7,96,0,7,2,2020,6,17,2,8,1,1,1,1,1,0
60726,1,1,48,1,1,11,3,20,0,0,2,0,1,0,1,998,64,180,0,0,1,5,1,2,1,1,80,0,7,0,10,24,1,2020,6,18,2,8,2,3,1,3,1,0
60727,1,1,27,2,1,11,99,9,0,0,1,0,1,0,1,998,60,150,0,4,1,6,1,2,1,1,10,1,13,96,0,19,2,2020,4,20,2,33,1,1,4,3,1,4
60728,1,1,39,2,1,11,20,9,9,0,1,0,2,0,1,100,70,190,0,4,3,3,1,1,1,1,51,0,13,96,0,14,5,2020,5,22,2,12,1,1,1,3,1,4
60729,1,1,51,1,1,11,20,20,0,0,1,0,1,0,1,40,68,225,0,4,1,2,8,2,2,14,6,0,85,96,0,25,1,2020,7,13,2,1,1,1,1,1,1,4
60730,1,1,999,9,1,11,99,99,9,0,99,1,9,99,1,999,999,999,99,4,3,4,8,2,1,1,80,0,999,0,0,20,1,2020,2,1,2,8,1,1,1,3,1,9
60731,1,1,50,1,1,11,3,20,0,0,1,0,3,6,1,60,68,205,99,0,3,6,1,1,1,1,80,0,66,96,0,19,5,2020,3,0,2,8,1,1,1,3,10,0
60733,1,1,46,1,1,11,3,20,0,0,1,0,3,6,1,55,71,175,0,0,2,2,1,2,1,1,80,0,66,0,0,28,5,2020,5,23,2,8,1,1,1,2,1,0
60734,1,1,55,1,1,11,3,9,0,0,1,0,2,0,1,998,69,143,0,0,2,3,8,2,1,1,80,0,1,96,0,22,2,2020,7,18,2,8,3,3,1,3,1,0
60735,1,1,75,1,1,11,3,9,0,0,1,0,4,0,1,998,68,170,0,4,2,2,8,8,1,1,54,0,13,96,0,25,1,2020,7,14,2,12,1,1,1,1,1,4
60736,1,1,90,1,1,11,98,2,0,0,2,0,1,0,1,45,67,161,0,4,1,4,1,2,1,1,13,0,13,96,27,21,2,2020,6,11,2,30,1,1,4,1,1,0
60737,1,1,46,1,1,11,3,9,9,0,99,1,1,0,1,50,65,130,0,4,1,2,5,2,1,1,50,0,7,96,0,16,2,2020,1,18,2,12,1,1,1,3,1,0
60738,1,1,44,1,1,11,98,20,0,0,1,0,1,0,1,998,68,170,0,0,2,3,8,2,1,1,80,1,7,0,0,27,1,2020,2,19,2,8,1,1,1,3,1,0
60742,1,1,31,1,1,11,3,20,0,0,1,0,1,0,1,28,69,225,1,0,1,4,8,8,1,1,80,1,13,96,38,26,1,2020,1,1,2,8,3,2,1,3,1,0
60743,1,1,32,1,1,11,99,9,9,0,99,1,1,0,1,998,66,200,0,0,1,2,8,8,1,1,19,0,7,96,91,7,1,2020,3,3,2,12,2,3,1,2,5,9
60744,1,1,22,2,1,11,3,20,0,0,4,0,1,0,1,998,64,125,0,0,1,2,8,8,98,10,80,0,13,96,0,20,2,2020,5,20,2,8,3,3,1,2,10,0
60745,1,1,35,2,1,11,3,20,0,0,3,0,2,0,1,13,63,125,0,0,1,2,1,8,1,14,10,0,7,0,28,5,2,2020,4,8,2,12,1,1,1,1,1,0
60746,1,1,30,1,1,11,3,1,0,0,2,0,1,0,1,998,71,170,0,0,1,2,8,8,1,1,13,1,7,96,27,22,2,2020,7,21,2,42,1,1,4,2,1,3
60748,1,1,51,1,1,11,3,20,0,0,1,0,1,6,1,54,72,190,0,0,3,5,1,2,1,1,80,0,66,0,0,9,6,2020,3,21,2,8,1,1,1,3,1,0
60749,1,1,23,1,1,11,3,9,9,0,1,0,2,0,1,999,68,130,0,4,1,2,1,2,1,6,12,0,13,96,0,24,6,2020,4,20,2,30,1,1,4,2,1,4
60750,1,1,26,1,1,11,20,9,9,0,1,0,2,0,1,63,70,170,0,0,3,5,5,8,1,14,50,0,7,99,0,2,4,2020,5,9,2,12,1,1,1,1,1,4
60753,1,1,76,1,1,11,3,20,0,0,1,0,1,0,1,998,67,175,0,0,1,2,8,2,1,1,80,0,13,0,0,11,2,2020,3,22,2,8,1,1,1,2,1,2
60754,1,1,21,1,1,11,3,9,9,0,2,0,2,0,1,43,72,200,0,4,1,2,8,8,2,1,6,0,1,99,0,22,2,2020,7,19,2,33,1,1,4,3,10,4
60755,1,1,61,1,1,11,20,20,9,0,1,0,1,0,1,53,72,270,0,4,1,2,2,2,1,14,10,0,81,96,28,19,2,2020,4,14,2,12,1,1,1,1,1,4
60756,1,1,31,2,1,11,3,20,9,0,4,0,1,0,1,998,66,170,0,0,1,2,1,8,1,1,12,0,60,96,0,21,2,2020,6,15,2,42,1,1,4,1,1,1
60757,1,1,24,1,1,11,3,9,0,0,1,0,2,0,1,998,68,120,1,0,2,2,1,2,1,1,13,1,7,96,0,21,2,2020,6,2,2,33,1,1,4,3,1,4
60758,2,1,23,1,1,11,3,20,8,0,1,0,1,0,1,65,68,173,0,0,3,6,1,8,1,1,64,0,3,96,0,25,4,2020,7,20,2,8,1,1,2,2,1,0
60760,1,1,999,9,1,11,99,99,9,0,99,1,9,99,1,999,999,999,99,0,3,3,1,2,1,14,80,0,999,0,0,5,5,2020,3,21,2,8,1,1,1,2,1,0
60761,1,1,45,1,1,11,3,9,1,0,3,0,2,0,1,83,78,240,0,4,2,2,8,2,1,14,6,1,13,96,0,18,2,2020,3,1,2,33,1,1,4,3,1,3
60762,1,1,21,1,1,11,3,20,0,0,1,0,2,0,1,998,74,210,0,0,1,2,8,8,1,1,80,0,3,96,0,20,2,2020,5,22,2,8,1,1,1,3,1,0
60763,1,1,25,1,1,11,20,20,0,0,1,0,2,0,1,998,67,220,0,4,2,3,8,8,1,14,13,1,7,96,39,21,2,2020,6,23,2,33,3,2,4,3,1,4
60764,1,1,999,9,1,11,98,98,9,0,1,1,9,99,1,998,999,999,99,0,1,4,8,8,1,1,80,0,999,99,0,3,1,2020,6,18,2,8,1,1,1,3,1,9