ST_CASE,VEH_NO,PER_NO,AGE,SEX,PER_TYP,SEAT_POS,REST_USE,AIR_BAG,DRUGS,LOCATION,NUMOCCS,HIT_RUN,OWNER,V_CONFIG,HAZ_INV,TRAV_SP,DR_HGT,DR_WGT,PREV_SPD,SPEEDREL,VTRAFWAY,VNUM_LAN,VPROFILE,VPAVETYP,VSURCOND,P_CRASH1,P_CRASH2,DR_DRINK,VPICBODYCLASS,DRDISTRACT,DRIVERRF,DAY,MONTH,YEAR,DAY_WEEK,HOUR,RUR_URB,HARM_EV,RELJCT2,TYP_INT,REL_ROAD,LGT_COND,WEATHER,INJ_SEV
60973,1,1,998,8,1,11,99,20,9,0,99,1,2,0,1,90,999,999,99,4,3,3,1,2,1,1,51,0,7,0,0,16,7,2020,5,0,2,12,1,1,1,2,1,0
60975,1,1,18,1,1,11,3,9,0,0,4,0,2,0,1,80,68,135,0,4,3,4,1,1,1,1,50,0,1,96,0,18,6,2020,5,23,2,8,1,1,1,3,1,2
60977,1,1,34,1,1,11,99,20,9,0,99,1,1,0,1,999,69,170,0,0,1,2,8,2,1,1,10,0,13,96,0,1,7,2020,4,17,2,8,1,1,2,1,1,9
60978,1,1,27,1,1,11,3,8,9,0,1,0,1,0,1,88,71,200,0,0,3,4,6,8,1,98,12,0,13,96,0,30,4,2020,5,22,2,18,1,1,4,2,10,4
60979,1,1,18,1,1,11,3,20,0,0,1,0,2,0,1,68,75,285,0,0,3,5,1,2,1,1,80,0,7,0,0,8,6,2020,2,23,2,8,1,1,1,2,1,0
60980,1,1,27,1,1,11,3,9,0,0,2,0,2,0,1,80,69,130,0,4,1,2,1,2,1,14,6,1,13,96,91,3,7,2020,6,19,2,43,1,1,4,1,1,3
60982,1,1,17,1,1,11,3,8,0,0,2,0,2,0,1,998,67,140,0,0,8,8,8,8,1,1,14,0,13,96,0,2,4,2020,5,14,2,38,1,1,4,1,1,2
60983,1,1,23,1,1,11,3,20,0,0,3,0,1,0,1,998,65,150,0,0,1,5,8,8,1,1,80,0,3,96,0,1,4,2020,4,22,2,8,1,1,1,2,1,0
60984,1,1,46,2,1,11,3,20,0,0,1,0,1,0,1,998,62,130,0,0,2,2,8,2,1,1,80,0,7,96,0,1,4,2020,4,19,2,8,1,1,1,3,1,0
60985,1,1,41,2,1,11,20,9,9,0,1,0,1,0,1,85,65,240,0,4,3,5,6,1,1,1,52,0,13,96,0,7,8,2020,6,6,2,12,1,1,1,1,1,4
60986,1,1,32,1,1,11,20,20,9,0,1,0,2,0,1,100,67,160,0,3,1,2,1,2,1,1,12,0,80,96,37,3,4,2020,6,20,2,53,1,1,4,3,1,4
60987,1,1,44,1,1,11,3,20,0,0,1,0,1,0,1,33,62,134,0,0,8,8,8,8,1,1,80,0,60,96,0,27,1,2020,2,17,2,8,1,1,1,3,1,0
60988,1,1,15,1,1,11,20,20,9,0,2,0,0,0,1,998,76,130,0,0,1,5,8,8,1,1,17,0,87,96,39,16,3,2020,2,3,2,12,2,2,1,3,10,3
60989,1,1,29,1,1,11,3,9,1,0,1,0,2,0,1,998,67,170,0,0,1,4,2,2,1,1,9,1,7,96,0,21,3,2020,7,23,2,33,1,1,4,3,1,4
60993,1,1,32,1,1,11,20,20,0,0,1,0,1,0,1,90,71,230,0,0,3,3,1,2,1,1,6,1,1,96,0,8,2,2020,7,0,2,1,1,1,8,2,1,4
60995,1,1,20,1,1,11,3,20,9,0,1,0,2,0,1,998,66,130,0,4,3,5,8,1,1,15,13,0,5,0,36,7,5,2020,5,6,2,1,1,1,4,1,1,4
60996,1,1,22,1,1,11,3,20,0,0,1,0,1,0,1,45,70,170,0,0,2,4,8,8,1,1,80,0,60,96,0,27,1,2020,2,21,2,8,3,2,1,3,1,0
60997,1,1,18,2,1,11,3,20,0,0,1,0,1,0,1,55,67,145,0,0,2,2,8,2,1,1,80,0,13,0,0,23,3,2020,2,2,2,8,1,1,1,2,1,1
60998,1,1,20,1,1,11,20,9,0,0,3,0,1,0,1,80,69,150,1,3,2,2,6,8,1,1,6,0,13,96,0,16,2,2020,1,16,2,33,1,1,4,1,1,3
60999,1,1,44,2,1,11,3,20,0,0,1,0,1,0,1,46,60,118,0,0,2,4,1,2,1,1,80,1,7,96,0,21,2,2020,6,21,2,8,3,2,1,3,1,0
61000,1,1,38,1,1,11,20,9,1,0,2,0,2,0,1,998,69,227,0,4,1,5,8,2,2,10,16,0,13,96,91,23,3,2020,2,6,2,12,3,3,1,3,10,3
61002,1,1,34,1,1,11,3,20,0,0,2,0,4,0,1,81,73,185,0,4,8,6,8,8,1,1,50,1,13,96,0,22,5,2020,6,16,2,12,3,2,1,1,1,0
61004,1,1,35,1,1,11,3,20,0,0,1,0,1,0,1,53,72,210,0,4,1,2,1,2,1,1,83,1,7,96,0,15,6,2020,2,21,2,9,1,1,1,2,1,0
61005,1,1,64,1,1,11,3,20,1,0,1,0,1,0,1,42,67,225,0,0,2,3,8,2,1,1,83,0,13,96,0,19,1,2020,1,22,2,9,2,2,1,3,10,0
61006,1,1,35,1,1,11,3,20,1,0,1,0,3,0,1,998,73,240,0,0,8,8,8,2,2,1,80,0,95,96,0,1,3,2020,1,18,2,8,1,1,1,3,2,0
61007,1,1,19,1,1,11,20,20,0,0,1,0,1,0,1,998,66,140,0,4,8,8,8,8,1,1,12,1,13,96,0,1,5,2020,6,2,2,8,3,2,4,2,1,3
61009,1,1,999,9,1,11,99,99,9,0,1,1,9,99,1,999,999,999,99,9,2,3,1,2,1,1,80,0,999,99,999,19,7,2020,1,21,2,8,3,3,1,3,1,0
61010,1,1,18,1,1,11,3,9,0,0,1,0,1,0,1,43,66,130,0,4,2,2,1,2,1,1,67,0,13,0,0,8,7,2020,4,13,2,12,2,3,1,1,1,0
61011,1,1,39,1,1,11,3,20,0,0,1,0,2,0,1,68,72,229,0,0,3,5,6,2,1,15,1,0,13,96,0,11,8,2020,3,7,2,12,18,1,1,1,1,4
61012,1,1,56,1,1,11,3,20,0,0,1,0,1,0,1,999,71,170,0,9,1,2,1,2,1,1,80,0,7,0,0,9,8,2020,1,23,2,8,3,3,1,2,1,0
61015,1,1,22,1,1,11,20,20,1,0,2,0,2,0,1,65,69,145,0,0,3,2,1,2,1,15,98,1,7,0,0,19,7,2020,1,14,2,1,1,1,1,1,1,4
61017,1,1,40,2,1,11,20,9,1,0,2,0,2,0,1,70,67,171,0,0,3,7,1,8,1,1,13,0,13,3,0,22,3,2020,1,10,2,24,1,1,4,1,10,3
61020,1,1,56,1,1,11,20,20,0,0,1,0,1,0,1,998,71,235,0,4,6,1,8,1,1,14,12,1,82,96,0,18,6,2020,5,23,2,23,5,1,4,2,1,4
61025,1,1,30,1,1,11,3,9,0,0,1,0,1,0,1,999,68,171,0,0,3,4,6,8,2,14,50,1,13,96,0,6,4,2020,2,23,2,12,1,1,1,2,10,4
61027,1,1,24,1,1,11,20,1,1,0,1,0,2,0,1,999,72,207,0,5,3,3,8,1,1,1,13,1,5,0,0,8,8,2020,7,99,2,35,1,1,4,2,1,4
61028,1,1,999,9,1,11,99,99,9,0,1,1,3,0,1,999,999,999,99,0,1,3,8,8,1,1,80,0,13,96,39,1,5,2020,6,3,2,8,3,2,1,3,1,9
61029,1,1,36,1,1,11,20,20,0,0,1,0,1,0,1,58,77,305,0,4,1,3,8,2,1,1,56,1,81,96,0,4,3,2020,4,21,2,12,2,3,1,2,1,4
61030,1,1,81,2,1,11,3,20,0,0,1,0,1,0,1,998,63,138,0,0,2,2,6,8,1,11,15,0,7,96,38,30,4,2020,5,16,2,12,2,3,1,1,1,0
61031,1,1,16,1,1,11,20,20,9,0,1,0,2,0,1,998,73,250,0,0,1,3,8,8,1,1,17,0,997,96,39,4,3,2020,4,16,2,12,2,2,1,1,1,4
61032,1,1,999,9,1,11,98,98,9,0,99,1,9,99,1,998,999,999,99,4,1,5,8,2,2,1,80,0,999,96,38,16,3,2020,2,21,2,8,3,2,1,3,1,9
61033,1,1,49,1,1,11,3,9,0,0,3,0,1,0,1,998,72,160,0,4,2,2,8,2,2,14,13,0,13,96,58,10,4,2020,6,7,2,33,1,1,3,1,2,4
61034,1,1,36,1,1,11,3,1,0,0,2,0,2,0,1,75,70,260,0,0,2,4,8,8,1,1,1,0,60,0,58,19,6,2020,6,16,2,1,1,1,1,1,1,3
61037,1,1,26,1,1,11,3,20,0,0,1,0,1,0,1,25,67,135,0,0,1,4,1,2,1,12,21,0,7,96,38,26,2,2020,4,18,2,12,2,2,1,3,1,0
61038,1,1,63,1,1,11,3,20,0,0,1,0,3,1,1,998,69,170,0,0,1,3,1,2,1,10,83,0,11,96,0,6,3,2020,6,19,2,9,3,2,1,6,10,0
61039,1,1,24,1,1,11,3,20,0,0,2,0,0,0,1,998,69,160,0,0,1,2,8,2,1,11,15,0,7,0,0,20,3,2020,6,17,2,12,2,2,1,1,10,0
61040,1,1,53,1,1,11,98,98,9,0,1,0,2,0,1,998,72,285,0,4,2,3,8,2,1,1,13,0,13,96,0,21,4,2020,3,0,2,33,1,1,4,3,1,4
61041,1,1,70,1,1,11,20,20,1,0,1,0,2,0,1,998,67,160,0,0,1,4,5,1,1,98,54,0,9,96,51,21,2,2020,6,15,2,12,1,1,1,1,1,4
61042,1,1,34,1,1,11,20,20,9,0,1,0,2,0,1,998,73,280,0,0,2,4,1,2,2,1,17,0,13,96,39,6,4,2020,2,9,2,12,2,2,1,1,2,4
61043,1,1,37,1,1,11,20,20,9,0,1,0,2,0,1,998,65,150,0,4,1,4,1,8,1,1,98,0,80,96,0,11,4,2020,7,18,2,1,1,1,1,1,1,4
61047,1,1,32,2,1,11,3,20,0,0,1,0,1,0,1,60,65,169,0,0,3,7,1,1,1,1,80,0,13,96,0,11,4,2020,7,0,2,8,1,1,1,2,1,0
61049,1,1,67,2,1,11,20,9,9,0,1,0,1,0,1,70,67,130,0,0,3,6,8,8,1,1,11,0,5,96,0,29,7,2020,4,12,2,12,1,1,2,1,1,4
61050,1,1,66,1,1,11,20,20,9,0,1,0,1,0,1,70,70,233,0,4,3,5,1,8,1,98,50,0,82,96,0,26,7,2020,1,16,2,1,1,1,1,1,1,4
61052,1,1,31,1,1,11,3,20,0,0,1,0,1,0,1,999,64,152,0,4,5,5,6,2,2,1,6,0,3,0,28,8,4,2020,4,7,2,12,1,1,1,1,2,4
61053,1,1,30,1,1,11,3,20,9,0,1,0,2,0,1,90,67,180,0,3,1,2,1,2,1,6,6,0,3,96,29,2,7,2020,5,12,2,12,1,1,1,1,1,4
61055,1,1,61,1,1,11,3,20,1,0,1,0,4,0,1,998,70,180,0,0,2,3,8,2,1,1,90,0,13,96,39,6,1,2020,2,17,2,10,6,1,1,5,1,4
61056,1,1,27,2,1,11,3,9,0,0,1,0,2,0,1,30,61,135,0,0,1,2,8,2,1,1,80,0,60,96,0,2,4,2020,5,20,2,8,1,1,1,3,1,0
61057,1,1,25,1,1,11,20,8,9,0,2,0,4,0,1,998,70,160,0,4,1,2,8,8,1,1,6,0,13,96,0,3,4,2020,6,2,2,14,1,1,2,2,1,4
61058,1,1,28,1,1,11,20,20,0,0,1,0,1,0,1,999,64,128,0,0,1,4,8,8,1,1,13,0,80,96,0,12,1,2020,1,10,2,30,1,1,4,1,1,4
61059,1,1,29,2,1,11,3,20,0,0,1,0,1,0,1,998,60,130,0,0,2,3,8,2,1,1,80,0,7,96,0,17,4,2020,6,21,2,8,3,3,1,3,1,0
61060,1,1,49,2,1,11,3,20,0,0,1,0,1,0,1,35,65,130,0,0,1,5,1,2,1,1,80,0,60,0,10,19,4,2020,1,1,2,8,3,2,1,3,1,0
61061,1,1,53,2,1,11,3,20,0,0,1,0,1,0,1,30,61,125,0,0,1,4,8,8,1,1,80,0,7,96,0,25,4,2020,7,7,2,8,1,1,1,1,1,0
61062,1,1,31,1,1,11,3,20,0,0,4,1,1,0,1,998,62,195,0,0,2,3,8,2,1,1,80,0,7,96,0,4,5,2020,2,0,2,8,1,1,1,3,1,0
61063,1,1,43,1,1,11,3,9,0,0,99,1,2,0,1,998,64,135,0,0,5,5,8,8,1,1,64,1,60,96,0,25,4,2020,7,20,2,12,1,1,1,6,1,0
61064,1,1,39,2,1,11,3,20,0,0,2,0,2,0,1,45,67,170,0,0,5,5,1,2,1,1,80,0,13,0,0,26,4,2020,1,21,2,8,1,1,1,3,1,0
61065,1,1,34,1,1,11,3,20,0,0,1,0,1,0,1,998,70,160,0,4,1,6,8,8,1,1,83,0,7,0,0,26,4,2020,1,22,2,15,3,2,1,3,1,0
61066,1,1,71,1,1,11,20,20,0,0,1,0,1,0,1,998,68,120,0,0,1,2,8,8,1,1,17,0,13,96,39,22,4,2020,4,11,2,12,2,2,1,1,1,4
61067,1,1,999,9,1,11,99,99,9,0,99,1,9,99,1,998,999,999,99,0,1,2,8,1,1,1,80,0,999,0,6,4,7,2020,7,20,2,8,3,2,1,1,1,9
61068,1,1,39,1,1,11,20,20,0,0,2,0,2,0,1,998,72,200,0,4,1,2,8,2,1,14,12,0,80,96,0,16,6,2020,3,0,2,24,1,1,4,2,1,2
61070,1,1,61,1,1,11,3,20,0,0,1,0,3,1,1,55,76,280,0,0,2,4,8,2,1,1,80,0,60,96,0,15,1,2020,4,19,2,8,3,2,1,3,1,0
61071,1,1,33,1,1,11,3,20,0,0,1,0,3,21,1,35,67,175,0,0,2,3,8,8,1,1,80,0,16,96,0,10,1,2020,6,17,2,8,1,1,1,3,1,0
61072,1,1,31,2,1,11,99,9,1,0,1,0,1,99,1,70,65,170,99,4,2,3,6,2,1,6,10,1,999,96,0,24,1,2020,6,21,2,12,1,1,1,3,1,3
61080,1,1,21,2,1,11,20,20,9,0,1,0,2,0,1,999,63,180,0,0,3,3,8,1,1,98,8,0,7,96,0,15,8,2020,7,5,2,24,1,1,4,3,1,4
61082,1,1,23,2,1,11,3,9,9,0,1,0,1,0,1,65,68,135,0,0,3,4,6,2,1,14,12,0,60,96,0,29,6,2020,2,14,2,25,1,1,3,1,1,4
61083,1,1,23,1,1,11,20,9,0,0,2,0,2,0,1,998,71,235,0,4,2,2,8,2,1,1,6,1,7,96,0,4,6,2020,5,23,2,33,1,1,4,3,1,4
61084,1,1,33,1,1,11,3,2,0,0,2,0,1,0,1,999,64,130,0,4,1,2,5,2,1,14,6,0,3,96,0,3,4,2020,6,15,2,12,1,1,1,1,1,0
61085,1,1,53,1,1,11,20,9,9,0,1,0,2,0,1,59,71,170,0,0,5,5,8,2,2,1,13,0,2,96,0,23,2,2020,1,2,2,33,1,1,4,3,2,4
61087,1,1,26,1,1,11,99,20,9,0,99,1,1,0,1,998,67,150,0,0,2,1,1,2,1,6,80,0,13,96,38,17,1,2020,6,15,2,8,3,3,1,1,1,0
61088,1,1,21,1,1,11,3,9,1,0,2,0,1,0,1,998,66,120,0,4,1,5,8,2,1,14,13,1,13,96,0,29,3,2020,1,4,2,59,3,4,4,3,1,1
61089,1,1,44,1,1,11,99,20,9,0,99,1,2,0,1,998,67,160,0,0,4,2,1,2,1,1,17,0,13,96,38,2,7,2020,5,18,2,12,2,2,1,1,1,9
61093,1,1,24,1,1,11,20,9,0,0,4,0,2,0,1,999,67,120,0,0,6,1,5,8,1,16,12,0,13,0,0,30,5,2020,7,1,2,43,5,1,4,2,1,4
61094,1,1,19,2,1,11,3,20,0,0,1,0,1,0,1,50,62,110,0,0,5,5,8,8,1,1,80,0,7,0,0,22,6,2020,2,21,2,8,1,1,1,2,1,2
61095,1,1,69,2,1,11,3,20,0,0,1,0,1,0,1,40,64,175,0,0,2,4,1,2,1,1,80,0,7,96,0,4,2,2020,3,6,2,8,3,2,1,4,1,0
61096,1,1,25,2,1,11,3,1,1,0,2,0,3,0,1,76,65,170,0,0,2,2,8,8,1,1,50,1,13,96,0,24,3,2020,3,9,2,14,1,1,1,1,1,2
61097,1,1,26,1,1,11,20,20,0,0,1,0,1,0,1,998,71,150,0,4,1,2,2,2,1,6,10,0,80,96,33,11,4,2020,7,16,2,12,1,1,1,1,1,4
61098,1,1,35,1,1,11,3,9,9,0,1,0,1,0,1,30,72,185,0,0,1,4,8,2,1,1,17,0,7,0,39,18,4,2020,7,17,2,12,2,2,1,1,1,0
61099,1,1,56,2,1,11,3,1,0,0,1,0,1,0,1,998,66,132,0,4,6,2,8,8,3,1,12,0,13,0,55,11,4,2020,7,17,2,25,3,3,4,1,1,4
61100,1,1,999,9,1,11,98,98,9,0,99,1,9,99,1,998,999,999,99,0,1,4,8,8,1,1,80,0,999,96,0,7,5,2020,5,1,2,8,1,1,1,3,1,9
61101,1,1,20,1,1,11,20,20,0,0,1,0,2,0,1,48,70,125,0,0,2,3,2,2,1,1,98,0,94,0,39,5,5,2020,3,16,2,1,2,2,1,1,1,4
61103,1,1,73,1,1,11,3,20,0,0,99,1,1,0,1,28,69,180,0,0,1,2,1,2,1,1,80,0,5,96,0,3,5,2020,1,5,2,8,1,1,1,2,1,0
61105,1,1,23,2,1,11,20,9,0,0,1,0,1,0,1,45,65,150,0,0,1,2,8,2,1,1,12,1,13,96,0,28,6,2020,1,4,2,18,1,1,7,3,1,4
61106,1,1,39,2,1,11,3,9,0,0,1,0,2,0,1,998,62,175,0,0,1,2,1,2,1,1,17,0,2,96,0,24,4,2020,6,11,2,12,2,2,1,1,1,4
61107,1,1,24,2,1,11,3,20,0,0,1,0,2,0,1,998,63,145,0,0,5,7,8,8,1,1,80,0,7,96,0,4,5,2020,2,20,2,8,1,1,1,3,1,0
61108,1,1,24,1,1,11,3,20,0,0,1,0,1,0,1,998,68,135,0,0,1,7,8,8,1,1,80,0,13,96,0,5,5,2020,3,5,2,8,3,2,1,3,1,2
61109,1,1,69,1,1,11,3,9,0,0,1,0,1,0,1,998,72,210,0,0,1,4,8,8,1,1,13,0,60,96,0,5,5,2020,3,9,2,42,1,1,4,1,1,4
61110,1,1,30,1,1,11,99,9,0,0,1,0,1,0,1,998,66,180,0,0,0,0,0,0,0,11,15,0,13,0,38,6,5,2020,4,16,2,12,4,1,1,1,1,0
61111,1,1,21,1,1,11,3,20,0,0,1,0,1,0,1,998,68,135,0,0,1,5,8,8,1,1,80,0,13,0,0,7,5,2020,5,21,2,8,1,1,1,3,1,0
61114,1,1,29,1,1,11,3,1,0,0,2,0,3,0,1,998,69,160,0,4,1,4,8,8,1,1,10,0,13,15,28,21,4,2020,3,12,2,12,2,3,1,1,1,1
61115,1,1,50,1,1,11,3,20,0,0,1,0,1,0,1,30,71,190,0,0,1,7,8,8,1,1,80,0,60,96,0,4,5,2020,2,3,2,15,1,1,1,3,1,0
61116,1,1,46,1,1,11,3,9,9,0,1,0,1,0,1,998,70,350,0,0,2,4,1,2,1,1,17,0,13,96,39,14,4,2020,3,5,2,12,2,2,1,4,1,4
61117,1,1,37,1,1,11,3,20,0,0,3,0,1,0,1,998,73,235,1,0,1,2,8,2,1,1,80,0,7,96,0,14,4,2020,3,21,2,18,1,1,1,2,1,0
61118,1,1,20,1,1,11,20,8,9,0,1,0,1,0,1,998,74,290,0,0,2,2,1,2,1,11,15,0,3,96,0,6,5,2020,4,22,2,33,3,2,4,3,1,4
61120,1,1,58,2,1,11,3,9,0,0,1,0,2,0,1,75,61,110,1,4,2,3,8,2,1,1,98,0,13,96,0,3,6,2020,4,5,2,18,1,1,1,4,1,0
61121,1,1,22,1,1,11,2,9,0,0,2,0,1,0,1,998,69,165,0,3,5,3,8,8,1,6,11,0,3,96,34,4,5,2020,2,11,2,14,1,1,7,1,1,0
61122,1,1,43,1,1,11,3,9,0,0,1,0,1,0,1,998,69,145,0,4,1,4,8,8,1,1,11,1,7,96,91,22,4,2020,4,20,2,8,1,1,7,3,1,1
61123,1,1,56,1,1,11,3,9,0,0,1,0,1,0,1,43,70,180,0,4,2,2,8,8,1,14,80,0,13,0,0,23,4,2020,5,6,2,8,1,1,1,1,1,2
61128,1,1,34,1,1,11,3,20,0,0,2,0,1,6,1,58,69,192,0,0,3,8,8,8,1,1,50,0,66,6,6,11,7,2020,7,16,2,12,1,1,1,1,1,0
61130,1,1,17,1,1,11,20,9,9,0,3,1,2,0,1,100,68,130,99,4,3,7,1,1,1,1,6,0,5,96,0,14,5,2020,5,22,2,33,1,1,4,2,1,0
61131,1,1,31,1,1,11,20,20,1,0,1,0,1,0,1,998,71,170,1,0,3,2,8,2,1,14,13,1,98,96,0,29,5,2020,6,22,2,38,1,1,5,2,1,4
61132,1,1,999,9,1,11,99,99,9,0,99,1,9,99,1,9,999,999,99,9,1,2,8,2,1,1,80,0,999,0,999,13,6,2020,7,20,2,8,3,2,1,2,1,0
61136,1,1,48,1,1,11,20,20,0,0,1,0,1,0,1,999,66,180,0,4,3,5,1,1,1,1,52,1,60,96,0,27,8,2020,5,17,2,12,1,1,1,1,1,4
61138,1,1,19,1,1,11,3,9,0,0,7,0,1,0,1,80,66,154,0,3,2,4,1,2,1,15,12,0,2,0,0,16,8,2020,1,16,2,42,1,1,3,1,1,2
61140,1,1,18,1,1,11,3,8,0,0,3,0,2,0,1,80,68,135,0,4,3,5,6,1,2,1,6,0,7,96,0,5,4,2020,1,21,2,39,1,1,4,3,2,0
61141,1,1,23,2,1,11,99,9,0,0,2,0,1,0,1,998,64,125,0,4,5,7,8,8,1,1,51,1,13,96,0,1,5,2020,6,19,2,12,1,1,1,3,1,4
61142,1,1,48,2,1,11,3,1,0,0,1,0,1,0,1,70,64,125,0,0,3,2,1,2,1,1,80,0,7,0,10,27,6,2020,7,22,2,8,1,1,1,2,1,1
61148,1,1,28,1,1,11,20,20,0,0,1,0,1,0,1,75,71,185,0,3,3,6,2,2,1,15,8,1,6,0,0,2,2,2020,1,21,2,1,1,1,1,3,1,4
61150,1,1,34,2,1,11,3,9,1,0,99,1,5,0,1,998,63,130,0,0,4,2,8,2,1,1,17,0,65,96,91,19,4,2020,1,3,2,12,2,2,1,3,1,2
61151,1,1,28,2,1,11,3,8,0,0,1,0,1,0,1,998,69,180,0,0,1,5,6,2,1,1,13,0,13,5,28,5,5,2020,3,20,2,33,3,2,4,3,1,2
61153,1,1,18,1,1,11,3,9,0,0,2,0,2,0,1,63,69,140,0,0,5,5,1,2,1,1,13,0,5,96,0,8,5,2020,6,6,2,38,1,1,4,1,1,2
61154,1,1,29,1,1,11,99,99,9,0,1,1,1,0,1,998,66,170,0,0,1,2,8,2,1,1,80,0,13,96,29,9,5,2020,7,19,2,8,1,1,2,1,1,9
61155,1,1,34,1,1,11,3,20,0,0,1,0,1,0,1,999,72,195,0,0,1,2,2,2,1,1,83,1,13,96,0,7,5,2020,5,19,2,9,2,3,1,2,1,2
61156,1,1,32,1,1,11,3,20,0,0,1,0,3,6,1,998,65,158,0,0,2,4,1,2,1,1,83,0,66,96,0,14,4,2020,3,16,2,9,3,2,1,1,1,0
61157,1,1,43,1,1,11,3,98,0,0,1,0,1,0,1,55,66,128,0,0,5,5,5,8,1,1,80,0,13,96,38,17,1,2020,6,22,2,8,1,1,1,3,1,0
61158,1,1,30,1,1,11,20,20,9,0,1,0,1,0,1,998,72,190,1,4,1,3,1,2,1,1,98,0,80,96,35,26,1,2020,1,16,2,54,1,1,1,1,1,4
61159,1,1,30,1,1,11,20,20,0,0,1,0,2,0,1,999,70,150,99,0,3,4,1,2,1,4,53,0,3,96,0,25,1,2020,7,1,2,12,1,1,1,2,1,4
61160,1,1,80,1,1,11,3,8,0,0,2,0,2,0,1,40,68,185,0,0,2,5,8,2,1,1,17,0,7,0,39,29,2,2020,7,10,2,12,2,2,1,1,1,2
61161,1,1,34,1,1,11,20,20,9,0,1,0,1,0,1,998,74,170,0,0,1,2,8,2,1,1,98,0,84,96,39,25,4,2020,7,19,2,54,2,2,1,3,1,4
61162,1,1,24,1,1,11,3,20,0,0,1,0,1,0,1,998,67,145,0,0,1,4,8,8,1,1,80,0,7,96,0,9,5,2020,7,21,2,8,1,1,1,3,1,0
61163,1,1,78,2,1,11,3,9,0,0,1,0,1,0,1,998,66,132,0,0,2,2,1,8,1,14,10,0,13,96,28,19,2,2020,4,16,2,12,1,1,1,1,1,1
61164,1,1,39,2,1,11,3,20,0,0,1,0,1,0,1,60,68,190,0,0,4,1,1,2,1,1,83,0,2,96,0,27,5,2020,4,9,2,9,16,1,1,1,1,0
61165,1,1,999,9,1,11,99,98,9,0,1,1,9,99,1,999,999,999,99,0,1,2,8,8,1,99,82,0,999,96,0,21,2,2020,6,19,2,8,98,98,98,3,1,9
61166,1,1,68,2,1,11,3,9,0,0,1,0,1,0,1,65,64,170,0,4,3,3,2,2,2,14,6,0,5,96,0,15,3,2020,1,10,2,25,1,1,4,1,2,4
61168,1,1,57,1,1,11,20,9,0,0,2,0,2,0,1,65,71,165,0,0,3,5,2,2,1,1,50,0,7,96,0,7,1,2020,3,21,2,12,1,1,1,2,1,1
61169,1,1,26,1,1,11,3,20,0,0,2,0,2,0,1,38,66,240,0,0,6,3,1,2,1,14,83,0,13,0,0,19,7,2020,1,23,2,9,20,1,1,2,1,0
61173,1,1,42,1,1,11,99,99,1,0,1,0,3,6,1,48,70,210,0,0,5,4,8,2,1,1,13,0,66,96,0,4,8,2020,3,18,2,30,1,1,4,1,1,4
61174,1,1,28,1,1,11,3,1,1,0,1,0,2,0,1,45,72,220,0,4,6,1,8,8,1,14,13,1,5,96,0,22,8,2020,7,7,2,43,5,1,4,1,5,4
61176,1,1,33,1,1,11,3,9,0,0,1,0,3,0,1,65,70,260,0,4,3,5,1,2,1,1,50,0,60,0,0,8,7,2020,4,4,2,12,1,1,1,2,1,0
61177,1,1,42,1,1,11,3,8,0,0,1,0,1,0,1,999,68,155,0,0,1,2,8,2,1,1,10,1,5,96,0,7,8,2020,6,9,2,12,1,1,1,1,1,4
61182,1,1,58,1,1,11,3,9,0,0,1,0,1,0,1,50,64,130,0,0,1,2,1,2,1,11,15,0,2,96,38,3,7,2020,6,18,2,12,2,3,1,1,1,1
61183,1,1,58,1,1,11,3,9,0,0,1,0,3,6,1,998,71,198,0,0,3,6,1,1,1,1,10,0,66,96,0,27,1,2020,2,20,2,12,1,1,1,3,1,4
61185,1,1,999,9,1,11,99,99,9,0,1,1,9,99,1,999,999,999,99,0,6,1,6,2,1,1,80,0,999,96,0,28,3,2020,7,0,2,8,5,1,1,2,10,0
61186,1,1,65,1,1,11,3,20,0,0,1,0,1,0,1,60,69,223,0,0,3,4,8,8,1,1,80,0,60,0,0,6,5,2020,4,4,2,8,1,1,1,3,1,0
61187,1,1,19,1,1,11,3,9,9,0,2,0,2,0,1,998,64,116,99,4,1,2,1,2,1,6,6,0,13,96,35,27,6,2020,7,20,2,12,1,1,1,5,1,2
61189,1,1,68,1,1,11,3,20,0,0,1,0,3,0,1,35,67,155,0,0,2,1,6,8,1,1,83,0,13,96,0,17,1,2020,6,6,2,9,1,1,1,3,1,0
61190,1,1,34,1,1,11,3,20,0,0,1,0,1,0,1,53,74,210,0,4,1,4,8,8,1,15,60,0,7,96,0,3,2,2020,2,22,2,12,3,2,1,3,1,0
61191,1,1,58,2,1,11,3,20,0,0,1,0,1,0,1,29,64,250,0,0,1,5,8,8,1,1,83,0,13,96,0,3,4,2020,6,18,2,9,8,1,1,1,1,0
61192,1,1,15,1,1,11,20,20,0,0,1,0,2,0,1,38,69,222,0,0,1,2,8,8,1,1,55,0,84,96,0,17,5,2020,1,16,2,12,2,2,1,1,1,4
61197,1,1,27,2,1,11,3,9,0,0,1,0,3,0,1,62,65,135,0,0,3,4,1,1,1,98,98,1,13,0,51,7,6,2020,1,3,2,12,1,1,1,3,1,3
61199,1,1,19,1,1,11,3,9,1,0,1,0,1,0,1,999,69,170,0,0,3,4,8,1,1,1,13,1,13,99,0,19,7,2020,1,0,2,33,19,1,4,2,1,4