ST_CASE,VEH_NO,PER_NO,AGE,SEX,PER_TYP,SEAT_POS,REST_USE,AIR_BAG,DRUGS,LOCATION,NUMOCCS,HIT_RUN,OWNER,V_CONFIG,HAZ_INV,TRAV_SP,DR_HGT,DR_WGT,PREV_SPD,SPEEDREL,VTRAFWAY,VNUM_LAN,VPROFILE,VPAVETYP,VSURCOND,P_CRASH1,P_CRASH2,DR_DRINK,VPICBODYCLASS,DRDISTRACT,DRIVERRF,DAY,MONTH,YEAR,DAY_WEEK,HOUR,RUR_URB,HARM_EV,RELJCT2,TYP_INT,REL_ROAD,LGT_COND,WEATHER,INJ_SEV
61200,1,1,33,2,1,11,3,9,0,0,1,0,1,0,1,998,68,200,0,0,1,5,8,8,1,11,15,1,7,96,91,10,5,2020,1,23,2,12,2,2,1,3,1,2
61201,1,1,27,1,1,11,3,9,1,0,1,0,1,0,1,998,71,185,0,0,1,4,8,2,1,1,10,0,13,96,28,12,5,2020,3,4,2,12,1,1,1,2,1,4
61202,1,1,23,1,1,11,99,20,0,0,99,1,1,0,1,998,72,165,0,0,2,5,1,8,1,1,83,1,13,96,0,5,5,2020,3,18,2,9,2,2,1,5,1,0
61203,1,1,45,1,1,11,3,20,9,0,6,1,1,0,1,50,74,250,0,0,1,2,1,2,1,1,80,0,9,96,0,12,5,2020,3,20,2,8,1,1,1,2,1,0
61206,1,1,58,1,1,11,20,20,8,0,1,0,0,0,1,25,65,190,1,4,8,8,8,8,98,1,14,0,127,96,999,4,2,2020,3,16,2,19,3,3,5,5,98,4
61207,1,1,28,1,1,11,99,9,0,0,99,0,1,0,1,998,68,140,0,4,1,4,8,8,2,1,10,1,13,96,28,5,4,2020,1,2,2,43,1,1,1,3,10,3
61208,1,1,66,1,1,11,3,20,0,0,1,0,1,0,1,23,67,200,0,0,1,2,8,8,1,1,80,0,13,0,0,8,5,2020,6,5,2,8,3,3,1,4,1,0
61209,1,1,999,9,1,11,99,99,9,0,99,1,9,99,1,999,999,999,99,0,6,2,8,1,1,1,80,0,999,0,36,3,6,2020,4,0,2,8,20,1,1,2,1,0
61211,1,1,24,1,1,11,20,20,0,0,1,0,1,0,1,999,64,110,0,0,3,5,8,1,1,1,12,1,80,96,0,5,3,2020,5,4,2,25,1,1,3,3,10,4
61212,1,1,19,2,1,11,3,9,0,0,2,0,2,0,1,65,66,134,0,4,3,2,1,1,1,14,51,0,60,0,0,15,7,2020,4,6,2,12,1,1,1,1,1,0
61213,1,1,20,1,1,11,3,99,0,0,4,0,2,0,1,999,74,145,0,4,3,2,8,2,1,1,6,0,7,96,0,5,7,2020,1,14,2,1,1,1,4,1,1,2
61217,1,1,39,1,1,11,3,20,0,0,1,0,1,0,1,8,73,210,0,0,5,5,8,8,1,10,80,0,60,0,999,22,4,2020,4,6,2,8,3,2,1,4,1,0
61218,1,1,65,1,1,11,3,20,0,0,1,0,2,0,1,998,69,180,0,0,2,5,8,2,1,1,80,0,13,96,0,2,5,2020,7,21,2,8,3,3,1,3,1,0
61219,1,1,38,2,1,11,98,9,1,0,2,1,1,0,1,998,66,135,0,4,5,5,6,2,1,1,13,1,7,96,0,13,5,2020,4,21,2,33,3,2,4,3,1,1
61220,1,1,26,1,1,11,3,9,0,0,99,1,1,0,1,998,71,180,1,4,1,2,8,8,1,1,6,1,3,96,0,10,5,2020,1,21,2,42,3,2,4,3,10,3
61221,1,1,35,1,1,11,20,8,1,0,1,0,1,0,1,998,75,170,0,4,1,2,1,2,1,14,6,1,13,96,0,11,5,2020,2,0,2,33,1,1,4,3,1,4
61222,1,1,29,1,1,11,3,20,0,0,1,0,1,0,1,998,68,195,0,0,8,8,8,8,1,1,80,0,5,96,0,8,5,2020,6,20,2,8,1,1,1,3,1,0
61223,1,1,999,9,1,11,98,98,9,0,99,1,9,99,1,999,999,999,99,0,5,5,1,2,1,1,80,0,999,96,999,12,5,2020,3,1,2,8,1,1,1,3,1,9
61224,1,1,28,1,1,11,3,20,0,0,1,0,1,0,1,998,73,215,0,0,1,2,8,8,1,1,83,1,13,96,0,13,5,2020,4,21,2,9,1,1,1,2,1,0
61225,1,1,71,1,1,11,3,20,9,0,1,0,1,0,1,998,66,139,0,0,2,4,8,8,1,1,17,0,7,96,39,15,5,2020,6,16,2,12,2,2,1,1,1,4
61226,1,1,28,2,1,11,3,1,0,0,1,0,2,0,1,998,64,205,0,4,1,4,1,2,1,1,10,0,7,96,51,14,5,2020,5,12,2,12,1,1,1,1,1,1
61229,1,1,57,2,1,11,3,20,0,0,2,0,1,0,1,999,60,203,0,0,3,5,1,1,1,15,10,0,119,0,27,1,4,2020,4,21,2,12,1,1,1,3,1,4
61231,1,1,31,1,1,11,2,9,0,0,1,0,1,0,1,998,66,180,0,0,2,2,8,8,1,1,12,1,13,96,0,14,5,2020,5,9,2,33,1,1,4,1,98,4
61232,1,1,26,1,1,11,3,20,0,0,1,0,4,1,1,23,70,156,0,0,5,5,8,8,1,1,80,0,11,96,0,6,3,2020,6,7,2,8,1,1,1,1,1,0
61233,1,1,38,1,1,11,20,20,0,0,1,0,1,0,1,63,74,235,0,4,2,2,8,8,1,1,17,0,85,96,0,4,3,2020,4,18,2,12,2,3,1,5,1,4
61234,1,1,64,2,1,11,3,20,0,0,2,0,1,0,1,40,59,180,0,0,2,3,1,8,1,1,80,0,7,96,60,11,9,2020,6,20,2,8,3,3,1,2,1,0
61238,1,1,71,1,1,11,3,20,0,0,2,0,2,0,1,35,70,198,0,0,1,4,8,1,1,1,80,0,7,0,0,2,7,2020,5,21,2,8,1,1,1,3,1,0
61242,1,1,56,1,1,11,3,20,0,0,1,0,1,19,1,65,69,185,3,0,3,3,8,1,1,1,80,0,66,96,0,9,8,2020,1,5,2,8,1,1,1,2,1,0
61243,1,1,22,2,1,11,20,20,9,0,2,0,1,0,1,48,68,155,0,0,1,4,8,2,1,1,62,0,98,96,0,16,2,2020,1,20,2,12,2,3,1,3,1,4
61244,1,1,46,1,1,11,3,9,0,0,1,0,1,0,1,998,69,225,1,0,1,2,8,8,1,11,15,0,13,96,39,24,4,2020,6,7,2,12,2,3,1,1,1,0
61245,1,1,32,1,1,11,3,20,9,0,1,0,1,0,1,998,74,225,0,4,1,2,8,2,1,1,6,0,3,96,0,13,5,2020,4,16,2,1,1,1,4,1,1,4
61247,1,1,27,1,1,11,20,20,9,0,1,0,2,0,1,998,68,180,0,4,1,2,1,8,1,6,17,0,80,96,35,20,2,2020,5,14,2,12,2,2,1,1,1,4
61248,1,1,69,1,1,11,3,9,0,0,1,0,1,0,1,998,69,190,0,0,1,2,8,2,1,1,66,1,9,0,39,2,9,2020,4,18,2,12,2,2,1,1,1,4
61249,1,1,35,1,1,11,20,20,0,0,1,0,2,0,1,999,72,250,0,0,1,2,8,8,1,1,98,1,81,96,0,4,9,2020,6,4,2,1,1,1,1,3,1,4
61252,1,1,61,1,1,11,3,20,0,0,2,0,1,0,1,65,70,200,0,0,3,6,6,1,1,1,90,0,13,0,0,17,8,2020,2,15,2,18,1,1,1,1,1,0
61253,1,1,31,1,1,11,99,99,9,0,99,1,2,0,1,999,67,165,0,0,1,2,1,2,1,14,80,0,13,96,0,14,7,2020,3,19,2,8,1,1,2,5,1,0
61256,1,1,23,2,1,11,3,20,0,0,2,0,2,0,1,65,63,125,1,0,3,4,1,1,1,1,80,0,3,0,0,27,7,2020,2,23,2,8,18,1,1,2,1,0
61257,1,1,59,1,1,11,3,8,9,0,1,0,1,0,1,999,72,195,0,0,3,4,1,1,1,1,12,0,3,99,0,1,8,2020,7,17,2,25,19,1,3,1,1,4
61260,1,1,32,1,1,11,3,20,0,0,1,0,3,1,1,55,71,280,0,4,3,6,1,8,1,1,51,0,11,96,0,10,5,2020,1,13,2,12,1,1,1,1,1,0
61263,1,1,66,1,1,11,3,9,9,0,1,0,1,0,1,85,67,145,0,4,1,2,8,2,1,14,10,1,13,96,0,24,8,2020,2,18,2,12,1,1,1,1,1,4
61265,1,1,71,1,1,11,3,20,0,0,1,0,1,0,1,6,72,230,0,0,5,5,8,2,1,11,15,0,60,96,38,17,4,2020,6,19,2,12,2,2,1,1,1,0
61266,1,1,25,1,1,11,20,1,1,0,3,0,1,0,1,999,66,160,0,0,3,4,1,1,1,1,12,1,13,0,28,13,3,2020,6,23,2,25,1,1,3,2,1,4
61267,1,1,34,1,1,11,20,9,9,0,1,0,0,0,1,998,70,135,0,4,1,2,5,2,1,14,6,0,13,0,37,25,2,2020,3,13,2,30,1,1,4,1,1,4
61268,1,1,39,1,1,11,20,9,0,0,1,0,2,0,1,999,69,250,0,4,3,4,1,8,1,1,51,1,7,96,0,22,7,2020,4,21,2,12,18,1,1,3,1,4
61269,1,1,22,1,1,11,3,9,1,0,1,0,1,0,1,998,69,170,0,4,5,5,1,2,1,1,12,1,3,96,28,17,4,2020,6,0,2,33,1,1,4,3,10,4
61270,1,1,43,1,1,11,3,20,1,0,1,0,1,0,1,55,69,210,1,4,1,2,8,8,1,1,11,0,5,0,0,26,4,2020,1,4,2,8,1,1,2,3,1,2
61271,1,1,22,1,1,11,3,20,0,0,1,0,1,0,1,30,74,180,0,0,2,4,8,8,1,1,80,0,7,5,0,13,5,2020,4,20,2,8,1,1,1,3,1,0
61275,1,1,51,1,1,11,20,20,0,0,1,0,1,0,1,998,68,190,0,0,3,5,5,1,1,98,11,1,80,96,31,29,7,2020,4,23,2,12,1,1,1,3,10,4
61276,1,1,29,1,1,11,20,99,9,0,3,0,4,0,1,998,74,200,1,4,3,2,8,2,1,14,13,0,7,96,6,2,8,2020,1,0,2,1,1,1,4,2,1,4
61277,1,1,999,9,1,11,99,99,9,0,99,1,9,99,1,998,999,999,99,0,3,3,8,2,1,1,80,0,999,96,6,10,8,2020,2,2,2,8,1,1,1,3,1,0
61279,1,1,26,2,1,11,99,20,0,0,1,0,2,0,1,999,61,140,0,0,3,5,1,1,1,98,98,0,13,96,0,28,5,2020,5,4,2,2,1,1,4,2,1,4
61280,1,1,30,1,1,11,20,20,9,0,1,0,2,0,1,75,70,230,0,0,3,7,1,1,1,1,98,0,82,0,0,25,8,2020,3,22,2,1,1,1,1,3,1,4
61283,1,1,52,2,1,11,3,9,0,0,1,0,2,0,1,72,68,150,0,4,3,4,1,1,1,1,50,1,60,96,0,5,7,2020,1,0,2,12,1,1,1,2,1,3
61286,1,1,28,1,1,11,20,20,9,0,1,0,1,0,1,998,71,200,0,4,2,2,8,2,1,1,72,0,60,0,38,12,5,2020,3,18,2,12,8,1,1,1,1,4
61287,1,1,62,1,1,11,3,20,0,0,1,0,1,0,1,45,72,175,0,0,5,5,1,2,1,1,80,0,13,96,0,4,5,2020,2,20,2,8,1,1,11,2,1,0
61288,1,1,64,2,1,11,3,20,0,0,1,0,2,0,1,43,66,150,0,0,2,1,5,2,1,1,80,1,2,93,999,13,5,2020,4,10,2,8,1,1,1,1,1,0
61290,1,1,51,1,1,11,3,20,0,0,1,0,1,0,1,13,67,150,0,4,1,2,8,2,1,1,80,0,7,96,0,10,7,2020,6,7,2,8,1,1,1,1,1,0
61294,1,1,38,2,1,11,20,9,9,0,1,0,1,0,1,998,67,271,0,0,1,2,8,2,1,1,13,1,60,96,0,19,5,2020,3,15,2,1,1,1,4,1,1,4
61295,1,1,80,1,1,11,3,8,0,0,2,0,0,0,1,75,69,146,0,4,5,5,6,2,1,14,13,0,13,96,36,21,5,2020,5,10,2,33,1,1,4,1,1,4
61296,1,1,999,9,1,11,99,20,9,0,1,1,9,99,1,998,999,999,99,0,8,8,8,8,1,1,80,0,999,96,0,17,5,2020,1,5,2,8,1,1,1,1,1,9
61297,1,1,51,1,1,11,99,98,9,0,1,0,1,0,1,998,71,205,0,0,5,5,2,1,1,14,13,1,3,96,0,21,5,2020,5,11,2,33,1,1,4,1,1,4
61298,1,1,25,1,1,11,3,20,0,0,2,0,1,0,1,998,69,147,0,4,2,2,6,8,1,1,80,1,3,96,0,18,5,2020,2,2,2,8,1,1,1,3,1,0
61299,1,1,55,2,1,11,3,9,0,0,1,0,1,0,1,998,60,125,0,0,2,8,8,2,2,1,12,0,13,96,0,18,5,2020,2,6,2,33,1,1,3,1,2,4
61300,1,1,74,1,1,11,3,20,0,0,1,0,1,0,1,998,72,185,0,0,1,8,8,8,1,10,80,0,13,96,0,19,5,2020,3,12,2,8,3,2,1,1,1,0
61301,1,1,57,1,1,11,3,9,9,0,1,0,1,0,1,25,69,220,0,0,1,2,8,2,1,1,10,0,7,19,51,21,5,2020,5,10,2,12,1,1,1,1,98,4
61302,1,1,36,1,1,11,3,9,0,0,3,0,1,0,1,65,74,175,0,0,1,2,8,2,1,1,80,0,3,96,0,16,5,2020,7,1,2,8,1,1,1,2,1,0
61303,1,1,33,1,1,11,20,20,0,0,1,0,1,0,1,998,67,160,1,4,1,6,8,8,1,1,13,1,94,96,0,22,5,2020,6,1,2,33,1,1,4,3,1,4
61304,1,1,20,2,1,11,20,9,9,0,1,0,2,0,1,998,62,150,0,5,1,2,8,1,1,1,6,1,13,96,58,10,5,2020,1,19,2,38,1,1,4,2,1,4
61305,1,1,26,1,1,11,3,9,1,0,2,0,2,0,1,45,70,185,0,0,1,4,8,8,1,1,13,0,13,96,4,12,5,2020,3,20,2,33,1,1,4,3,1,2
61307,1,1,49,2,1,11,3,8,0,0,1,0,1,0,1,998,69,130,0,0,1,5,8,2,1,11,15,0,13,96,38,23,5,2020,7,10,2,12,2,2,1,1,1,1
61308,1,1,25,2,1,11,3,20,0,0,1,0,1,0,1,998,67,140,0,0,2,4,1,8,1,1,80,0,3,96,0,18,5,2020,2,22,2,8,3,2,1,3,10,0
61309,1,1,44,2,1,11,20,9,0,0,1,0,1,0,1,998,64,145,0,0,1,2,2,1,1,14,12,1,13,96,0,7,3,2020,7,2,2,59,1,1,4,2,1,4
61310,1,1,999,1,1,11,99,9,9,0,3,1,9,0,1,998,999,999,99,0,1,4,1,2,1,1,13,0,1,96,0,19,5,2020,3,7,2,14,1,1,7,1,1,9
61314,1,1,25,1,1,11,3,20,0,0,2,0,1,0,1,75,69,150,0,0,3,3,8,2,1,14,80,0,13,0,0,25,7,2020,7,22,2,8,18,1,1,2,1,2
61315,1,1,22,1,1,11,3,9,0,0,2,0,2,0,1,999,65,130,0,4,3,3,8,8,1,15,50,1,3,0,0,3,9,2020,5,2,2,12,18,1,1,3,1,4
61319,1,1,69,1,1,11,20,20,9,0,1,0,2,0,1,999,74,200,0,0,1,2,2,2,1,1,9,0,80,96,0,12,9,2020,7,7,2,1,1,1,1,1,1,4
61321,1,1,20,1,1,11,20,20,1,0,1,0,2,0,1,60,73,195,3,0,3,3,8,2,1,1,98,0,80,0,28,22,7,2020,4,14,2,1,1,1,1,1,1,4
61323,1,1,64,1,1,11,20,9,1,0,1,0,1,0,1,65,69,182,0,0,3,3,1,8,1,1,12,0,13,96,0,21,8,2020,6,22,2,25,19,1,3,3,1,4
61325,1,1,31,2,1,11,20,20,0,0,2,0,1,0,1,999,61,155,0,0,3,2,8,2,1,1,12,1,7,96,0,22,8,2020,7,23,2,24,19,1,3,3,1,4
61327,1,1,51,1,1,11,3,20,0,0,2,0,3,6,1,55,67,185,0,0,3,4,8,1,1,1,80,0,66,0,0,10,9,2020,5,2,2,8,18,1,1,3,1,0
61328,1,1,20,1,1,11,3,9,0,0,1,0,2,0,1,998,73,150,1,3,1,4,8,2,1,14,6,1,13,96,58,4,5,2020,2,22,2,30,1,1,4,2,1,4
61333,1,1,66,1,1,11,3,20,0,0,1,0,1,0,1,58,63,178,0,0,3,4,1,8,1,1,80,0,13,96,0,5,5,2020,3,2,2,8,1,1,1,3,1,0
61335,1,1,41,1,1,11,3,99,0,0,1,0,1,0,1,100,75,240,0,5,3,2,6,2,1,14,6,1,13,96,27,30,8,2020,1,6,2,1,1,1,4,4,1,4
61338,1,1,20,1,1,11,20,20,9,0,1,0,2,0,1,65,73,170,0,4,3,6,8,2,1,1,50,0,80,0,0,7,5,2020,5,6,2,12,1,1,1,1,1,4
61339,1,1,18,2,1,11,3,20,9,0,1,0,2,0,1,0,68,170,0,0,3,3,6,1,1,7,53,0,3,96,0,14,5,2020,5,22,2,12,1,1,1,2,1,4
61341,1,1,33,2,1,11,20,9,9,0,1,0,2,0,1,999,69,260,0,0,6,1,8,8,1,98,13,0,13,96,0,7,5,2020,5,4,2,33,5,1,8,3,1,4
61342,1,1,22,1,1,11,20,8,0,0,1,0,1,0,1,55,70,205,1,0,3,2,1,2,1,14,13,1,13,96,0,20,6,2020,7,0,2,33,1,1,4,3,1,4
61343,1,1,60,1,1,11,20,9,9,0,1,0,1,0,1,100,72,200,0,0,3,4,6,2,1,14,13,1,13,96,0,11,7,2020,7,17,2,42,1,1,4,1,1,4
61344,1,1,42,2,1,11,3,20,0,0,1,0,1,0,1,60,59,190,1,0,3,6,1,1,1,14,80,0,5,0,0,12,5,2020,3,21,2,8,1,1,1,3,1,0
61345,1,1,51,1,1,11,3,20,1,0,1,0,2,0,1,999,68,200,0,0,6,1,1,2,1,14,12,1,60,96,0,10,7,2020,6,19,2,42,5,1,3,1,1,4
61346,1,1,46,1,1,11,3,20,0,0,1,0,1,0,1,30,69,180,0,0,1,5,8,1,1,1,80,0,13,0,0,25,6,2020,5,20,2,8,1,1,1,3,1,0
61349,1,1,31,2,1,11,20,20,1,0,1,0,1,0,1,998,59,185,0,0,3,3,1,2,2,2,98,0,13,0,24,26,1,2020,1,0,2,12,1,1,1,2,2,4
61350,1,1,63,1,1,11,3,20,0,0,1,0,1,0,1,998,76,228,0,0,8,8,8,8,1,11,80,0,60,96,38,21,2,2020,6,8,2,8,3,2,1,1,1,0
61351,1,1,40,1,1,11,99,20,9,0,1,0,2,0,1,998,73,190,0,0,4,3,8,8,1,11,80,0,60,96,38,1,3,2020,1,7,2,8,3,2,1,1,10,0
61352,1,1,29,1,1,11,99,20,1,0,1,0,2,0,1,999,72,200,1,0,5,5,8,8,1,1,80,0,7,96,0,7,3,2020,7,23,2,8,1,1,1,2,1,0
61354,1,1,42,1,1,11,3,20,0,0,1,0,1,0,1,61,70,180,0,0,3,5,1,8,1,1,80,0,9,96,0,26,7,2020,1,0,2,8,1,1,1,3,1,0
61355,1,1,28,1,1,11,3,9,1,0,2,0,2,0,1,998,71,175,0,4,2,6,8,2,1,1,6,0,13,96,0,20,9,2020,1,5,2,33,1,1,3,4,10,3
61358,1,1,23,2,1,11,20,9,0,0,1,0,1,0,1,70,66,175,0,0,3,4,8,2,1,1,13,1,13,96,28,7,6,2020,1,6,2,24,1,1,4,4,1,4
61361,1,1,37,1,1,11,3,9,0,0,1,0,1,0,1,98,72,180,0,4,2,4,8,2,1,14,10,0,13,96,0,19,8,2020,4,1,2,12,1,1,1,6,1,4
61362,1,1,68,1,1,11,3,20,0,0,1,0,1,0,1,68,65,195,0,4,3,5,5,1,1,1,52,0,60,0,0,2,9,2020,4,6,2,12,18,1,1,4,1,0
61363,1,1,22,1,1,11,20,20,9,0,4,0,2,0,1,999,68,145,0,9,1,2,1,2,1,1,13,1,13,96,0,6,6,2020,7,16,2,38,1,1,4,1,1,4
61367,1,1,30,1,1,11,20,20,9,0,1,0,2,0,1,999,67,170,2,0,1,2,8,8,1,14,12,1,15,96,0,23,8,2020,1,99,2,34,1,1,4,2,1,4
61368,1,1,64,1,1,11,3,20,0,0,1,0,2,0,1,43,69,180,0,0,1,2,8,8,1,1,80,0,13,0,0,8,8,2020,7,21,2,8,1,1,1,2,1,0
61369,1,1,51,1,1,11,3,98,0,0,1,0,3,1,1,999,72,200,0,0,6,2,6,8,1,14,80,0,11,0,39,17,7,2020,6,14,2,8,3,3,1,1,1,3
61371,1,1,55,1,1,11,20,20,1,0,1,0,2,0,1,999,63,130,0,0,1,2,8,8,1,10,8,0,12,96,0,2,8,2020,1,4,2,1,2,3,1,2,1,4
61378,1,1,50,1,1,11,3,20,0,0,1,0,3,4,1,55,69,225,0,0,3,4,8,8,1,1,53,0,65,96,0,19,8,2020,4,11,2,12,1,1,1,1,1,0
61379,1,1,29,2,1,11,3,20,0,0,1,0,1,0,1,65,62,131,0,0,3,5,8,1,1,1,80,0,13,0,0,23,7,2020,5,23,2,8,18,1,1,3,1,0
61380,1,1,21,1,1,11,3,1,1,0,1,0,1,0,1,75,67,150,0,3,2,2,1,2,1,1,12,1,7,96,28,3,3,2020,3,15,2,12,1,1,1,1,1,3
61381,1,1,40,1,1,11,20,9,9,0,1,0,2,0,1,999,63,180,0,9,1,4,1,2,1,1,13,0,3,0,0,7,6,2020,1,8,2,38,1,1,4,1,1,4
61382,1,1,40,1,1,11,3,9,1,0,2,0,4,0,1,998,70,180,0,0,8,8,8,8,1,1,54,0,13,96,51,16,1,2020,5,3,2,12,1,1,1,2,10,4
61384,1,1,62,2,1,11,99,9,0,0,99,1,1,0,1,998,62,145,0,0,1,2,8,8,2,98,10,1,7,96,51,14,3,2020,7,19,2,12,1,1,1,5,2,2
61385,1,1,37,1,1,11,20,9,1,0,1,0,1,0,1,60,67,175,0,4,2,2,1,2,1,15,6,1,60,96,58,21,4,2020,3,22,2,24,3,3,4,3,1,4
61386,1,1,38,2,1,11,3,20,1,0,1,0,1,0,1,50,62,105,0,0,1,2,8,8,1,1,80,0,7,96,0,5,4,2020,1,4,2,8,1,1,1,2,1,0
61388,1,1,32,1,1,11,3,9,0,0,1,0,2,0,1,35,70,180,0,0,1,2,8,8,1,11,15,0,7,96,39,30,4,2020,5,14,2,12,2,3,1,1,1,1
61389,1,1,25,1,1,11,3,1,0,0,2,0,2,0,1,65,69,189,0,0,3,6,1,8,1,1,13,1,13,3,0,28,7,2020,3,19,2,24,1,1,4,1,1,3
61390,1,1,999,9,1,11,99,98,9,0,1,1,9,99,1,998,999,999,99,0,5,7,8,2,1,1,80,0,999,96,0,3,2,2020,2,2,2,8,1,1,1,3,1,9
61393,1,1,999,9,1,11,99,98,9,0,1,1,9,99,1,998,999,999,99,0,2,2,8,8,1,14,80,0,999,96,0,23,5,2020,7,20,2,8,1,1,1,2,1,9
61397,1,1,18,1,1,11,3,2,0,0,2,0,2,0,1,70,67,185,99,0,3,3,1,1,1,1,8,1,5,96,0,9,5,2020,7,2,2,52,1,1,4,2,1,4
61398,1,1,52,1,1,11,3,20,0,0,1,0,1,0,1,35,67,230,0,0,1,2,1,2,1,1,80,0,60,0,0,24,7,2020,6,20,2,8,3,2,1,2,1,0
61399,1,1,999,9,1,11,99,98,9,0,1,1,9,0,1,998,999,999,99,0,2,4,8,2,1,1,80,0,13,96,0,23,4,2020,5,20,2,8,1,1,1,3,1,9
61400,1,1,21,1,1,11,3,20,0,0,3,0,2,0,1,55,69,148,0,0,5,5,1,2,1,1,80,0,5,96,0,23,5,2020,7,21,2,8,1,1,1,2,1,0
61403,1,1,999,9,1,11,99,99,9,0,99,1,9,99,1,999,999,999,99,0,5,5,1,2,1,1,80,0,999,96,0,7,7,2020,3,21,2,8,1,1,1,3,1,9
61404,1,1,67,1,1,11,99,20,9,0,99,1,1,0,1,998,68,212,0,0,1,4,1,2,1,15,80,0,60,0,0,1,9,2020,3,20,2,8,3,2,1,3,1,0
61409,1,1,35,1,1,11,20,20,0,0,1,0,1,0,1,55,70,180,0,0,1,2,5,2,1,6,98,0,98,0,0,29,9,2020,3,17,2,1,1,1,1,5,1,4
61410,1,1,28,1,1,11,3,8,1,0,1,0,1,0,1,95,72,195,0,3,3,6,8,1,1,1,13,0,13,96,0,12,9,2020,7,8,2,30,1,1,4,1,10,4
61414,2,1,34,1,1,11,3,9,0,0,1,0,2,0,1,75,75,199,1,4,3,4,8,2,1,14,80,0,13,0,0,11,4,2020,7,23,2,8,1,1,1,2,1,0
61417,1,1,31,1,1,11,20,20,0,0,2,0,1,1,1,999,72,158,0,0,1,2,8,2,1,14,98,1,63,96,28,16,7,2020,5,20,2,1,1,1,1,5,1,4
61419,1,1,24,1,1,11,3,20,0,0,3,0,2,0,1,35,66,140,0,0,1,5,8,2,1,1,80,0,8,96,0,20,9,2020,1,19,2,8,3,3,1,5,1,0
61420,1,1,19,1,1,11,3,20,0,0,1,0,2,0,1,35,72,170,0,0,2,5,1,8,1,1,80,0,60,96,0,30,8,2020,1,18,2,8,1,1,1,1,1,0
61421,1,1,37,1,1,11,20,20,0,0,1,0,2,0,1,998,68,165,0,4,3,3,1,2,1,1,51,1,80,96,0,31,7,2020,6,21,2,12,1,1,1,3,1,4
61424,1,1,27,1,1,11,3,20,0,0,2,0,1,0,1,999,69,175,0,0,2,2,1,1,1,1,12,1,13,96,0,23,2,2020,1,0,2,33,1,1,4,2,1,4
61427,1,1,62,1,1,11,20,20,0,0,1,0,1,0,1,998,71,220,0,4,3,7,6,8,1,1,50,0,81,96,0,13,5,2020,4,5,2,12,1,1,1,3,1,4
61428,1,1,48,1,1,11,20,20,0,0,1,0,3,0,1,40,71,200,0,0,1,2,5,2,1,6,10,0,80,96,35,18,9,2020,6,14,2,12,8,1,1,1,1,4
61429,1,1,22,1,1,11,20,9,9,0,1,0,1,0,1,88,70,175,0,4,2,2,1,2,1,15,51,0,13,96,27,14,9,2020,2,19,2,12,1,1,1,5,1,4
61431,1,1,63,1,1,11,3,9,0,0,1,0,3,0,1,70,75,215,0,0,3,3,8,8,1,1,13,0,60,96,0,11,8,2020,3,8,2,21,1,1,4,1,1,4
61435,1,1,24,1,1,11,3,1,0,0,1,0,1,0,1,70,73,285,0,0,3,5,8,2,1,1,80,0,13,0,0,23,7,2020,5,23,2,8,1,1,1,2,1,0
61436,1,1,34,1,1,11,3,20,0,0,1,0,2,0,1,35,72,190,0,0,1,4,1,2,1,11,17,0,60,96,38,13,1,2020,2,6,2,12,2,2,1,1,1,0
61437,1,1,47,1,1,11,20,20,9,0,1,0,1,0,1,65,69,198,1,0,3,5,8,1,1,1,8,0,94,96,0,2,8,2020,1,17,2,1,1,1,1,1,1,4
61438,1,1,53,1,1,11,20,20,9,0,1,0,2,0,1,68,73,230,0,0,3,5,8,8,1,1,12,0,12,96,0,8,9,2020,3,17,2,24,1,1,3,1,10,4
61439,1,1,32,1,1,11,20,20,9,0,1,0,1,0,1,80,70,165,2,4,3,3,1,2,1,1,9,0,80,96,28,17,9,2020,5,16,2,12,1,1,1,1,1,4
61440,1,1,999,9,1,11,99,99,9,0,1,1,9,99,1,70,999,999,99,0,3,5,8,8,1,14,80,0,999,96,0,29,4,2020,4,4,2,8,1,1,1,3,1,0
61441,1,1,21,1,1,11,2,20,0,0,1,0,2,0,1,998,68,155,0,0,6,2,8,8,1,14,13,1,3,96,0,11,2,2020,3,2,2,35,5,1,4,3,1,4
61444,1,1,17,1,1,11,99,9,0,0,2,0,2,0,1,998,71,225,99,4,2,3,8,2,1,1,63,1,13,96,39,20,3,2020,6,13,2,12,4,1,1,1,10,2
61445,1,1,30,2,1,11,99,9,1,0,3,0,1,0,1,998,63,240,1,4,5,5,8,8,2,1,6,0,13,96,28,6,4,2020,2,14,2,12,1,1,1,1,2,4
61446,1,1,64,1,1,11,3,20,0,0,1,0,1,0,1,998,69,147,0,0,8,8,8,8,1,10,80,0,5,96,0,26,5,2020,3,12,2,8,3,2,1,1,1,0
61447,1,1,19,2,1,11,3,9,0,0,4,0,2,0,1,998,70,290,0,4,3,4,6,8,1,15,6,0,7,96,0,16,6,2020,3,20,2,25,1,1,4,3,1,4
61448,1,1,30,1,1,11,99,20,1,0,99,1,2,0,1,998,70,145,1,0,2,2,6,8,1,1,83,0,13,96,0,26,5,2020,3,19,2,9,3,3,1,1,1,0