ST_CASE,VEH_NO,PER_NO,AGE,SEX,PER_TYP,SEAT_POS,REST_USE,AIR_BAG,DRUGS,LOCATION,NUMOCCS,HIT_RUN,OWNER,V_CONFIG,HAZ_INV,TRAV_SP,DR_HGT,DR_WGT,PREV_SPD,SPEEDREL,VTRAFWAY,VNUM_LAN,VPROFILE,VPAVETYP,VSURCOND,P_CRASH1,P_CRASH2,DR_DRINK,VPICBODYCLASS,DRDISTRACT,DRIVERRF,DAY,MONTH,YEAR,DAY_WEEK,HOUR,RUR_URB,HARM_EV,RELJCT2,TYP_INT,REL_ROAD,LGT_COND,WEATHER,INJ_SEV
61449,1,1,18,1,1,11,3,20,0,0,1,0,1,0,1,50,67,155,0,0,2,3,8,2,1,1,80,0,5,96,0,27,5,2020,4,5,2,8,3,2,1,4,1,0
61450,1,1,50,1,1,11,3,20,0,0,1,0,1,0,1,45,69,176,0,0,3,4,8,2,1,1,80,0,7,0,0,27,5,2020,4,21,2,8,1,1,1,3,10,0
61451,1,1,31,1,1,11,3,20,9,0,1,1,2,0,1,998,72,200,0,0,5,5,8,2,1,1,80,0,13,96,0,27,5,2020,4,21,2,8,1,1,1,3,1,0
61452,1,1,38,1,1,11,3,20,0,0,2,0,3,0,1,18,73,200,4,0,5,5,8,2,1,11,15,0,65,96,38,28,5,2020,5,6,2,12,8,1,1,1,1,0
61453,1,1,18,1,1,11,3,9,1,0,2,0,2,0,1,18,69,180,0,4,5,5,8,8,1,1,13,0,13,96,0,24,5,2020,1,5,2,14,1,1,7,3,1,1
61454,1,1,74,1,1,11,2,20,9,0,1,0,1,0,1,998,68,250,0,0,2,4,8,8,1,11,15,0,15,96,38,28,5,2020,5,13,2,12,2,2,1,1,1,4
61455,1,1,28,1,1,11,3,20,0,0,1,0,2,0,1,50,72,240,0,0,2,6,8,8,1,1,80,0,7,96,0,4,5,2020,2,22,2,8,3,2,1,3,10,0
61456,1,1,35,1,1,11,3,20,0,0,1,0,2,1,1,998,73,190,1,0,1,7,8,8,1,11,15,0,11,96,38,28,5,2020,5,18,2,12,2,2,1,1,10,0
61457,1,1,53,1,1,11,3,20,0,0,1,0,3,6,2,998,72,250,0,4,3,3,1,8,1,1,50,0,66,96,0,5,4,2020,1,5,2,12,1,1,1,2,1,0
61460,1,1,30,1,1,11,20,20,9,0,1,0,3,0,1,999,68,180,0,0,1,2,1,2,1,1,17,1,86,96,39,24,5,2020,1,20,2,12,2,2,1,1,1,4
61461,1,1,25,1,1,11,3,1,1,0,2,0,2,0,1,998,75,175,0,4,2,8,8,8,98,1,12,0,60,96,0,7,6,2020,1,4,2,33,3,2,3,3,1,4
61463,1,1,19,1,1,11,20,20,0,0,1,0,2,0,1,998,68,150,3,4,1,2,8,2,1,14,13,1,80,96,0,5,9,2020,7,23,2,1,1,1,4,2,1,4
61464,1,1,48,1,1,11,20,20,0,0,1,0,2,0,1,998,72,265,0,4,6,1,8,2,1,14,6,1,80,0,0,28,5,2020,5,20,2,1,20,1,1,1,1,4
61465,1,1,42,1,1,11,3,8,0,0,1,0,1,0,1,70,65,175,0,0,3,6,6,1,1,14,54,1,60,96,51,16,2,2020,1,2,2,12,1,1,1,3,1,2
61466,1,1,30,1,1,11,3,99,1,0,1,0,1,0,1,998,72,185,0,0,3,5,6,2,1,1,53,0,3,96,23,29,2,2020,7,23,2,12,1,1,1,3,1,4
61468,1,1,63,1,1,11,3,9,0,0,1,0,1,0,1,30,69,197,0,4,2,2,2,2,1,1,52,0,2,96,0,31,3,2020,3,15,2,12,1,1,1,1,10,1
61469,1,1,48,2,1,11,3,9,0,0,2,0,1,0,1,38,66,145,0,4,1,2,8,2,1,1,6,1,3,96,0,23,5,2020,7,20,2,12,1,1,1,5,1,4
61470,1,1,22,1,1,11,20,9,1,0,2,0,1,0,1,100,66,165,1,4,5,5,8,2,1,14,12,1,13,96,51,7,6,2020,1,6,2,33,1,1,4,1,1,3
61471,1,1,72,1,1,11,3,20,0,0,1,0,1,0,1,43,70,195,0,0,2,4,6,2,1,1,81,0,7,96,0,5,3,2020,5,9,2,9,1,1,1,1,1,0
61474,1,1,74,1,1,11,20,20,0,0,1,0,1,0,1,70,69,165,0,0,2,2,8,2,1,1,9,0,81,96,0,26,9,2020,7,15,2,1,1,1,1,1,1,4
61476,1,1,23,2,1,11,3,20,0,0,1,0,1,0,1,50,62,114,1,4,3,4,8,1,1,1,50,0,8,0,84,14,8,2020,6,22,2,12,18,1,1,2,1,0
61477,1,1,64,2,1,11,3,20,0,0,3,0,1,0,1,40,61,160,0,4,5,7,8,2,1,1,80,0,13,96,0,12,6,2020,6,22,2,8,3,3,1,3,1,0
61479,1,1,27,1,1,11,3,20,0,0,1,0,2,0,1,30,66,150,0,0,5,7,8,8,1,15,83,0,7,0,27,16,9,2020,4,23,2,9,1,1,1,3,1,0
61480,1,1,47,2,1,11,3,1,1,0,1,0,2,0,1,999,70,210,0,0,1,2,1,8,1,1,10,0,1,96,28,24,8,2020,2,13,2,12,1,1,1,1,1,3
61482,1,1,70,2,1,11,20,8,9,0,1,0,1,0,1,999,65,110,0,0,4,1,8,8,1,1,13,1,13,96,0,12,9,2020,7,15,2,41,1,1,4,1,1,4
61483,1,1,21,2,1,11,3,8,0,0,4,0,2,0,1,65,62,110,0,0,3,4,1,8,1,1,13,1,13,96,0,8,9,2020,3,23,2,25,19,1,8,2,1,4
61485,1,1,27,1,1,11,99,20,1,0,1,0,2,0,1,998,75,220,0,0,1,5,1,2,1,1,17,1,7,96,39,19,6,2020,6,16,2,12,2,2,1,1,1,2
61487,1,1,32,2,1,11,3,9,9,0,1,0,1,0,1,999,64,165,0,0,3,4,8,1,1,98,11,1,13,96,0,11,8,2020,3,22,2,14,1,1,2,2,1,4
61488,1,1,64,1,1,11,3,20,0,0,1,0,2,0,1,998,73,240,0,0,3,3,8,8,1,1,13,0,60,96,0,29,6,2020,2,15,2,24,1,1,4,1,1,4
61489,1,1,999,9,1,11,99,99,9,0,99,1,9,99,1,999,999,999,99,0,8,8,8,8,1,1,83,0,999,0,6,2,8,2020,1,20,2,9,3,2,1,2,1,0
61491,1,1,88,1,1,11,3,9,9,0,1,0,1,0,1,70,69,160,0,0,3,4,1,2,1,1,13,0,13,96,0,1,10,2020,5,20,2,24,1,1,4,3,1,4
61492,1,1,23,1,1,11,3,8,9,0,1,0,1,0,1,999,72,170,1,0,1,2,1,8,1,1,10,0,13,96,28,20,5,2020,4,4,2,12,1,1,1,2,1,4
61493,1,1,39,1,1,11,3,20,0,0,1,0,1,0,1,998,74,198,0,0,3,5,1,1,1,15,10,0,3,96,27,2,5,2020,7,17,2,12,1,1,1,1,1,0
61494,1,1,45,2,1,11,3,20,0,0,1,0,3,0,1,65,64,160,0,0,3,5,1,2,1,1,80,0,2,0,0,18,7,2020,7,23,2,8,1,1,1,3,1,0
61495,1,1,999,9,1,11,99,98,9,0,99,1,9,99,1,999,999,999,99,0,2,2,8,8,1,14,80,0,999,96,999,3,5,2020,1,1,2,8,2,3,1,3,1,0
61496,1,1,998,1,1,11,3,9,1,0,1,0,2,0,1,110,999,999,99,3,1,7,1,2,1,98,10,1,13,96,0,29,5,2020,6,17,2,12,2,2,1,1,1,4
61497,1,1,23,1,1,11,20,9,9,0,2,0,2,0,1,998,71,150,0,4,1,2,6,8,1,14,13,0,3,96,0,29,5,2020,6,19,2,35,1,1,4,2,10,4
61498,1,1,72,1,1,11,3,20,0,0,1,0,3,1,1,28,73,180,0,0,1,3,1,8,1,1,80,0,62,96,39,19,5,2020,3,19,2,8,3,3,1,5,10,0
61502,1,1,21,1,1,11,3,20,0,0,4,0,2,0,1,999,65,175,0,0,2,3,1,2,1,1,13,1,13,96,0,5,5,2020,3,2,2,33,1,1,4,3,1,4
61503,1,1,21,1,1,11,3,20,0,0,99,1,1,0,1,38,74,300,0,0,1,2,8,8,1,1,80,0,15,96,0,21,5,2020,5,22,2,8,1,1,1,3,1,0
61504,1,1,24,1,1,11,3,9,0,0,99,1,2,0,1,998,70,180,0,0,1,7,8,8,1,1,17,1,7,96,91,30,5,2020,7,8,2,12,2,2,1,1,1,2
61505,1,1,81,1,1,11,20,1,9,0,1,0,1,0,1,40,76,230,0,0,1,2,6,2,1,14,13,0,7,99,0,16,8,2020,1,17,2,42,1,1,4,1,1,4
61510,1,1,39,1,1,11,99,20,9,0,1,0,1,0,1,998,67,170,99,0,2,3,1,2,1,1,82,0,60,96,0,24,8,2020,2,9,2,8,1,1,6,1,1,0
61512,1,1,34,1,1,11,3,20,0,0,2,0,3,21,1,63,69,270,0,0,3,7,1,1,1,1,80,0,16,0,0,31,8,2020,2,3,2,8,18,1,1,3,1,0
61515,1,1,74,1,1,11,20,20,1,0,1,0,2,0,1,50,68,200,0,0,1,2,8,2,1,1,87,1,98,0,0,9,9,2020,4,20,2,11,1,1,1,2,1,4
61517,1,1,64,1,1,11,3,20,0,0,1,0,1,0,1,55,70,175,0,0,3,3,8,2,1,14,11,0,63,96,0,14,5,2020,5,14,2,12,1,1,1,1,1,4
61518,1,1,24,1,1,11,99,99,9,0,1,0,1,0,1,999,70,220,0,0,6,2,1,2,1,1,13,1,13,0,28,23,8,2020,1,4,2,30,5,1,4,3,1,4
61519,1,1,999,9,1,11,99,98,9,0,99,1,9,99,1,998,999,999,99,9,1,2,2,8,1,1,83,0,999,96,999,4,6,2020,5,22,2,15,1,1,1,3,1,9
61520,1,1,17,1,1,11,99,9,9,0,1,0,2,0,1,998,74,174,0,4,5,3,8,2,1,1,6,0,13,96,0,5,6,2020,6,16,2,33,1,1,4,1,1,4
61521,1,1,35,1,1,11,20,9,1,0,1,0,2,0,1,998,71,150,0,4,1,2,8,8,1,1,10,1,13,96,28,30,5,2020,7,11,2,12,1,1,1,1,10,4
61522,1,1,46,1,1,11,2,9,0,0,1,0,1,0,1,65,72,285,0,0,2,2,8,2,1,14,54,1,13,96,51,29,8,2020,7,23,2,12,1,1,1,3,1,4
61523,1,1,63,1,1,11,3,20,0,0,1,0,1,0,1,998,73,176,0,0,0,0,0,0,0,1,17,0,7,96,38,7,6,2020,1,14,2,12,8,1,1,1,1,0
61524,1,1,28,1,1,11,3,9,0,0,1,0,1,0,1,998,72,160,0,0,1,2,8,8,98,11,15,0,13,96,38,7,6,2020,1,18,2,12,2,3,1,1,1,0
61525,1,1,21,2,1,11,3,20,0,0,1,0,1,0,1,40,62,158,0,0,5,5,8,2,1,1,80,0,13,96,0,8,6,2020,2,20,2,8,2,3,1,3,1,0
61526,1,1,40,1,1,11,3,9,0,0,1,0,2,0,1,45,68,230,0,4,2,2,8,2,1,1,80,1,7,96,0,8,6,2020,2,20,2,8,2,3,1,3,1,1
61527,1,1,42,2,1,11,3,20,0,0,1,0,1,0,1,45,66,150,0,0,1,2,8,2,1,1,83,0,13,96,0,8,6,2020,2,2,2,9,1,1,1,6,1,0
61528,1,1,32,1,1,11,20,20,9,0,1,0,2,0,1,998,72,180,0,4,1,2,8,8,98,1,17,0,113,96,0,15,5,2020,6,12,2,12,2,3,1,1,1,4
61529,1,1,36,1,1,11,20,20,0,0,1,0,5,0,1,100,69,170,0,4,3,2,8,2,1,1,12,0,7,0,28,29,4,2020,4,2,2,24,1,1,4,3,1,4
61530,1,1,68,1,1,11,3,20,0,0,1,0,1,0,1,30,69,150,0,0,2,5,8,2,1,1,80,0,60,0,0,30,5,2020,7,4,2,8,1,1,1,3,1,0
61531,1,1,31,1,1,11,20,20,0,0,1,0,2,0,1,998,67,154,0,0,3,4,1,2,1,14,13,0,13,96,0,8,8,2020,7,1,2,24,1,1,4,3,1,4
61536,1,1,19,2,1,11,20,20,0,0,1,0,2,0,1,999,65,137,0,0,2,2,1,2,1,14,12,1,1,96,0,17,5,2020,1,0,2,42,1,1,4,3,1,4
61537,1,1,51,1,1,11,3,20,0,0,99,1,1,0,1,998,71,180,1,0,5,5,1,2,1,1,83,0,60,96,0,5,6,2020,6,9,2,9,1,1,1,1,1,0
61538,1,1,35,1,1,11,3,9,0,0,1,0,1,0,1,998,67,175,0,0,1,3,8,2,1,1,17,1,13,96,39,9,6,2020,3,23,2,12,2,2,1,3,1,0
61539,1,1,25,1,1,11,20,20,0,0,2,0,9,0,1,998,72,146,0,0,4,1,8,2,1,1,54,1,125,96,23,14,5,2020,5,21,2,12,1,1,1,3,1,2
61540,1,1,62,1,1,11,3,20,0,0,1,0,1,0,1,35,67,175,0,0,1,2,1,2,1,1,80,0,13,0,0,16,7,2020,5,5,2,8,1,1,1,4,1,0
61542,1,1,32,1,1,11,3,20,0,0,2,0,2,0,1,70,71,215,0,0,3,2,8,2,1,14,80,0,7,0,0,24,9,2020,5,4,2,8,18,1,1,3,1,0
61543,1,1,25,1,1,11,20,9,0,0,1,0,1,0,1,999,71,150,0,4,1,2,1,2,1,1,13,1,13,96,0,28,8,2020,6,6,2,30,1,1,4,4,1,4
61544,1,1,30,1,1,11,20,20,9,0,1,0,1,0,1,35,70,166,0,4,3,6,1,1,1,1,52,0,80,0,0,9,10,2020,6,14,2,12,1,1,1,1,1,4
61545,1,1,32,1,1,11,3,9,9,0,1,0,2,0,1,50,73,185,0,4,1,2,1,8,1,1,83,0,9,96,0,3,8,2020,2,13,2,15,1,1,1,1,1,0
61546,1,1,29,1,1,11,3,9,0,0,1,0,1,0,1,53,70,210,1,0,1,2,1,2,1,6,54,1,13,96,51,3,8,2020,2,23,2,12,2,2,1,3,1,3
61547,1,1,39,1,1,11,3,9,9,0,2,0,2,0,1,80,64,142,0,3,3,2,8,2,1,1,13,0,13,96,0,5,9,2020,7,17,2,38,1,1,4,1,1,4
61549,1,1,58,2,1,11,20,9,9,0,1,0,2,0,1,998,69,160,0,4,1,5,8,8,1,1,11,0,7,96,0,10,6,2020,4,7,2,14,1,1,7,1,1,4
61550,1,1,65,2,1,11,3,9,0,0,1,0,1,0,1,998,65,190,0,0,1,4,8,8,98,11,15,0,13,96,38,10,6,2020,4,19,2,12,2,3,1,1,1,0
61551,1,1,28,2,1,11,3,9,9,0,2,0,2,0,1,998,62,118,0,4,2,2,8,8,1,1,13,0,13,99,0,11,6,2020,5,13,2,23,1,1,8,1,1,3
61552,1,1,39,2,1,11,20,20,0,0,1,0,1,0,1,998,68,200,0,4,3,6,8,2,1,1,6,1,80,96,0,21,6,2020,1,0,2,1,1,1,1,3,1,4
61554,1,1,28,1,1,11,3,20,1,0,1,0,1,0,1,998,67,189,0,4,1,2,1,2,1,1,83,0,13,96,0,26,5,2020,3,21,2,9,1,1,1,2,1,0
61555,1,1,30,1,1,11,99,9,9,0,2,0,2,0,1,999,69,180,0,0,2,2,8,2,1,2,91,0,7,96,39,29,5,2020,6,5,2,46,6,1,1,3,1,4
61556,1,1,46,1,1,11,98,98,0,0,1,0,1,0,1,0,71,169,0,0,1,2,8,8,1,98,83,0,7,96,32,29,5,2020,6,7,2,9,1,1,1,1,10,0
61557,1,1,64,1,1,11,20,20,9,0,1,0,1,0,1,999,72,210,0,4,1,3,1,2,1,1,98,0,81,0,39,25,9,2020,6,5,2,33,1,1,1,4,1,4
61558,1,1,41,1,1,11,20,20,9,0,1,0,1,0,1,80,72,270,0,4,3,5,1,8,1,98,12,0,80,96,0,24,7,2020,6,13,2,25,1,1,3,1,1,4
61559,1,1,22,1,1,11,3,9,9,0,1,0,1,0,1,55,75,260,0,4,3,5,8,1,1,1,51,0,13,96,0,15,9,2020,3,1,2,12,1,1,1,3,1,4
61562,1,1,27,1,1,11,99,98,9,0,1,0,2,0,1,998,71,170,0,4,1,2,5,8,1,1,17,0,3,96,39,12,6,2020,6,7,2,58,3,2,1,1,1,4
61563,1,1,30,1,1,11,3,20,0,0,1,0,1,0,1,998,70,240,0,0,1,5,1,2,1,11,80,0,13,96,0,14,6,2020,1,14,2,8,3,2,1,1,1,0
61565,1,1,24,1,1,11,3,9,9,0,2,0,1,0,1,60,69,185,0,0,2,4,8,2,1,1,80,0,1,0,86,4,10,2020,1,19,2,33,1,1,4,3,1,4
61566,1,1,29,2,1,11,3,20,0,0,2,0,1,0,1,70,69,200,1,0,3,2,1,2,1,1,80,0,60,0,0,29,9,2020,3,19,2,8,1,1,1,2,1,0
61567,1,1,41,1,1,11,3,20,0,0,2,0,3,0,1,40,69,225,0,0,2,2,1,2,1,14,80,0,95,0,0,16,10,2020,6,15,2,8,1,1,1,1,1,0
61568,1,1,26,2,1,11,3,9,0,0,2,0,2,0,1,20,62,135,0,0,1,2,6,8,1,98,98,0,7,0,0,2,8,2020,1,0,2,39,3,3,4,3,1,1
61569,1,1,19,1,1,11,3,20,0,0,1,0,1,0,1,68,69,215,1,0,3,5,1,1,1,15,80,0,13,0,0,19,9,2020,7,19,2,8,1,1,1,5,1,0
61570,1,1,35,1,1,11,3,9,0,0,1,0,1,0,1,998,65,160,0,4,5,5,8,8,1,1,17,1,60,0,0,24,10,2020,7,20,2,12,2,3,1,3,10,1
61572,1,1,61,1,1,11,20,9,0,0,1,0,1,0,1,999,73,220,0,0,1,2,8,8,1,14,13,1,7,96,0,30,9,2020,4,99,2,33,1,1,4,3,10,4
61574,1,1,28,1,1,11,3,9,8,0,1,0,1,0,1,70,69,165,0,4,3,4,1,1,2,14,5,0,13,0,27,22,3,2020,1,18,2,12,1,1,1,1,2,0
61577,1,1,998,8,1,11,98,98,9,0,99,1,9,99,1,998,999,999,99,0,1,4,1,8,1,1,83,0,999,96,35,11,6,2020,5,20,2,9,1,1,1,3,1,9
61578,1,1,24,1,1,11,99,20,1,0,1,1,1,0,1,45,73,188,0,0,1,6,8,8,1,1,80,0,13,96,0,12,6,2020,6,4,2,8,3,2,1,3,1,0
61579,1,1,35,1,1,11,20,20,9,0,1,0,1,0,1,998,66,165,0,0,8,8,8,8,1,1,99,0,87,96,38,14,9,2020,2,2,2,12,98,98,98,3,1,4
61581,1,1,39,1,1,11,3,9,9,0,1,0,1,0,1,999,75,136,0,0,2,2,6,1,1,14,9,0,13,96,0,21,10,2020,4,99,2,30,19,1,4,3,1,4
61588,1,1,77,2,1,11,3,9,0,0,1,0,1,0,1,35,59,124,0,4,1,7,5,1,1,1,50,0,7,96,0,17,10,2020,7,11,2,12,3,98,1,1,1,3
61589,1,1,88,2,1,11,3,99,9,0,1,0,2,0,1,999,58,90,0,0,3,5,1,1,1,1,98,0,5,96,0,10,5,2020,1,4,2,2,1,1,4,3,10,4
61592,1,1,44,1,1,11,3,20,0,0,1,0,3,6,1,45,66,153,0,4,3,5,8,8,1,1,80,0,66,96,0,23,6,2020,3,13,2,8,1,1,1,1,1,0
61595,1,1,24,1,1,11,3,20,0,0,1,0,1,0,1,999,72,210,0,0,3,3,1,2,1,14,13,1,60,96,0,4,10,2020,1,3,2,38,1,1,4,3,1,4
61596,1,1,998,8,1,11,99,99,9,0,99,1,9,99,1,999,999,999,99,4,1,2,6,2,1,1,80,0,999,96,0,13,9,2020,1,6,2,8,1,1,1,2,1,0
61600,1,1,67,1,1,11,3,20,0,0,1,0,2,0,1,8,71,145,0,0,0,0,0,0,0,1,17,0,13,0,38,7,7,2020,3,16,2,12,8,1,1,1,1,0
61602,1,1,21,2,1,11,3,9,0,0,4,0,1,0,1,999,64,250,0,4,2,2,8,2,1,1,12,1,13,96,0,21,8,2020,6,0,2,33,1,1,4,2,1,4
61603,1,1,21,1,1,11,3,9,0,0,1,0,1,0,1,998,71,190,0,0,8,8,1,2,1,14,98,1,13,96,0,16,6,2020,3,2,2,1,98,98,98,3,1,4
61605,1,1,47,1,1,11,3,20,0,0,1,0,1,0,1,998,65,190,0,0,1,6,8,2,1,12,21,0,60,0,38,30,5,2020,7,13,2,12,3,2,1,1,1,0
61606,1,1,29,1,1,11,3,20,9,0,2,0,2,0,1,48,68,200,0,0,1,3,8,2,1,1,80,0,13,96,0,12,4,2020,1,22,2,8,1,1,1,2,1,0
61608,1,1,41,1,1,11,3,8,9,0,1,0,9,99,1,50,67,140,0,0,2,3,8,2,1,1,13,0,999,96,0,23,10,2020,6,19,2,42,1,1,4,3,1,4
61609,1,1,29,1,1,11,20,20,0,0,2,0,2,0,1,999,67,172,0,0,3,5,8,2,1,1,13,1,7,96,0,6,5,2020,4,1,2,35,1,1,4,3,1,4
61611,1,1,40,1,1,11,20,20,9,0,1,0,2,0,1,999,75,210,0,4,3,2,6,2,1,14,13,0,6,96,0,29,9,2020,3,18,2,24,1,1,4,1,1,4
61613,1,1,27,1,1,11,3,1,0,0,1,0,1,0,1,76,67,170,0,4,1,5,8,2,1,1,17,1,7,96,39,23,5,2020,7,20,2,12,2,2,1,3,1,2
61615,1,1,27,1,1,11,3,20,0,0,99,0,1,0,1,12,68,145,0,4,4,2,8,8,1,11,15,1,13,0,50,4,9,2020,6,23,2,5,3,3,1,3,1,0
61619,1,1,19,1,1,11,3,9,0,0,3,0,1,0,1,998,72,137,0,4,1,5,8,8,1,14,6,1,13,96,0,1,6,2020,2,23,2,33,1,1,4,3,1,1
61620,1,1,78,1,1,11,3,20,0,0,1,0,1,0,1,998,67,175,0,0,1,2,8,8,1,1,80,0,7,96,0,18,6,2020,5,7,2,8,3,2,1,1,1,0
61621,1,1,47,1,1,11,3,20,0,0,2,0,2,0,1,8,68,175,0,0,2,3,1,2,1,10,80,0,60,93,38,11,6,2020,5,19,2,8,2,2,1,5,1,0
61622,1,1,63,1,1,11,3,9,9,0,1,0,1,0,1,999,70,220,1,0,1,5,6,2,1,11,15,0,7,96,28,20,6,2020,7,10,2,12,2,2,1,1,1,2
61623,1,1,999,9,1,11,99,20,9,0,1,1,9,99,1,998,999,999,99,0,5,5,8,2,1,1,80,0,999,96,0,12,6,2020,6,99,2,8,1,1,1,3,1,9
61624,1,1,19,1,1,11,3,20,0,0,4,0,1,0,1,45,66,140,0,0,5,5,8,2,1,1,80,0,13,96,0,19,6,2020,6,23,2,8,1,1,1,2,1,0
61625,1,1,71,2,1,11,3,9,0,0,2,0,1,0,1,998,60,165,0,4,1,3,8,8,1,1,17,0,7,96,39,17,6,2020,4,10,2,12,2,2,1,1,1,1
61626,1,1,28,1,1,11,20,8,1,0,2,0,4,0,1,998,72,210,0,4,2,2,8,8,1,6,50,1,13,96,0,17,6,2020,4,11,2,14,1,1,7,1,1,2
61627,1,1,70,1,1,11,97,1,0,0,1,0,1,0,1,998,69,185,0,0,1,5,1,2,1,11,17,0,3,96,39,12,6,2020,6,14,2,12,2,2,1,1,1,3
61628,1,1,27,2,1,11,99,99,9,0,1,0,1,0,1,999,62,120,0,0,5,5,8,2,1,1,12,1,7,96,0,25,10,2020,1,21,2,42,1,1,4,2,1,4
61629,1,1,23,2,1,11,3,9,0,0,1,0,3,1,1,64,65,135,0,4,2,2,8,8,1,1,50,0,74,13,0,19,9,2020,7,15,2,12,1,1,1,1,1,0
61630,1,1,27,1,1,11,20,1,1,0,1,0,1,0,1,999,66,170,0,0,2,2,1,2,1,1,13,1,7,96,0,12,10,2020,2,0,2,30,1,1,4,3,1,4
61631,1,1,23,2,1,11,3,2,0,0,2,0,2,0,1,998,67,140,0,4,3,7,6,2,1,1,52,0,7,3,0,14,10,2020,4,4,2,12,1,1,1,2,1,0
61632,1,1,89,1,1,11,3,9,0,0,1,0,1,0,1,998,70,190,0,0,1,2,5,2,1,11,15,0,7,96,38,20,6,2020,7,10,2,12,2,3,1,1,1,1
61635,1,1,21,2,1,11,3,9,8,0,1,0,1,0,1,65,60,136,0,0,3,6,1,2,1,1,13,1,3,96,0,19,9,2020,7,5,2,33,1,1,4,3,1,4
61637,1,1,21,1,1,11,3,1,0,0,5,0,2,0,1,999,73,195,0,0,1,2,8,8,1,6,10,1,60,0,28,26,9,2020,7,22,2,12,1,1,1,2,1,2
61639,1,1,28,1,1,11,3,8,1,0,1,0,2,0,1,40,72,170,0,0,1,2,8,8,1,1,11,0,13,0,58,26,5,2020,3,8,2,12,1,1,1,1,1,4
61643,1,1,62,2,1,11,3,9,1,0,1,0,1,0,1,95,66,150,0,4,3,6,6,1,1,1,51,1,5,96,0,11,7,2020,7,2,2,12,1,1,1,2,1,4
61645,1,1,31,1,1,11,20,9,9,0,2,0,1,0,1,70,74,210,0,0,3,2,1,2,1,1,13,0,13,96,0,30,8,2020,1,11,2,52,1,1,4,1,1,4
61646,1,1,26,1,1,11,20,9,0,0,1,0,2,0,1,80,70,170,0,4,1,5,8,2,1,6,51,1,13,96,0,8,6,2020,2,22,2,12,3,2,1,3,1,0
61647,1,1,20,1,1,11,20,20,9,0,1,0,1,0,1,998,68,158,0,4,1,6,8,8,2,1,52,0,80,96,0,13,6,2020,7,21,2,12,1,1,1,3,1,4
61648,2,1,59,1,1,11,3,20,0,0,1,0,1,0,1,65,71,198,0,0,3,4,8,1,1,1,50,0,13,96,0,12,7,2020,1,2,2,12,1,1,1,3,1,0
61650,1,1,64,2,1,11,3,9,9,0,1,0,1,0,1,60,62,145,0,0,3,2,1,2,1,15,13,0,13,96,0,7,7,2020,3,10,2,24,1,1,4,1,1,4
61652,1,1,51,1,1,11,3,20,0,0,1,0,3,21,1,5,71,260,0,0,1,3,1,8,1,1,83,0,16,96,0,9,8,2020,1,0,2,15,2,3,1,3,1,0
61653,1,1,25,1,1,11,3,20,0,0,1,0,2,0,1,48,69,165,0,0,1,2,1,2,1,1,80,0,13,96,0,4,9,2020,6,3,2,8,1,1,1,3,1,0
61654,1,1,41,1,1,11,20,20,9,0,1,0,1,0,1,80,67,198,0,0,3,6,1,1,1,15,10,0,81,0,27,14,8,2020,6,0,2,12,1,1,1,2,1,4
61659,1,1,38,1,1,11,3,9,0,0,1,0,1,0,1,999,71,195,0,4,3,4,5,1,1,1,51,1,13,96,0,24,5,2020,1,4,2,12,1,1,1,3,1,0
61660,1,1,35,1,1,11,3,99,0,0,1,0,1,0,1,75,74,210,0,0,3,4,1,1,1,14,98,0,60,0,0,18,8,2020,3,5,2,12,1,1,1,2,1,2
61661,1,1,24,1,1,11,3,20,0,0,1,0,1,0,1,55,71,220,0,0,2,2,8,2,1,1,80,0,60,96,0,30,9,2020,4,22,2,8,2,3,1,3,1,0
61662,1,1,42,1,1,11,3,20,0,0,1,0,1,0,1,13,67,170,0,0,1,5,1,2,1,11,80,0,7,96,38,20,9,2020,1,10,2,8,3,3,1,1,1,0
61663,1,1,23,1,1,11,3,20,0,0,1,0,1,0,1,55,69,152,0,0,2,4,8,8,1,1,80,0,13,96,0,17,10,2020,7,1,2,8,1,1,1,3,10,0
61665,1,1,53,1,1,11,3,8,0,0,1,0,1,0,1,999,72,200,0,0,6,1,8,8,1,16,98,1,13,96,0,13,10,2020,3,21,2,12,5,1,1,3,10,4
61666,1,1,41,1,1,11,20,20,9,0,2,0,1,0,1,999,66,165,2,0,3,3,1,1,1,1,13,1,13,96,0,20,9,2020,1,20,2,43,1,1,4,2,1,4
61667,1,1,20,1,1,11,3,1,0,0,1,0,1,0,1,55,68,140,1,0,1,2,1,8,1,1,54,1,60,96,28,25,9,2020,6,20,2,12,1,1,1,2,1,3
61668,1,1,45,1,1,11,3,20,0,0,1,0,2,0,1,40,68,200,0,0,5,5,1,2,1,1,80,0,13,0,0,13,7,2020,2,5,2,8,1,1,1,3,1,0
61669,1,1,29,2,1,11,3,20,0,0,2,0,2,0,1,13,61,140,0,0,1,2,1,2,1,1,66,0,13,0,39,30,9,2020,4,6,2,12,2,2,1,2,1,4
61673,1,1,25,1,1,11,3,20,0,0,1,0,2,0,1,60,68,185,0,0,6,2,8,2,1,1,80,0,5,0,0,23,7,2020,5,23,2,8,20,1,1,3,10,0
61674,1,1,56,2,1,11,3,9,0,0,2,0,1,0,1,998,63,170,0,0,1,2,1,2,1,1,12,0,13,96,27,8,6,2020,2,23,2,52,3,3,4,2,1,3