ST_CASE,VEH_NO,PER_NO,AGE,SEX,PER_TYP,SEAT_POS,REST_USE,AIR_BAG,DRUGS,LOCATION,NUMOCCS,HIT_RUN,OWNER,V_CONFIG,HAZ_INV,TRAV_SP,DR_HGT,DR_WGT,PREV_SPD,SPEEDREL,VTRAFWAY,VNUM_LAN,VPROFILE,VPAVETYP,VSURCOND,P_CRASH1,P_CRASH2,DR_DRINK,VPICBODYCLASS,DRDISTRACT,DRIVERRF,DAY,MONTH,YEAR,DAY_WEEK,HOUR,RUR_URB,HARM_EV,RELJCT2,TYP_INT,REL_ROAD,LGT_COND,WEATHER,INJ_SEV
61675,1,1,34,2,1,11,3,1,0,0,1,0,1,0,1,998,64,150,1,0,2,2,8,8,1,1,9,1,13,96,0,24,5,2020,1,2,2,33,1,1,4,3,1,4
61676,1,1,65,1,1,11,3,20,1,0,1,0,1,0,1,57,66,155,0,4,2,5,8,8,1,1,80,0,5,96,38,13,5,2020,4,22,2,8,3,2,1,3,1,0
61677,1,1,40,1,1,11,20,20,1,0,1,0,1,0,1,998,69,175,0,0,2,2,8,2,1,1,13,1,80,96,0,15,2,2020,7,19,2,33,1,1,4,3,1,4
61678,1,1,54,2,1,11,3,9,0,0,1,0,1,0,1,30,66,164,0,0,2,4,8,2,1,1,80,0,13,96,53,11,2,2020,3,18,2,8,2,3,1,3,1,0
61679,1,1,65,1,1,11,20,20,9,0,1,0,1,0,1,65,69,225,0,0,6,1,8,2,1,14,12,0,81,96,0,21,10,2020,4,18,2,35,5,1,4,2,1,4
61680,1,1,39,1,1,11,3,20,9,0,1,0,1,0,1,999,69,165,0,0,5,5,8,2,1,1,9,1,3,96,0,21,6,2020,1,19,2,33,1,1,4,1,1,4
61681,1,1,16,2,1,11,99,20,9,0,8,0,1,0,1,998,61,105,0,4,1,5,5,8,11,1,6,0,7,96,73,24,6,2020,4,2,2,1,1,1,1,3,12,1
61684,1,1,29,1,1,11,99,20,9,0,99,1,1,0,1,998,65,138,0,4,5,5,1,8,2,15,6,0,13,96,0,13,3,2020,6,17,2,12,1,1,1,1,10,9
61685,1,1,45,1,1,11,3,9,0,0,4,0,2,0,1,43,66,160,0,0,1,2,8,2,1,1,10,0,13,96,28,29,10,2020,5,23,2,12,1,1,1,2,1,1
61687,1,1,22,1,1,11,20,20,9,0,1,0,1,0,1,999,71,170,0,0,6,1,1,2,1,14,12,1,60,96,0,27,10,2020,3,99,2,31,5,1,4,2,1,4
61689,1,1,62,1,1,11,3,20,0,0,3,0,1,0,1,60,63,145,0,0,2,2,1,2,1,1,80,0,7,0,0,26,9,2020,7,21,2,8,18,1,1,2,1,0
61690,1,1,25,2,1,11,20,8,1,0,2,0,1,0,1,65,66,147,0,0,3,3,8,2,1,1,13,0,13,96,0,24,7,2020,6,22,2,35,1,1,4,3,1,4
61691,1,1,42,1,1,11,20,20,1,0,2,0,1,0,1,999,66,165,0,0,3,6,1,8,1,15,10,0,80,96,27,1,5,2020,6,5,2,12,1,1,1,3,1,3
61693,1,1,26,2,1,11,3,20,0,0,2,0,1,0,1,80,61,115,0,4,2,4,8,8,1,1,80,0,13,96,39,11,6,2020,5,21,2,8,3,2,1,3,1,2
61694,1,1,67,2,1,11,3,20,0,0,1,0,2,0,1,998,66,188,0,0,1,4,2,8,1,14,80,0,7,96,0,13,2,2020,5,20,2,8,1,1,1,3,1,0
61695,1,1,999,1,1,11,99,98,9,0,1,1,9,99,1,998,999,999,99,0,1,2,8,2,1,1,80,0,999,96,0,22,6,2020,2,1,2,8,1,1,1,3,1,9
61696,1,1,31,1,1,11,3,9,0,0,1,0,2,0,1,60,73,210,0,4,2,2,1,2,1,1,80,0,13,0,0,20,9,2020,1,2,2,8,1,1,1,2,1,0
61697,1,1,29,1,1,11,3,9,0,0,1,0,3,2,1,60,73,300,99,4,2,2,1,2,1,1,50,0,66,98,0,23,9,2020,4,16,2,12,1,1,1,1,1,0
61698,1,1,23,1,1,11,3,20,0,0,99,1,1,0,1,998,68,250,2,0,2,4,1,2,1,1,83,0,105,0,0,16,10,2020,6,22,2,9,2,2,1,3,1,0
61700,1,1,56,1,1,11,20,9,0,0,1,0,1,0,1,68,70,200,0,0,2,2,8,8,1,1,11,1,7,0,0,3,5,2020,1,17,2,38,1,1,4,1,1,4
61701,1,1,35,1,1,11,20,20,1,0,1,0,2,0,1,999,72,180,1,0,1,6,1,2,1,1,61,0,69,96,33,27,5,2020,4,21,2,12,2,2,1,3,1,4
61702,1,1,28,2,1,11,3,20,0,0,1,0,1,0,1,998,61,170,0,0,1,2,8,2,1,1,17,0,13,96,38,18,4,2020,7,16,2,12,2,2,1,1,1,1
61703,1,1,35,1,1,11,99,9,0,0,2,0,1,0,1,998,69,165,0,0,2,2,5,2,1,1,12,1,3,96,27,25,6,2020,5,21,2,33,1,1,4,1,1,0
61705,1,1,29,1,1,11,20,8,0,0,1,0,1,0,1,38,70,190,0,0,2,3,1,2,1,1,80,0,3,0,0,29,9,2020,3,22,2,8,1,1,1,2,1,0
61706,1,1,28,1,1,11,20,20,9,0,1,0,1,0,1,75,67,160,0,4,5,5,8,8,1,1,6,1,80,0,0,26,7,2020,1,19,2,33,1,1,4,5,1,4
61708,1,1,24,1,1,11,3,2,1,0,2,0,1,0,1,70,70,140,0,4,3,3,1,8,1,1,51,1,60,3,0,16,6,2020,3,20,2,12,1,1,1,2,1,0
61713,1,1,27,1,1,11,3,20,9,0,99,1,2,0,1,80,69,170,0,4,3,3,1,1,1,1,13,0,60,96,0,14,7,2020,3,21,2,1,1,1,4,2,1,9
61714,1,1,37,1,1,11,3,20,0,0,1,0,1,0,1,45,73,175,0,0,6,1,8,8,1,1,83,0,13,0,0,11,7,2020,7,9,2,9,20,1,1,1,1,0
61715,1,1,49,1,1,11,3,20,0,0,1,0,1,0,1,68,66,190,0,0,3,4,2,2,1,1,80,0,60,0,0,1,7,2020,4,4,2,8,1,1,1,3,10,0
61716,1,1,25,1,1,11,99,98,0,0,2,0,1,0,1,998,76,190,0,4,2,2,8,2,1,1,13,1,13,96,0,27,6,2020,7,1,2,17,3,6,4,3,1,3
61720,1,1,999,9,1,11,98,98,9,0,1,1,9,99,1,998,999,999,99,0,1,3,1,2,1,1,80,0,999,96,0,22,10,2020,5,22,2,8,1,1,1,3,1,0
61723,1,1,31,2,1,11,20,9,1,0,2,0,2,0,1,999,66,140,0,0,1,2,8,8,1,1,12,1,3,96,0,1,10,2020,5,20,2,38,1,1,4,2,1,4
61724,1,1,69,2,1,11,3,20,9,0,1,0,1,0,1,70,64,196,0,0,3,2,1,2,1,6,10,0,60,96,0,10,10,2020,7,16,2,12,1,1,1,1,1,4
61726,1,1,998,8,1,11,99,99,9,0,99,1,9,99,1,999,999,999,99,0,3,4,5,2,1,1,80,0,999,96,0,19,4,2020,1,23,2,8,1,1,1,2,1,9
61727,1,1,44,1,1,11,20,9,0,0,1,0,1,0,1,998,71,175,0,4,3,3,1,2,1,1,51,1,13,96,0,30,10,2020,6,23,2,12,1,1,1,2,1,4
61729,1,1,36,1,1,11,3,20,1,0,1,0,2,0,1,998,70,160,0,0,1,2,8,2,1,1,10,0,7,96,50,9,10,2020,6,13,2,12,1,1,1,1,1,4
61730,1,1,999,9,1,11,99,99,9,0,1,1,9,99,1,999,999,999,99,4,3,3,8,1,1,15,80,0,999,96,0,24,10,2020,7,2,2,8,1,1,1,2,1,0
61731,1,1,30,1,1,11,20,20,9,0,1,0,1,0,1,40,72,175,0,0,6,2,8,8,1,6,98,0,80,0,58,10,9,2020,5,3,2,1,20,1,1,3,1,4
61732,1,1,43,2,1,11,20,20,1,0,1,0,2,0,1,70,65,158,0,0,3,3,1,2,1,98,8,1,7,96,0,1,9,2020,3,14,2,24,1,1,3,1,1,4
61733,1,1,50,1,1,11,3,20,0,0,1,0,2,1,1,45,66,200,1,0,1,2,1,2,1,1,83,0,63,96,0,1,9,2020,3,14,2,9,1,1,1,1,1,0
61736,1,1,26,2,1,11,20,1,9,0,1,0,2,0,1,999,67,250,0,0,3,4,1,1,1,1,13,0,7,96,0,10,9,2020,5,21,2,33,19,1,4,3,1,4
61740,1,1,23,1,1,11,20,1,1,0,2,0,1,0,1,999,70,160,0,4,5,5,1,2,1,1,80,0,13,0,0,15,2,2020,7,0,2,8,3,2,1,3,1,2
61741,1,1,21,1,1,11,20,1,1,0,2,0,2,0,1,999,65,160,0,4,3,3,1,2,1,1,13,1,13,15,0,11,4,2020,7,3,2,33,1,1,4,3,1,4
61742,1,1,22,2,1,11,3,20,1,0,1,1,1,0,1,999,63,140,0,4,1,4,6,2,1,1,83,0,13,0,0,11,6,2020,5,23,2,9,1,1,1,3,1,0
61746,1,1,59,1,1,11,3,9,0,0,1,0,1,0,1,5,66,195,0,0,5,5,8,2,1,11,15,0,60,0,38,9,10,2020,6,18,2,1,2,3,1,5,1,0
61748,1,1,47,1,1,11,20,1,9,0,1,0,1,0,1,999,67,180,0,0,1,2,8,2,1,14,13,1,7,96,0,27,10,2020,3,19,2,30,1,1,4,2,1,4
61750,1,1,66,1,1,11,3,20,0,0,1,0,1,0,1,45,65,190,0,0,1,2,8,8,1,1,80,0,60,96,0,1,11,2020,1,10,2,8,1,1,1,1,1,0
61752,1,1,26,1,1,11,3,20,9,0,1,0,2,0,1,60,73,185,0,0,1,2,8,2,1,1,54,0,3,96,28,2,11,2020,2,11,2,12,1,1,1,1,1,4
61753,1,1,36,1,1,11,20,20,9,0,1,0,2,0,1,50,72,280,0,4,1,4,8,2,1,6,6,0,81,0,52,29,10,2020,5,16,2,1,1,1,1,1,1,4
61754,1,1,24,2,1,11,3,99,9,0,2,0,1,0,1,999,63,130,0,0,3,5,1,1,1,14,13,0,7,96,0,21,8,2020,6,2,2,42,1,1,4,2,1,4
61755,1,1,41,1,1,11,3,20,0,0,2,0,1,0,1,999,73,220,0,0,2,6,1,2,1,1,80,0,13,0,0,3,6,2020,4,22,2,8,1,1,1,3,1,0
61756,1,1,34,2,1,11,20,9,1,0,1,0,2,0,1,998,69,170,0,4,1,2,8,2,1,14,12,0,60,96,0,18,9,2020,6,20,2,42,1,1,4,2,1,4
61757,1,1,27,1,1,11,3,9,0,0,2,0,1,0,1,998,72,185,0,0,2,2,1,8,1,14,13,0,3,96,0,6,8,2020,5,22,2,31,1,1,4,3,1,4
61758,1,1,63,1,1,11,3,20,0,0,2,0,1,0,1,70,71,250,0,0,3,2,8,1,1,1,80,0,13,96,0,23,8,2020,1,3,2,8,1,1,1,2,1,0
61759,1,1,27,1,1,11,2,9,0,0,1,0,1,0,1,53,74,180,0,0,1,2,1,1,1,1,10,0,60,96,28,9,6,2020,3,5,2,12,1,1,1,4,1,2
61761,1,1,38,1,1,11,3,20,0,0,1,0,1,0,1,25,64,145,0,0,2,2,1,2,1,1,80,0,5,0,0,17,9,2020,5,19,2,8,1,1,1,3,1,0
61765,1,1,63,1,1,11,20,20,9,0,1,0,3,1,1,67,71,165,0,4,3,4,8,1,1,14,50,0,11,98,0,16,9,2020,4,0,2,12,1,1,1,2,1,4
61766,1,1,30,1,1,11,3,20,0,0,1,0,3,2,1,57,66,190,0,0,1,4,1,8,1,1,80,0,66,96,0,23,6,2020,3,0,2,8,1,1,1,3,1,0
61768,1,1,48,1,1,11,3,8,1,0,2,0,1,0,1,999,75,250,0,3,1,2,1,8,1,1,51,1,13,96,91,16,8,2020,1,21,2,12,1,1,1,2,1,1
61769,1,1,22,2,1,11,3,20,0,0,2,0,1,0,1,65,62,105,2,0,3,4,6,2,1,14,80,1,5,0,0,22,8,2020,7,3,2,8,1,1,1,2,1,0
61770,1,1,18,2,1,11,99,99,0,0,3,0,9,0,1,998,999,999,0,0,6,1,1,2,1,14,12,0,13,96,0,25,8,2020,3,22,2,42,5,1,4,3,1,4
61776,1,1,999,9,1,11,99,99,9,0,99,1,9,99,1,999,999,999,99,0,3,5,1,8,1,1,80,0,999,99,999,13,9,2020,1,1,2,8,1,1,1,3,10,0
61777,1,1,48,1,1,11,3,20,0,0,1,0,1,0,1,38,66,300,0,0,5,6,8,8,1,1,80,0,7,96,0,6,1,2020,2,4,2,8,1,1,1,6,1,0
61778,1,1,999,9,1,11,99,98,8,0,1,1,9,99,1,998,999,999,99,5,5,3,1,2,1,1,80,0,999,96,0,26,6,2020,6,23,2,8,1,1,1,2,1,9
61779,1,1,82,2,1,11,3,9,0,0,1,0,1,0,1,33,64,155,0,0,2,3,1,2,1,1,55,0,13,96,39,10,11,2020,3,11,2,12,2,2,1,1,1,4
61780,1,1,24,2,1,11,99,9,9,0,1,0,1,0,1,998,62,135,0,0,1,2,8,8,1,1,10,0,5,96,0,12,10,2020,2,15,2,12,1,1,1,1,1,4
61781,1,1,19,2,1,11,20,20,1,0,2,0,2,0,1,65,61,140,0,0,1,2,1,2,1,1,17,0,13,96,39,5,10,2020,2,16,2,12,2,2,1,1,1,4
61782,1,1,37,2,1,11,3,2,9,0,1,0,2,0,1,999,64,160,0,0,3,3,1,2,1,1,13,0,13,96,0,1,11,2020,1,19,2,35,1,1,4,2,1,4
61783,1,1,27,1,1,11,20,20,9,0,1,0,2,0,1,999,71,150,0,4,6,2,8,2,1,14,12,0,80,96,0,22,9,2020,3,17,2,24,5,1,4,1,1,4
61784,1,1,24,1,1,11,20,20,9,0,1,0,1,0,1,50,66,160,2,0,6,2,8,2,8,14,8,0,80,0,0,23,8,2020,1,9,2,1,20,1,1,1,1,4
61785,1,1,29,1,1,11,3,9,0,0,3,0,2,0,1,65,74,330,0,0,3,5,6,1,1,14,13,1,13,96,0,5,9,2020,7,3,2,59,1,1,4,3,1,4
61786,1,1,17,1,1,11,20,9,0,0,6,0,2,0,1,998,72,183,0,4,2,2,1,2,1,1,8,0,7,96,0,24,6,2020,4,19,2,33,1,1,4,1,1,2
61787,1,1,34,1,1,11,3,20,0,0,1,0,1,0,1,999,83,245,1,0,1,2,1,2,1,1,80,0,3,96,0,25,6,2020,5,19,2,8,1,1,1,5,1,0
61790,1,1,22,1,1,11,3,20,0,0,1,0,2,0,1,63,75,180,0,0,3,4,8,1,1,1,80,0,13,96,0,14,9,2020,2,19,2,8,1,1,1,5,1,0
61792,1,1,48,1,1,11,20,20,9,0,1,0,2,0,1,998,67,180,0,0,2,2,1,2,1,1,8,0,81,96,0,19,9,2020,7,17,2,1,1,1,3,1,1,4
61793,1,1,69,1,1,11,20,20,9,0,1,0,2,0,1,999,67,180,0,4,1,2,8,2,1,14,6,1,94,0,0,28,9,2020,2,18,2,1,1,1,4,5,5,4
61794,1,1,41,1,1,11,3,20,0,0,2,0,2,0,1,40,72,185,99,0,2,2,1,2,1,1,80,0,13,96,0,9,10,2020,6,10,2,8,1,1,1,1,1,0
61795,1,1,24,1,1,11,20,9,0,0,2,0,2,0,1,999,73,200,0,0,3,5,8,8,1,1,8,1,7,96,0,3,3,2020,3,0,2,1,1,1,4,2,10,4
61796,1,1,43,1,1,11,3,8,0,0,1,0,1,0,1,999,66,150,0,4,3,5,1,1,1,1,51,0,60,96,0,5,8,2020,4,15,2,12,18,1,1,1,1,4
61797,1,1,22,1,1,11,99,9,9,0,2,0,2,0,1,998,72,150,0,4,2,8,8,8,1,1,50,0,13,96,0,25,6,2020,5,10,2,12,1,1,1,1,1,4
61798,1,1,55,1,1,11,20,1,9,0,3,0,1,0,1,998,71,230,1,0,2,3,1,8,1,98,98,0,60,0,0,15,11,2020,1,10,2,33,1,1,3,1,1,4
61799,1,1,22,1,1,11,3,2,9,0,1,0,1,0,1,998,72,130,0,4,2,1,5,8,1,14,6,0,5,0,0,14,11,2020,7,0,2,33,1,1,4,2,1,4
61800,1,1,25,1,1,11,3,20,0,0,1,0,1,0,1,45,73,180,0,0,2,3,1,2,2,1,80,0,7,96,0,18,11,2020,4,3,2,8,1,1,1,3,5,0
61802,1,1,61,1,1,11,3,20,0,0,2,0,1,4,1,55,68,145,0,0,3,2,8,2,2,14,98,0,60,96,0,29,10,2020,5,14,2,54,1,1,1,1,1,0
61803,1,1,66,1,1,11,3,20,9,0,1,0,3,1,1,55,72,210,0,0,1,2,8,2,1,1,8,0,63,0,0,21,7,2020,3,12,2,42,1,1,4,1,1,4
61805,1,1,19,2,1,11,3,20,0,0,1,0,2,0,1,999,57,137,0,0,3,3,1,2,1,15,11,0,3,96,35,16,7,2020,5,13,2,12,1,1,1,1,1,0
61808,1,1,24,2,1,11,3,20,0,0,1,0,2,0,1,48,62,130,0,0,3,4,8,8,1,1,13,1,13,96,0,14,9,2020,2,20,2,8,1,1,2,2,1,0
61809,1,1,20,1,1,11,3,9,0,0,3,0,1,0,1,75,70,190,0,0,3,2,1,2,1,1,80,0,7,96,0,7,9,2020,2,22,2,8,1,1,1,3,1,0
61812,1,1,61,1,1,11,20,20,0,0,2,0,1,0,1,63,74,200,0,0,3,2,1,1,1,1,1,0,81,96,0,19,9,2020,7,15,2,1,1,1,2,1,1,3
61813,1,1,19,2,1,11,3,9,1,0,1,0,2,0,1,999,62,155,0,0,3,4,1,2,1,1,11,1,13,96,51,4,7,2020,7,22,2,12,1,1,1,3,1,4
61814,1,1,20,1,1,11,99,9,0,0,1,0,1,0,1,998,64,125,0,0,1,2,1,2,1,1,10,1,60,96,0,17,7,2020,6,21,2,12,1,1,1,2,1,3
61819,1,1,35,1,1,11,3,1,0,0,1,0,2,0,1,119,71,230,0,2,2,6,1,2,1,1,55,1,13,96,0,7,6,2020,1,3,2,12,2,2,1,3,1,2
61820,1,1,28,1,1,11,99,20,9,0,99,1,2,0,1,60,66,160,0,0,5,5,8,2,1,1,80,0,60,96,0,30,8,2020,1,21,2,8,1,1,1,2,1,0
61821,1,1,36,1,1,11,20,20,0,0,2,0,1,0,1,55,73,190,0,4,1,2,6,2,1,14,13,1,81,96,0,18,7,2020,7,21,2,14,1,1,2,3,1,2
61823,1,1,29,1,1,11,3,9,1,0,2,0,2,0,1,100,73,170,0,4,2,4,8,2,1,1,17,0,13,96,39,28,10,2020,4,1,2,12,2,2,1,3,1,3
61824,1,1,41,1,1,11,20,20,0,0,1,0,2,0,1,93,73,205,0,4,3,2,2,8,1,14,6,1,94,96,0,26,8,2020,4,17,2,25,1,1,4,1,1,4
61825,1,1,53,1,1,11,20,20,9,0,1,0,2,0,1,999,69,170,0,4,1,6,1,2,1,1,52,0,80,96,0,18,6,2020,5,16,2,12,1,1,1,1,1,4
61826,1,1,43,1,1,11,20,9,9,0,1,0,1,0,1,999,74,288,0,2,2,3,1,2,1,1,13,0,3,96,0,19,6,2020,6,5,2,30,1,1,4,1,1,4
61827,1,1,24,1,1,11,3,20,0,0,1,0,2,0,1,999,72,178,0,0,2,4,1,2,1,1,80,0,3,96,0,27,6,2020,7,8,2,8,3,2,1,1,10,2
61828,1,1,57,2,1,11,3,20,0,0,1,0,1,0,1,999,65,125,0,0,1,4,1,2,1,1,83,0,8,96,0,28,6,2020,1,6,2,9,1,1,1,1,10,0
61829,1,1,47,1,1,11,20,20,1,0,1,0,1,0,1,998,69,170,0,4,1,4,1,2,1,1,51,0,82,96,0,18,6,2020,5,10,2,12,1,1,1,1,98,4
61830,1,1,70,1,1,11,20,20,9,0,1,0,1,0,1,999,70,190,1,0,2,4,1,2,1,6,11,0,81,96,28,19,6,2020,6,10,2,12,1,1,1,1,1,4
61831,1,1,51,2,1,11,20,20,0,0,2,0,1,0,1,998,69,153,0,4,1,2,6,2,1,1,19,0,80,96,0,21,10,2020,4,18,2,1,1,1,1,1,1,3
61832,1,1,18,1,1,11,20,9,9,0,2,0,1,99,1,998,68,130,0,0,2,3,1,8,1,1,17,0,999,0,39,26,6,2020,6,0,2,12,2,2,1,3,1,4
61833,1,1,68,1,1,11,3,9,0,0,1,0,1,0,1,998,65,186,0,0,2,2,8,1,1,1,12,0,60,96,0,17,6,2020,4,2,2,39,1,1,3,2,1,4
61835,1,1,31,1,1,11,20,20,1,0,1,0,1,0,1,75,72,160,0,4,2,2,1,2,1,1,6,0,80,0,0,6,8,2020,5,16,2,33,1,1,4,1,1,4
61836,1,1,47,1,1,11,20,20,1,0,1,0,1,0,1,80,66,240,0,0,1,2,1,8,1,6,12,0,60,96,0,11,9,2020,6,7,2,1,1,1,4,1,1,4
61838,1,1,36,1,1,11,3,20,0,0,3,0,1,0,1,70,67,190,0,0,3,7,1,1,1,1,80,0,5,0,0,12,1,2020,1,19,2,8,1,1,1,2,1,0
61839,1,1,17,1,1,11,99,99,1,0,5,0,2,0,1,999,63,125,0,4,8,8,8,8,1,14,11,1,13,0,0,18,1,2020,7,3,2,39,1,1,4,3,1,3
61842,1,1,31,2,1,11,3,9,0,0,1,0,2,0,1,107,62,150,1,4,3,3,1,1,1,15,51,1,13,0,27,23,8,2020,1,3,2,12,1,1,1,2,1,0
61846,1,1,21,1,1,11,20,9,0,0,2,0,1,0,1,999,69,145,0,4,3,3,8,8,1,1,51,1,3,96,0,17,4,2020,6,2,2,12,1,1,1,2,10,4
61848,1,1,49,2,1,11,3,20,0,0,1,0,1,0,1,69,67,180,0,0,3,2,1,2,1,1,80,0,3,0,0,15,10,2020,5,4,2,8,1,1,1,3,1,0
61849,1,1,33,2,1,11,20,20,9,0,1,0,2,0,1,50,63,250,0,4,6,1,1,1,1,6,50,0,13,0,28,20,11,2020,6,9,2,14,5,1,2,1,1,4
61850,1,1,999,9,1,11,99,99,9,0,99,1,9,99,1,999,999,999,99,9,3,2,8,2,1,14,80,0,999,99,999,18,9,2020,6,21,2,8,1,1,1,2,1,0
61851,1,1,24,2,1,11,3,9,0,0,1,0,1,0,1,999,63,140,0,0,3,3,8,2,1,14,13,1,13,96,0,30,10,2020,6,23,2,59,1,1,4,3,1,4
61852,1,1,40,1,1,11,20,20,9,0,1,0,1,0,1,70,69,190,0,4,3,7,1,2,1,1,51,1,80,0,0,24,11,2020,3,14,2,12,1,1,1,1,1,4
61855,1,1,29,2,1,11,3,1,0,0,1,0,2,0,1,68,60,125,0,0,3,4,1,8,1,14,50,0,13,0,0,23,8,2020,1,3,2,12,1,1,1,2,10,2
61856,1,1,72,1,1,11,99,20,9,0,1,0,2,0,1,999,67,150,0,0,4,1,8,2,1,14,80,0,13,0,38,10,2,2020,2,99,2,8,1,1,1,3,1,0
61857,1,1,20,1,1,11,3,8,0,0,1,0,2,0,1,998,68,175,0,0,1,2,8,2,1,98,53,0,7,96,38,20,9,2020,1,20,2,12,1,1,1,2,1,0
61859,1,1,29,1,1,11,3,20,1,0,1,1,2,0,1,35,63,180,0,4,2,2,8,2,1,1,80,0,5,96,0,11,10,2020,1,4,2,8,1,1,1,3,1,0
61860,1,1,23,1,1,11,20,20,0,0,1,0,1,0,1,999,69,155,0,0,3,3,8,2,1,14,13,1,80,96,0,22,11,2020,1,99,2,1,1,1,4,2,10,4
61861,1,1,76,1,1,11,3,9,0,0,1,0,1,0,1,999,62,135,0,0,2,3,1,8,1,1,54,0,13,0,0,23,8,2020,1,23,2,12,1,1,1,3,1,4
61862,1,1,30,1,1,11,3,9,0,0,2,0,2,0,1,999,73,180,0,0,3,4,1,1,1,15,11,1,13,0,27,11,8,2020,3,1,2,12,1,1,1,3,1,2
61863,1,1,48,1,1,11,99,9,9,0,1,0,1,0,1,998,68,220,0,4,1,2,8,2,1,1,12,1,13,0,28,15,10,2020,5,23,2,30,1,1,4,2,1,4
61865,1,1,32,1,1,11,20,20,9,0,2,0,9,0,1,998,74,230,1,5,8,5,8,8,1,11,19,0,60,0,0,9,11,2020,2,20,2,33,1,1,4,3,1,4
61866,1,1,34,1,1,11,20,20,9,0,1,0,2,0,1,65,70,200,0,4,3,3,5,1,1,1,50,0,94,0,0,20,9,2020,1,9,2,12,1,1,1,1,1,4
61870,1,1,36,2,9,99,20,20,9,0,2,0,2,0,1,999,999,999,99,0,6,2,1,2,1,1,12,0,7,99,0,4,9,2020,6,15,2,1,5,1,4,1,1,4
61871,1,1,999,9,1,11,99,99,9,0,99,1,9,99,1,999,999,999,99,0,4,3,8,1,1,1,80,0,999,96,6,6,7,2020,2,4,2,8,1,1,1,2,1,0
61873,1,1,56,2,1,11,3,20,0,0,1,0,1,0,1,40,63,135,0,0,2,2,5,2,1,1,80,0,7,96,38,10,11,2020,3,15,2,8,3,3,1,1,1,0
61874,1,1,59,2,1,11,3,20,8,0,1,0,1,0,1,63,62,110,0,0,3,4,8,1,2,1,80,0,7,0,0,18,11,2020,4,1,2,8,18,1,1,2,2,0
61875,1,1,63,1,1,11,3,9,0,0,1,0,2,0,1,65,66,160,0,4,3,4,1,1,1,14,80,0,5,0,0,14,10,2020,4,5,2,8,18,1,1,3,1,2
61877,1,1,23,2,1,11,3,20,0,0,1,0,1,0,1,70,64,125,0,0,3,3,1,2,1,14,80,0,13,0,0,30,10,2020,6,0,2,8,1,1,1,2,1,0
61880,1,1,31,1,1,11,3,20,0,0,1,0,1,0,1,43,71,145,1,0,1,2,1,2,1,1,83,0,13,0,0,30,9,2020,4,10,2,9,1,1,1,1,1,0
61884,1,1,59,1,1,11,3,20,0,0,1,0,1,0,1,998,70,148,0,0,1,3,8,2,1,1,80,0,13,96,0,29,7,2020,4,17,2,8,3,2,1,1,1,0
61885,1,1,21,1,1,11,20,9,0,0,1,0,1,0,1,999,75,170,3,0,3,3,8,8,1,1,54,1,13,96,51,26,9,2020,7,23,2,12,1,1,1,3,1,4
61886,1,1,61,2,1,11,3,20,0,0,2,0,1,0,1,999,57,140,0,0,2,6,1,2,1,1,80,0,7,96,0,14,5,2020,5,5,2,8,1,1,1,3,1,0
61887,1,1,18,1,1,11,20,9,0,0,2,0,1,0,1,998,74,170,0,0,2,3,8,8,1,14,6,1,13,96,0,22,9,2020,3,0,2,33,3,2,4,3,1,4
61889,1,1,999,1,1,11,99,99,9,0,99,1,9,99,1,999,999,999,99,0,5,5,8,2,1,14,80,0,999,96,0,29,11,2020,1,20,2,8,3,2,1,3,1,9
61890,1,1,48,1,1,11,3,9,0,0,3,0,1,0,1,5,70,195,0,0,2,4,1,2,1,11,54,0,13,0,0,28,9,2020,2,8,2,12,2,2,1,1,1,0
61891,1,1,31,1,1,11,20,1,9,0,1,0,1,0,1,999,66,340,0,4,5,4,1,2,1,14,54,0,13,96,999,19,6,2020,6,20,2,12,1,1,1,1,1,4
61892,1,1,999,9,1,11,99,99,9,0,1,1,9,99,1,999,999,999,99,5,5,5,1,2,1,1,83,0,999,99,999,27,6,2020,7,21,2,9,1,1,1,3,1,9
61893,1,1,35,1,1,11,20,20,0,0,1,0,1,0,1,998,69,190,0,0,1,1,8,2,1,1,12,1,94,96,0,28,6,2020,1,16,2,41,1,1,4,1,1,4
61894,1,1,93,2,1,11,3,20,9,0,1,0,1,0,1,998,63,130,0,0,1,2,8,2,1,1,17,0,3,96,39,7,2,2020,6,13,2,12,2,2,1,1,1,4
61896,1,1,26,1,1,11,3,9,1,0,1,0,2,0,1,999,69,175,2,0,3,5,1,1,1,1,13,1,7,0,42,7,3,2020,7,9,2,59,1,1,4,1,1,4
61897,1,1,999,9,1,11,98,98,9,0,1,1,9,99,1,999,999,999,99,9,1,7,1,2,1,1,80,0,999,96,38,27,6,2020,7,21,2,8,3,2,1,3,1,9
61899,1,1,17,1,1,11,1,9,9,0,1,0,2,0,1,998,67,127,0,4,2,4,1,2,1,14,12,1,13,96,0,17,11,2020,3,1,2,42,1,1,3,3,1,4
61900,1,1,66,1,1,11,3,20,0,0,1,0,1,0,1,35,78,230,0,0,2,3,8,2,1,1,80,0,60,96,0,2,12,2020,4,17,2,8,1,1,1,2,1,0