ST_CASE,VEH_NO,PER_NO,AGE,SEX,PER_TYP,SEAT_POS,REST_USE,AIR_BAG,DRUGS,LOCATION,NUMOCCS,HIT_RUN,OWNER,V_CONFIG,HAZ_INV,TRAV_SP,DR_HGT,DR_WGT,PREV_SPD,SPEEDREL,VTRAFWAY,VNUM_LAN,VPROFILE,VPAVETYP,VSURCOND,P_CRASH1,P_CRASH2,DR_DRINK,VPICBODYCLASS,DRDISTRACT,DRIVERRF,DAY,MONTH,YEAR,DAY_WEEK,HOUR,RUR_URB,HARM_EV,RELJCT2,TYP_INT,REL_ROAD,LGT_COND,WEATHER,INJ_SEV
61903,1,1,24,1,1,11,3,8,9,0,1,0,1,0,1,999,67,150,0,0,3,4,6,1,1,14,54,0,13,96,0,8,10,2020,5,1,2,12,18,1,1,3,1,4
61907,1,1,69,1,1,11,3,9,0,0,2,0,2,0,1,999,75,200,0,0,1,3,8,2,1,11,15,0,2,96,38,5,11,2020,5,17,2,12,2,3,1,5,1,4
61908,1,1,48,1,1,11,3,20,0,0,1,0,1,0,1,55,70,205,0,4,3,2,5,2,1,15,50,0,60,0,0,26,9,2020,7,5,2,12,18,1,1,2,1,2
61910,1,1,37,1,1,11,3,20,0,0,1,0,2,0,1,45,70,135,0,0,3,3,1,2,1,1,80,0,13,0,0,4,12,2020,6,15,2,8,1,1,1,1,1,0
61915,1,1,33,1,1,11,3,20,0,0,1,0,2,0,1,65,63,150,0,0,3,5,1,1,1,1,80,0,60,0,0,22,10,2020,5,18,2,8,1,1,1,3,1,0
61917,1,1,71,1,1,11,3,20,0,0,2,0,1,0,1,999,68,220,0,9,1,2,1,2,1,1,83,0,9,96,0,28,6,2020,1,13,2,9,3,2,1,1,1,0
61918,1,1,72,1,1,11,3,20,0,0,4,0,1,0,1,999,67,225,0,0,1,4,1,2,1,11,55,0,7,96,38,28,6,2020,1,16,2,12,2,3,1,1,10,2
61919,1,1,20,1,1,11,99,9,1,0,2,0,1,0,1,998,60,135,1,0,8,8,8,8,1,1,17,1,5,96,999,5,9,2020,7,4,2,12,2,2,1,3,1,1
61920,1,1,36,2,1,11,20,20,0,0,1,0,1,0,1,65,66,150,0,4,6,1,6,2,1,14,12,1,13,5,0,10,9,2020,5,15,2,33,5,1,4,1,5,4
61922,1,1,49,1,1,11,2,9,0,0,1,0,1,0,1,50,69,210,0,4,1,5,8,8,1,1,50,0,13,93,55,14,7,2020,3,15,2,12,3,2,1,1,1,4
61923,1,1,45,2,1,11,3,20,1,0,99,1,1,0,1,998,69,145,0,0,5,6,1,1,1,1,17,0,7,0,39,19,7,2020,1,16,2,12,2,3,1,1,1,1
61925,1,1,31,2,1,11,99,9,9,0,99,1,1,0,1,998,63,145,0,4,1,2,2,2,1,1,83,0,13,0,0,8,7,2020,4,5,2,9,1,1,1,2,1,0
61927,1,1,37,2,1,11,3,20,0,0,1,0,1,0,1,998,65,190,0,0,2,4,1,1,1,1,80,0,13,0,0,31,8,2020,2,4,2,8,1,1,1,3,1,0
61929,1,1,47,1,1,11,3,20,0,0,1,0,2,0,1,23,66,200,0,0,1,2,1,2,1,1,80,0,7,0,0,1,12,2020,3,17,2,8,1,1,1,2,1,0
61930,1,1,30,1,1,11,3,20,0,0,1,0,1,1,1,70,68,155,0,0,3,3,8,2,1,1,80,0,60,96,0,1,11,2020,1,19,2,8,1,1,1,2,1,0
61931,1,1,29,1,1,11,3,9,1,0,2,0,1,0,1,60,74,220,0,0,1,2,6,2,1,14,13,1,7,0,0,30,6,2020,3,3,2,33,1,1,4,3,1,4
61932,1,1,57,2,1,11,3,20,0,0,1,0,1,0,1,45,64,140,0,0,1,5,1,2,1,1,80,0,60,96,0,9,9,2020,4,20,2,8,1,1,1,2,1,0
61933,1,1,54,1,1,11,20,20,9,0,1,0,2,0,1,999,68,178,0,4,1,2,1,2,1,1,50,0,80,96,0,11,11,2020,4,13,2,12,1,1,1,1,1,4
61934,1,1,50,1,1,11,3,9,0,0,4,0,1,0,1,68,67,190,0,0,3,5,1,1,1,1,80,0,7,96,0,18,10,2020,1,0,2,8,1,1,1,2,1,0
61935,1,1,59,1,1,11,3,20,9,0,1,1,1,0,1,45,69,150,2,0,5,5,8,2,1,1,80,0,60,96,0,15,10,2020,5,6,2,8,1,1,1,2,1,0
61936,1,1,29,1,1,11,3,20,0,0,1,0,3,6,1,51,71,227,0,0,3,5,8,1,1,1,80,0,66,0,0,11,8,2020,3,23,2,8,1,1,1,3,1,0
61938,1,1,33,1,1,11,3,20,0,0,1,0,1,6,1,999,65,150,0,0,1,2,1,2,1,1,83,0,66,96,0,27,1,2020,2,13,2,9,1,1,1,1,1,0
61941,1,1,28,1,1,11,3,20,0,0,1,0,2,0,1,70,68,220,1,0,3,3,8,8,1,1,50,0,13,0,0,26,6,2020,6,1,2,12,1,1,1,2,1,2
61942,1,1,25,1,1,11,99,1,9,0,1,0,3,0,1,999,65,185,1,4,1,7,1,2,1,1,13,1,7,96,27,1,3,2020,1,22,2,33,3,2,4,3,1,4
61943,1,1,60,2,1,11,20,1,0,0,1,0,2,0,1,999,68,210,0,9,1,7,1,2,2,1,11,0,13,96,0,12,3,2020,5,23,2,31,3,2,4,3,10,4
61944,1,1,67,1,1,11,20,20,0,0,1,0,1,0,1,60,67,140,0,2,1,8,8,2,1,1,17,0,82,0,0,1,12,2020,3,13,2,12,2,2,1,1,1,4
61946,1,1,21,2,1,11,20,1,1,0,2,0,1,0,1,100,63,115,0,5,3,4,8,8,1,98,12,1,13,0,60,4,10,2020,1,18,2,25,1,1,3,1,1,2
61947,1,1,62,2,1,11,3,8,0,0,1,0,1,0,1,85,68,150,0,4,3,2,8,8,1,15,6,0,7,0,58,1,12,2020,3,9,2,24,1,1,4,1,1,4
61948,1,1,22,1,1,11,3,9,1,0,3,0,2,0,1,80,70,152,0,3,6,1,8,2,1,14,12,0,3,96,0,12,9,2020,7,11,2,20,5,1,8,1,1,4
61950,1,1,25,1,1,11,3,9,0,0,1,0,2,0,1,999,70,145,0,4,3,3,8,2,1,1,51,1,13,96,0,18,11,2020,4,1,2,12,1,1,1,2,1,4
61951,1,1,41,1,1,11,20,20,1,0,1,0,0,0,1,999,72,155,0,5,1,2,1,2,1,1,98,1,69,0,57,30,11,2020,2,15,2,19,3,3,4,1,1,4
61956,1,1,58,1,1,11,3,20,0,0,3,0,2,0,1,35,64,140,0,0,5,5,8,2,1,1,80,0,13,96,0,1,11,2020,1,0,2,8,1,1,1,3,1,0
61959,1,1,24,1,1,11,20,1,1,0,1,0,2,0,1,999,71,155,0,4,1,4,1,2,1,1,55,0,13,96,39,8,2,2020,7,21,2,12,2,4,1,3,1,4
61960,1,1,40,1,1,11,3,1,1,0,1,0,2,0,1,999,67,165,0,5,1,5,1,2,1,14,13,1,3,96,0,17,2,2020,2,23,2,33,3,2,4,3,1,4
61961,1,1,50,1,1,11,3,20,1,0,1,0,1,0,1,5,66,181,0,0,1,4,1,2,2,11,54,0,7,96,48,13,3,2020,6,3,2,12,4,1,1,3,2,0
61965,1,1,26,1,1,11,20,1,9,0,1,0,2,0,1,78,73,190,0,4,3,4,1,1,1,15,51,0,3,96,27,8,12,2020,3,0,2,12,1,1,1,3,1,4
61966,1,1,25,1,1,11,99,20,0,0,3,0,2,0,1,998,71,150,0,0,1,2,8,8,1,1,12,1,13,0,28,24,10,2020,7,16,2,14,3,3,7,1,1,4
61968,1,1,18,2,1,11,3,1,0,0,99,1,2,0,1,30,59,130,0,0,1,2,8,8,1,1,98,0,13,0,0,18,8,2020,3,23,2,33,1,1,4,3,1,0
61970,1,1,24,2,1,11,3,9,1,0,1,0,2,0,1,999,68,190,0,0,3,7,6,1,1,11,12,1,13,96,0,5,2,2020,4,3,2,25,1,1,3,3,1,4
61971,1,1,999,9,1,11,99,99,9,0,99,1,9,99,1,999,999,999,99,4,3,5,8,1,1,1,80,0,999,99,0,13,6,2020,7,2,2,8,1,1,1,2,1,0
61972,1,1,64,1,1,11,3,20,0,0,1,0,3,6,1,998,70,180,0,0,6,3,8,2,1,11,83,0,66,0,0,29,10,2020,5,13,2,9,3,2,1,1,1,0
61973,1,1,44,1,1,11,20,9,9,0,1,0,2,0,1,999,75,225,0,4,6,2,8,1,1,14,10,0,13,96,0,7,11,2020,7,15,2,12,20,1,1,1,1,4
61974,1,1,68,1,1,11,99,99,9,0,1,0,1,0,1,70,67,150,0,0,3,4,8,1,1,1,13,0,7,96,0,2,11,2020,2,20,2,38,1,1,4,3,1,4
61975,1,1,60,2,1,11,3,9,0,0,1,0,1,0,1,63,67,206,0,0,1,2,1,2,1,1,17,0,7,0,39,4,9,2020,6,13,2,12,2,2,1,1,1,2
61976,1,1,998,8,1,11,99,99,9,0,99,1,9,99,1,45,999,999,99,0,5,5,8,8,1,14,11,0,999,96,0,13,9,2020,1,21,2,8,1,1,4,2,1,9
61978,1,1,18,1,1,11,3,9,0,0,1,0,2,0,1,998,65,128,0,4,2,4,8,8,1,14,6,0,60,96,58,28,2,2020,6,18,2,46,3,2,4,3,1,4
61979,1,1,65,2,1,11,20,8,1,0,1,0,1,0,1,45,67,185,0,0,2,4,8,8,1,1,13,0,13,96,0,16,4,2020,5,21,2,30,3,2,4,3,1,4
61980,1,1,30,1,1,11,20,20,1,0,1,0,1,0,1,60,71,175,0,4,5,5,8,8,1,14,13,1,6,96,0,19,4,2020,1,17,2,33,3,3,4,1,1,4
61982,1,1,60,1,1,11,3,20,0,0,1,0,1,0,1,65,73,180,1,0,3,2,8,1,1,1,80,0,7,96,0,17,10,2020,7,1,2,8,1,1,1,3,1,3
61983,1,1,54,1,1,11,3,9,9,0,1,0,2,0,1,70,74,239,1,0,3,4,1,1,1,1,13,0,7,0,0,19,9,2020,7,22,2,25,1,1,4,3,1,4
61984,1,1,26,2,1,11,3,9,0,0,1,0,1,0,1,55,65,140,0,0,1,2,8,2,1,1,8,1,13,96,0,25,10,2020,1,19,2,12,1,1,1,2,1,4
61985,1,1,59,1,1,11,3,1,0,0,1,0,2,0,1,70,69,200,0,0,3,3,1,8,1,14,12,0,60,96,0,30,10,2020,6,12,2,25,19,1,3,1,1,4
61986,1,1,62,2,1,11,3,9,0,0,1,0,1,0,1,999,65,163,0,4,3,5,8,2,1,1,50,0,13,96,0,18,9,2020,6,18,2,12,18,1,1,1,1,4
61987,1,1,26,1,1,11,3,20,0,0,1,0,1,0,1,71,72,380,0,0,3,5,5,1,1,1,80,0,7,0,0,3,8,2020,2,1,2,8,1,1,1,2,1,0
61988,1,1,30,1,1,11,3,9,0,0,4,0,2,0,1,75,67,140,99,0,3,4,8,1,1,1,12,1,2,0,0,25,10,2020,1,21,2,20,1,1,4,3,1,2
61990,1,1,999,9,1,11,99,99,9,0,1,1,9,0,1,999,999,999,99,9,1,5,1,2,1,1,83,0,13,99,999,14,3,2020,7,21,2,9,1,1,1,3,1,9
61994,1,1,30,2,1,11,3,9,0,0,1,0,1,0,1,63,64,140,0,0,3,3,1,8,1,1,80,0,13,0,0,15,8,2020,7,4,2,8,1,1,1,2,1,0
61995,1,1,29,1,1,11,20,9,0,0,2,0,1,0,1,70,72,180,0,4,3,4,1,2,1,1,51,1,13,0,0,19,9,2020,7,1,2,12,1,1,1,2,1,2
61997,1,1,49,1,1,11,20,20,9,0,1,0,1,0,1,998,72,190,0,0,2,3,8,8,1,15,51,0,12,96,27,11,12,2020,6,6,2,12,2,2,1,3,10,4
61998,1,1,28,2,1,11,3,9,0,0,2,0,1,0,1,999,63,170,0,0,3,3,1,8,1,1,13,1,13,96,0,16,11,2020,2,12,2,1,1,1,4,1,1,2
62004,1,1,28,2,1,11,3,20,0,0,1,0,2,0,1,40,62,170,0,0,1,4,1,2,1,1,80,0,13,96,0,24,10,2020,7,18,2,8,1,1,1,2,1,0
62005,1,1,20,1,1,11,20,99,0,0,3,0,1,0,1,85,70,145,1,4,1,2,1,2,1,14,12,1,1,96,0,11,4,2020,7,0,2,42,1,1,4,3,1,4
62006,1,1,29,1,1,11,20,20,9,0,1,0,1,0,1,65,80,240,0,4,5,5,1,1,1,14,6,0,98,96,0,4,12,2020,6,15,2,1,3,3,4,1,1,4
62007,1,1,22,1,1,11,3,20,1,0,1,1,1,0,1,998,68,155,0,0,1,2,8,2,1,1,13,0,7,96,91,30,11,2020,2,13,2,8,1,1,4,1,1,0
62008,1,1,43,1,1,11,3,9,9,0,3,0,2,0,1,999,61,175,0,0,3,3,8,2,1,14,13,1,7,96,0,5,11,2020,5,14,2,38,1,1,4,1,1,4
62010,1,1,56,1,1,11,3,20,0,0,1,0,1,0,1,999,66,190,0,0,3,3,8,2,1,1,12,0,7,96,0,25,8,2020,3,3,2,1,1,1,3,2,1,4
62011,1,1,36,1,1,11,3,20,0,0,1,0,2,0,1,75,72,250,1,0,3,5,1,8,1,1,80,0,60,0,0,2,11,2020,2,0,2,8,1,1,1,3,1,0
62012,1,1,27,1,1,11,3,9,1,0,1,0,2,0,1,65,65,145,0,4,3,3,8,8,1,14,13,0,13,96,0,17,7,2020,6,6,2,1,1,1,4,1,1,4
62015,1,1,44,1,1,11,3,9,0,0,3,0,1,0,1,83,67,160,0,4,3,4,8,8,1,98,6,0,7,0,36,20,10,2020,3,5,2,38,1,1,4,4,1,3
62019,1,1,77,1,1,11,3,20,0,0,2,0,2,0,1,55,68,140,0,0,1,2,1,2,1,1,80,0,95,96,0,12,10,2020,2,19,2,8,1,1,1,2,1,0
62020,1,1,41,1,1,11,3,9,1,0,2,0,1,0,1,998,65,158,0,0,1,2,8,8,1,1,13,0,3,96,0,14,10,2020,4,16,2,14,1,1,2,1,1,3
62021,1,1,32,1,1,11,3,20,0,0,4,1,2,0,1,78,65,130,0,0,2,2,8,2,1,1,1,1,7,96,0,22,8,2020,7,3,2,33,1,1,4,2,1,2
62023,1,1,48,1,1,11,3,20,0,0,1,0,2,0,1,998,66,150,0,0,1,5,1,2,1,1,83,0,65,96,0,30,9,2020,4,6,2,15,3,3,1,3,1,0
62024,1,1,48,2,1,11,3,20,0,0,1,0,2,0,1,60,64,115,0,0,3,3,8,1,1,1,80,0,7,0,0,5,8,2020,4,0,2,8,1,1,1,2,1,0
62026,1,1,25,1,1,11,3,20,8,0,1,0,1,0,1,37,74,125,0,5,1,5,1,2,1,1,80,0,13,96,0,16,6,2020,3,19,2,8,1,1,1,3,1,0
62027,1,1,35,1,1,11,20,20,1,0,1,0,2,0,1,998,73,205,3,4,1,2,8,8,1,1,17,0,80,96,0,18,6,2020,5,19,2,1,2,2,1,1,10,4
62028,1,1,48,1,1,11,20,20,0,0,1,0,1,1,1,45,67,250,0,0,1,2,1,2,1,14,13,0,60,0,79,11,12,2020,6,15,2,59,1,1,4,1,10,4
62030,1,1,57,1,1,11,3,20,0,0,1,0,3,6,1,55,69,165,0,0,3,3,1,8,1,1,80,0,66,96,0,24,2,2020,2,3,2,8,18,1,1,2,1,0
62032,1,1,21,1,1,11,3,9,9,0,2,0,2,0,1,999,68,167,0,0,3,5,1,8,1,14,8,0,13,96,0,2,5,2020,7,1,2,24,1,1,4,3,1,4
62033,1,1,37,1,1,11,3,20,0,0,2,0,1,0,1,50,64,135,0,0,6,1,8,2,1,1,80,0,13,0,0,12,9,2020,7,19,2,8,20,1,1,2,1,1
62034,1,1,58,1,1,11,3,8,9,0,1,0,2,0,1,998,73,195,0,4,3,2,6,8,1,14,6,0,13,96,0,23,10,2020,6,7,2,52,1,1,4,1,1,4
62038,1,1,27,2,1,11,3,20,1,0,2,0,2,0,1,70,66,150,0,0,3,4,8,2,1,14,98,1,13,96,0,26,7,2020,1,13,2,54,1,1,1,1,1,4
62040,1,1,22,1,1,11,3,20,9,0,1,0,2,0,1,45,67,200,0,0,3,4,1,8,1,15,13,0,13,96,0,19,11,2020,5,6,2,33,1,1,4,1,1,4
62041,1,1,23,1,1,11,99,99,9,0,1,0,2,0,1,999,71,300,0,4,3,4,1,1,1,1,13,1,3,96,0,1,10,2020,5,21,2,39,1,1,3,3,1,4
62043,1,1,60,1,1,11,3,20,0,0,1,0,3,0,1,68,74,220,0,0,3,2,5,2,1,1,80,0,60,0,0,6,8,2020,5,4,2,8,1,1,1,2,1,0
62047,1,1,16,2,1,11,3,1,0,0,3,0,2,0,1,999,66,170,0,0,2,3,1,2,1,11,55,0,3,96,38,15,6,2020,2,18,2,12,2,2,1,1,1,0
62049,1,1,37,2,1,11,3,20,0,0,1,0,1,0,1,30,65,260,0,0,2,3,8,2,1,1,80,0,60,96,0,20,11,2020,6,19,2,8,7,1,1,3,1,0
62050,1,1,19,1,1,11,3,9,0,0,1,0,2,0,1,998,72,135,0,0,1,2,8,2,1,14,10,1,60,96,0,26,10,2020,2,18,2,12,1,1,1,5,1,3
62051,1,1,33,1,1,11,20,20,9,0,1,0,1,0,1,998,73,225,0,0,2,2,8,2,1,1,67,0,80,96,0,4,6,2020,5,14,2,12,2,3,1,1,1,4
62052,1,1,27,1,1,11,3,20,0,0,5,0,1,0,1,998,70,150,0,4,1,2,8,8,1,1,13,1,60,96,0,12,4,2020,1,99,2,17,1,1,4,1,1,3
62053,1,1,68,1,1,11,3,1,9,0,1,0,2,0,1,998,75,225,0,0,1,2,8,2,1,1,13,0,7,96,28,14,6,2020,1,12,2,14,3,2,7,1,1,4
62054,1,1,23,2,1,11,20,9,0,0,2,0,1,0,1,65,68,180,0,4,3,4,8,2,2,1,6,0,13,0,0,16,8,2020,1,9,2,1,1,1,4,1,2,0
62064,1,1,55,1,1,11,3,20,0,0,1,0,2,0,1,90,68,160,0,0,3,4,8,8,1,1,8,1,7,96,0,18,10,2020,1,0,2,1,1,1,1,3,10,4
62066,1,1,28,1,1,11,3,20,0,0,1,0,1,0,1,50,72,160,0,0,6,1,8,2,1,14,80,0,7,0,0,26,9,2020,7,22,2,8,20,1,1,2,1,0
62068,1,1,28,1,1,11,20,20,1,0,1,0,1,0,1,998,70,165,0,0,5,5,8,2,1,1,13,1,80,96,0,23,5,2020,7,1,2,31,1,1,4,3,1,4
62069,1,1,29,1,1,11,3,20,0,0,1,0,1,0,1,58,69,170,0,0,1,2,8,2,1,1,80,1,60,0,0,30,10,2020,6,20,2,15,1,1,1,2,1,0
62070,1,1,51,1,1,11,3,9,0,0,1,0,1,0,1,999,74,220,0,0,6,2,5,1,1,1,8,0,7,0,0,21,8,2020,6,5,2,33,3,2,4,3,1,3
62071,1,1,51,2,1,11,3,8,0,0,1,0,1,0,1,998,63,155,0,0,1,5,1,2,1,14,13,1,7,96,27,10,7,2020,6,23,2,33,3,3,4,3,1,4
62072,1,1,65,1,1,11,3,9,1,0,1,0,1,0,1,998,76,250,0,0,1,2,8,8,1,98,12,0,13,96,51,26,5,2020,3,9,2,59,1,1,4,1,1,0
62073,1,1,30,1,1,11,3,9,9,0,1,1,2,0,1,90,74,210,0,3,1,2,1,8,1,1,13,0,7,96,37,29,5,2020,6,19,2,30,1,1,4,1,1,0
62074,1,1,18,1,1,11,3,1,1,0,2,0,2,0,1,30,69,146,99,0,8,2,8,2,1,1,13,0,13,19,6,15,6,2020,2,14,2,33,3,2,4,1,1,2
62075,1,1,88,1,1,11,3,9,0,0,1,0,1,0,1,998,70,180,0,0,2,1,8,8,1,11,15,0,13,96,39,24,6,2020,4,8,2,12,2,3,1,1,1,4
62077,1,1,52,2,1,11,3,9,0,0,2,0,2,0,1,999,63,135,0,0,2,3,8,2,1,14,12,0,13,0,0,17,12,2020,5,10,2,18,1,1,3,1,1,1
62079,1,1,36,1,1,11,3,1,1,0,1,0,2,0,1,65,78,290,0,0,3,6,1,2,1,15,10,0,13,0,27,19,8,2020,4,15,2,12,1,1,1,1,1,4
62081,1,1,31,1,1,11,3,1,9,0,1,0,1,0,1,999,66,165,0,0,1,2,1,2,2,1,10,0,7,96,28,7,11,2020,7,5,2,12,1,1,1,2,1,4
62083,1,1,24,1,1,11,3,20,0,0,1,0,3,0,1,60,72,150,0,0,3,5,8,2,1,1,80,0,13,96,0,11,10,2020,1,3,2,8,1,1,1,2,10,1
62084,1,1,53,1,1,11,3,20,0,0,4,0,1,0,1,0,69,206,0,4,3,6,1,8,1,5,53,0,13,96,0,18,10,2020,1,18,2,12,1,1,1,5,1,2
62087,1,1,36,1,1,11,3,8,9,0,1,0,1,0,1,999,74,250,0,0,2,2,5,8,1,14,13,0,13,96,0,19,11,2020,5,19,2,59,1,1,4,2,1,4
62091,1,1,26,1,1,11,3,9,1,0,4,0,2,0,1,999,72,165,0,0,1,2,8,1,1,1,13,0,13,0,0,9,12,2020,4,8,2,59,1,1,4,1,1,3
62092,1,1,999,9,1,11,99,99,9,0,99,1,9,99,1,999,999,999,99,9,3,5,1,1,1,1,80,0,999,99,999,23,12,2020,4,23,2,8,1,1,1,3,5,9
62093,1,1,22,1,1,11,20,2,0,0,1,0,2,0,1,85,67,180,1,4,3,5,1,2,1,1,11,1,13,99,0,25,9,2020,6,0,2,25,1,1,3,3,1,4
62094,1,1,26,1,1,11,3,20,0,0,1,0,1,5,1,58,70,170,0,4,3,3,8,2,1,1,50,0,66,0,0,27,11,2020,6,0,2,12,1,1,1,2,1,0
62095,1,1,22,2,1,11,3,8,1,0,1,0,2,0,1,90,71,200,1,0,3,4,8,2,1,1,13,1,7,96,0,23,4,2020,5,1,2,43,1,1,4,3,10,4
62097,1,1,44,1,1,11,99,20,0,0,1,0,1,0,1,48,68,189,0,0,1,2,8,2,1,1,10,1,60,96,51,24,11,2020,3,17,2,12,1,1,1,2,1,4
62100,1,1,21,1,1,11,20,9,0,0,1,0,1,0,1,999,74,180,0,0,1,2,8,2,1,14,10,0,13,96,28,7,9,2020,2,16,2,12,1,1,1,1,1,4
62103,1,1,38,2,1,11,3,9,1,0,1,0,0,0,1,999,59,145,0,5,5,3,5,2,2,98,10,0,13,0,28,17,12,2020,5,8,2,12,1,1,1,1,10,4
62105,1,1,22,1,1,11,3,20,0,0,2,0,1,0,1,61,74,170,0,0,3,6,1,8,1,1,80,1,13,0,0,30,8,2020,1,0,2,8,1,1,1,2,1,0
62106,1,1,27,1,1,11,3,20,1,0,1,0,2,0,1,998,72,180,0,0,5,5,1,2,1,1,80,1,13,96,38,11,1,2020,7,18,2,8,1,1,1,3,10,0
62107,1,1,23,1,1,11,20,20,9,0,1,0,1,0,1,998,70,150,0,4,1,2,8,2,1,14,6,0,80,0,0,30,5,2020,7,17,2,30,3,3,4,1,1,4
62108,1,1,20,1,1,11,3,9,9,0,2,0,1,0,1,998,71,255,0,3,2,3,8,2,1,1,17,0,3,96,0,30,5,2020,7,19,2,12,2,3,1,3,1,3
62109,1,1,48,2,1,11,20,20,0,0,1,0,2,0,1,998,67,125,0,0,1,2,1,2,1,14,10,1,94,96,28,12,8,2020,4,15,2,12,1,1,1,1,1,4
62110,1,1,29,1,1,11,20,20,0,0,1,0,1,0,1,998,77,280,0,4,1,2,1,1,1,14,6,1,94,0,0,4,12,2020,6,18,2,1,1,1,1,3,1,4
62111,1,1,22,2,1,11,3,9,0,0,1,1,2,0,1,998,68,130,0,4,2,3,6,2,1,1,17,1,7,0,6,8,12,2020,3,19,2,12,2,2,1,3,1,2
62113,1,1,40,2,1,11,3,20,0,0,2,0,1,0,1,48,71,300,0,0,2,4,1,2,1,1,80,0,13,0,0,23,8,2020,1,22,2,8,3,2,1,3,1,2
62114,1,1,27,1,1,11,20,20,1,0,2,0,2,0,1,999,73,175,0,4,3,2,8,2,2,1,51,0,60,96,0,13,11,2020,6,22,2,12,1,1,1,3,1,4
62115,1,1,53,2,1,11,20,20,0,0,1,0,1,0,1,999,67,165,0,0,3,5,8,2,1,14,9,0,82,96,0,12,10,2020,2,21,2,1,1,1,1,3,1,4
62118,1,1,79,1,1,11,3,1,9,0,2,0,1,0,1,55,67,170,1,4,1,3,6,8,1,14,13,0,13,96,0,18,11,2020,4,3,2,24,1,1,4,3,1,4
62120,1,1,35,1,1,11,3,9,9,0,3,0,1,0,1,78,68,160,0,0,3,3,1,2,1,1,13,0,7,96,0,14,9,2020,2,3,2,1,1,1,4,2,1,4
62123,1,1,46,2,1,11,20,20,0,0,1,0,2,0,1,999,61,220,0,0,6,2,6,1,1,14,13,1,5,96,0,3,9,2020,5,17,2,59,5,1,4,1,1,4
62125,1,1,56,1,1,11,20,20,0,0,1,0,0,0,1,33,72,165,0,0,3,3,1,1,1,15,11,0,94,96,27,20,11,2020,6,11,2,12,1,1,1,1,1,4
62130,1,1,19,1,1,11,3,20,0,0,4,0,1,0,1,105,69,155,0,4,3,3,8,1,1,1,6,1,3,0,60,18,7,2020,7,2,2,33,1,1,4,3,1,2
62131,1,1,999,9,1,11,99,99,9,0,99,1,9,99,1,998,999,999,99,9,2,4,8,2,1,1,80,0,999,96,0,14,6,2020,1,21,2,8,1,1,1,3,1,0
62133,1,1,29,1,1,11,20,20,0,0,1,0,2,0,1,998,67,150,0,4,2,2,8,8,1,1,6,0,80,96,0,14,11,2020,7,13,2,1,1,1,1,1,1,4
62134,1,1,26,1,1,11,3,9,1,0,1,0,1,0,1,998,72,198,0,0,2,4,8,2,1,11,17,0,13,96,48,30,10,2020,6,17,2,12,2,4,1,5,1,2
62135,1,1,999,9,1,11,98,20,9,0,1,1,9,99,1,998,999,999,99,0,2,3,1,8,1,1,80,0,999,96,0,18,12,2020,6,19,2,8,1,1,1,2,1,0
62141,1,1,22,1,1,11,20,9,9,0,2,0,2,0,1,70,71,140,0,0,3,5,1,1,1,1,13,0,13,96,0,10,11,2020,3,23,2,59,1,1,4,2,1,4
62143,1,1,44,1,1,11,20,98,0,0,1,0,2,0,1,998,69,201,99,4,1,2,1,2,1,1,6,1,13,96,0,10,7,2020,6,2,2,33,1,1,4,2,1,4
62146,1,1,37,1,1,11,20,9,0,0,1,1,2,0,1,998,70,200,0,4,3,4,1,8,1,1,50,1,13,96,0,20,11,2020,6,0,2,12,1,1,1,3,1,2
62147,1,1,30,1,1,11,20,8,0,0,1,0,1,0,1,88,72,210,1,0,3,4,8,1,1,1,13,1,13,96,0,14,11,2020,7,22,2,24,1,1,4,3,10,4
62149,1,1,21,1,1,11,20,20,0,0,1,0,1,0,1,55,72,200,0,0,2,2,6,2,1,14,8,1,60,96,0,29,11,2020,1,6,2,33,1,1,4,1,1,4
62151,1,1,30,1,1,11,20,20,0,0,1,0,3,0,1,65,73,230,0,0,2,2,8,8,1,14,13,1,94,96,0,1,11,2020,1,1,2,59,3,4,4,3,1,4
62152,1,1,65,1,1,11,20,20,0,0,1,0,1,0,1,43,67,175,0,4,3,4,8,1,1,2,6,0,80,96,0,18,9,2020,6,15,2,1,1,1,1,1,1,4
62154,1,1,34,2,1,11,3,20,0,0,1,0,2,0,1,60,62,147,0,0,3,6,1,1,1,1,80,0,13,96,0,9,3,2020,2,0,2,8,1,1,1,2,1,0
62155,1,1,25,1,1,11,3,20,0,0,2,0,1,0,1,65,62,190,0,0,4,3,8,1,1,14,12,1,95,96,0,1,8,2020,7,2,2,24,19,1,8,3,1,1
62156,1,1,46,1,1,11,3,9,9,0,5,0,2,0,1,998,70,165,0,0,3,5,1,1,1,1,13,0,7,96,0,23,8,2020,1,14,2,59,1,1,4,1,1,4
62157,1,1,33,2,1,11,20,8,0,0,1,0,1,0,1,999,59,110,0,0,3,5,5,1,1,14,54,1,13,96,51,11,3,2020,4,1,2,12,1,1,1,3,1,4
62158,1,1,38,1,1,11,3,20,0,0,1,0,2,0,1,55,67,155,0,0,1,2,1,2,1,1,80,0,2,96,0,9,10,2020,6,22,2,8,1,1,1,3,1,0
62165,1,1,33,2,1,11,20,9,0,0,1,0,1,0,1,88,67,140,0,4,2,2,1,8,1,1,50,0,7,96,6,6,6,2020,7,7,2,12,3,3,1,1,1,3