ST_CASE,VEH_NO,PER_NO,AGE,SEX,PER_TYP,SEAT_POS,REST_USE,AIR_BAG,DRUGS,LOCATION,NUMOCCS,HIT_RUN,OWNER,V_CONFIG,HAZ_INV,TRAV_SP,DR_HGT,DR_WGT,PREV_SPD,SPEEDREL,VTRAFWAY,VNUM_LAN,VPROFILE,VPAVETYP,VSURCOND,P_CRASH1,P_CRASH2,DR_DRINK,VPICBODYCLASS,DRDISTRACT,DRIVERRF,DAY,MONTH,YEAR,DAY_WEEK,HOUR,RUR_URB,HARM_EV,RELJCT2,TYP_INT,REL_ROAD,LGT_COND,WEATHER,INJ_SEV
62166,1,1,34,1,1,11,3,20,0,0,1,0,0,0,1,25,70,220,0,0,1,4,1,1,1,1,80,0,13,0,0,21,8,2020,6,4,2,8,1,1,1,2,1,0
62167,1,1,29,1,1,11,3,20,0,0,1,0,1,0,1,83,72,285,0,4,5,7,1,8,1,1,80,0,13,0,0,1,10,2020,5,5,2,8,1,1,1,3,1,2
62170,1,1,31,2,1,11,3,20,8,0,3,0,1,0,1,34,65,115,0,0,5,5,8,2,1,1,80,0,7,0,0,6,1,2020,2,6,2,8,3,2,1,3,1,0
62171,1,1,47,2,1,11,3,3,0,0,2,0,2,0,1,998,64,140,0,0,2,3,8,8,1,1,12,1,13,96,0,19,6,2020,6,3,2,42,1,1,3,3,1,3
62172,1,1,20,1,1,11,3,20,9,0,1,0,2,0,1,998,65,140,99,0,1,5,1,2,1,11,15,0,60,96,38,7,7,2020,3,11,2,12,2,2,1,1,1,1
62173,1,1,27,1,1,11,98,98,9,0,99,1,9,0,1,999,73,220,0,4,1,4,8,8,3,1,80,0,7,6,0,17,1,2020,6,20,2,8,1,1,1,3,1,9
62174,1,1,999,9,1,11,99,99,9,0,99,1,9,99,1,999,999,999,99,9,5,6,8,8,1,1,80,0,999,99,999,8,7,2020,4,20,2,8,3,3,1,3,1,0
62175,1,1,24,1,1,11,99,20,9,0,2,0,1,0,1,998,69,190,0,0,1,2,8,8,1,1,98,0,13,96,31,5,7,2020,1,3,2,5,1,1,1,3,1,0
62176,1,1,999,9,1,11,99,20,9,0,99,1,9,99,1,999,999,999,99,4,1,2,8,2,1,1,83,0,999,99,0,10,7,2020,6,0,2,15,1,1,1,3,1,9
62177,1,1,47,2,1,11,20,2,9,0,1,0,2,0,1,56,69,220,0,0,2,2,1,8,1,1,12,0,60,96,0,22,6,2020,2,11,2,12,1,1,1,1,1,4
62178,1,1,48,1,1,11,3,20,0,0,1,0,1,0,1,42,72,150,0,0,2,4,8,2,1,1,80,0,60,96,0,8,7,2020,4,15,2,8,1,1,1,1,1,0
62179,1,1,24,1,1,11,2,20,0,0,1,0,1,0,1,998,63,165,0,0,1,2,8,8,1,10,80,0,13,96,0,10,7,2020,6,0,2,8,4,1,1,2,1,0
62181,1,1,21,1,1,11,3,20,0,0,99,1,1,0,1,998,68,230,1,4,2,3,8,2,1,1,80,0,3,96,91,19,7,2020,1,12,2,8,1,1,1,1,1,0
62182,1,1,31,1,1,11,3,20,0,0,1,0,1,0,1,998,68,225,1,0,1,3,8,2,1,10,80,0,60,0,10,10,7,2020,6,9,2,8,3,2,1,1,1,0
62183,1,1,30,1,1,11,20,9,9,0,1,0,1,0,1,998,73,190,0,0,1,2,8,8,1,1,10,0,13,96,28,13,8,2020,5,14,2,12,1,1,1,1,1,4
62184,1,1,85,2,1,11,3,9,0,0,1,0,1,0,1,998,66,140,0,4,2,1,8,8,1,11,15,0,13,0,0,23,12,2020,4,13,2,12,2,3,1,1,1,4
62185,1,1,28,1,1,11,3,1,0,0,1,0,1,0,1,50,72,162,0,0,1,2,1,2,1,1,80,0,13,96,0,9,10,2020,6,22,2,8,1,1,1,2,1,1
62186,1,1,33,1,1,11,3,9,0,0,3,0,1,0,1,998,71,170,0,4,2,3,8,2,1,1,13,1,13,96,0,11,4,2020,7,22,2,33,3,2,12,3,1,4
62188,1,1,49,1,1,11,3,2,1,0,2,0,2,0,1,45,67,127,0,0,5,5,5,2,1,14,13,0,7,0,0,23,9,2020,4,6,2,33,1,1,4,1,1,3
62189,1,1,22,1,1,11,3,8,0,0,2,0,2,0,1,80,69,198,0,0,3,4,8,8,1,1,54,1,5,96,51,27,11,2020,6,2,2,12,1,1,1,2,1,2
62190,1,1,59,1,1,11,20,20,9,0,1,0,2,0,1,5,70,235,0,4,2,4,1,2,1,1,6,0,80,96,0,27,8,2020,5,15,2,1,3,2,1,1,1,4
62193,1,1,57,1,1,11,20,20,0,0,1,0,1,0,1,999,71,165,0,0,1,2,1,2,1,6,61,1,98,96,0,4,10,2020,1,14,2,12,1,1,1,1,10,4
62194,1,1,32,1,1,11,3,20,0,0,2,0,2,0,1,20,76,188,0,0,1,4,8,8,1,1,53,0,13,96,0,7,7,2020,3,14,2,12,1,1,1,1,1,0
62195,1,1,47,1,1,11,3,20,0,0,1,0,1,0,1,998,71,225,0,0,1,2,8,2,1,11,80,0,7,0,10,6,2,2020,5,8,2,8,3,2,1,1,1,0
62196,1,1,35,1,1,11,20,20,9,0,1,0,2,0,1,998,69,165,0,0,2,4,8,8,1,1,17,0,80,96,39,25,6,2020,5,14,2,12,8,1,1,1,1,4
62197,1,1,36,2,1,11,3,20,0,0,3,0,1,0,1,33,61,150,0,0,5,5,8,2,1,1,80,1,13,96,999,3,7,2020,6,21,2,8,1,1,1,3,1,0
62198,1,1,20,1,1,11,3,20,1,0,1,1,1,0,1,998,74,165,0,0,2,3,8,8,1,1,80,0,5,96,0,4,7,2020,7,1,2,8,1,1,1,3,1,0
62199,1,1,32,1,1,11,99,1,1,0,1,0,2,0,1,50,71,185,0,0,2,6,1,2,1,1,17,1,7,96,91,3,5,2020,1,0,2,12,2,2,1,3,1,1
62200,1,1,54,1,1,11,20,20,0,0,2,0,1,0,1,998,70,175,0,0,2,2,8,8,1,1,80,0,81,96,0,6,7,2020,2,22,2,8,1,1,1,3,1,3
62201,1,1,17,1,1,11,3,9,1,0,6,0,2,0,1,998,69,170,0,0,2,3,6,2,1,1,12,0,7,96,0,5,7,2020,1,17,2,33,1,1,4,1,1,2
62202,1,1,999,9,1,11,99,98,9,0,1,1,9,99,1,998,999,999,99,0,1,2,8,8,1,14,80,0,999,96,28,3,7,2020,6,0,2,8,1,1,1,3,1,9
62203,1,1,19,1,1,11,3,9,0,0,1,0,1,0,1,83,70,160,0,4,3,3,8,8,1,1,80,0,3,96,0,5,7,2020,1,22,2,8,3,2,1,3,1,0
62204,1,1,58,2,1,11,3,20,0,0,1,0,2,0,1,58,65,115,0,0,2,4,5,8,1,14,83,0,7,96,0,25,5,2020,2,9,2,9,3,2,1,1,10,0
62205,1,1,82,1,1,11,3,20,0,0,2,0,1,0,1,35,68,145,0,0,2,2,8,8,1,1,80,0,2,0,0,2,7,2020,5,0,2,8,1,1,1,3,1,0
62206,1,1,30,1,1,11,3,1,1,0,1,0,2,0,1,90,76,290,0,4,1,2,8,8,1,1,13,0,60,6,28,6,7,2020,2,19,2,38,1,1,4,1,1,3
62207,1,1,54,1,1,11,3,1,0,0,1,0,1,0,1,45,72,230,1,0,5,5,1,2,1,1,80,0,13,96,0,7,7,2020,3,4,2,8,1,1,1,3,1,0
62208,1,1,42,1,1,11,3,20,0,0,1,0,2,0,1,998,73,165,0,0,2,4,8,8,1,12,21,1,9,96,39,2,7,2020,5,20,2,12,2,2,1,5,1,0
62209,1,1,26,1,1,11,20,9,0,0,1,0,1,0,1,998,71,168,0,4,1,4,8,8,1,1,6,1,13,96,0,6,7,2020,2,1,2,33,3,3,4,3,1,4
62210,1,1,59,2,1,11,3,20,0,0,3,0,1,0,1,75,64,155,0,4,1,2,8,2,1,14,6,0,7,96,53,2,7,2020,5,21,2,38,1,1,4,2,1,2
62211,1,1,30,1,1,11,3,20,0,0,2,0,1,0,1,20,65,160,0,0,1,2,5,2,1,14,83,0,13,96,0,3,7,2020,6,18,2,9,1,1,1,2,1,0
62212,1,1,19,1,1,11,3,2,1,0,2,0,1,0,1,45,71,130,0,4,1,2,8,8,2,14,11,1,13,96,0,17,12,2020,5,0,2,14,1,1,2,3,10,3
62215,1,1,43,1,1,11,3,20,0,0,4,0,2,0,1,50,74,205,0,0,1,2,1,2,1,1,80,0,60,96,0,23,9,2020,4,18,2,8,1,1,1,5,1,0
62218,1,1,23,2,1,11,3,1,1,0,1,0,1,0,1,999,62,125,0,0,6,1,8,1,1,14,12,1,3,0,0,29,9,2020,3,99,2,39,5,1,4,3,1,4
62220,1,1,59,1,1,11,3,9,9,0,1,0,1,0,1,75,71,200,0,0,3,5,1,2,1,1,12,0,60,96,0,7,11,2020,7,23,2,25,19,1,3,3,10,4
62221,1,1,20,1,1,11,3,99,0,0,2,0,2,0,1,998,65,140,0,0,6,2,5,2,1,6,12,1,13,96,0,11,7,2020,7,2,2,39,5,1,4,2,1,4
62222,1,1,38,1,1,11,3,20,0,0,1,0,2,0,1,40,66,170,0,0,1,4,8,8,1,1,80,0,13,0,0,22,12,2020,3,17,2,8,1,1,1,3,1,0
62223,1,1,30,1,1,11,99,99,9,0,1,0,1,0,1,999,66,260,0,0,3,3,8,2,1,1,13,0,13,96,0,26,7,2020,1,2,2,34,1,1,4,2,1,4
62225,1,1,61,1,1,11,3,9,0,0,1,0,3,6,1,55,77,310,0,4,3,6,1,1,1,1,50,0,66,96,6,16,6,2020,3,9,2,12,1,1,1,1,10,3
62227,1,1,26,2,1,11,3,20,8,0,2,0,1,0,1,35,60,145,0,0,5,5,1,2,1,1,80,0,7,0,0,4,12,2020,6,17,2,8,3,2,1,1,1,0
62231,1,1,64,1,1,11,3,20,0,0,2,0,1,0,1,65,68,145,0,0,2,2,5,2,1,1,12,0,7,96,58,2,10,2020,6,0,2,1,1,1,3,2,1,0
62235,1,1,51,1,1,11,20,1,0,0,1,0,2,0,1,999,70,230,0,0,1,2,1,2,1,1,17,0,60,0,39,8,12,2020,3,20,2,12,2,2,1,2,10,4
62237,1,1,999,9,1,11,99,99,9,0,1,1,9,99,1,999,999,999,99,9,3,6,1,1,1,15,51,0,999,96,27,23,2,2020,1,0,2,12,1,1,1,3,1,9
62238,1,1,25,1,1,11,3,9,0,0,3,0,1,0,1,998,74,155,0,4,6,2,6,8,1,14,6,1,13,0,58,15,12,2020,3,21,2,35,5,1,4,2,1,2
62240,1,1,39,2,1,11,3,20,0,0,1,0,1,0,1,35,63,110,0,0,2,6,1,2,1,1,80,0,13,0,0,11,11,2020,4,19,2,8,3,2,1,3,1,0
62241,1,1,28,2,1,11,3,9,0,0,3,0,1,0,1,65,60,135,0,0,3,6,8,8,1,1,13,1,13,96,0,6,8,2020,5,23,2,39,1,1,4,3,1,4
62243,1,1,37,2,1,11,3,1,1,0,2,0,3,0,1,0,70,200,0,0,3,7,1,1,1,5,53,0,13,96,0,4,5,2020,2,2,2,12,1,1,1,2,1,4
62245,1,1,23,2,1,11,3,9,0,0,1,0,1,0,1,70,64,135,0,0,3,6,1,1,1,14,80,0,60,0,0,23,10,2020,6,20,2,8,1,1,1,2,1,0
62247,1,1,50,1,1,11,20,20,0,0,2,0,1,0,1,60,72,205,0,4,6,9,1,1,1,15,11,0,81,96,27,1,11,2020,1,11,2,12,5,1,1,1,10,3
62248,1,1,45,1,1,11,3,9,0,0,1,0,3,0,1,63,74,180,0,4,6,2,8,1,1,1,51,0,60,96,0,23,8,2020,1,4,2,12,5,1,1,3,1,0
62249,1,1,34,1,1,11,20,20,1,0,1,0,2,0,1,999,71,180,0,0,2,2,8,1,1,1,13,0,3,96,91,29,9,2020,3,18,2,14,1,1,2,1,1,9
62250,1,1,56,1,1,11,3,9,9,0,1,0,1,0,1,35,67,190,0,0,1,2,8,2,1,11,15,0,13,0,38,23,10,2020,6,19,2,12,2,3,1,2,1,2
62251,1,1,23,1,1,11,3,20,0,0,1,0,1,0,1,70,72,170,0,0,3,6,1,1,1,15,11,0,13,96,27,11,9,2020,6,21,2,12,1,1,1,2,1,0
62254,1,1,67,1,1,11,98,98,1,0,99,1,1,0,1,21,69,135,0,0,2,3,1,2,1,1,80,0,2,0,0,30,5,2020,7,23,2,8,2,3,1,3,1,0
62255,1,1,26,1,1,11,2,20,1,0,2,0,2,0,1,54,72,177,0,4,2,3,1,2,1,1,80,0,13,0,10,16,2,2020,1,21,2,8,3,2,1,3,1,0
62256,1,1,26,1,1,11,20,9,0,0,1,0,1,0,1,998,65,135,0,4,1,2,8,8,1,1,14,1,13,96,39,23,5,2020,7,2,2,39,3,4,4,3,1,4
62257,1,1,29,1,1,11,20,20,9,0,1,0,1,0,1,58,75,170,0,4,2,2,1,2,1,1,62,0,98,0,36,1,6,2020,2,17,2,12,8,1,1,1,1,4
62258,1,1,26,2,1,11,20,20,9,0,1,0,2,0,1,999,62,125,0,0,1,2,8,2,1,99,99,0,60,96,0,4,6,2020,5,17,2,12,2,3,1,1,1,4
62260,1,1,998,9,1,11,99,99,9,0,99,1,9,0,1,998,999,999,99,0,8,8,8,8,1,1,80,0,13,96,0,29,6,2020,2,22,2,8,1,1,1,2,1,9
62261,1,1,42,1,1,11,3,1,0,0,1,0,1,0,1,999,70,160,0,4,2,4,1,2,1,14,13,1,3,96,0,21,3,2020,7,21,2,33,3,2,4,3,1,4
62262,1,1,23,1,1,11,20,20,0,0,1,0,2,0,1,998,64,120,0,4,2,3,8,2,1,15,13,1,7,99,27,30,6,2020,3,16,2,33,1,1,4,1,1,4
62263,1,1,998,8,1,11,99,20,9,0,99,1,9,99,1,998,999,999,99,0,1,2,1,8,1,11,80,0,999,96,38,30,6,2020,3,20,2,8,3,2,1,3,1,9
62264,1,1,23,1,1,11,3,9,9,0,1,0,2,0,1,998,68,202,0,0,2,3,8,2,1,11,15,1,60,96,0,4,11,2020,4,23,2,12,2,3,1,3,1,4
62266,1,1,32,1,1,11,3,9,0,0,1,0,1,0,1,999,67,198,0,0,2,2,1,2,1,1,54,1,13,96,51,2,11,2020,2,23,2,12,1,1,1,2,1,4
62267,1,1,35,2,1,11,3,20,0,0,1,0,1,0,1,999,62,225,0,0,1,5,1,2,1,11,54,0,7,0,38,5,12,2020,7,14,2,12,2,2,1,1,1,1
62269,1,1,59,1,1,11,20,9,0,0,1,0,1,0,1,998,75,225,0,3,5,6,8,8,1,1,80,0,7,96,0,8,3,2020,1,12,2,8,3,2,1,1,1,0
62270,1,1,53,1,1,11,3,20,0,0,1,0,1,0,1,998,71,205,0,0,2,2,8,8,1,1,80,0,13,96,0,9,3,2020,2,19,2,8,1,1,1,3,1,0
62271,1,1,22,1,1,11,3,20,0,0,1,0,2,0,1,45,69,180,0,0,1,3,1,2,1,1,80,0,13,0,999,30,6,2020,3,21,2,8,3,3,1,2,1,0
62272,1,1,27,1,1,11,99,99,9,0,2,0,4,0,1,60,73,205,1,0,1,2,6,2,1,1,10,0,13,96,28,24,10,2020,7,23,2,12,1,1,1,2,10,0
62275,1,1,38,1,1,11,20,20,9,0,1,0,2,0,1,60,65,170,0,4,3,4,1,1,1,1,51,0,85,96,0,10,11,2020,3,5,2,12,1,1,1,4,1,4
62276,1,1,17,1,1,11,20,9,0,0,4,0,2,0,1,55,69,135,0,0,3,4,8,8,1,1,8,0,13,96,6,24,4,2020,6,15,2,25,1,1,3,1,1,2
62277,1,1,17,1,1,11,3,9,1,0,1,0,2,0,1,45,69,128,0,4,5,5,8,2,1,14,10,1,8,96,0,1,1,2020,4,21,2,12,1,1,1,3,1,2
62278,1,1,28,1,1,11,3,20,0,0,1,0,1,0,1,45,71,270,0,0,1,2,1,2,1,1,83,0,60,96,0,29,1,2020,4,18,2,9,1,1,1,2,1,0
62279,1,1,41,1,1,11,3,20,9,0,2,0,2,0,1,998,73,185,0,4,2,2,1,1,2,1,12,0,7,96,0,15,3,2020,1,0,2,30,3,2,4,3,2,4
62280,1,1,73,1,1,11,3,20,0,0,1,0,1,0,1,998,65,145,0,4,2,2,8,8,1,1,13,1,60,96,38,22,4,2020,4,18,2,30,1,1,4,1,1,4
62281,1,1,63,1,1,11,3,20,0,0,3,0,1,0,1,48,71,230,1,0,2,2,1,8,1,1,80,1,7,96,38,17,6,2020,4,22,2,8,1,1,2,2,1,0
62282,1,1,40,1,1,11,3,20,0,0,1,0,3,6,1,5,65,168,0,0,2,3,8,8,1,11,15,1,66,96,999,4,3,2020,4,23,2,12,2,2,1,3,1,0
62283,1,1,40,1,1,11,3,20,9,0,1,1,1,0,1,999,70,160,0,5,5,5,1,2,1,1,80,0,2,96,51,30,6,2020,3,20,2,8,1,1,1,3,1,0
62284,1,1,16,1,1,11,3,98,8,0,1,1,2,0,1,998,64,150,0,4,2,2,8,2,1,1,51,1,7,96,0,11,7,2020,7,21,2,12,1,1,1,3,1,0
62285,1,1,66,1,1,11,3,20,0,0,1,0,1,0,1,34,68,225,0,0,2,4,1,2,1,1,80,0,5,96,0,26,6,2020,6,23,2,8,3,2,1,3,1,0
62286,1,1,48,2,1,11,3,1,0,0,1,0,1,0,1,999,60,140,0,0,2,5,1,2,1,1,55,0,7,96,39,28,4,2020,3,8,2,12,2,2,1,1,1,1
62287,1,1,37,1,1,11,3,9,9,0,1,0,2,0,1,998,72,160,0,4,1,4,8,2,1,1,51,0,13,19,0,13,7,2020,2,14,2,12,1,1,1,1,1,4
62288,1,1,28,1,1,11,20,1,0,0,1,0,1,0,1,999,73,175,0,9,5,5,1,2,1,1,13,0,13,96,28,19,3,2020,5,21,2,14,1,1,2,3,10,4
62289,1,1,31,2,1,11,3,20,0,0,5,0,1,0,1,19,60,167,0,0,1,3,8,2,1,10,80,0,7,96,39,13,7,2020,2,9,2,8,3,2,1,1,1,0
62290,1,1,81,1,1,11,20,20,0,0,1,0,1,0,1,998,63,125,0,0,2,4,1,2,1,1,17,0,996,0,50,6,11,2020,6,15,2,12,3,2,1,1,1,4
62291,1,1,25,1,1,11,3,20,0,0,1,0,3,6,1,53,68,180,0,0,3,3,6,2,1,1,80,0,66,0,0,11,10,2020,1,20,2,8,18,1,1,3,1,0
62292,1,1,50,1,1,11,3,20,0,0,1,0,1,0,1,48,67,184,0,0,6,1,1,1,1,1,80,0,2,0,0,23,11,2020,2,19,2,8,5,1,1,2,1,0
62293,1,1,20,1,1,11,3,9,0,0,5,0,2,0,1,998,68,135,0,0,2,8,8,8,1,1,12,1,13,96,0,31,12,2020,5,23,2,33,1,1,3,3,1,2
62295,1,1,36,2,1,11,3,20,0,0,4,0,2,0,1,65,61,170,1,0,3,3,1,1,1,1,80,0,7,0,0,23,8,2020,1,20,2,8,1,1,1,2,1,0
62297,1,1,56,1,1,11,20,20,9,0,1,0,3,0,1,50,63,180,0,0,1,2,1,8,1,1,10,0,9,96,0,2,10,2020,6,12,2,12,1,1,1,1,1,4
62298,1,1,40,1,1,11,3,9,1,0,1,0,2,0,1,70,66,175,0,0,3,3,1,2,1,1,13,0,7,96,0,12,10,2020,2,22,2,24,1,1,4,2,1,4
62300,1,1,23,2,1,11,3,9,0,0,1,0,2,0,1,999,62,135,0,0,3,5,8,8,1,1,54,1,13,96,51,1,2,2020,7,4,2,12,1,1,1,2,1,4
62301,1,1,26,1,1,11,20,1,1,0,2,0,3,0,1,999,69,180,0,9,5,5,1,2,1,1,10,0,7,96,51,23,4,2020,5,20,2,12,1,1,1,5,1,4
62302,1,1,74,1,1,11,20,20,9,0,1,0,1,0,1,999,70,215,0,0,2,4,8,2,1,1,13,1,7,96,0,22,8,2020,7,9,2,33,1,1,4,1,1,4
62303,1,1,999,9,1,11,99,99,9,0,99,1,9,99,1,999,999,999,99,9,3,7,1,1,1,1,80,0,999,0,999,23,11,2020,2,4,2,8,1,1,1,3,1,9
62304,1,1,23,1,1,11,3,9,1,0,2,0,1,0,1,998,67,145,0,4,1,2,1,2,1,14,13,1,13,96,0,13,7,2020,2,8,2,33,1,1,4,1,1,4
62315,1,1,61,1,1,11,3,1,9,0,1,0,1,0,1,75,71,200,0,9,3,4,1,1,1,1,12,0,7,0,0,21,12,2020,2,12,2,17,1,1,3,1,1,4
62316,1,1,999,9,1,11,99,99,9,0,99,1,9,99,1,999,999,999,99,0,2,2,1,2,1,1,80,0,999,99,999,1,11,2020,1,2,2,8,1,1,1,2,1,0
62317,1,1,21,1,1,11,99,99,9,0,1,0,2,0,1,999,63,115,0,0,1,2,8,2,1,1,13,0,13,96,0,28,8,2020,6,21,2,42,1,1,4,2,1,4
62318,1,1,17,2,1,11,3,8,0,0,1,0,2,0,1,998,61,110,0,0,2,3,1,2,1,11,54,0,13,96,0,7,11,2020,7,20,2,12,2,2,1,3,1,1
62319,1,1,48,1,1,11,20,20,9,0,1,0,1,0,1,999,69,194,0,2,6,7,6,1,1,16,10,0,81,0,0,20,12,2020,1,21,2,12,5,1,1,3,1,4
62321,1,1,41,1,1,11,3,1,0,0,1,0,1,0,1,50,71,220,0,0,1,2,5,2,1,14,10,0,13,96,28,25,11,2020,4,15,2,12,1,1,1,1,1,0
62322,1,1,22,2,1,11,3,9,0,0,3,0,2,0,1,55,67,190,0,0,1,2,8,8,1,1,10,0,13,0,28,24,12,2020,5,12,2,12,1,1,1,1,1,2
62337,1,1,42,1,1,11,20,9,9,0,1,0,1,0,1,999,69,195,0,4,3,6,8,1,1,1,50,0,5,0,0,18,12,2020,6,17,2,12,18,1,1,3,1,4
62338,1,1,21,2,1,11,20,20,0,0,2,0,2,0,1,87,66,142,0,0,3,4,8,2,1,1,12,0,13,96,0,21,11,2020,7,12,2,25,1,1,3,1,1,4
62341,1,1,43,1,1,11,3,20,0,0,1,0,2,1,1,68,70,180,0,0,3,2,8,2,1,1,80,0,65,0,0,3,12,2020,5,6,2,8,1,1,1,2,5,0
62344,1,1,999,9,1,11,99,99,9,0,1,1,9,99,1,999,999,999,99,0,3,5,1,8,1,1,80,0,999,96,0,19,7,2020,1,22,2,8,1,1,1,2,1,0
62346,1,1,15,1,1,11,20,20,9,0,1,0,1,0,1,998,66,150,0,4,2,3,8,2,1,1,17,0,80,96,52,3,5,2020,1,21,2,12,2,3,1,3,1,4
62347,1,1,20,2,1,11,3,20,0,0,1,0,1,0,1,19,62,160,1,0,1,5,8,2,1,11,15,0,13,0,38,1,7,2020,4,21,2,12,2,3,1,3,1,2
62348,1,1,999,9,1,11,99,99,9,0,99,1,9,99,1,998,999,999,99,0,2,3,1,1,1,1,80,0,999,99,999,2,5,2020,7,22,2,8,1,1,1,2,1,9
62349,1,1,19,1,1,11,1,9,0,0,3,0,1,0,1,998,70,200,1,4,2,3,1,8,1,1,17,0,13,96,39,12,7,2020,1,0,2,12,2,2,1,3,1,2
62350,1,1,34,1,1,11,3,9,1,0,2,0,1,0,1,95,71,250,1,4,1,5,1,2,1,1,66,0,13,0,0,8,7,2020,4,19,2,12,2,2,1,1,1,1
62351,1,1,37,1,1,11,3,20,0,0,1,0,2,0,1,33,66,190,0,0,2,5,8,2,1,1,80,0,13,0,0,13,7,2020,2,23,2,8,1,1,1,3,1,0
62352,1,1,28,1,1,11,3,20,0,0,1,0,2,0,1,78,64,145,0,4,1,2,8,2,1,1,83,1,7,0,0,14,7,2020,3,18,2,9,3,3,1,1,1,0
62354,1,1,63,1,1,11,20,9,0,0,1,0,1,0,1,998,71,220,0,0,5,6,8,2,1,1,2,0,3,9,0,15,7,2020,4,12,2,8,1,1,1,1,1,2
62355,1,1,28,1,1,11,99,9,1,0,2,1,2,0,1,998,66,165,0,4,1,6,8,8,1,1,17,1,13,96,39,16,7,2020,5,0,2,12,2,2,1,3,1,1
62356,1,1,25,1,1,11,3,20,0,0,1,0,1,0,1,998,69,215,1,0,1,4,8,8,1,1,80,0,13,0,0,16,7,2020,5,1,2,8,3,2,1,3,1,0
62359,1,1,26,2,1,11,2,8,0,0,1,0,2,0,1,999,65,110,0,0,2,2,1,2,1,1,13,0,13,96,0,10,10,2020,7,15,2,41,1,1,4,1,10,4
62360,1,1,32,2,1,11,20,20,9,0,1,0,2,0,1,65,68,235,0,0,3,4,1,1,1,14,13,0,82,96,0,10,11,2020,3,22,2,23,19,1,4,2,1,4
62362,1,1,52,1,1,11,3,20,0,0,1,0,2,0,1,50,68,152,0,0,1,2,1,2,1,1,80,0,7,96,0,24,5,2020,1,22,2,8,1,1,1,2,1,0
62364,1,1,19,2,1,11,3,20,0,0,2,0,1,0,1,50,60,135,1,0,1,4,8,8,1,1,17,0,60,0,39,3,11,2020,3,23,2,12,2,3,1,3,1,0
62366,1,1,19,1,1,11,3,99,9,0,1,0,3,1,1,70,69,150,0,0,3,4,1,2,1,1,13,0,63,96,0,11,9,2020,6,6,2,24,1,1,4,2,1,4
62367,1,1,42,1,1,11,20,1,9,0,1,0,2,0,1,999,68,130,0,0,3,5,8,2,1,14,13,0,13,96,0,18,10,2020,1,2,2,14,1,1,2,2,1,4
62370,1,1,17,1,1,11,3,20,0,0,2,0,2,0,1,15,72,125,0,0,2,3,8,8,1,11,15,0,60,0,39,4,11,2020,4,17,2,12,2,2,1,3,1,0
62371,1,1,53,1,1,11,20,20,9,0,1,0,2,0,1,999,70,195,1,4,2,6,8,2,1,14,52,0,7,96,0,7,10,2020,4,7,2,12,3,2,1,1,1,4
62372,1,1,41,1,1,11,3,1,0,0,1,0,3,1,1,50,71,175,0,0,5,5,8,2,1,1,80,0,74,0,0,23,10,2020,6,6,2,8,3,2,1,3,1,0
62375,1,1,53,1,1,11,3,9,0,0,1,0,2,0,1,18,67,220,0,0,3,2,8,2,1,4,11,0,60,96,0,25,9,2020,6,10,2,12,1,1,1,1,1,4
62377,1,1,38,1,1,11,3,9,0,0,1,0,2,0,1,65,73,255,0,4,3,4,1,1,1,1,50,0,7,96,0,13,10,2020,3,1,2,12,1,1,1,3,1,1
62378,1,1,32,1,1,11,99,9,9,0,1,0,2,0,1,999,69,210,0,5,2,3,1,2,1,1,54,0,13,96,51,25,1,2020,7,15,2,12,3,3,1,1,1,0
62379,1,1,34,1,1,11,20,20,0,0,1,0,1,0,1,999,73,160,0,4,3,6,8,1,1,1,50,0,94,96,0,30,5,2020,7,23,2,12,1,1,1,2,1,4
62382,1,1,70,1,1,11,3,9,0,0,2,0,2,0,1,70,66,250,0,4,3,5,5,1,1,1,80,0,13,96,0,23,10,2020,6,20,2,25,1,1,3,3,1,1
62383,1,1,57,1,1,11,20,9,0,0,1,0,1,0,1,65,70,190,1,0,3,5,8,2,1,1,13,0,60,96,0,26,10,2020,2,16,2,59,1,1,4,1,1,4
62385,1,1,25,1,1,11,3,9,1,0,3,0,2,0,1,999,71,175,0,0,3,5,1,1,1,14,13,0,13,96,0,22,8,2020,7,1,2,38,1,1,4,2,1,4
62388,1,1,20,1,1,11,3,20,0,0,2,0,2,0,1,998,66,160,0,2,2,3,8,8,1,17,8,0,3,0,0,17,5,2020,1,18,2,33,1,1,3,1,1,2
62389,1,1,46,1,1,11,3,9,0,0,1,0,2,4,1,60,70,200,1,4,3,3,8,2,1,1,52,0,11,96,0,20,11,2020,6,22,2,12,1,1,1,3,1,1
62391,1,1,999,9,1,11,99,99,9,0,99,1,9,99,1,999,999,999,99,9,3,5,1,1,1,1,50,0,999,99,999,21,11,2020,7,2,2,12,1,1,1,2,1,9
62395,1,1,32,1,1,11,3,20,0,0,2,0,2,0,1,35,67,210,0,0,5,5,8,1,1,1,80,0,8,0,0,4,12,2020,6,17,2,8,1,1,1,3,1,0
62396,1,1,75,1,1,11,3,20,0,0,1,0,1,0,1,999,72,226,0,0,1,2,1,2,1,11,55,0,13,0,38,14,7,2020,3,18,2,12,2,3,1,5,1,0