ST_CASE,VEH_NO,PER_NO,AGE,SEX,PER_TYP,SEAT_POS,REST_USE,AIR_BAG,DRUGS,LOCATION,NUMOCCS,HIT_RUN,OWNER,V_CONFIG,HAZ_INV,TRAV_SP,DR_HGT,DR_WGT,PREV_SPD,SPEEDREL,VTRAFWAY,VNUM_LAN,VPROFILE,VPAVETYP,VSURCOND,P_CRASH1,P_CRASH2,DR_DRINK,VPICBODYCLASS,DRDISTRACT,DRIVERRF,DAY,MONTH,YEAR,DAY_WEEK,HOUR,RUR_URB,HARM_EV,RELJCT2,TYP_INT,REL_ROAD,LGT_COND,WEATHER,INJ_SEV
62397,1,1,24,1,1,11,3,9,9,0,1,0,9,0,1,999,69,260,0,0,2,1,8,8,1,1,12,1,60,96,58,21,11,2020,7,12,2,33,1,1,4,1,1,4
62398,1,1,33,1,1,11,3,20,0,0,1,0,1,0,1,999,72,300,0,0,5,5,1,8,1,1,11,0,13,96,0,30,11,2020,2,8,2,15,1,1,2,1,1,0
62402,1,1,27,1,1,11,3,9,0,0,1,0,1,0,1,75,67,160,0,0,3,4,8,2,1,1,12,0,60,96,0,21,12,2020,2,20,2,1,1,1,3,2,1,4
62403,1,1,62,1,1,11,3,20,1,0,1,0,1,0,1,998,73,256,0,0,1,5,5,8,1,1,17,0,60,0,39,11,7,2020,7,6,2,12,2,3,1,1,1,0
62404,1,1,53,2,1,11,3,9,9,0,1,0,1,0,1,998,61,135,0,0,1,3,1,1,1,1,66,0,13,0,0,12,12,2020,7,2,2,12,2,2,1,3,1,4
62405,1,1,999,9,1,11,99,99,9,0,99,1,9,99,1,999,999,999,99,9,1,2,1,2,1,1,80,0,999,99,999,17,12,2020,5,18,2,8,1,1,1,2,1,9
62406,1,1,30,1,1,11,20,1,9,0,1,0,2,0,1,999,67,200,0,0,3,4,1,1,1,1,11,0,13,96,0,27,11,2020,6,20,2,42,1,1,4,3,1,4
62407,1,1,37,2,1,11,3,20,0,0,1,0,1,0,1,60,66,150,0,0,3,5,8,2,1,1,80,0,13,96,0,16,11,2020,2,22,2,8,1,1,1,3,1,0
62408,1,1,55,1,1,11,3,20,0,0,1,0,3,6,1,43,66,230,0,0,3,5,6,1,1,1,80,0,66,0,0,1,12,2020,3,5,2,8,1,1,1,2,1,0
62409,1,1,35,1,1,11,99,99,9,0,1,0,1,0,1,999,68,200,0,4,1,2,8,2,1,14,13,0,13,0,0,10,12,2020,5,2,2,42,1,1,4,2,1,4
62410,1,1,36,1,1,11,20,9,1,0,1,0,2,0,1,999,72,240,0,0,1,2,1,1,1,1,13,0,13,96,58,20,9,2020,1,9,2,12,1,1,1,1,1,4
62411,1,1,51,1,1,11,3,20,0,0,1,0,3,2,1,10,71,200,0,0,1,2,1,2,1,11,15,0,66,96,0,2,11,2020,2,13,2,12,8,1,1,1,1,0
62414,1,1,36,1,1,11,20,9,1,0,2,0,2,0,1,50,69,290,0,4,3,3,8,1,1,1,52,0,7,3,0,12,10,2020,2,0,2,12,1,1,1,3,1,4
62415,1,1,39,1,1,11,3,20,0,0,2,0,1,0,1,65,66,170,0,0,3,4,1,2,1,1,80,0,13,0,0,24,12,2020,5,21,2,8,1,1,1,2,1,0
62416,1,1,45,1,1,11,3,2,0,0,1,0,1,0,1,998,73,195,0,4,3,3,1,2,1,1,51,1,13,96,0,13,9,2020,1,2,2,12,1,1,1,3,10,0
62418,1,1,59,1,1,11,3,20,0,0,1,0,1,0,1,40,72,190,0,0,2,2,1,2,1,1,80,0,13,96,0,21,12,2020,2,19,2,8,1,1,1,2,5,0
62419,1,1,59,1,1,11,20,20,0,0,1,0,1,0,1,999,75,260,0,0,6,3,8,2,1,14,11,1,81,0,0,29,11,2020,1,14,2,43,5,1,4,1,1,4
62420,1,1,59,1,1,11,3,20,0,0,1,0,1,0,1,15,67,183,0,0,1,6,1,2,1,11,80,0,60,96,38,3,12,2020,5,7,2,8,3,2,1,1,1,0
62422,1,1,42,1,1,11,3,20,0,0,2,0,1,0,1,999,67,127,0,0,6,2,8,2,1,14,90,0,5,0,0,8,8,2020,7,15,2,18,20,1,1,1,1,0
62423,1,1,27,2,1,11,3,20,1,0,1,0,1,0,1,999,65,135,0,0,3,8,1,1,1,15,11,0,5,96,85,8,4,2020,4,16,2,24,1,1,4,1,1,4
62425,1,1,49,1,1,11,3,20,0,0,1,0,1,0,1,50,71,270,0,0,1,4,8,8,1,1,80,0,3,96,0,13,7,2020,2,3,2,8,1,1,1,2,1,0
62426,1,1,46,1,1,11,3,20,1,0,1,0,1,0,1,998,76,225,2,0,2,3,8,2,1,1,83,0,2,96,0,14,7,2020,3,0,2,9,1,1,1,3,10,0
62427,1,1,78,2,1,11,3,9,0,0,2,0,1,0,1,998,64,135,0,0,2,3,8,8,1,1,17,0,7,96,39,13,7,2020,2,16,2,12,2,2,1,1,1,3
62429,1,1,28,1,1,11,20,20,8,0,1,0,2,0,1,38,66,128,0,4,1,2,8,2,1,11,55,1,69,96,0,11,7,2020,7,15,2,14,3,3,7,1,1,4
62430,1,1,30,2,1,11,20,9,1,0,1,0,1,0,1,999,63,130,0,0,3,2,8,2,1,1,13,1,7,96,58,19,9,2020,7,17,2,25,1,1,3,1,1,4
62432,1,1,51,1,1,11,3,9,0,0,5,0,2,0,1,998,67,180,0,0,2,1,8,8,1,11,15,0,2,0,39,9,7,2020,5,10,2,12,2,3,1,1,1,4
62435,1,1,21,2,1,11,3,20,0,0,2,0,1,0,1,999,62,190,0,0,2,3,1,2,1,1,83,0,7,96,0,24,10,2020,7,8,2,9,1,1,1,1,10,0
62438,1,1,32,2,1,11,3,20,0,0,4,0,2,0,1,150,67,125,2,4,3,2,1,8,1,14,12,1,13,96,0,25,10,2020,1,3,2,52,1,1,3,2,1,3
62439,1,1,31,1,1,11,3,9,0,0,1,0,1,0,1,75,70,150,1,0,3,6,8,1,1,1,80,0,13,96,0,27,9,2020,1,23,2,8,1,1,1,3,1,1
62442,1,1,33,1,1,11,3,9,0,0,1,0,2,0,1,999,62,125,0,0,1,2,1,8,1,1,13,1,5,96,0,27,11,2020,6,0,2,42,1,1,4,2,1,4
62443,1,1,23,1,1,11,3,20,0,0,2,0,2,0,1,998,65,160,1,0,2,4,1,2,1,1,83,0,13,96,0,31,5,2020,1,22,2,9,2,2,1,3,1,0
62444,1,1,27,1,1,11,3,9,9,0,1,0,1,0,1,998,69,150,0,4,2,3,8,8,1,98,6,0,13,96,51,31,5,2020,1,15,2,42,1,1,3,1,1,4
62445,1,1,50,1,1,11,3,20,0,0,1,0,3,21,1,998,70,240,0,0,5,5,8,2,1,1,80,0,16,96,0,11,9,2020,6,21,2,8,3,2,1,3,1,0
62448,1,1,52,1,1,11,3,9,0,0,1,0,1,0,1,35,70,215,0,0,2,2,1,8,1,1,17,0,60,96,39,17,12,2020,5,19,2,12,2,2,1,3,1,1
62450,1,1,28,1,1,11,20,9,0,0,1,0,1,0,1,999,69,170,0,4,3,5,6,1,1,1,50,1,13,96,0,18,10,2020,1,1,2,12,1,1,1,3,5,4
62453,1,1,37,1,1,11,3,98,1,0,2,0,2,0,1,55,74,180,0,0,3,4,8,2,1,1,13,1,13,96,0,2,10,2020,6,17,2,21,19,1,4,1,1,4
62454,1,1,999,9,1,11,99,99,9,0,1,1,9,99,1,999,999,999,99,0,3,5,8,1,1,1,80,0,999,96,0,11,10,2020,1,3,2,8,1,1,1,2,10,0
62455,1,1,26,1,1,11,3,9,0,0,5,0,2,0,1,63,69,195,0,0,3,4,1,1,1,98,11,0,7,0,0,3,11,2020,3,3,2,14,1,1,2,2,1,3
62456,1,1,22,1,1,11,3,9,1,0,2,0,1,0,1,70,72,150,0,4,6,1,1,1,1,14,12,0,13,0,0,24,8,2020,2,4,2,33,5,1,4,2,1,4
62457,1,1,56,1,1,11,3,9,0,0,1,0,1,0,1,60,68,178,0,4,3,2,5,8,1,1,51,0,13,0,0,27,10,2020,3,21,2,12,1,1,1,3,1,3
62458,1,1,39,1,1,11,3,20,0,0,1,0,1,0,1,65,68,140,0,0,3,3,1,2,1,1,83,0,13,96,0,3,12,2020,5,14,2,9,1,1,1,1,1,0
62460,1,1,19,1,1,11,99,1,9,0,1,0,2,0,1,90,70,178,0,4,2,3,8,2,1,98,51,0,13,0,51,5,10,2020,2,13,2,33,3,3,4,1,1,4
62461,1,1,999,9,1,11,99,99,9,0,99,1,9,99,1,999,999,999,99,0,2,3,8,8,1,1,80,0,999,96,0,10,7,2020,6,23,2,8,1,1,1,3,1,9
62462,1,1,25,1,1,11,99,99,9,0,1,0,2,0,1,998,70,200,0,4,2,2,8,2,1,15,6,0,3,96,0,19,7,2020,1,22,2,14,1,1,7,3,1,4
62463,1,1,24,1,1,11,3,1,0,0,2,0,2,0,1,999,63,125,0,5,5,3,1,2,1,1,67,1,1,96,0,19,7,2020,1,20,2,12,2,3,1,2,1,2
62464,1,1,22,1,1,11,3,20,0,0,1,0,2,0,1,998,73,180,0,0,5,5,1,2,1,1,80,0,13,96,0,20,7,2020,2,22,2,8,1,1,1,3,1,0
62466,1,1,39,1,1,11,3,9,0,0,3,0,2,0,1,998,67,250,0,0,1,4,1,2,1,11,15,0,7,96,38,19,7,2020,1,12,2,1,2,3,1,1,1,0
62467,1,1,40,1,1,11,20,20,1,0,1,0,1,0,1,98,70,220,1,4,1,2,8,8,1,1,13,1,81,96,0,11,7,2020,7,23,2,33,1,1,4,3,1,4
62468,1,1,43,1,1,11,1,20,0,0,1,0,1,0,1,998,71,215,0,0,1,4,8,2,1,1,80,0,7,96,0,15,7,2020,4,3,2,8,1,1,1,2,1,0
62469,1,1,998,9,1,11,98,98,9,0,99,1,9,99,1,998,999,999,99,0,1,4,8,8,1,1,80,0,998,96,0,16,7,2020,5,22,2,8,1,1,1,3,1,9
62470,1,1,27,1,1,11,3,9,0,0,1,0,2,0,1,998,67,220,0,0,1,2,1,2,1,1,10,1,7,96,0,31,12,2020,5,18,2,12,1,1,1,2,1,2
62471,1,1,21,1,1,11,3,20,9,0,6,0,1,0,1,999,71,157,1,0,3,2,1,1,1,1,12,0,13,96,0,7,1,2020,3,21,2,24,1,1,3,3,1,4
62472,1,1,17,1,1,11,3,9,9,0,1,0,2,0,1,999,72,145,0,4,2,2,8,8,1,1,6,0,13,96,0,30,11,2020,2,22,2,58,1,1,1,3,1,4
62473,1,1,999,9,1,11,99,98,9,0,1,1,9,99,1,998,999,999,99,4,1,2,1,2,1,1,80,0,999,96,0,4,7,2020,7,21,2,8,1,1,1,3,1,9
62475,1,1,43,1,1,11,3,20,0,0,6,0,1,0,1,998,74,205,0,0,2,3,8,2,1,1,80,0,60,0,0,13,9,2020,1,19,2,8,1,1,1,2,1,0
62477,1,1,33,2,1,11,3,9,9,0,1,0,1,0,1,78,65,150,0,0,3,6,8,2,1,1,11,0,13,96,0,23,9,2020,4,23,2,12,1,1,1,3,1,4
62478,1,1,67,2,1,11,3,8,0,0,1,0,2,0,1,60,63,146,0,0,6,1,6,2,2,14,12,0,13,96,0,16,9,2020,4,8,2,35,5,1,4,1,10,4
62479,1,1,40,1,1,11,99,99,0,0,1,0,2,0,1,65,69,150,0,4,6,1,6,1,1,1,12,1,7,96,0,4,11,2020,4,23,2,1,5,1,8,3,1,4
62480,1,1,72,1,1,11,3,1,0,0,3,0,1,0,1,73,66,175,0,0,3,4,1,1,1,17,13,0,13,96,0,25,12,2020,6,22,2,24,1,1,4,2,1,3
62481,1,1,44,1,1,11,20,20,9,0,2,0,2,0,1,999,73,230,0,0,3,3,1,2,1,1,11,0,7,96,0,25,12,2020,6,6,2,1,1,1,4,2,1,4
62482,1,1,44,1,1,11,3,20,0,0,1,0,3,6,1,43,69,160,0,0,3,6,1,8,1,1,80,0,66,0,0,15,12,2020,3,20,2,8,1,1,1,3,1,0
62483,1,1,22,1,1,11,3,9,9,0,1,0,2,0,1,59,66,135,0,4,4,2,8,2,1,14,12,0,7,0,28,6,12,2020,1,99,2,38,1,1,4,5,1,4
62484,1,1,999,9,1,11,99,99,9,0,99,1,9,99,1,998,999,999,99,0,1,3,8,2,1,1,80,0,999,0,6,13,11,2020,6,3,2,8,3,2,1,3,1,0
62485,1,1,67,1,1,11,3,20,0,0,1,0,1,1,1,998,66,195,0,0,1,4,8,8,1,1,80,0,60,96,0,13,9,2020,1,22,2,8,1,1,1,3,1,0
62486,1,1,51,1,1,11,20,20,9,0,1,0,0,0,1,998,72,180,0,4,1,2,5,8,1,14,6,0,82,96,0,21,7,2020,3,18,2,24,3,3,4,1,1,4
62487,1,1,35,1,1,11,99,99,9,0,1,0,2,0,1,80,69,189,0,4,2,2,8,2,1,15,12,0,13,96,0,5,10,2020,2,18,2,33,1,1,3,5,1,4
62488,1,1,27,2,1,11,3,20,9,0,1,1,2,0,1,998,66,170,0,4,2,4,8,2,1,1,82,0,7,96,0,19,12,2020,7,17,2,8,1,1,1,3,1,0
62489,1,1,22,2,1,11,3,9,0,0,1,0,3,0,1,65,67,195,1,4,3,2,8,2,1,1,50,0,60,6,0,26,10,2020,2,18,2,12,1,1,1,5,1,2
62490,1,1,34,1,1,11,20,9,0,0,2,0,1,0,1,55,75,270,1,4,5,5,8,2,1,15,10,0,13,96,28,15,10,2020,5,6,2,12,1,1,1,3,1,2
62491,1,1,28,2,1,11,99,20,9,0,2,1,2,1,1,32,63,145,0,0,1,2,6,2,1,14,11,0,60,96,0,19,7,2020,1,20,2,14,1,1,7,5,1,0
62492,1,1,26,1,1,11,3,20,0,0,3,0,1,0,1,998,72,140,0,0,1,4,8,2,1,1,83,0,7,0,0,10,7,2020,6,21,2,15,3,2,1,3,1,0
62493,1,1,59,1,1,11,3,20,0,0,2,0,1,0,1,998,64,145,0,0,2,4,1,8,1,11,80,0,60,96,38,18,7,2020,7,7,2,8,3,2,1,1,1,0
62494,1,1,26,1,1,11,20,20,0,0,1,0,2,0,1,75,67,140,0,4,2,2,6,8,1,14,6,1,13,96,0,17,7,2020,6,23,2,38,1,1,5,2,1,4
62495,1,1,999,9,1,11,99,98,9,0,1,1,9,0,1,998,999,999,99,0,2,4,8,2,1,1,80,0,11,96,38,18,7,2020,7,20,2,8,2,2,1,5,1,9
62496,1,1,65,2,1,11,3,20,0,0,1,0,1,0,1,998,68,150,0,4,2,3,1,2,1,1,17,1,60,96,39,30,5,2020,7,6,2,12,2,2,1,1,1,4
62497,1,1,999,9,1,11,99,99,9,0,1,1,9,99,1,999,999,999,99,0,3,4,1,1,1,1,80,0,999,96,0,15,6,2020,2,0,2,8,1,1,1,3,10,0
62499,1,1,47,1,1,11,99,9,9,0,1,0,1,0,1,999,70,150,1,0,1,2,8,8,1,1,13,0,60,96,0,14,7,2020,3,22,2,43,1,1,4,3,1,4
62500,1,1,24,1,1,11,3,20,0,0,1,0,1,0,1,35,66,137,0,0,5,5,1,2,1,1,83,0,13,96,0,26,4,2020,1,20,2,9,1,1,1,3,1,0
62501,1,1,22,1,1,11,2,9,1,0,1,0,1,0,1,998,64,145,0,0,2,5,1,8,1,1,17,0,13,96,39,20,7,2020,2,5,2,12,2,2,1,1,1,4
62502,1,1,20,1,1,11,3,1,0,0,1,0,1,0,1,999,72,140,0,9,2,2,6,2,1,1,10,0,5,96,51,21,7,2020,3,14,2,12,1,1,1,1,1,3
62503,1,1,76,1,1,11,3,9,0,0,1,0,1,0,1,998,70,176,0,0,0,0,0,0,0,11,15,0,13,0,38,15,7,2020,4,12,2,12,8,1,1,1,1,0
62504,1,1,68,1,1,11,3,20,0,0,1,0,1,0,1,999,74,210,0,0,2,2,1,2,1,1,80,0,13,96,0,21,7,2020,3,20,2,8,1,1,1,2,1,0
62505,1,1,19,1,1,11,99,1,1,0,1,0,2,0,1,999,71,182,0,5,1,2,1,2,1,1,13,0,13,96,0,22,7,2020,4,18,2,14,1,1,4,1,1,1
62506,1,1,20,1,1,11,3,20,9,0,1,0,2,0,1,998,70,190,0,4,1,5,8,8,1,1,17,0,3,96,39,22,7,2020,4,21,2,12,2,2,1,3,1,4
62507,1,1,35,1,1,11,20,9,9,0,2,0,5,0,1,998,69,150,0,4,2,4,8,2,1,1,12,0,13,96,0,23,7,2020,5,1,2,33,3,3,3,3,1,4
62508,1,1,29,1,1,11,3,20,0,0,1,0,9,0,1,998,66,180,0,0,1,8,1,2,1,10,83,0,60,96,0,23,7,2020,5,11,2,9,3,2,1,1,1,0
62509,1,1,24,1,1,11,3,9,0,0,3,0,1,0,1,998,68,210,0,4,2,2,6,8,1,14,6,0,13,96,0,23,7,2020,5,23,2,33,1,1,3,3,1,3
62510,1,1,76,1,1,11,20,20,9,0,1,0,1,0,1,998,70,165,0,0,1,3,8,2,1,1,17,0,82,0,38,24,7,2020,6,14,2,12,2,2,1,1,1,4
62511,1,1,26,1,1,11,20,98,8,0,1,0,2,0,1,998,71,200,0,4,0,0,0,0,0,98,19,1,7,96,58,24,7,2020,6,19,2,1,3,98,1,3,1,4
62512,1,1,30,1,1,11,20,20,0,0,1,0,2,0,1,998,71,190,0,0,2,3,8,2,1,1,13,1,12,96,0,24,7,2020,6,19,2,33,1,1,4,5,1,4
62513,1,1,45,2,1,11,3,20,0,0,1,0,1,0,1,35,63,140,0,0,2,3,8,2,1,1,80,0,2,0,0,24,7,2020,6,21,2,8,2,2,1,3,1,0
62514,1,1,24,1,1,11,99,9,9,0,2,0,5,0,1,998,75,220,0,4,4,3,5,8,1,14,13,0,13,96,0,25,7,2020,7,1,2,33,3,4,4,3,1,4
62515,1,1,22,1,1,11,20,9,1,0,1,0,2,0,1,88,72,180,0,4,2,2,8,2,1,14,6,1,13,96,58,13,6,2020,7,1,2,33,1,1,3,2,1,4
62516,1,1,23,1,1,11,20,9,9,0,1,0,1,0,1,76,67,165,1,0,1,3,8,8,1,1,17,0,5,96,0,19,8,2020,4,5,2,12,2,2,1,3,1,4
62518,1,1,56,1,1,11,20,20,9,0,1,0,0,0,1,998,66,250,0,4,1,8,8,8,1,1,13,0,996,96,0,27,7,2020,2,10,2,91,1,1,7,1,1,4
62519,1,1,25,1,1,11,3,9,1,0,1,0,1,0,1,999,70,175,0,4,1,3,8,2,1,1,13,1,13,96,0,25,7,2020,7,1,2,33,3,3,4,3,1,4
62520,1,1,29,2,1,11,3,20,0,0,1,0,2,0,1,998,65,140,2,0,5,5,8,8,1,1,83,0,13,96,0,1,8,2020,7,18,2,9,2,3,1,1,1,0
62521,1,1,60,1,1,11,20,1,9,0,1,0,1,0,1,998,65,245,0,0,1,2,1,1,1,1,13,0,13,96,0,28,7,2020,3,4,2,59,1,1,4,2,1,4
62522,1,1,999,9,1,11,99,20,9,0,1,1,9,99,1,998,999,999,99,0,2,4,8,2,1,1,80,0,999,96,0,28,7,2020,3,99,2,8,3,2,1,3,1,0
62523,1,1,55,1,1,11,20,20,0,0,1,0,1,0,1,50,68,190,0,0,2,2,1,2,1,1,80,0,80,96,0,28,7,2020,3,4,2,8,1,1,1,2,1,3
62525,1,1,34,1,1,11,20,9,0,0,1,0,1,0,1,998,68,180,0,4,1,8,8,8,1,1,13,1,13,96,0,31,7,2020,6,19,2,42,1,1,4,3,1,4
62527,1,1,43,1,1,11,3,20,0,0,1,0,3,7,1,61,80,340,0,4,3,4,1,2,1,1,51,0,66,96,0,22,3,2020,1,4,2,12,1,1,1,3,10,3
62529,1,1,29,1,1,11,20,20,9,0,1,0,2,0,1,999,77,225,0,0,1,6,1,2,1,11,54,0,80,96,38,7,8,2020,6,6,2,12,2,2,1,4,1,4
62530,1,1,49,2,1,11,98,9,9,0,1,0,2,0,1,999,67,135,0,4,1,2,8,2,1,1,14,0,7,96,0,27,7,2020,2,2,2,33,3,3,4,3,1,4
62531,1,1,26,1,1,11,3,20,0,0,1,0,2,0,1,40,65,170,0,0,5,5,8,2,1,1,83,0,13,0,0,13,10,2020,3,21,2,15,3,3,1,3,1,0
62532,1,1,18,1,1,11,3,20,0,0,1,0,1,0,1,65,71,160,0,0,2,2,1,2,1,1,80,0,3,96,0,28,7,2020,3,0,2,8,1,1,1,2,1,0
62533,1,1,28,1,1,11,20,20,0,0,1,0,3,0,1,40,67,265,0,4,6,3,5,1,2,14,6,0,13,0,0,7,11,2020,7,8,2,33,5,1,8,1,2,4
62535,1,1,999,9,1,11,99,99,9,0,1,1,9,99,1,999,999,999,99,0,3,6,1,1,1,1,80,0,999,96,0,29,5,2020,6,23,2,8,1,1,1,3,10,0
62536,1,1,56,1,1,11,3,20,0,0,1,0,1,0,1,58,68,165,0,0,2,2,1,8,1,1,80,0,60,0,0,15,12,2020,3,17,2,8,1,1,1,2,1,0
62537,1,1,21,1,1,11,3,9,0,0,1,0,4,0,1,83,69,180,0,3,3,4,1,2,1,98,54,1,7,0,51,9,12,2020,4,23,2,12,1,1,1,2,1,4
62538,1,1,62,1,1,11,99,9,1,0,1,0,2,0,1,998,74,260,0,0,2,4,1,1,1,11,15,0,13,96,39,25,7,2020,7,17,2,12,2,2,1,1,1,4
62540,1,1,22,1,1,11,20,9,9,0,1,0,1,0,1,40,72,250,0,4,5,5,8,2,1,14,6,0,13,96,0,10,10,2020,7,3,2,42,1,1,4,3,1,4
62541,1,1,27,1,1,11,3,1,9,0,1,0,1,0,1,999,73,250,0,4,3,7,1,2,1,1,12,0,13,0,36,22,12,2020,3,14,2,20,1,1,12,1,1,4
62543,1,1,29,2,1,11,3,20,0,0,4,0,1,0,1,998,63,145,0,0,5,5,8,2,1,11,17,0,7,0,42,10,12,2020,5,17,2,12,2,3,1,3,1,0
62545,1,1,23,2,1,11,99,9,9,0,1,0,2,0,1,998,60,147,0,0,3,6,1,8,2,1,54,0,13,96,51,31,10,2020,7,3,2,12,1,1,1,3,5,4
62548,1,1,29,2,1,11,20,20,0,0,1,0,1,0,1,999,65,250,0,0,1,2,1,2,1,1,8,0,3,96,0,30,12,2020,4,9,2,42,1,1,4,1,1,4
62550,1,1,31,1,1,11,20,9,0,0,1,0,3,0,1,80,70,195,0,4,3,4,8,1,1,1,98,1,13,96,0,6,9,2020,1,1,2,14,19,1,3,3,1,4
62551,1,1,30,1,1,11,20,20,9,0,1,0,1,0,1,998,70,165,0,0,1,2,1,2,1,1,13,0,80,96,0,17,5,2020,1,16,2,33,1,1,4,1,10,4
62552,1,1,21,1,1,11,3,20,0,0,2,0,2,0,1,998,69,135,0,0,1,2,1,2,1,1,80,0,7,96,0,14,2,2020,6,21,2,8,3,3,1,3,1,0
62553,1,1,43,1,1,11,3,20,0,0,1,0,1,0,1,998,60,170,0,0,1,2,1,2,1,11,83,0,7,96,0,21,2,2020,6,18,2,15,3,3,1,3,1,0
62554,1,1,28,2,1,11,1,20,9,0,3,0,2,0,1,998,68,186,0,4,1,2,6,8,1,1,14,0,8,96,39,21,4,2020,3,19,2,33,3,3,4,5,1,4
62555,1,1,57,2,1,11,3,20,0,0,1,0,1,0,1,998,63,120,0,0,2,3,2,2,1,1,80,0,13,96,0,27,7,2020,2,4,2,8,1,1,1,2,1,0
62556,1,1,32,1,1,11,3,9,0,0,4,0,2,0,1,998,65,155,0,0,2,3,8,8,1,1,80,0,13,0,0,14,7,2020,3,22,2,8,3,3,1,3,1,0
62557,1,1,55,2,1,11,3,9,1,0,1,0,2,0,1,999,64,145,0,4,2,2,1,2,1,14,6,0,13,96,0,26,5,2020,3,6,2,33,1,1,4,4,1,4
62558,1,1,25,1,1,11,20,20,9,0,1,0,1,0,1,998,70,150,0,0,1,2,1,2,1,6,10,0,98,96,35,19,6,2020,6,17,2,12,1,1,1,1,1,4
62559,1,1,34,1,1,11,20,20,1,0,1,0,2,0,1,62,69,180,0,0,1,2,1,8,1,1,14,1,60,96,39,5,7,2020,1,4,2,72,3,3,4,2,1,4
62561,1,1,22,1,1,11,3,20,9,0,2,0,1,0,1,60,65,130,0,0,2,3,8,1,1,1,98,0,3,0,0,29,11,2020,1,23,2,1,1,1,3,2,1,2
62562,1,1,20,1,1,11,20,9,9,0,1,0,3,0,1,75,72,150,1,0,3,4,8,8,1,14,10,0,13,96,0,6,8,2020,5,4,2,35,1,1,3,3,1,4
62563,1,1,39,1,1,11,3,20,1,0,1,0,1,0,1,998,71,210,0,0,1,4,1,2,1,1,80,0,1,0,0,1,11,2020,1,20,2,8,1,1,1,2,1,0
62566,1,1,24,1,1,11,3,9,0,0,2,0,2,0,1,999,72,165,0,4,3,3,1,8,1,1,50,1,7,96,0,14,7,2020,3,22,2,12,1,1,1,3,1,0
62567,1,1,57,1,1,11,3,20,1,0,1,0,4,6,1,51,72,160,1,0,8,2,8,8,1,14,11,0,66,96,91,15,12,2020,3,10,2,9,1,1,2,1,1,0
62568,1,1,68,1,1,11,20,20,9,0,1,0,1,0,1,998,69,200,0,0,2,2,8,2,1,4,10,0,81,96,38,5,9,2020,7,11,2,12,1,1,1,1,1,4
62569,1,1,42,1,1,11,3,9,0,0,1,0,1,0,1,88,72,195,0,4,6,2,6,8,1,14,12,1,5,96,0,18,10,2020,1,2,2,59,5,1,4,3,1,4
62574,1,1,45,1,1,11,20,9,0,0,1,0,1,0,1,55,71,223,0,4,5,5,1,2,1,1,50,0,60,0,0,9,11,2020,2,16,2,12,3,98,1,5,1,4
62576,1,1,55,1,1,11,3,9,0,0,1,0,0,0,1,82,68,182,0,4,3,5,8,8,1,1,50,0,13,0,0,17,12,2020,5,6,2,12,1,1,1,4,1,4
62577,1,1,62,1,1,11,20,20,9,0,1,0,1,0,1,75,70,199,0,4,1,2,1,2,1,1,62,0,82,96,0,15,12,2020,3,18,2,12,8,1,1,2,1,4
62578,1,1,44,1,1,11,3,9,9,0,1,0,1,0,1,999,72,195,0,0,3,2,8,1,1,1,12,0,95,96,0,25,10,2020,1,6,2,24,1,1,3,3,10,4
62581,1,1,24,1,1,11,20,20,0,0,1,0,9,0,1,999,71,165,0,4,3,4,6,2,1,14,6,1,98,96,0,3,10,2020,7,12,2,1,1,1,8,1,1,4
62582,1,1,999,9,1,11,99,99,9,0,99,1,9,99,1,999,999,999,99,0,3,6,6,2,1,1,80,0,999,0,0,5,11,2020,5,17,2,8,1,1,1,3,1,0
62583,1,1,30,2,1,11,20,9,0,0,1,0,3,0,1,90,63,145,0,0,2,3,1,1,2,6,98,0,60,96,0,8,11,2020,1,18,2,24,1,1,3,3,2,4
62584,1,1,20,1,1,11,3,20,0,0,2,0,1,0,1,998,69,220,0,0,1,2,8,8,1,1,11,0,3,96,0,13,7,2020,2,21,2,8,1,1,2,2,1,0
62585,1,1,41,1,1,11,20,20,9,0,1,0,2,0,1,998,71,230,0,0,1,2,1,2,1,6,11,0,80,96,37,31,7,2020,6,16,2,12,8,1,1,1,1,4
62586,1,1,19,1,1,11,3,9,0,0,2,0,1,0,1,998,73,165,0,0,8,8,8,8,1,10,16,0,13,0,28,5,8,2020,4,9,2,12,3,98,1,1,1,1
62587,1,1,27,1,1,11,3,20,0,0,2,0,1,0,1,76,74,173,0,3,5,5,8,8,1,1,80,1,13,0,91,1,8,2020,7,0,2,8,1,1,1,3,1,0
62588,1,1,37,1,1,11,20,20,9,0,1,0,2,0,1,33,75,250,0,0,1,2,1,2,1,1,17,0,98,96,39,6,8,2020,5,9,2,12,2,2,1,1,1,4
62589,1,1,17,1,1,11,20,20,0,0,1,0,2,1,1,27,70,180,0,0,2,2,1,8,1,1,80,0,63,0,0,6,8,2020,5,14,2,8,1,1,1,1,1,0
62590,1,1,24,2,1,11,3,9,9,0,1,0,1,0,1,998,61,110,0,4,1,2,1,2,1,1,73,0,13,96,0,9,8,2020,1,16,2,12,4,1,1,1,1,1