ST_CASE,VEH_NO,PER_NO,AGE,SEX,PER_TYP,SEAT_POS,REST_USE,AIR_BAG,DRUGS,LOCATION,NUMOCCS,HIT_RUN,OWNER,V_CONFIG,HAZ_INV,TRAV_SP,DR_HGT,DR_WGT,PREV_SPD,SPEEDREL,VTRAFWAY,VNUM_LAN,VPROFILE,VPAVETYP,VSURCOND,P_CRASH1,P_CRASH2,DR_DRINK,VPICBODYCLASS,DRDISTRACT,DRIVERRF,DAY,MONTH,YEAR,DAY_WEEK,HOUR,RUR_URB,HARM_EV,RELJCT2,TYP_INT,REL_ROAD,LGT_COND,WEATHER,INJ_SEV
62591,1,1,48,1,1,11,3,20,0,0,1,0,1,0,1,40,65,180,0,0,2,3,1,8,1,1,80,0,3,0,0,8,8,2020,7,21,2,8,1,1,1,3,1,0
62592,1,1,22,2,1,11,20,20,1,0,1,0,2,0,1,998,65,140,0,0,1,2,8,8,1,14,9,1,80,96,0,9,8,2020,1,2,2,17,1,1,4,2,1,4
62593,1,1,63,1,1,11,20,20,0,0,1,0,1,0,1,28,70,160,0,0,1,4,8,8,1,10,16,0,60,96,39,9,8,2020,1,18,2,12,2,2,1,1,1,4
62594,1,1,999,9,1,11,99,98,9,0,1,1,9,99,1,998,999,999,99,0,2,3,8,8,1,1,80,0,999,96,0,3,7,2020,6,20,2,8,1,1,1,3,1,9
62595,1,1,20,1,1,11,3,9,1,0,2,0,2,0,1,998,73,170,0,4,2,2,5,8,1,14,6,1,13,96,0,2,8,2020,1,1,2,33,1,1,4,2,1,4
62596,1,1,30,2,1,11,3,20,0,0,1,0,1,0,1,30,62,130,0,0,5,5,1,2,1,1,80,0,13,0,0,19,7,2020,1,23,2,8,1,1,1,3,1,0
62597,1,1,79,1,1,11,99,20,9,0,1,0,1,0,1,998,65,140,1,0,1,2,8,8,1,1,10,0,13,96,0,3,8,2020,2,10,2,42,1,1,4,1,1,4
62598,1,1,25,2,1,11,3,9,0,0,2,0,1,0,1,998,65,165,0,0,2,2,1,2,1,1,80,0,7,96,0,17,12,2020,5,20,2,8,1,1,1,3,1,0
62599,1,1,24,1,1,11,20,20,9,0,1,0,1,0,1,998,76,190,1,4,5,6,8,8,1,1,6,0,80,96,0,29,7,2020,4,13,2,53,1,1,4,1,1,4
62600,1,1,26,1,1,11,20,20,0,0,1,0,2,0,1,80,68,156,0,4,2,4,1,2,1,14,80,0,7,96,38,11,8,2020,3,6,2,8,3,2,1,1,10,1
62601,1,1,40,1,1,11,3,20,9,0,1,0,1,0,1,998,64,140,0,0,2,3,1,2,1,1,11,0,13,96,28,4,8,2020,3,6,2,38,1,1,4,1,1,4
62602,1,1,40,2,1,11,99,1,1,0,1,0,2,0,1,999,67,125,0,9,2,3,1,2,1,1,13,0,7,96,36,11,8,2020,3,19,2,33,1,1,4,1,1,0
62603,1,1,20,2,1,11,3,20,0,0,1,1,1,0,1,998,72,230,1,0,1,2,1,2,1,1,80,0,7,7,38,5,8,2020,4,0,2,8,3,2,1,3,1,0
62604,1,1,32,1,1,11,3,20,0,0,1,0,2,0,1,999,67,160,0,0,5,5,1,2,1,1,83,0,60,96,0,11,8,2020,3,21,2,15,1,1,1,3,1,0
62605,1,1,34,1,1,11,3,20,0,0,2,0,2,0,1,998,63,260,0,0,1,4,8,8,1,1,83,0,7,96,0,11,10,2020,1,19,2,9,1,1,1,3,1,0
62606,1,1,25,1,1,11,3,20,0,0,2,0,1,0,1,999,69,150,1,0,1,7,1,2,1,11,54,0,13,96,38,7,8,2020,6,9,2,12,2,2,1,1,1,1
62607,1,1,24,1,1,11,3,20,0,0,1,0,1,0,1,999,67,130,1,4,2,3,1,2,1,1,50,0,95,99,0,7,8,2020,6,9,2,12,3,3,1,1,1,0
62608,1,1,28,1,1,11,3,8,8,0,1,1,1,0,1,100,68,140,0,4,2,2,1,2,1,1,51,1,3,96,6,11,10,2020,1,22,2,12,1,1,1,3,1,3
62609,1,1,27,1,1,11,3,9,0,0,1,0,1,0,1,998,75,155,0,4,3,5,8,1,1,1,51,1,13,96,0,2,11,2020,2,23,2,12,1,1,1,2,1,4
62610,1,1,23,1,1,11,20,9,9,0,1,0,1,0,1,998,69,230,0,4,1,3,8,2,1,14,13,1,13,96,0,8,11,2020,1,18,2,33,1,1,4,3,1,4
62612,1,1,35,2,1,11,20,20,1,0,2,0,1,0,1,999,68,115,0,0,2,3,1,2,1,14,12,1,13,96,0,21,11,2020,7,21,2,12,20,1,1,3,1,4
62613,1,1,44,1,1,11,3,20,0,0,1,0,3,7,1,57,68,175,0,4,3,3,8,8,1,1,50,0,66,96,0,28,10,2020,4,11,2,12,1,1,1,1,1,0
62614,1,1,53,1,1,11,3,9,0,0,1,0,1,0,1,998,65,165,0,0,3,4,8,1,1,98,13,0,7,0,0,18,2,2020,3,13,2,23,1,1,4,1,1,4
62615,1,1,45,1,1,11,3,8,0,0,1,0,1,0,1,70,73,248,0,0,3,4,1,1,1,1,50,0,7,96,0,24,10,2020,7,0,2,12,1,1,1,2,1,2
62617,1,1,91,1,1,11,20,1,9,0,2,0,1,0,1,999,63,160,0,4,1,4,1,2,1,1,12,0,13,96,39,12,8,2020,4,12,2,14,3,2,4,1,1,4
62618,1,1,28,1,1,11,20,20,9,0,1,0,2,0,1,999,75,220,0,0,2,2,1,2,1,1,12,0,80,96,999,7,8,2020,6,15,2,33,3,2,3,1,1,4
62619,1,1,21,2,1,11,3,9,1,0,2,0,2,0,1,998,59,113,0,0,1,2,8,2,1,1,13,1,13,96,0,30,7,2020,5,22,2,25,1,1,4,3,1,3
62620,1,1,24,1,1,11,3,9,0,0,1,0,2,0,1,998,71,150,1,0,2,3,1,2,1,11,15,0,60,96,39,17,6,2020,4,9,2,12,2,2,1,1,1,0
62621,1,1,37,1,1,11,3,20,0,0,1,0,1,0,1,998,66,168,1,0,0,0,0,0,0,98,11,0,60,96,38,30,7,2020,5,19,2,12,8,1,1,5,1,0
62622,1,1,36,1,1,11,3,20,0,0,2,0,2,0,1,998,63,180,0,0,8,8,8,8,1,11,80,0,60,96,38,15,10,2020,5,8,2,8,3,2,1,1,1,0
62623,1,1,57,1,1,11,20,20,9,0,1,0,1,0,1,998,71,235,0,4,1,2,1,2,1,14,13,0,81,96,0,15,10,2020,5,11,2,33,1,1,4,1,1,4
62624,1,1,999,9,1,11,99,99,9,0,99,1,9,99,1,999,999,999,99,9,8,2,8,8,1,1,55,0,999,99,0,14,10,2020,4,4,2,12,2,2,1,3,1,9
62625,1,1,999,9,1,11,99,99,9,0,99,1,9,99,1,999,999,999,99,0,1,4,1,2,1,1,80,0,999,96,6,10,10,2020,7,21,2,8,1,1,1,2,1,9
62626,1,1,44,1,1,11,20,20,0,0,1,0,2,0,1,998,78,230,0,4,6,1,8,1,1,14,6,0,80,96,0,23,8,2020,1,13,2,23,5,1,4,1,1,4
62630,1,1,19,1,1,11,3,9,0,0,1,0,1,0,1,998,63,138,0,0,2,2,8,8,1,1,17,0,13,96,39,14,7,2020,3,12,2,12,2,3,1,1,1,0
62631,1,1,54,2,1,11,20,20,0,0,1,0,1,0,1,45,68,112,0,0,1,4,1,2,1,1,10,1,7,96,28,6,8,2020,5,13,2,12,2,3,1,1,1,4
62632,1,1,64,2,1,11,3,9,0,0,3,0,1,0,1,998,60,220,0,0,1,2,8,2,1,11,15,0,13,96,38,17,7,2020,6,17,2,12,2,2,1,1,1,4
62633,1,1,999,9,1,11,99,20,8,0,1,1,9,0,1,998,999,999,99,0,2,4,8,8,1,1,51,0,7,96,0,6,8,2020,5,14,2,12,1,1,1,1,1,9
62634,1,1,18,1,1,11,3,20,8,0,1,0,2,0,1,998,71,293,0,0,2,3,8,2,1,1,80,0,3,98,28,26,7,2020,1,23,2,9,1,1,4,3,1,0
62635,1,1,52,2,1,11,3,9,9,0,2,0,2,0,1,998,60,125,0,0,0,0,0,0,0,11,15,0,5,0,999,23,7,2020,5,10,2,12,4,1,1,1,1,4
62636,1,1,20,2,1,11,20,9,9,0,1,0,2,0,1,999,62,220,1,0,3,4,1,1,1,1,13,0,13,96,0,14,12,2020,2,99,2,33,1,1,4,2,1,4
62638,1,1,63,1,1,11,3,20,0,0,1,0,1,0,1,65,65,140,0,3,3,7,1,2,1,1,13,0,60,96,0,16,12,2020,4,9,2,20,1,1,8,1,1,4
62639,1,1,91,1,1,11,20,9,0,0,1,0,1,0,1,999,67,170,0,0,3,4,1,2,1,1,13,0,5,0,0,4,2,2020,3,10,2,52,1,1,4,1,1,4
62640,1,1,59,2,1,11,3,2,1,0,2,0,1,0,1,998,67,175,0,0,1,2,8,2,1,11,15,1,7,96,38,14,12,2020,2,7,2,12,2,3,1,1,10,2
62642,1,1,16,1,1,11,3,9,9,0,1,0,1,0,1,998,67,155,0,0,1,2,8,8,1,11,15,0,13,96,38,6,8,2020,5,21,2,12,2,2,1,3,1,4
62643,1,1,22,2,1,11,3,20,0,0,1,0,1,0,1,55,68,130,0,3,2,2,1,2,1,1,80,1,5,96,0,12,8,2020,4,0,2,8,1,1,1,3,1,0
62644,1,1,55,1,1,11,3,20,0,0,1,0,1,0,1,25,71,178,0,0,5,5,8,2,1,14,80,0,60,96,0,5,8,2020,4,23,2,8,1,1,1,3,1,0
62645,1,1,24,1,1,11,98,98,8,0,1,0,2,0,1,999,63,115,0,0,5,5,1,2,1,1,83,0,13,96,0,12,8,2020,4,20,2,9,1,1,1,3,1,2
62646,1,1,999,9,1,11,99,99,9,0,1,1,9,99,1,999,999,999,99,9,1,2,1,2,1,1,81,0,999,99,999,13,8,2020,5,20,2,8,1,1,1,3,1,0
62647,1,1,37,1,1,11,3,20,0,0,1,0,2,0,1,999,69,390,0,0,1,3,1,2,1,1,80,0,60,96,0,13,8,2020,5,21,2,8,1,1,1,3,1,9
62648,1,1,42,1,1,11,3,20,0,0,1,0,1,0,1,999,71,200,0,0,2,4,1,2,1,1,80,0,5,96,0,13,8,2020,5,23,2,8,1,1,1,3,1,0
62649,1,1,18,2,1,11,3,20,0,0,2,0,2,0,1,998,67,125,0,0,1,4,8,8,1,1,80,0,13,0,0,7,8,2020,6,20,2,8,3,3,1,3,1,0
62650,1,1,44,1,1,11,3,20,0,0,1,0,2,0,1,998,65,132,1,0,3,4,6,2,1,1,13,0,13,0,0,4,11,2020,4,16,2,8,1,1,2,1,1,0
62651,1,1,67,1,1,11,3,20,0,0,1,0,1,0,1,998,66,169,0,0,2,4,8,8,1,10,83,0,60,96,0,5,11,2020,5,13,2,9,8,1,1,1,1,0
62654,1,1,39,1,1,11,3,20,0,0,1,0,1,0,1,45,70,200,2,0,2,2,1,1,1,1,83,0,7,96,0,6,11,2020,6,20,2,9,1,1,1,2,10,0
62655,1,1,31,1,1,11,20,20,9,0,1,0,2,0,1,998,37,215,0,0,1,2,8,8,1,1,10,1,13,96,28,8,8,2020,7,5,2,12,1,1,1,4,1,4
62656,1,1,26,1,1,11,3,9,1,0,1,0,2,0,1,998,76,280,0,0,1,4,1,2,1,1,17,0,13,96,39,21,7,2020,3,9,2,12,2,2,1,1,1,2
62657,1,1,26,1,1,11,3,20,0,0,2,0,2,0,1,45,71,210,1,0,1,3,8,2,1,1,80,0,13,3,38,24,11,2020,3,6,2,8,3,2,1,2,1,1
62659,1,1,18,2,1,11,20,9,1,0,2,0,2,0,1,68,62,152,0,0,3,4,8,1,1,1,13,0,13,96,0,19,11,2020,5,22,2,52,1,1,4,3,1,4
62663,1,1,48,1,1,11,3,1,0,0,1,0,2,0,1,67,74,240,0,4,2,4,8,8,1,1,50,0,3,96,0,12,11,2020,5,6,2,12,2,2,1,1,1,3
62664,1,1,38,1,1,11,3,20,0,0,1,0,1,0,1,15,67,175,0,0,1,2,1,2,1,11,17,0,13,96,38,25,9,2020,6,20,2,1,2,2,1,2,1,0
62665,1,1,48,1,1,11,3,20,0,0,1,0,2,0,1,50,72,195,1,4,1,2,8,8,1,1,80,0,3,96,0,21,9,2020,2,7,2,8,1,1,1,1,1,0
62666,1,1,999,9,1,11,99,99,9,0,1,1,9,99,1,999,999,999,99,0,3,7,8,1,1,1,80,0,999,0,0,14,10,2020,4,1,2,8,1,1,1,2,1,0
62667,1,1,33,2,1,11,20,20,9,0,1,0,1,0,1,68,62,138,0,0,3,5,8,1,1,14,13,0,80,0,0,6,12,2020,1,15,2,38,1,1,4,1,1,4
62668,1,1,38,1,1,11,3,9,0,0,1,0,1,0,1,65,71,235,0,4,2,2,8,2,1,15,19,0,7,0,35,9,11,2020,2,14,2,12,1,1,1,1,1,1
62669,1,1,23,2,1,11,20,8,0,0,1,0,1,0,1,70,66,148,0,0,6,2,6,2,1,1,17,0,13,0,39,10,11,2020,3,20,2,12,2,2,1,3,1,0
62671,1,1,53,2,1,11,3,20,0,0,1,0,1,1,1,45,69,150,0,0,1,5,1,2,1,1,80,0,60,0,33,10,12,2020,5,17,2,8,3,3,1,3,1,0
62672,1,1,19,1,1,11,20,9,0,0,3,0,9,99,1,50,73,170,0,4,6,1,5,8,1,14,6,0,999,96,0,15,11,2020,1,19,2,59,5,1,4,2,1,4
62673,1,1,73,2,1,11,3,20,0,0,1,0,1,0,1,998,66,165,0,0,1,2,8,8,1,11,15,0,1,96,39,3,3,2020,3,11,2,12,2,3,1,1,1,2
62674,1,1,25,1,1,11,20,1,0,0,1,0,2,0,1,48,73,260,0,4,5,5,8,8,1,1,50,1,13,96,0,7,2,2020,6,1,2,12,1,1,1,3,1,2
62675,1,1,29,2,1,11,3,98,0,0,1,0,1,0,1,30,62,113,0,0,2,2,8,8,1,1,80,0,13,96,0,24,1,2020,6,18,2,8,3,2,1,3,1,0
62676,1,1,999,9,1,11,99,99,9,0,99,1,9,99,1,998,999,999,99,0,2,2,5,2,1,1,80,0,999,99,38,3,1,2020,6,21,2,8,3,3,1,3,1,9
62677,1,1,44,1,1,11,20,20,9,0,1,0,2,0,1,78,70,215,0,0,1,3,8,8,1,11,98,0,6,0,0,22,10,2020,5,6,2,1,2,2,1,3,1,4
62678,1,1,39,1,1,11,3,20,0,0,1,0,3,0,1,38,72,185,0,0,5,5,8,8,1,1,80,0,95,96,0,13,10,2020,3,6,2,8,1,1,1,2,1,0
62679,1,1,999,9,1,11,99,20,9,0,99,1,9,99,1,999,999,999,99,9,8,8,8,8,1,1,80,0,999,99,999,22,10,2020,5,18,2,8,1,1,1,3,1,9
62680,1,1,17,1,1,11,20,9,9,0,4,0,5,0,1,998,75,205,0,4,2,1,8,8,1,1,6,0,7,96,58,27,10,2020,3,23,2,33,1,1,4,3,1,4
62682,1,1,29,1,1,11,20,20,1,0,3,0,2,0,1,70,71,225,0,0,3,3,1,2,1,1,8,0,13,96,0,16,10,2020,6,7,2,1,1,1,3,1,1,3
62684,1,1,24,1,1,11,20,9,0,0,1,0,2,0,1,998,73,180,0,0,2,2,1,2,1,1,61,1,13,96,0,23,6,2020,3,22,2,12,1,1,1,3,1,4
62685,1,1,29,1,1,11,3,20,0,0,1,0,1,0,1,998,66,270,3,4,5,5,8,1,1,1,83,0,13,0,38,14,8,2020,6,22,2,15,1,1,1,3,1,0
62686,1,1,18,1,1,11,99,20,0,0,1,0,1,0,1,998,68,170,0,4,2,2,1,2,1,1,13,1,13,96,0,8,6,2020,2,23,2,59,1,1,4,6,98,4
62687,1,1,998,8,1,11,98,98,9,0,99,1,9,99,1,998,999,999,99,0,1,5,8,2,1,1,80,0,999,96,999,25,7,2020,7,23,2,8,2,3,1,3,1,9
62688,1,1,20,1,1,11,99,1,9,0,5,0,2,0,1,999,68,140,0,4,1,5,1,2,1,1,67,0,15,96,39,15,8,2020,7,19,2,12,2,3,1,5,1,1
62689,1,1,40,1,1,11,99,20,9,0,3,1,4,0,1,35,65,180,0,4,1,2,8,8,1,1,98,0,1,96,37,8,8,2020,7,18,2,5,1,1,1,1,1,0
62690,1,1,999,9,1,11,99,99,9,0,1,1,9,99,1,998,999,999,99,0,1,2,1,2,1,1,83,0,999,96,28,17,7,2020,6,23,2,9,1,1,1,2,1,9
62691,1,1,27,1,1,11,3,9,9,0,1,0,4,0,1,998,70,190,0,0,1,5,8,2,1,1,17,0,13,96,39,4,8,2020,3,23,2,12,2,2,1,3,1,3
62692,1,1,81,2,1,11,20,20,0,0,1,0,0,0,1,998,66,153,0,0,1,2,1,2,1,9,9,0,124,96,999,14,8,2020,6,9,2,5,1,1,7,1,1,4
62693,1,1,40,1,1,11,2,20,1,0,2,0,2,0,1,998,63,138,0,0,2,2,1,2,1,1,50,0,5,96,27,3,7,2020,6,17,2,12,1,1,7,1,1,4
62694,1,1,29,1,1,11,99,9,1,0,99,1,2,0,1,998,69,150,0,9,8,8,8,8,98,1,11,1,13,96,91,29,3,2020,1,18,2,14,1,1,7,5,98,0
62695,1,1,65,1,1,11,20,20,0,0,1,0,1,0,1,998,72,215,0,0,1,2,5,1,1,14,10,0,81,96,28,16,8,2020,1,13,2,12,1,1,1,1,1,4
62696,1,1,29,1,1,11,20,20,0,0,2,0,1,0,1,48,72,215,0,4,5,7,1,2,1,1,51,1,81,98,0,28,4,2020,3,14,2,12,1,1,1,1,1,3
62697,1,1,48,1,1,11,3,20,0,0,99,1,1,0,1,43,72,187,0,0,2,2,5,2,1,1,80,0,5,0,0,8,6,2020,2,5,2,8,1,1,1,6,1,0
62698,1,1,55,1,1,11,20,20,1,0,2,0,2,0,1,999,71,185,0,0,1,5,8,2,1,1,17,1,82,0,39,20,12,2020,1,17,2,12,2,2,1,3,1,4
62699,1,1,55,1,1,11,20,20,9,0,1,0,1,0,1,998,72,225,0,0,3,2,8,8,1,14,12,0,94,96,0,29,10,2020,5,21,2,25,1,1,3,3,1,4
62700,1,1,38,2,1,11,3,9,9,0,1,0,1,0,1,998,65,140,0,4,2,3,6,1,1,14,6,1,13,96,0,19,8,2020,4,1,2,33,1,1,3,3,1,4
62701,1,1,31,2,1,11,3,20,0,0,1,0,2,0,1,998,66,200,0,0,5,5,1,2,1,1,80,0,60,0,38,19,8,2020,4,9,2,8,8,1,1,1,1,0
62702,1,1,67,1,1,11,99,9,0,0,1,0,1,0,1,998,69,180,0,0,1,2,8,8,98,10,12,1,7,96,0,21,9,2020,2,14,2,39,3,3,4,1,1,4
62703,1,1,26,1,1,11,20,9,9,0,1,0,2,0,1,999,73,200,0,4,3,3,8,1,1,1,51,0,15,96,0,23,11,2020,2,21,2,12,1,1,1,2,1,4
62705,1,1,30,1,1,11,98,98,9,0,99,1,2,0,1,998,70,190,0,0,5,5,8,8,1,15,80,0,60,96,0,1,7,2020,4,21,2,8,1,1,1,3,1,0
62706,1,1,41,1,1,11,3,20,0,0,8,0,2,0,1,38,68,170,0,0,5,5,1,2,1,1,80,0,7,0,0,29,10,2020,5,20,2,8,1,1,1,3,1,0
62710,1,1,76,1,1,11,20,20,0,0,1,0,1,0,1,20,72,200,0,0,4,4,8,8,1,15,10,0,6,96,27,22,8,2020,7,11,2,12,1,1,1,1,1,4
62711,1,1,26,2,1,11,3,20,0,0,3,0,2,0,1,998,76,190,0,0,2,4,1,8,1,11,15,0,13,96,38,22,8,2020,7,13,2,12,2,3,1,1,1,0
62712,1,1,20,1,1,11,20,20,0,0,1,0,1,0,1,998,65,125,0,4,1,2,1,1,1,6,12,1,13,96,0,22,8,2020,7,16,2,19,1,1,5,1,5,4
62713,1,1,20,1,1,11,3,9,9,0,2,0,1,0,1,998,71,200,1,4,1,3,8,8,1,1,6,1,3,96,0,23,8,2020,1,2,2,58,2,2,1,3,1,4
62714,1,1,59,1,1,11,3,20,1,0,1,0,1,0,1,998,64,190,0,0,1,2,8,2,1,14,13,1,60,96,51,23,8,2020,1,18,2,38,1,1,5,1,10,4
62715,1,1,21,1,1,11,3,9,1,0,2,0,1,0,1,122,71,170,0,4,1,5,8,2,1,14,6,1,5,96,0,23,8,2020,1,0,2,33,3,2,12,3,1,1
62716,1,1,50,1,1,11,3,20,0,0,1,0,2,0,1,55,69,200,0,0,2,2,8,2,1,1,80,0,2,96,0,25,9,2020,6,21,2,8,1,1,1,2,1,0
62717,1,1,44,2,1,11,3,20,0,0,1,0,1,0,1,43,64,160,0,4,1,4,8,2,1,1,80,1,7,96,0,28,10,2020,4,18,2,8,1,1,1,3,1,0
62718,1,1,33,1,1,11,20,20,1,0,1,0,1,0,1,100,66,161,0,5,3,4,8,2,1,14,11,1,80,96,28,11,10,2020,1,3,2,12,1,1,1,3,1,4
62719,1,1,44,1,1,11,20,20,9,0,1,0,5,0,1,110,69,340,0,4,5,5,8,2,1,1,10,0,80,96,37,27,10,2020,3,23,2,12,1,1,1,3,1,4
62720,1,1,43,1,1,11,20,20,9,0,1,0,2,0,1,998,73,220,0,4,5,4,8,8,1,1,13,0,80,96,0,26,9,2020,7,14,2,33,1,1,4,1,1,4
62721,1,1,51,1,1,11,3,20,0,0,1,0,1,0,1,37,68,170,0,0,1,5,8,8,1,1,80,0,13,96,0,28,10,2020,4,5,2,8,3,2,1,3,1,0
62722,1,1,31,1,1,11,99,20,0,0,1,0,2,0,1,998,70,160,0,0,5,3,8,2,1,1,80,0,13,96,0,12,10,2020,2,8,2,8,1,1,1,1,1,0
62723,1,1,27,1,1,11,3,8,0,0,1,0,2,0,1,998,68,135,99,0,5,7,8,2,1,1,62,0,13,0,0,12,10,2020,2,11,2,12,2,2,1,1,1,3
62724,1,1,47,1,1,11,99,9,9,0,1,0,1,0,1,998,63,185,0,4,1,4,8,2,1,98,6,0,3,96,28,27,10,2020,3,21,2,12,1,1,1,3,1,4
62725,1,1,75,1,1,11,3,20,0,0,2,0,1,0,1,25,72,227,0,0,8,8,1,2,1,1,80,0,13,96,0,22,10,2020,5,21,2,8,1,1,1,2,1,0
62726,1,1,999,9,1,11,99,20,9,0,99,1,9,99,1,999,999,999,99,0,2,4,6,8,1,1,80,0,999,99,0,12,10,2020,2,22,2,8,1,1,1,3,1,0
62727,1,1,38,2,1,11,3,20,0,0,4,0,2,0,1,56,66,150,0,4,1,2,8,1,1,6,6,0,13,96,36,13,11,2020,6,8,2,9,1,1,1,1,1,0
62728,1,1,57,1,1,11,99,9,9,0,1,0,1,0,1,100,75,175,1,4,1,4,8,8,1,1,12,0,13,96,0,13,10,2020,3,0,2,19,3,2,4,3,1,4
62729,1,1,59,1,1,11,20,20,0,0,1,0,2,0,1,998,72,197,0,4,1,2,1,2,1,14,6,0,94,96,0,22,10,2020,5,14,2,1,1,1,1,1,1,4
62730,1,1,17,1,1,11,3,9,0,0,2,0,3,0,1,999,72,152,0,4,1,2,8,2,1,1,6,0,13,96,0,22,10,2020,5,16,2,12,1,1,1,1,1,0
62731,1,1,45,1,1,11,3,9,9,0,1,0,1,0,1,999,79,251,2,0,5,5,8,2,1,1,51,1,7,0,0,27,10,2020,3,1,2,12,1,1,1,3,1,0
62732,1,1,999,9,1,11,99,99,9,0,99,1,9,99,1,998,999,999,99,0,2,4,8,2,1,1,83,0,999,96,999,9,12,2020,4,23,2,15,3,2,1,3,1,9
62733,1,1,19,2,1,11,3,9,9,0,2,0,2,0,1,999,64,219,0,0,3,2,8,2,1,1,8,0,13,96,0,8,10,2020,5,20,2,42,1,1,4,3,1,4
62736,1,1,32,2,1,11,3,20,0,0,1,0,2,0,1,998,68,220,0,4,2,3,8,8,1,1,12,0,13,0,0,7,9,2020,2,19,2,33,1,1,4,3,1,0
62738,1,1,21,1,1,11,3,9,9,0,99,1,2,0,1,998,67,130,0,4,1,4,8,8,1,14,6,0,60,96,28,22,8,2020,7,6,2,12,2,3,1,1,1,0
62739,1,1,53,2,1,11,20,8,0,0,1,0,1,0,1,53,66,140,0,0,1,3,8,2,1,14,10,1,3,96,28,25,8,2020,3,22,2,12,1,1,1,3,1,4
62740,1,1,44,2,1,11,20,8,1,0,1,0,4,0,1,85,71,155,0,4,2,4,8,8,1,1,17,0,13,96,39,19,8,2020,4,22,2,12,2,2,1,3,1,3
62741,1,1,40,1,1,11,3,9,0,0,2,1,1,0,1,30,68,210,0,0,2,6,8,8,1,1,17,1,60,96,39,22,8,2020,7,20,2,12,2,2,1,3,1,0
62742,1,1,31,1,1,11,3,1,0,0,2,0,1,0,1,57,72,215,0,4,4,1,1,2,1,1,13,1,3,96,91,22,8,2020,7,23,2,42,1,1,4,2,1,3
62743,1,1,23,1,1,11,3,9,0,0,2,0,2,0,1,999,67,220,0,0,2,5,1,8,1,10,16,1,7,96,39,23,8,2020,1,21,2,12,2,2,1,3,5,4
62744,1,1,47,2,1,11,3,9,0,0,1,0,1,0,1,998,69,142,0,0,1,2,8,2,1,14,19,1,7,96,999,23,8,2020,1,21,2,12,1,1,1,2,1,4
62745,1,1,19,1,1,11,3,9,0,0,2,0,2,0,1,38,68,180,0,0,0,0,0,0,0,1,14,1,60,96,0,24,8,2020,2,1,2,33,1,1,4,2,1,4
62746,1,1,66,1,1,11,3,20,0,0,1,0,1,0,1,998,73,210,0,0,1,2,5,8,1,11,80,0,60,0,38,24,8,2020,2,7,2,8,3,3,1,1,1,0
62747,1,1,50,2,1,11,20,20,1,0,1,0,2,0,1,40,66,189,0,0,1,4,1,8,1,1,8,0,60,0,0,24,8,2020,2,10,2,59,1,1,4,1,5,4
62748,1,1,53,1,1,11,20,9,9,0,1,0,1,0,1,999,73,235,0,0,1,2,8,2,1,1,13,0,7,96,999,24,8,2020,2,14,2,33,1,1,4,1,1,4
62749,1,1,52,2,1,11,3,20,0,0,2,0,1,0,1,998,60,170,99,0,5,3,8,8,1,1,80,1,13,96,0,24,8,2020,2,19,2,8,1,1,1,1,1,0
62750,1,1,18,1,1,11,99,9,0,0,2,0,2,0,1,998,999,999,99,4,1,2,8,2,1,1,6,1,13,96,0,24,8,2020,2,23,2,33,1,1,4,3,1,4
62751,1,1,35,1,1,11,20,20,0,0,1,0,1,0,1,998,67,235,0,4,8,8,8,8,1,1,13,0,6,96,0,25,8,2020,3,16,2,33,1,1,4,1,1,4
62752,1,1,79,1,1,11,3,20,0,0,1,0,1,0,1,998,70,213,0,0,1,3,1,8,1,11,80,0,60,0,38,25,8,2020,3,20,2,8,3,2,1,3,1,0
62753,1,1,998,8,1,11,99,99,9,0,99,1,9,0,1,998,999,999,99,0,2,2,1,2,1,14,80,0,13,96,999,26,8,2020,4,1,2,8,1,1,1,2,1,9
62754,1,1,58,2,1,11,3,20,0,0,1,0,2,0,1,45,67,230,0,0,2,2,8,2,1,1,83,0,13,0,0,30,8,2020,1,14,2,9,1,1,1,1,1,0
62755,1,1,62,1,1,11,20,20,9,0,1,0,9,0,1,998,73,190,0,4,1,2,6,2,1,1,10,0,6,96,52,30,8,2020,1,16,2,14,1,1,7,1,1,4
62756,1,1,27,1,1,11,20,20,0,0,1,0,1,0,1,65,71,195,0,4,2,2,8,1,1,14,6,1,82,96,0,14,8,2020,6,22,2,1,1,1,4,2,1,4
62758,1,1,47,1,1,11,20,20,1,0,1,0,1,0,1,35,66,168,0,0,2,2,8,8,1,1,12,0,86,96,27,11,10,2020,1,10,2,33,1,1,4,1,1,4
62760,1,1,28,1,1,11,3,20,0,0,2,0,2,0,1,78,71,200,0,0,3,3,5,1,1,1,13,1,60,96,0,18,10,2020,1,0,2,14,1,1,2,2,1,0
62761,1,1,24,1,1,11,3,20,0,0,2,0,1,0,1,40,75,175,0,0,1,2,1,2,1,1,80,0,60,0,0,4,10,2020,1,20,2,8,1,1,1,2,1,0