ST_CASE,VEH_NO,PER_NO,AGE,SEX,PER_TYP,SEAT_POS,REST_USE,AIR_BAG,DRUGS,LOCATION,NUMOCCS,HIT_RUN,OWNER,V_CONFIG,HAZ_INV,TRAV_SP,DR_HGT,DR_WGT,PREV_SPD,SPEEDREL,VTRAFWAY,VNUM_LAN,VPROFILE,VPAVETYP,VSURCOND,P_CRASH1,P_CRASH2,DR_DRINK,VPICBODYCLASS,DRDISTRACT,DRIVERRF,DAY,MONTH,YEAR,DAY_WEEK,HOUR,RUR_URB,HARM_EV,RELJCT2,TYP_INT,REL_ROAD,LGT_COND,WEATHER,INJ_SEV
62762,1,1,61,1,1,11,3,20,0,0,1,0,2,0,1,30,68,155,0,0,6,2,8,8,1,14,80,0,7,96,0,28,10,2020,4,20,2,8,5,1,1,3,1,0
62763,1,1,47,1,1,11,3,20,0,0,1,0,1,0,1,65,70,205,0,0,3,6,3,2,1,1,83,0,2,96,0,12,8,2020,4,11,2,9,1,1,1,1,1,0
62765,1,1,29,1,1,11,20,1,9,0,2,0,1,0,1,998,66,140,0,0,3,4,1,2,1,14,8,1,13,96,0,21,11,2020,7,22,2,24,1,1,4,2,1,4
62766,1,1,25,1,1,11,3,20,8,0,2,0,2,0,1,65,67,180,0,0,3,5,6,8,1,14,80,0,13,0,0,27,10,2020,3,19,2,8,1,1,1,3,1,0
62767,1,1,67,1,1,11,3,20,8,0,1,0,3,0,1,60,70,220,0,0,3,4,1,1,1,15,10,0,60,0,27,23,11,2020,2,17,2,12,1,1,1,3,1,0
62768,1,1,31,2,1,11,3,9,0,0,1,0,1,0,1,68,63,160,0,4,3,6,1,1,1,1,50,0,13,0,0,30,11,2020,2,0,2,12,1,1,1,3,1,1
62769,1,1,24,1,1,11,3,8,0,0,1,0,1,0,1,88,72,220,0,3,3,5,8,1,1,1,11,1,60,96,34,25,11,2020,4,2,2,14,1,1,2,2,1,3
62770,1,1,54,1,1,11,20,20,9,0,1,0,2,0,1,60,69,165,0,4,1,2,1,2,1,1,12,0,80,0,0,27,12,2020,1,13,2,33,1,1,4,1,1,4
62771,1,1,39,1,1,11,3,9,0,0,1,0,1,0,1,998,71,170,0,0,2,3,1,2,1,1,50,0,60,96,0,14,8,2020,6,14,2,12,3,3,1,1,1,1
62772,1,1,20,1,1,11,20,20,0,0,1,0,2,0,1,998,72,140,0,4,1,2,1,2,1,1,50,0,80,0,0,23,8,2020,1,19,2,1,1,1,1,5,1,4
62773,1,1,19,1,1,11,20,9,1,0,1,1,5,1,1,998,71,125,0,0,2,6,8,1,1,1,17,0,60,96,39,29,8,2020,7,11,2,12,2,2,1,1,1,0
62774,1,1,27,2,1,11,3,20,9,0,4,0,2,0,1,90,64,140,0,4,3,3,1,2,1,1,13,0,7,96,0,14,11,2020,7,20,2,42,1,1,4,2,10,4
62775,1,1,35,1,1,11,3,20,8,0,4,0,1,0,1,40,67,170,0,0,3,3,1,1,1,15,80,0,60,0,0,3,11,2020,3,20,2,8,1,1,1,2,1,0
62776,1,1,44,2,1,11,20,9,1,0,1,0,2,0,1,999,69,203,0,0,1,2,8,2,1,1,12,1,7,96,0,12,12,2020,7,19,2,38,3,3,4,2,1,4
62777,1,1,30,1,1,11,20,20,0,0,1,0,2,0,1,999,71,190,0,0,3,2,1,8,1,1,9,1,80,96,0,6,12,2020,1,20,2,24,1,1,3,2,1,4
62778,1,1,47,2,1,11,3,9,0,0,1,0,1,0,1,40,60,150,0,4,1,6,8,8,1,1,17,0,60,96,39,12,8,2020,4,6,2,12,2,2,1,1,1,1
62779,1,1,49,1,1,11,99,20,0,0,1,1,1,0,1,998,64,180,1,0,2,2,8,8,1,1,80,1,13,96,0,27,8,2020,5,21,2,15,1,1,1,3,1,0
62780,1,1,40,1,1,11,3,9,9,0,5,0,2,0,1,998,77,240,0,0,2,2,1,2,1,12,21,0,13,96,0,30,8,2020,1,21,2,12,1,1,1,3,1,3
62781,1,1,29,1,1,11,3,20,0,0,5,0,1,0,1,38,70,190,0,0,2,3,8,8,1,1,80,0,7,0,38,23,8,2020,1,20,2,8,1,1,1,3,1,0
62782,1,1,16,1,1,11,3,20,0,0,2,0,2,0,1,998,65,130,0,0,1,5,1,2,1,11,15,0,60,96,38,21,8,2020,6,17,2,12,2,2,1,1,1,0
62783,1,1,27,2,1,11,3,20,0,0,1,0,1,0,1,35,63,106,0,0,5,5,8,8,1,1,83,0,13,96,0,20,8,2020,5,15,2,9,8,1,1,1,1,0
62784,1,1,999,9,1,11,99,99,9,0,1,1,9,99,1,998,999,999,99,0,4,3,1,2,1,1,80,0,999,96,0,20,8,2020,5,15,2,8,1,1,1,1,1,9
62785,1,1,37,1,1,11,3,9,0,0,1,0,3,0,1,998,69,150,0,4,8,8,8,8,1,1,66,0,13,96,39,22,10,2020,5,14,2,12,2,2,1,1,1,1
62788,1,1,33,1,1,11,3,20,0,0,2,0,1,0,1,40,75,320,0,0,2,3,8,8,1,1,80,0,60,96,0,31,8,2020,2,6,2,8,3,2,1,4,10,0
62789,1,1,38,1,1,11,20,20,0,0,2,0,1,0,1,999,66,160,0,0,1,2,8,2,1,14,53,0,69,96,24,13,7,2020,2,21,2,12,1,1,1,2,1,2
62790,1,1,21,1,1,11,20,20,1,0,1,0,2,0,1,999,68,220,0,0,2,3,8,8,1,11,15,1,13,96,999,30,8,2020,1,5,2,12,2,2,1,1,5,4
62791,1,1,20,1,1,11,3,9,9,0,4,0,2,0,1,998,68,178,0,5,2,3,8,2,1,1,9,0,13,96,0,25,10,2020,1,18,2,33,1,1,4,5,1,4
62792,1,1,999,9,1,11,99,99,9,0,1,1,9,99,1,999,999,999,99,9,4,2,1,2,1,1,80,0,999,99,999,15,8,2020,7,23,2,8,3,4,1,3,1,0
62793,1,1,28,1,1,11,3,20,0,0,3,0,1,0,1,999,62,150,0,0,2,3,1,2,1,1,83,0,13,96,0,15,8,2020,7,4,2,9,1,1,1,3,1,0
62794,1,1,28,1,1,11,3,9,8,0,1,0,1,0,1,48,72,230,1,4,3,3,6,8,1,1,80,1,3,96,60,26,10,2020,2,1,2,8,1,1,1,3,1,0
62795,1,1,999,9,1,11,99,99,9,0,4,1,2,0,1,998,999,999,99,0,5,3,8,8,1,1,98,0,13,96,21,29,10,2020,5,21,2,5,1,1,1,3,1,0
62796,1,1,26,1,1,11,3,20,9,0,1,0,2,0,1,40,71,230,0,4,1,4,8,8,1,1,80,0,5,96,0,29,10,2020,5,23,2,8,3,3,1,3,1,0
62797,1,1,24,1,1,11,3,20,0,0,1,0,4,0,1,998,73,235,0,0,1,5,8,1,1,11,83,0,95,96,0,24,10,2020,7,10,2,9,2,2,1,1,1,0
62798,1,1,18,1,1,11,3,9,0,0,2,1,2,0,1,80,62,120,1,4,2,2,8,2,1,14,6,1,7,96,0,30,8,2020,1,1,2,33,1,1,4,2,1,1
62799,1,1,81,1,1,11,3,20,0,0,1,0,1,0,1,998,67,170,0,0,1,2,8,8,1,1,80,0,7,96,0,24,10,2020,7,19,2,8,1,1,1,2,1,0
62800,1,1,42,1,1,11,20,8,9,0,2,0,2,0,1,999,72,205,0,3,2,3,1,2,1,1,11,1,13,96,0,25,10,2020,1,17,2,33,3,2,4,1,1,3
62802,1,1,43,1,1,11,3,9,0,0,1,0,2,0,1,98,65,175,0,4,3,5,8,2,1,1,51,1,60,96,0,31,5,2020,1,2,2,12,1,1,1,2,1,1
62803,1,1,40,2,1,11,3,20,0,0,1,0,2,0,1,49,66,175,0,0,1,4,8,8,1,1,80,0,13,96,38,25,4,2020,7,15,2,8,3,3,1,1,1,2
62806,1,1,25,2,1,11,3,20,0,0,1,0,1,0,1,30,64,115,0,0,5,5,1,1,1,1,80,0,13,96,0,27,8,2020,5,2,2,8,1,1,1,3,1,0
62807,1,1,36,1,1,11,3,8,0,0,1,0,2,0,1,60,70,195,0,4,1,6,8,2,1,1,50,0,13,96,0,13,10,2020,3,13,2,12,3,2,1,1,1,3
62808,1,1,20,1,1,11,3,20,0,0,2,0,2,0,1,45,75,260,0,4,1,2,6,2,1,14,83,0,60,96,0,24,11,2020,3,19,2,15,1,1,1,2,1,0
62809,1,1,27,2,1,11,3,9,1,0,2,0,2,0,1,998,64,180,0,4,2,3,8,2,1,1,50,0,7,96,0,13,8,2020,5,7,2,12,3,3,1,1,1,4
62810,1,1,19,1,1,11,3,20,9,0,2,0,1,0,1,998,68,138,0,4,1,4,1,2,1,1,6,0,3,96,0,5,8,2020,4,23,2,30,1,1,4,2,1,2
62811,1,1,75,1,1,11,3,20,0,0,1,0,1,0,1,998,66,125,0,0,1,2,8,2,1,10,80,0,60,96,0,6,8,2020,5,7,2,8,3,5,1,4,1,0
62812,1,1,72,1,1,11,3,20,0,0,1,0,1,0,1,40,70,190,0,0,1,7,8,2,1,1,80,0,7,96,0,6,8,2020,5,21,2,8,3,2,1,3,1,0
62813,1,1,26,1,1,11,20,9,0,0,1,0,2,0,1,998,999,999,0,4,2,2,1,2,1,15,13,1,5,96,0,19,7,2020,1,6,2,14,1,1,7,1,1,4
62814,1,1,21,1,1,11,99,9,0,0,1,0,2,0,1,999,69,175,0,9,3,4,1,2,1,1,54,1,13,96,51,16,8,2020,1,3,2,12,1,1,1,3,1,3
62815,1,1,20,1,1,11,3,1,0,0,1,1,2,0,1,999,70,185,1,4,1,4,1,2,1,1,13,1,13,96,36,17,8,2020,2,1,2,14,1,1,2,3,1,1
62816,1,1,32,1,1,11,3,9,0,0,2,0,1,0,1,80,69,130,0,4,3,4,5,2,1,1,6,0,3,96,0,18,11,2020,4,10,2,43,1,1,4,1,10,3
62817,1,1,63,1,1,11,3,20,0,0,1,0,3,1,1,55,65,160,0,0,6,1,8,8,1,14,80,0,11,96,0,19,12,2020,7,4,2,8,20,1,1,3,1,0
62819,1,1,999,9,1,11,99,99,9,0,99,1,9,99,1,998,999,999,99,0,2,2,1,2,1,1,80,0,999,99,0,24,8,2020,2,2,2,8,1,1,1,2,1,9
62820,1,1,41,1,1,11,20,1,1,0,1,0,2,0,1,999,67,240,0,9,1,5,1,2,1,1,10,0,13,96,51,17,8,2020,2,11,2,12,2,2,1,1,1,3
62821,1,1,35,1,1,11,20,20,0,0,1,0,1,0,1,998,74,225,1,0,1,2,1,2,1,11,15,1,6,96,38,27,8,2020,5,15,2,12,2,3,1,1,1,4
62822,1,1,58,1,1,11,20,1,1,0,1,0,2,0,1,999,67,197,0,4,1,4,1,2,1,6,60,0,13,96,51,13,4,2020,2,16,2,12,8,1,1,1,1,4
62823,1,1,58,1,1,11,20,9,9,0,1,0,1,0,1,998,70,208,0,4,2,3,5,2,1,1,12,0,7,96,0,1,8,2020,7,1,2,33,1,1,4,3,1,4
62824,1,1,18,2,1,11,3,1,0,0,1,0,2,0,1,63,65,125,0,4,1,2,8,2,1,1,59,0,13,0,0,20,9,2020,1,21,2,12,1,1,1,2,1,0
62825,1,1,67,2,1,11,3,20,0,0,2,0,1,0,1,998,66,115,0,0,2,4,8,8,1,11,15,0,13,0,0,1,9,2020,3,11,2,12,2,2,1,1,1,0
62826,1,1,999,9,1,11,99,20,9,0,99,1,9,0,1,998,999,999,99,0,2,4,8,2,1,3,80,0,13,99,38,6,3,2020,6,15,2,8,3,2,1,1,1,0
62827,1,1,34,1,1,11,20,20,0,0,1,0,1,0,1,75,74,230,0,0,3,5,8,1,1,15,10,0,80,96,0,7,7,2020,3,17,2,12,1,1,1,1,1,4
62828,1,1,26,2,1,11,20,1,9,0,4,0,2,0,1,96,65,213,0,4,5,3,1,2,1,1,6,0,60,96,0,1,6,2020,2,23,2,1,1,1,1,2,1,4
62829,1,1,36,1,1,11,3,20,0,0,1,0,3,1,1,25,70,230,0,0,1,2,1,8,1,1,83,0,11,96,0,28,7,2020,3,12,2,9,3,3,1,1,1,0
62830,1,1,42,1,1,11,99,20,9,0,99,1,1,0,1,998,66,150,0,0,1,2,8,2,1,1,80,0,60,96,0,18,6,2020,5,21,2,8,1,1,1,3,1,0
62831,1,1,21,1,1,11,99,20,9,0,99,1,2,0,1,998,71,170,0,4,2,2,8,2,1,1,80,0,7,96,0,20,3,2020,6,20,2,8,1,1,1,2,1,0
62832,1,1,95,2,1,11,3,9,0,0,1,0,1,0,1,998,62,105,0,0,2,4,8,2,1,11,63,0,13,96,0,2,5,2020,7,10,2,12,8,1,1,1,1,2
62833,1,1,42,1,1,11,20,20,0,0,1,0,1,0,1,998,73,169,0,4,1,4,8,8,1,1,17,1,7,96,36,1,6,2020,2,2,2,12,2,2,1,3,1,0
62834,1,1,43,1,1,11,3,20,0,0,2,0,2,0,1,998,67,180,1,0,2,2,1,8,1,1,80,0,13,96,0,31,7,2020,6,5,2,8,3,2,1,3,10,0
62837,1,1,46,1,1,11,20,20,9,0,1,0,2,0,1,999,70,260,0,0,3,1,8,2,1,14,13,0,94,0,0,31,10,2020,7,20,2,33,3,6,4,3,1,4
62839,1,1,19,1,1,11,20,9,0,0,4,0,2,0,1,86,73,190,0,4,6,1,8,8,1,1,98,0,13,96,0,18,9,2020,6,19,2,42,3,2,4,1,1,4
62840,1,1,42,1,1,11,3,20,0,0,1,0,2,0,1,63,68,155,0,0,6,2,1,2,2,1,80,0,7,0,0,28,12,2020,2,4,2,8,18,1,1,3,2,0
62841,1,1,31,1,1,11,3,20,0,0,99,1,1,0,1,999,72,250,0,0,1,5,1,2,1,1,80,1,13,96,39,6,9,2020,1,6,2,8,3,2,1,4,1,0
62842,1,1,54,1,1,13,3,20,0,0,1,0,3,0,1,38,70,303,0,0,2,3,8,2,1,1,80,0,7,0,0,30,10,2020,6,18,2,8,1,1,1,3,1,0
62843,1,1,40,2,1,11,3,20,0,0,6,0,1,0,1,998,60,155,0,0,5,3,8,8,1,10,80,0,7,96,0,30,10,2020,6,14,2,8,8,1,1,1,1,0
62844,1,1,25,2,1,11,99,9,9,0,1,0,2,0,1,999,65,190,0,0,2,6,1,2,1,1,13,0,13,0,0,1,11,2020,1,4,2,33,3,3,4,3,1,4
62845,1,1,38,2,1,11,3,20,0,0,1,0,1,0,1,998,63,229,0,0,1,5,8,8,1,1,66,0,13,96,0,30,10,2020,6,14,2,12,2,2,1,1,10,0
62846,1,1,34,1,1,11,20,20,9,0,1,0,2,0,1,53,71,227,0,4,1,2,4,8,1,14,11,0,80,0,52,31,10,2020,7,13,2,24,1,1,4,1,1,4
62849,1,1,36,1,1,11,99,9,0,0,1,1,1,0,1,40,60,130,0,0,1,2,1,1,1,98,13,1,60,0,0,10,12,2020,5,16,2,8,3,3,4,1,1,0
62850,1,1,26,1,1,11,20,9,9,0,1,0,2,0,1,65,68,135,0,5,6,2,8,1,1,1,12,0,13,0,0,8,12,2020,3,23,2,42,5,1,4,2,1,4
62852,1,1,999,9,1,11,99,99,9,0,99,1,9,99,1,999,999,999,99,0,2,4,1,1,1,1,80,0,999,0,0,1,12,2020,3,1,2,8,3,3,1,3,1,0
62853,1,1,84,1,1,11,3,20,0,0,1,0,1,0,1,998,71,195,0,0,2,3,8,2,1,15,80,1,60,96,0,19,12,2020,7,16,2,8,1,1,1,5,1,0
62854,1,1,58,2,1,11,3,9,0,0,1,0,1,0,1,65,60,138,0,0,6,4,5,8,1,1,12,0,13,96,0,29,8,2020,7,18,2,20,5,1,8,1,1,4
62856,1,1,18,1,1,11,3,20,0,0,1,0,1,0,1,60,67,190,0,0,3,6,8,8,1,1,52,0,5,96,73,8,12,2020,3,13,2,12,1,1,1,1,1,0
62857,1,1,78,1,1,11,3,20,0,0,2,0,1,0,1,998,67,200,0,0,1,5,1,2,1,11,83,0,7,96,38,14,12,2020,2,15,2,9,2,2,1,1,1,0
62858,1,1,79,1,1,11,3,9,9,0,1,0,2,0,1,33,61,178,0,0,8,2,1,2,1,1,11,0,2,96,0,22,12,2020,3,14,2,14,1,1,2,1,10,4
62859,1,1,23,2,1,11,3,20,9,0,1,0,1,0,1,33,66,155,2,5,1,2,8,2,1,1,80,0,7,96,0,2,12,2020,4,1,2,8,1,1,1,3,1,0
62860,1,1,15,1,1,11,20,9,1,0,3,0,5,0,1,60,66,150,0,4,1,2,8,2,1,17,6,0,13,0,39,28,11,2020,7,7,2,33,3,2,4,1,1,3
62861,1,1,22,2,1,11,3,20,0,0,1,0,1,0,1,998,59,190,0,0,1,4,1,1,1,11,80,0,5,0,38,5,11,2020,5,10,2,8,3,2,1,1,1,0
62862,1,1,46,1,1,11,3,20,0,0,2,0,1,0,1,38,70,200,0,0,1,2,8,2,1,1,80,0,13,0,0,31,12,2020,5,18,2,8,1,1,1,2,1,0
62864,1,1,34,2,1,11,3,9,0,0,1,0,1,0,1,40,61,150,0,0,5,5,8,8,1,1,17,0,7,96,0,19,12,2020,7,8,2,12,2,2,1,1,1,0
62866,1,1,48,1,1,11,20,1,1,0,2,0,1,0,1,85,72,200,0,4,2,2,1,1,2,14,12,1,13,96,0,13,12,2020,1,0,2,42,19,1,4,3,10,4
62867,1,1,41,1,1,11,20,20,1,0,1,0,1,0,1,999,71,180,0,4,3,8,1,2,1,1,50,0,80,96,0,18,9,2020,6,21,2,12,1,1,1,2,10,4
62868,1,1,32,1,1,11,20,20,1,0,1,0,1,0,1,65,70,195,0,4,6,2,6,1,1,14,98,1,94,0,0,30,10,2020,6,2,2,1,20,1,1,3,1,4
62871,1,1,48,1,1,11,3,20,8,0,2,0,1,0,1,43,74,260,0,0,5,5,1,8,1,1,80,0,7,96,0,26,9,2020,7,20,2,8,2,3,1,3,1,0
62872,1,1,21,1,1,11,20,9,0,0,1,0,2,0,1,50,68,150,1,4,5,5,1,2,1,1,13,1,3,96,0,4,12,2020,6,15,2,33,1,1,4,1,1,4
62873,1,1,63,2,1,11,3,9,0,0,1,0,1,0,1,998,65,125,0,0,5,5,8,8,1,11,15,0,3,96,38,2,9,2020,4,13,2,1,8,1,1,1,1,2
62876,1,1,25,1,1,11,3,20,8,0,1,0,3,1,1,40,68,185,0,4,2,2,8,2,1,1,50,0,11,0,0,26,10,2020,2,16,2,12,1,1,1,1,1,0
62877,1,1,29,2,1,11,3,9,0,0,1,0,1,0,1,75,65,130,0,0,3,6,1,8,1,1,50,0,13,96,0,19,11,2020,5,23,2,12,1,1,1,3,1,0
62878,1,1,35,2,1,11,3,20,8,0,1,0,2,0,1,45,60,108,0,0,2,2,1,2,1,1,80,0,13,96,0,16,10,2020,6,0,2,8,1,1,1,2,1,0
62879,1,1,28,2,1,11,3,1,8,0,1,0,2,0,1,63,69,145,1,9,6,2,5,2,1,3,13,0,13,96,0,14,11,2020,7,9,2,8,5,1,4,1,1,1
62881,1,1,27,1,1,11,20,20,0,0,1,0,1,0,1,71,66,191,0,3,5,7,8,8,1,1,72,1,80,96,0,13,6,2020,7,20,2,12,4,1,1,3,1,4
62882,1,1,25,1,1,11,3,1,1,0,1,0,2,0,1,998,68,180,0,0,2,5,8,8,1,1,80,0,13,96,91,23,6,2020,3,13,2,8,3,2,1,1,1,0
62883,1,1,73,1,1,11,3,20,0,0,1,0,1,0,1,43,70,175,0,0,2,3,6,2,1,1,80,0,7,9,0,26,7,2020,1,7,2,8,1,1,1,1,10,0
62884,1,1,40,1,1,11,3,20,0,0,1,0,2,0,1,998,69,150,1,0,1,2,5,8,1,1,83,1,7,96,0,7,8,2020,6,18,2,9,1,1,1,1,1,0
62885,1,1,43,1,1,11,20,9,9,0,1,0,1,0,1,998,76,290,1,4,1,2,8,2,1,1,6,0,7,96,0,18,8,2020,3,4,2,33,3,2,4,3,1,4
62886,1,1,20,1,1,11,20,9,0,0,1,0,1,0,1,998,69,175,0,0,2,2,8,8,1,14,13,0,13,96,0,21,8,2020,6,23,2,33,1,1,4,2,1,4
62887,1,1,22,1,1,11,20,20,9,0,1,0,2,0,1,998,70,160,0,4,1,2,8,8,1,1,51,0,125,96,0,4,9,2020,6,22,2,12,1,1,1,3,1,4
62888,1,1,23,1,1,11,20,20,9,0,1,0,2,0,1,70,68,185,1,4,5,5,5,2,1,14,13,0,3,96,0,4,9,2020,6,3,2,33,1,1,4,3,1,4
62889,1,1,30,1,1,11,20,9,0,0,4,0,1,0,1,998,69,150,0,0,1,4,8,2,1,14,13,1,13,96,0,6,9,2020,1,1,2,33,3,4,4,3,1,2
62890,1,1,26,1,1,11,3,9,1,0,1,0,2,0,1,998,69,140,0,0,8,8,8,8,1,1,80,0,13,9,0,6,9,2020,1,4,2,8,1,1,1,3,1,0
62891,1,1,64,1,1,11,99,20,1,0,1,0,1,1,1,998,72,170,0,4,1,2,8,2,1,1,11,1,74,99,58,6,9,2020,1,16,2,1,1,1,4,1,1,4
62892,1,1,37,1,1,11,3,9,9,0,1,0,2,0,1,998,67,163,0,0,2,3,1,2,1,1,12,1,7,96,0,7,9,2020,2,2,2,33,3,3,3,3,1,4
62893,1,1,998,8,1,11,98,98,9,0,99,1,4,0,1,998,999,999,99,0,1,2,2,2,1,1,17,0,60,96,999,7,9,2020,2,21,2,12,2,2,1,3,1,9
62894,1,1,998,8,1,11,98,98,9,0,99,1,9,99,1,998,999,999,99,0,5,6,8,8,1,1,80,0,999,96,0,7,9,2020,2,22,2,8,1,1,1,3,1,9
62895,1,1,71,1,1,11,3,20,0,0,1,0,1,0,1,50,69,205,0,0,1,2,1,2,1,1,80,0,5,0,0,2,9,2020,4,3,2,8,1,1,1,2,1,2
62899,1,1,39,1,1,11,3,9,0,0,1,0,2,0,1,65,77,195,0,4,3,6,1,1,1,1,50,0,13,96,0,5,8,2020,4,23,2,12,1,1,1,3,1,4
62900,1,1,54,1,1,11,20,99,0,0,1,0,1,0,1,999,74,200,0,9,1,2,1,2,1,1,13,1,7,96,0,13,12,2020,1,18,2,42,1,1,4,2,10,4
62902,1,1,30,2,1,11,99,20,9,0,99,1,1,0,1,999,65,230,0,0,5,5,8,8,1,1,80,0,7,96,0,7,9,2020,2,23,2,8,1,1,1,3,1,0
62903,1,1,36,1,1,11,20,9,9,0,1,0,2,0,1,998,74,300,0,0,1,7,8,8,1,1,13,0,7,96,0,9,9,2020,4,14,2,33,1,1,4,1,10,4
62904,1,1,68,2,1,11,3,9,0,0,2,0,1,0,1,998,62,117,0,0,2,2,8,8,1,11,15,0,13,96,38,5,9,2020,7,11,2,12,2,2,1,1,1,0
62908,1,1,58,1,1,11,3,20,0,0,2,0,1,0,1,55,67,200,0,0,3,6,1,8,1,1,80,0,13,96,0,13,7,2020,2,21,2,8,1,1,1,3,1,0
62910,1,1,21,1,1,11,3,9,8,0,4,1,2,0,1,998,71,170,0,0,5,5,1,2,1,1,55,1,3,96,39,1,11,2020,1,0,2,12,2,2,1,3,1,2
62914,1,1,42,2,1,11,3,20,0,0,1,0,1,0,1,40,65,180,0,0,5,5,8,2,1,1,80,0,13,0,10,2,9,2020,4,19,2,8,3,3,1,3,1,0
62915,1,1,69,1,1,11,99,9,9,0,1,0,1,0,1,999,72,190,0,0,2,2,5,1,1,1,12,0,7,96,0,25,9,2020,6,5,2,1,19,1,4,3,1,4
62916,1,1,47,2,1,11,20,1,1,0,1,0,3,0,1,999,67,175,2,9,5,5,1,2,1,1,10,0,60,96,51,19,12,2020,7,21,2,12,1,1,1,2,1,3
62917,1,1,60,1,1,11,3,20,9,0,99,1,2,19,1,62,67,180,0,0,3,3,1,2,1,14,80,0,62,0,0,29,12,2020,3,18,2,8,1,1,1,2,1,0
62918,1,1,999,9,1,11,99,99,9,0,1,1,9,99,1,999,999,999,99,0,2,4,1,2,1,1,80,0,999,96,0,20,9,2020,1,23,2,8,3,3,1,3,1,0
62919,1,1,26,1,1,11,3,20,0,0,1,0,1,0,1,40,68,180,0,0,1,2,1,8,1,1,80,0,13,96,0,14,7,2020,3,0,2,8,1,1,1,3,1,0
62920,1,1,30,1,1,11,20,20,9,0,1,0,5,0,1,65,67,160,0,4,3,5,1,1,1,1,51,0,80,96,0,8,10,2020,5,19,2,12,1,1,1,3,1,4
62921,1,1,26,2,1,11,3,99,0,0,1,0,1,0,1,58,63,168,0,0,5,5,1,8,1,1,71,0,13,96,38,30,12,2020,4,7,2,12,8,1,1,1,1,4
62922,1,1,21,1,1,11,20,1,1,0,2,0,1,0,1,134,71,180,1,9,3,4,1,1,1,1,52,1,60,96,36,25,11,2020,4,21,2,12,1,1,1,3,1,2
62923,1,1,31,1,1,11,3,9,8,0,1,0,1,0,1,998,67,190,0,0,3,2,8,1,1,14,13,1,13,96,0,28,10,2020,4,21,2,42,1,1,8,3,1,4
62924,1,1,29,1,1,11,20,9,9,0,1,0,2,0,1,998,68,175,0,0,5,5,1,2,1,1,8,0,13,96,28,14,8,2020,6,20,2,12,1,1,1,2,1,4
62927,1,1,32,1,1,11,20,1,1,0,1,0,2,0,1,40,78,185,0,0,1,5,8,2,1,1,17,0,13,12,39,25,6,2020,5,15,2,12,2,2,1,1,1,2
62928,1,1,27,1,1,11,3,20,9,0,1,0,1,0,1,998,66,137,0,4,1,2,1,2,1,1,14,0,3,96,39,26,8,2020,4,12,2,39,3,3,5,1,1,4
62929,1,1,23,1,1,11,20,20,1,0,1,0,2,0,1,65,67,157,0,0,3,4,1,1,1,15,51,0,7,0,35,24,12,2020,5,20,2,12,1,1,1,2,1,4
62931,1,1,22,2,1,11,20,20,9,0,2,0,2,0,1,999,65,132,0,4,3,4,1,1,1,1,52,0,13,96,26,25,11,2020,4,16,2,12,1,1,1,1,1,4
62932,1,1,998,8,1,11,99,99,9,0,99,1,9,99,1,999,999,999,99,0,1,2,8,2,1,1,80,0,998,96,0,17,12,2020,5,99,2,8,1,1,1,2,10,0
62934,1,1,43,2,1,11,3,20,0,0,1,0,1,0,1,40,66,130,0,0,2,4,1,2,1,14,80,0,13,96,0,6,6,2020,7,23,2,8,2,2,1,3,10,0
62935,1,1,999,9,1,11,99,99,9,0,99,1,9,99,1,999,999,999,99,0,2,2,1,2,1,1,80,0,999,99,999,12,9,2020,7,0,2,8,1,1,1,3,1,9
62936,1,1,999,9,1,11,98,98,9,0,1,1,9,99,1,998,999,999,99,0,2,3,1,8,1,1,83,0,999,96,0,4,1,2020,7,6,2,9,1,1,1,1,1,0
62937,1,1,31,1,1,11,3,20,0,0,1,0,1,0,1,40,68,300,0,0,1,5,1,2,1,1,80,0,7,0,0,26,11,2020,5,18,2,8,3,2,1,3,1,0
62938,1,1,52,2,1,11,3,9,1,0,1,0,1,0,1,998,62,145,0,0,1,2,1,2,1,11,15,0,13,96,39,27,10,2020,3,13,2,12,2,2,1,1,1,4
62939,1,1,40,2,1,11,3,20,0,0,2,0,1,0,1,23,63,215,0,0,2,3,8,2,1,1,80,0,13,96,0,12,12,2020,7,19,2,8,1,1,1,3,1,0
62940,1,1,42,2,1,11,3,9,0,0,1,0,1,0,1,998,67,160,0,0,2,3,1,8,1,1,17,0,13,96,0,20,12,2020,1,21,2,12,2,2,1,3,1,4
62941,1,1,19,1,1,11,3,9,9,0,1,0,1,0,1,998,70,168,0,0,6,1,8,2,2,1,13,0,3,96,0,12,12,2020,7,99,2,42,5,1,4,8,2,4
62942,1,1,53,2,1,11,3,20,8,0,3,0,1,0,1,999,69,180,0,0,3,4,1,1,1,1,80,0,7,96,0,20,12,2020,1,4,2,8,1,1,1,2,1,0
62943,1,1,38,2,1,11,3,8,0,0,1,0,1,0,1,998,65,135,0,0,3,5,6,1,2,14,9,0,13,96,0,7,11,2020,7,7,2,25,1,1,3,1,2,4
62944,1,1,46,1,1,11,3,20,0,0,1,0,1,0,1,65,68,165,0,0,3,4,8,1,1,1,80,0,7,0,0,2,12,2020,4,19,2,8,1,1,1,3,1,0