ST_CASE,VEH_NO,PER_NO,AGE,SEX,PER_TYP,SEAT_POS,REST_USE,AIR_BAG,DRUGS,LOCATION,NUMOCCS,HIT_RUN,OWNER,V_CONFIG,HAZ_INV,TRAV_SP,DR_HGT,DR_WGT,PREV_SPD,SPEEDREL,VTRAFWAY,VNUM_LAN,VPROFILE,VPAVETYP,VSURCOND,P_CRASH1,P_CRASH2,DR_DRINK,VPICBODYCLASS,DRDISTRACT,DRIVERRF,DAY,MONTH,YEAR,DAY_WEEK,HOUR,RUR_URB,HARM_EV,RELJCT2,TYP_INT,REL_ROAD,LGT_COND,WEATHER,INJ_SEV
62947,1,1,39,1,1,11,20,20,9,0,1,0,1,0,1,998,71,235,0,4,1,4,5,2,1,14,13,0,80,96,0,1,12,2020,3,5,2,30,1,1,4,3,10,4
62948,1,1,32,1,1,11,99,99,9,0,1,0,1,0,1,998,65,150,0,0,1,2,1,2,1,1,13,0,2,0,0,1,11,2020,1,23,2,1,1,1,4,2,1,4
62949,1,1,28,1,1,11,99,9,8,0,1,0,1,0,1,999,69,223,2,0,1,3,8,8,1,1,80,1,7,96,39,30,11,2020,2,1,2,8,3,2,1,3,1,0
62950,1,1,28,1,1,11,3,20,0,0,2,0,2,0,1,30,72,170,0,0,1,4,8,2,1,1,80,0,13,96,0,10,12,2020,5,19,2,8,3,3,1,3,1,0
62951,1,1,998,8,1,11,99,99,9,0,99,1,9,99,1,999,999,999,99,0,3,5,8,2,1,1,80,0,999,96,0,5,11,2020,5,4,2,8,1,1,1,3,1,0
62952,1,1,57,1,1,11,20,20,9,0,1,0,2,0,1,999,73,225,0,4,1,2,8,2,1,14,6,0,94,96,0,24,10,2020,7,20,2,1,1,1,4,2,1,4
62954,1,1,22,1,1,11,3,20,0,0,1,0,2,0,1,68,69,155,0,4,1,4,1,8,1,1,80,0,3,96,0,4,7,2020,7,1,2,8,3,2,1,3,1,2
62955,1,1,21,1,1,11,3,20,0,0,2,0,1,0,1,998,70,185,0,0,5,5,8,8,1,1,80,0,13,96,0,1,9,2020,3,20,2,8,1,1,1,3,1,0
62956,1,1,35,1,1,11,3,9,9,0,1,0,1,0,1,998,68,165,0,0,2,5,8,8,1,11,55,0,13,96,39,12,10,2020,2,19,2,12,2,2,1,3,1,4
62957,1,1,20,1,1,11,20,20,0,0,1,1,1,0,1,79,69,179,0,4,1,2,5,8,1,14,83,1,7,96,13,26,4,2020,1,21,2,9,1,1,1,2,1,0
62958,1,1,41,1,1,11,3,9,1,0,1,0,1,0,1,998,67,250,0,0,1,5,8,8,1,1,11,0,13,99,91,31,8,2020,2,19,2,12,3,2,1,3,1,2
62959,1,1,40,1,1,11,3,20,0,0,1,0,1,0,1,40,69,190,0,0,1,7,1,8,1,1,83,0,2,0,0,4,9,2020,6,1,2,15,3,2,1,3,1,0
62960,1,1,62,1,1,11,3,20,1,0,1,0,1,0,1,36,65,180,0,0,2,3,8,2,1,1,80,0,9,0,0,11,9,2020,6,11,2,8,1,1,1,1,1,0
62961,1,1,29,1,1,11,3,20,1,0,99,1,2,0,1,48,72,285,0,0,5,3,1,2,1,1,80,0,13,96,0,11,9,2020,6,21,2,8,1,1,1,3,1,0
62962,1,1,21,1,1,11,20,9,1,0,1,0,2,0,1,998,71,178,0,0,1,2,8,2,1,1,11,0,13,96,0,14,9,2020,2,20,2,14,1,1,7,3,1,4
62963,1,1,30,1,1,11,20,20,0,0,1,0,1,0,1,40,69,240,1,4,2,2,6,8,1,14,12,1,81,96,0,14,9,2020,2,22,2,33,1,1,3,2,1,4
62964,1,1,32,1,1,11,3,8,1,0,1,0,2,0,1,25,71,200,0,0,2,2,8,2,1,15,11,0,7,96,91,17,9,2020,5,20,2,12,1,1,1,3,1,0
62965,1,1,31,1,1,11,3,20,0,0,3,0,1,0,1,998,65,220,0,0,1,4,8,8,1,1,80,0,5,96,0,17,9,2020,5,22,2,8,1,1,1,3,1,2
62966,1,1,31,1,1,11,3,9,0,0,1,0,4,0,1,998,70,175,0,0,0,0,0,0,0,11,80,0,60,96,39,8,9,2020,3,12,2,8,4,1,1,1,1,1
62967,1,1,27,2,1,11,3,20,0,0,1,0,1,0,1,998,62,185,0,0,1,2,8,2,1,11,15,0,13,96,999,17,9,2020,5,23,2,12,2,3,1,3,1,0
62968,1,1,62,1,1,11,20,20,9,0,1,0,2,19,1,998,75,195,0,4,2,3,6,2,1,1,12,0,78,96,0,18,9,2020,6,3,2,42,1,1,3,3,1,4
62969,1,1,57,1,1,11,20,20,9,0,1,0,1,0,1,998,67,300,0,0,1,4,8,8,1,1,17,0,80,96,0,5,9,2020,7,11,2,12,2,3,1,1,1,4
62970,1,1,31,1,1,11,20,9,9,0,1,0,1,0,1,998,71,218,0,0,1,4,8,8,1,11,15,0,13,96,38,18,9,2020,6,16,2,12,2,2,1,1,1,4
62971,1,1,79,1,1,11,20,20,0,0,1,0,1,1,1,20,68,165,0,4,1,4,1,2,1,1,80,0,62,0,0,18,9,2020,6,17,2,8,1,1,2,1,1,0
62972,1,1,77,2,1,11,3,20,0,0,1,0,1,0,1,45,60,125,0,0,5,5,8,2,1,1,80,0,13,0,0,18,9,2020,6,20,2,8,1,1,1,3,1,0
62973,1,1,57,1,1,11,3,20,0,0,3,0,2,0,1,998,66,220,0,0,5,5,1,2,1,1,80,0,2,0,0,18,9,2020,6,20,2,8,2,3,1,3,1,0
62974,1,1,52,1,1,11,3,9,9,0,1,0,1,0,1,998,67,140,0,0,2,3,1,2,1,1,17,0,13,96,39,18,9,2020,6,22,2,12,2,2,1,3,1,4
62977,1,1,33,1,1,11,20,20,9,0,2,0,4,0,1,998,70,255,0,4,5,5,8,8,1,1,12,0,13,99,0,18,9,2020,6,23,2,30,3,3,4,3,1,4
62978,1,1,20,1,1,11,20,1,0,0,1,0,1,0,1,998,69,179,0,0,5,7,1,2,1,1,13,1,60,96,36,19,9,2020,7,16,2,33,1,1,4,1,1,4
62979,1,1,999,9,1,11,99,20,9,0,99,1,9,99,1,998,999,999,99,9,6,2,8,8,1,11,80,0,999,96,999,15,10,2020,5,0,2,8,3,2,1,3,1,0
62980,1,1,57,1,1,11,20,20,9,0,1,0,1,0,1,998,72,175,0,0,1,4,8,8,1,1,67,0,80,96,0,7,9,2020,2,14,2,12,2,3,1,1,1,4
62981,1,1,62,2,1,11,3,20,0,0,1,0,1,0,1,998,59,150,0,0,1,2,8,2,1,9,80,0,7,96,0,29,10,2020,5,19,2,8,1,1,7,2,1,0
62982,1,1,39,1,1,11,3,20,0,0,1,0,1,0,1,40,70,195,0,0,1,2,8,2,1,1,80,0,7,96,0,29,10,2020,5,21,2,8,1,1,1,3,1,0
62983,1,1,36,1,1,11,99,20,9,0,1,0,1,0,1,998,66,230,0,0,2,3,5,2,1,15,10,0,13,0,27,13,9,2020,1,2,2,12,1,1,1,3,1,0
62984,1,1,22,1,1,11,20,20,1,0,1,0,1,0,1,998,70,200,0,4,1,4,8,2,1,1,51,0,80,96,0,14,9,2020,2,23,2,12,1,1,1,3,1,4
62985,1,1,29,1,1,11,3,9,0,0,1,0,1,0,1,70,65,165,0,0,1,5,1,2,1,1,17,0,7,0,39,15,9,2020,3,4,2,12,2,2,1,3,1,3
62988,1,1,30,1,1,11,3,20,0,0,1,0,1,0,1,998,70,160,0,0,5,5,1,8,1,1,80,0,7,0,0,10,9,2020,5,23,2,8,3,2,1,3,1,0
62989,1,1,28,2,1,11,3,9,0,0,1,0,2,0,1,40,62,130,0,0,1,2,1,2,1,11,15,0,13,96,38,19,9,2020,7,18,2,12,8,1,1,1,1,0
62990,1,1,32,1,1,11,3,9,0,0,1,0,1,0,1,998,72,215,0,4,2,2,8,8,1,1,83,1,7,17,39,19,9,2020,7,19,2,9,3,3,1,3,1,0
62993,1,1,24,2,1,11,3,20,1,0,1,0,1,0,1,998,64,150,1,0,3,1,1,8,1,14,13,0,5,0,0,18,11,2020,4,0,2,18,19,1,4,3,1,0
62994,1,1,21,1,1,11,20,1,1,0,1,0,3,0,1,116,74,240,0,4,1,4,1,2,1,1,17,0,7,96,39,16,9,2020,4,9,2,12,2,2,1,1,10,4
62995,1,1,26,1,1,11,20,20,9,0,1,0,1,0,1,998,71,195,0,0,1,4,8,2,1,1,13,0,80,96,0,14,9,2020,2,19,2,33,3,2,4,5,1,4
62996,1,1,44,1,1,11,20,1,9,0,1,0,2,0,1,998,71,205,0,4,1,4,8,8,1,1,12,0,13,96,0,11,9,2020,6,3,2,30,3,2,4,3,1,4
62997,1,1,19,1,1,11,3,20,0,0,1,0,1,0,1,40,68,145,0,0,2,2,1,2,1,1,80,0,13,96,0,2,10,2020,6,18,2,8,1,1,1,5,1,0
62999,1,1,57,1,1,11,3,20,0,0,1,0,1,0,1,998,79,180,0,0,3,4,8,8,1,14,80,0,60,96,0,21,10,2020,4,8,2,8,1,1,1,1,10,0
63000,1,1,27,2,1,11,20,20,9,0,1,0,1,0,1,999,60,140,0,0,3,5,1,1,1,1,9,0,3,96,0,11,10,2020,1,4,2,33,1,1,4,4,1,4
63001,1,1,999,9,1,11,99,20,9,0,99,1,9,99,1,999,999,999,99,9,5,5,1,2,1,1,80,0,999,99,0,20,9,2020,1,7,2,8,1,1,1,3,1,9
63003,1,1,25,1,1,11,99,9,1,0,1,0,1,0,1,998,74,192,0,4,2,3,8,8,1,1,6,1,5,96,0,23,12,2020,4,1,2,33,1,1,4,3,1,4
63005,1,1,36,2,1,11,20,20,9,0,1,0,1,0,1,65,60,125,0,4,3,6,8,2,1,1,6,0,80,96,0,13,9,2020,1,22,2,1,1,1,1,3,1,4
63006,1,1,69,1,1,11,3,20,0,0,1,0,1,0,1,25,70,160,0,4,4,1,1,8,1,1,13,1,13,96,0,16,12,2020,4,21,2,18,1,1,5,2,1,0
63008,1,1,25,1,1,11,3,9,0,0,1,0,2,0,1,999,70,130,1,0,2,3,8,1,1,1,12,1,5,96,0,27,10,2020,3,1,2,25,1,1,4,3,1,4
63009,1,1,26,2,1,11,20,98,9,0,1,0,2,0,1,999,66,290,0,9,3,1,1,2,1,1,12,0,5,96,999,17,9,2020,5,4,2,20,1,1,3,3,1,4
63010,1,1,49,1,1,11,3,20,0,0,1,0,1,0,1,999,68,250,0,0,5,5,1,2,1,1,80,0,7,0,0,21,9,2020,2,19,2,8,1,1,1,2,1,0
63011,1,1,53,1,1,11,20,9,9,0,1,0,3,0,1,999,68,175,0,0,5,5,8,8,1,1,98,0,9,0,0,5,11,2020,5,10,2,33,1,1,4,1,1,4
63012,1,1,43,1,1,11,3,20,0,0,1,0,2,0,1,60,66,225,0,0,3,4,8,8,1,1,80,0,7,0,0,1,12,2020,3,0,2,8,1,1,1,2,10,0
63014,1,1,18,1,1,11,3,1,1,0,5,1,2,0,1,50,70,200,0,4,1,5,6,8,1,11,6,0,13,96,39,23,9,2020,4,1,2,33,3,3,4,3,1,1
63015,1,1,18,1,1,11,20,20,9,0,1,0,0,0,1,998,66,150,0,0,1,2,8,8,1,11,15,0,87,96,38,24,9,2020,5,2,2,12,2,2,1,3,1,4
63016,1,1,64,1,1,11,3,9,9,0,1,0,1,0,1,998,75,250,0,0,2,4,8,2,1,11,15,0,13,96,999,25,9,2020,6,17,2,12,2,2,1,1,1,4
63017,1,1,34,2,1,11,3,2,0,0,2,0,4,0,1,998,67,235,0,0,5,5,1,2,1,10,16,0,13,0,28,21,9,2020,2,22,2,12,8,1,1,2,1,0
63018,1,1,18,1,1,11,3,9,9,0,1,0,2,0,1,998,68,200,0,4,1,4,8,8,1,14,13,0,5,96,0,21,9,2020,2,19,2,33,3,3,4,3,1,4
63019,1,1,50,1,1,11,3,20,0,0,1,0,1,0,1,38,66,175,0,0,2,3,8,2,1,1,80,0,60,0,0,21,9,2020,2,21,2,8,1,1,1,3,1,0
63020,1,1,27,1,1,11,20,20,1,0,1,0,1,0,1,998,68,187,1,0,1,2,1,2,1,6,10,1,80,96,0,19,9,2020,7,20,2,12,2,3,1,2,1,4
63026,1,1,26,1,1,11,3,1,9,0,1,0,1,0,1,125,69,138,1,2,3,3,1,1,1,1,13,0,13,96,36,24,12,2020,5,16,2,24,1,1,4,3,1,4
63027,1,1,28,1,1,11,3,9,0,0,1,0,2,0,1,998,62,125,0,0,5,5,1,2,1,1,10,0,7,96,28,17,8,2020,2,0,2,12,1,1,1,3,1,3
63028,1,1,23,2,1,11,20,9,1,0,1,0,2,0,1,998,66,165,0,4,1,2,8,2,1,1,12,0,13,96,0,23,9,2020,4,1,2,33,1,1,4,3,1,4
63029,1,1,61,1,1,11,3,20,0,0,1,0,2,0,1,40,69,180,0,0,1,4,8,2,1,1,80,0,60,0,0,23,9,2020,4,3,2,8,1,1,1,3,1,0
63030,1,1,26,1,1,11,99,20,0,0,1,0,1,0,1,55,69,160,0,0,1,2,8,2,1,1,83,0,7,0,999,25,9,2020,6,4,2,9,1,1,1,2,1,0
63031,1,1,34,1,1,11,2,20,0,0,1,0,1,0,1,16,64,170,1,0,1,3,1,2,1,11,80,0,9,0,38,25,9,2020,6,6,2,8,3,2,1,4,1,0
63032,1,1,33,1,1,11,3,9,1,0,1,1,5,0,1,998,71,170,0,4,1,4,8,8,1,1,17,0,7,0,39,25,9,2020,6,19,2,12,2,2,1,3,1,2
63033,1,1,999,9,1,11,99,99,9,0,99,1,9,99,1,999,999,999,99,9,1,9,8,8,1,99,99,0,999,99,999,2,10,2020,6,4,2,8,2,3,1,3,5,9
63034,1,1,30,1,1,11,3,8,1,0,2,0,1,0,1,45,68,140,0,4,6,3,6,2,1,14,6,1,13,96,0,27,11,2020,6,19,2,52,5,1,4,3,1,4
63039,1,1,45,1,1,11,20,20,9,0,2,0,1,0,1,998,72,190,0,4,5,5,8,8,1,1,8,0,80,96,0,2,12,2020,4,18,2,1,1,1,1,3,1,4
63042,1,1,49,2,1,11,3,20,0,0,1,0,1,0,1,998,70,160,0,0,5,5,8,1,1,1,83,0,60,0,0,1,10,2020,5,23,2,9,1,1,1,3,1,0
63043,1,1,61,1,1,11,99,20,9,0,99,1,1,0,1,998,70,185,0,0,1,2,1,8,1,1,80,0,13,0,39,1,10,2020,5,19,2,15,3,2,1,3,1,0
63044,1,1,23,1,1,11,3,1,1,0,1,0,1,0,1,50,70,190,0,4,1,4,1,2,1,6,54,1,2,96,0,9,12,2020,4,18,2,12,1,1,1,3,1,3
63045,1,1,23,1,1,11,20,9,1,0,1,0,2,0,1,65,61,160,0,0,3,6,1,8,1,15,11,1,13,96,27,3,12,2020,5,6,2,12,1,1,1,4,10,4
63046,1,1,58,1,1,11,3,20,0,0,1,0,2,0,1,60,67,184,0,0,3,6,8,1,1,1,80,0,60,96,0,18,12,2020,6,8,2,8,1,1,1,1,1,0
63047,1,1,60,1,1,11,3,20,0,0,1,0,1,0,1,40,75,225,0,0,2,4,1,1,1,1,83,1,7,96,38,30,8,2020,1,13,2,15,3,3,1,1,1,0
63050,1,1,63,2,1,11,3,20,0,0,1,0,1,0,1,35,71,200,0,0,2,3,1,2,1,1,80,0,7,0,0,26,10,2020,2,6,2,8,1,1,1,1,1,0
63052,1,1,26,1,1,11,20,20,0,0,1,0,2,0,1,60,74,188,0,4,1,2,8,8,1,14,6,0,6,96,0,12,11,2020,5,15,2,35,1,1,4,1,1,4
63053,1,1,24,1,1,11,3,20,0,0,1,0,2,0,1,998,72,185,0,0,1,5,2,8,1,1,80,0,3,96,0,3,10,2020,7,20,2,8,1,1,1,3,1,0
63054,1,1,73,1,1,11,3,9,9,0,1,0,1,0,1,998,72,150,0,0,2,4,8,8,1,11,15,0,5,96,39,4,10,2020,1,8,2,12,2,2,1,1,1,4
63055,1,1,998,9,1,11,99,99,9,0,99,1,9,0,1,998,999,999,99,0,1,4,1,8,1,14,11,0,13,96,0,4,10,2020,1,22,2,8,1,1,2,3,1,0
63056,1,1,19,2,1,11,3,20,0,0,1,0,2,0,1,40,70,155,0,0,1,4,8,2,1,1,80,0,13,0,0,26,9,2020,7,19,2,8,2,2,1,3,1,0
63057,1,1,29,1,1,11,3,9,1,0,2,0,1,0,1,998,70,150,0,0,1,3,1,2,1,1,17,0,3,96,39,3,10,2020,7,2,2,12,2,2,1,3,1,4
63058,1,1,64,1,1,11,99,20,9,0,99,1,1,0,1,998,71,225,0,0,2,3,8,2,1,14,80,0,60,98,0,5,10,2020,2,5,2,8,3,2,1,3,5,0
63059,1,1,57,1,1,11,3,20,0,0,1,0,1,0,1,998,66,220,0,0,1,5,8,8,1,1,80,0,13,96,0,23,9,2020,4,4,2,8,3,2,1,3,10,0
63060,1,1,33,1,1,11,3,9,0,0,1,0,2,0,1,998,70,280,0,0,1,5,8,8,1,11,15,0,13,96,38,1,10,2020,5,1,2,12,2,2,1,3,1,1
63062,1,1,71,2,1,11,3,20,0,0,5,0,2,0,1,35,60,137,0,0,2,3,8,2,1,1,80,0,7,96,0,2,10,2020,6,19,2,8,1,1,1,3,1,0
63065,1,1,22,2,1,11,3,20,0,0,1,0,2,0,1,998,66,180,0,0,5,3,8,8,1,1,83,0,13,0,38,24,9,2020,5,18,2,15,1,1,1,5,1,0
63066,1,1,62,1,1,11,3,20,0,0,1,0,1,0,1,38,74,210,0,0,1,5,8,8,1,1,83,0,13,96,0,3,10,2020,7,7,2,9,8,1,1,1,1,0
63067,1,1,56,1,1,11,3,20,0,0,1,0,1,0,1,998,71,220,0,0,0,0,0,0,0,11,80,0,60,96,0,5,10,2020,2,15,2,8,4,1,1,1,1,0
63068,1,1,20,1,1,11,20,9,9,0,2,0,2,0,1,998,70,160,0,0,2,4,1,2,1,1,17,0,13,96,999,5,10,2020,2,22,2,12,2,2,1,3,1,3
63069,1,1,36,1,1,11,3,9,9,0,1,0,1,0,1,998,74,295,0,4,2,2,1,2,1,1,6,0,60,96,39,6,10,2020,3,21,2,33,3,2,4,3,1,4
63070,1,1,42,2,1,11,3,9,9,0,1,0,1,0,1,73,65,170,0,4,1,2,1,2,1,14,6,0,13,96,0,7,10,2020,4,1,2,1,1,1,4,2,1,4
63071,1,1,35,1,1,11,3,20,0,0,1,0,4,0,1,998,67,195,0,0,2,2,8,8,1,1,80,0,13,96,0,7,10,2020,4,19,2,8,3,2,1,3,1,0
63072,1,1,35,2,1,11,3,20,0,0,1,0,2,0,1,998,65,390,0,0,5,5,8,8,1,1,80,0,13,96,60,7,10,2020,4,19,2,8,1,1,1,3,1,0
63073,1,1,998,8,1,11,98,98,9,0,99,1,9,99,1,998,999,999,99,0,1,3,8,8,1,1,80,0,999,96,0,8,10,2020,5,4,2,8,1,1,1,3,1,9
63074,1,1,59,1,1,11,99,9,9,0,1,0,1,0,1,998,68,180,0,0,5,5,8,2,1,1,98,0,60,96,0,8,10,2020,5,14,2,12,1,1,1,1,1,4
63079,1,1,52,2,1,11,3,20,0,0,2,0,2,0,1,998,64,137,0,0,2,2,5,8,1,1,80,0,13,0,0,8,10,2020,5,20,2,8,1,1,1,2,10,0
63083,1,1,49,2,1,11,3,20,0,0,1,0,1,0,1,998,60,185,0,0,1,5,8,8,1,1,80,0,7,96,0,2,10,2020,6,6,2,8,2,2,1,1,1,0
63085,1,1,21,1,1,11,20,9,1,0,3,0,1,0,1,998,69,170,4,4,2,2,2,2,1,14,6,0,13,96,0,1,6,2020,2,2,2,33,1,1,4,3,1,2
63087,1,1,998,8,1,11,99,98,9,0,99,1,9,99,1,999,999,999,99,0,3,6,1,1,1,1,80,0,999,0,0,24,11,2020,3,21,2,8,1,1,1,3,10,0
63093,1,1,64,1,1,11,3,20,0,0,3,0,1,0,1,40,67,168,0,0,1,6,8,8,1,1,80,0,7,96,0,22,4,2020,4,5,2,8,1,1,1,3,1,0
63095,1,1,34,1,1,11,3,9,0,0,2,0,1,0,1,998,64,190,0,0,8,8,8,8,1,1,17,0,7,0,39,18,10,2020,1,8,2,12,2,2,1,1,1,1
63096,1,1,62,1,1,11,3,20,0,0,1,0,1,0,1,998,70,230,0,0,8,8,8,8,1,1,80,0,60,96,0,25,11,2020,4,18,2,8,1,1,1,1,1,0
63101,1,1,29,1,1,11,3,20,0,0,1,0,1,0,1,998,70,195,0,0,2,4,1,2,1,1,80,0,60,96,0,3,9,2020,5,22,2,8,1,1,1,3,1,0
63102,1,1,52,2,1,11,3,20,0,0,1,0,2,0,1,30,64,160,0,0,1,2,8,1,1,1,80,0,7,96,0,7,10,2020,4,22,2,8,1,1,1,3,1,0
63103,1,1,19,1,1,11,3,9,9,0,1,0,1,0,1,998,72,142,0,3,1,2,8,8,1,1,13,0,13,96,0,10,10,2020,7,0,2,33,1,1,4,3,1,4
63104,1,1,30,1,1,11,20,20,9,0,1,0,1,0,1,998,72,270,2,3,1,3,1,2,1,1,17,1,80,96,39,10,10,2020,7,2,2,12,2,2,1,3,1,4
63105,1,1,38,1,1,11,3,1,0,0,1,0,1,0,1,999,70,217,0,9,2,6,1,2,1,1,55,1,13,96,39,31,7,2020,6,3,2,12,2,2,1,3,1,2
63106,1,1,27,1,1,11,3,20,0,0,2,0,1,0,1,38,74,240,0,0,2,2,8,8,1,1,83,0,13,96,0,12,10,2020,2,8,2,9,1,1,1,1,1,0
63107,1,1,19,1,1,11,20,1,1,0,2,1,2,0,1,999,65,140,0,9,1,2,1,2,1,1,13,0,7,96,36,9,10,2020,6,23,2,42,1,1,4,3,1,0
63108,1,1,29,2,1,11,3,1,0,0,2,0,1,0,1,999,64,130,1,9,1,3,1,2,1,1,10,1,5,96,51,10,10,2020,7,19,2,12,1,1,1,3,1,3
63109,1,1,73,1,1,11,3,1,8,0,2,0,1,0,1,999,70,205,0,9,5,5,1,2,1,11,55,0,13,96,38,13,10,2020,3,16,2,12,8,1,1,1,1,3
63110,1,1,999,9,1,11,99,20,9,0,99,1,9,99,1,999,999,999,99,9,2,2,8,2,1,1,80,0,999,99,999,21,9,2020,2,3,2,8,3,3,1,3,1,0
63111,1,1,25,1,1,11,3,9,9,0,2,0,1,0,1,998,69,176,0,4,2,4,1,8,1,1,12,0,13,96,0,20,9,2020,1,3,2,33,1,1,3,3,1,4
63112,1,1,55,2,1,11,20,9,9,0,1,0,1,0,1,50,74,293,0,0,1,3,8,2,1,1,13,0,60,96,0,16,10,2020,6,16,2,30,1,1,4,1,1,4
63113,1,1,38,1,1,11,3,9,8,0,1,0,1,0,1,45,77,260,2,0,5,3,8,8,1,1,10,1,60,96,0,16,10,2020,6,21,2,12,1,1,1,3,1,1
63114,1,1,41,1,1,11,3,20,0,0,1,0,1,0,1,45,64,130,0,0,1,4,8,8,1,1,80,0,60,96,0,17,10,2020,7,1,2,8,1,1,1,3,1,0
63116,1,1,999,1,1,11,99,9,9,0,3,1,9,0,1,85,999,999,99,4,3,5,5,1,1,1,50,0,2,96,999,8,11,2020,1,2,2,12,1,1,1,2,1,0
63117,1,1,46,1,1,11,3,20,0,0,1,0,2,0,1,40,70,210,2,0,1,5,1,2,1,1,80,0,13,96,0,12,12,2020,7,22,2,8,1,1,1,2,1,0
63118,1,1,28,1,1,11,20,9,1,0,1,0,2,0,1,998,73,180,0,0,3,2,8,2,1,1,8,0,13,96,0,12,2,2020,4,13,2,35,1,1,4,1,1,4
63121,1,1,23,1,1,11,20,9,0,0,4,0,2,0,1,998,69,155,0,0,1,2,8,2,1,1,12,0,60,0,58,4,11,2020,4,22,2,33,3,3,4,3,1,4
63122,1,1,54,2,1,11,3,20,0,0,1,0,2,0,1,998,60,135,0,4,1,2,1,1,1,1,81,0,7,0,0,17,10,2020,7,19,2,8,1,1,1,3,1,0
63123,1,1,48,1,1,11,3,9,1,0,3,0,1,0,1,998,72,200,0,0,1,3,1,2,1,98,12,1,13,0,51,24,10,2020,7,7,2,33,1,1,4,1,1,4
63124,1,1,64,1,1,11,3,20,0,0,3,0,1,0,1,5,66,190,0,0,0,0,0,0,0,10,16,0,7,0,38,17,10,2020,7,16,2,12,8,1,1,1,1,0
63125,1,1,28,1,1,11,20,20,9,0,1,0,1,0,1,999,75,210,0,4,3,5,8,8,1,1,50,0,85,96,0,4,7,2020,7,5,2,12,1,1,1,2,1,4
63126,1,1,19,2,1,11,3,20,1,0,2,0,1,0,1,998,64,120,0,0,1,5,8,8,1,1,14,0,13,96,0,15,5,2020,6,18,2,39,3,2,5,1,1,4
63127,1,1,94,2,1,11,3,9,0,0,1,0,1,0,1,998,65,155,0,0,1,6,8,8,1,1,17,0,13,96,39,2,10,2020,6,9,2,12,2,2,1,1,1,4
63128,1,1,62,1,1,11,3,20,0,0,1,0,1,0,1,33,68,165,0,0,1,5,1,2,1,1,80,0,5,96,0,2,10,2020,6,21,2,8,1,1,1,3,1,0
63129,1,1,24,1,1,11,3,9,9,0,1,0,2,0,1,998,71,170,0,4,1,4,8,2,1,1,17,0,13,96,38,29,9,2020,3,16,2,12,2,3,1,1,1,3
63130,1,1,27,1,1,11,3,20,0,0,1,0,2,0,1,998,68,140,0,0,1,4,8,8,1,1,80,0,13,96,0,9,10,2020,6,22,2,8,1,1,1,3,1,0
63131,1,1,48,1,1,11,99,99,9,0,1,0,1,0,1,998,72,343,0,4,1,8,8,2,1,1,98,0,13,96,0,8,7,2020,4,14,2,58,2,2,1,1,1,4
63132,1,1,28,1,1,11,3,20,0,0,1,0,1,0,1,998,70,170,0,0,1,2,8,8,1,11,78,0,60,96,0,9,10,2020,6,12,2,12,8,1,1,1,1,0
63133,1,1,17,1,1,11,3,9,1,0,1,0,2,0,1,998,67,200,0,0,1,5,1,8,2,11,15,0,7,0,38,3,9,2020,5,13,2,12,2,2,1,1,1,1
63136,1,1,999,9,1,11,99,99,9,0,1,1,9,99,1,999,999,999,99,9,2,2,1,2,1,1,83,0,999,99,999,9,9,2020,4,22,2,9,1,1,1,3,1,0
63137,1,1,20,2,1,11,3,20,8,0,1,0,1,0,1,999,63,120,0,0,2,2,1,2,1,1,80,0,13,0,0,27,9,2020,1,0,2,8,1,1,1,3,1,0
63139,1,1,47,1,1,11,3,20,0,0,99,1,1,0,1,998,69,163,0,4,2,4,8,2,1,1,83,1,13,96,0,8,1,2020,4,0,2,9,3,2,1,3,1,0
63140,1,1,41,1,1,11,3,20,0,0,1,0,1,0,1,998,72,195,0,0,1,3,1,2,1,1,83,0,60,0,0,27,7,2020,2,10,2,9,3,3,1,1,1,0
63141,1,1,72,1,1,11,99,20,0,0,1,0,1,0,1,998,74,196,0,4,2,3,1,8,1,1,50,0,5,96,0,16,11,2020,2,17,2,12,1,1,1,3,1,4
63142,1,1,62,2,1,11,99,99,0,0,1,0,2,0,1,999,64,175,0,4,3,3,1,1,1,1,51,1,7,0,0,21,12,2020,2,0,2,12,1,1,1,2,5,4
63143,1,1,17,1,1,11,3,1,9,0,5,0,2,0,1,70,77,270,0,4,6,2,1,2,1,14,13,0,13,0,36,23,11,2020,2,0,2,20,5,1,8,3,5,4
63144,1,1,35,2,1,11,3,9,1,0,2,0,2,0,1,999,65,170,0,0,3,7,1,8,1,14,51,0,13,96,0,25,6,2020,5,16,2,12,1,1,1,1,1,4
63146,1,1,55,1,1,11,20,20,9,0,3,0,2,0,1,999,67,210,0,0,3,5,1,1,1,1,9,0,7,96,0,7,11,2020,7,20,2,33,1,1,8,3,10,4
63147,1,1,999,9,1,11,99,99,9,0,99,1,9,99,1,999,999,999,99,9,6,2,6,2,1,1,80,0,999,99,999,4,10,2020,1,99,2,8,5,1,1,2,5,0
63148,1,1,17,1,1,11,3,9,1,0,3,0,1,0,1,33,68,150,0,0,1,4,8,8,1,1,17,0,5,96,39,19,8,2020,4,10,2,12,2,2,1,1,1,2