ST_CASE,VEH_NO,PER_NO,AGE,SEX,PER_TYP,SEAT_POS,REST_USE,AIR_BAG,DRUGS,LOCATION,NUMOCCS,HIT_RUN,OWNER,V_CONFIG,HAZ_INV,TRAV_SP,DR_HGT,DR_WGT,PREV_SPD,SPEEDREL,VTRAFWAY,VNUM_LAN,VPROFILE,VPAVETYP,VSURCOND,P_CRASH1,P_CRASH2,DR_DRINK,VPICBODYCLASS,DRDISTRACT,DRIVERRF,DAY,MONTH,YEAR,DAY_WEEK,HOUR,RUR_URB,HARM_EV,RELJCT2,TYP_INT,REL_ROAD,LGT_COND,WEATHER,INJ_SEV
63149,1,1,35,1,1,11,20,9,0,0,1,0,1,0,1,999,69,190,1,0,3,2,1,2,1,15,11,1,7,96,0,27,12,2020,1,23,2,12,1,1,1,3,1,4
63150,1,1,43,1,1,11,20,20,9,0,1,0,1,0,1,999,71,185,0,4,6,3,8,1,1,1,50,0,81,96,0,5,9,2020,7,23,2,12,20,1,1,3,1,4
63151,1,1,60,1,1,11,3,20,0,0,1,0,3,6,1,58,66,185,0,4,3,2,1,1,1,1,50,0,66,0,6,10,5,2020,1,13,2,12,1,1,1,1,1,0
63152,1,1,19,1,1,11,20,20,0,0,3,0,2,0,1,70,69,218,0,4,3,3,8,1,1,1,12,0,7,96,0,30,9,2020,4,19,2,25,19,1,3,3,1,2
63153,1,1,22,1,1,11,20,20,1,0,1,0,2,0,1,998,68,145,0,4,1,6,8,1,1,1,51,0,80,96,26,1,8,2020,7,1,2,12,3,2,1,3,1,4
63154,1,1,59,1,1,11,3,20,0,0,1,0,1,0,1,38,65,135,1,0,2,3,8,2,1,1,80,0,7,0,89,18,1,2020,7,20,2,8,1,1,1,6,1,0
63155,1,1,18,1,1,11,3,9,0,0,1,0,2,0,1,998,74,220,0,0,5,5,8,2,1,1,80,0,60,96,0,22,1,2020,4,20,2,8,1,1,1,3,1,0
63156,1,1,46,1,1,11,3,20,1,0,1,0,1,0,1,15,67,156,1,0,1,2,8,2,1,11,15,0,7,96,38,30,1,2020,5,15,2,15,3,3,1,1,1,0
63157,1,1,24,1,1,11,20,9,9,0,1,0,3,0,1,50,61,187,0,4,2,3,8,8,98,1,6,0,13,96,0,7,2,2020,6,16,2,42,1,1,3,1,1,4
63158,1,1,32,2,1,11,99,1,0,0,1,0,3,0,1,60,66,145,0,4,1,3,8,2,1,1,6,1,7,96,58,8,2,2020,7,1,2,33,1,1,4,3,1,4
63159,1,1,68,1,1,11,3,2,0,0,2,0,3,0,1,7,66,150,0,0,4,3,1,2,1,11,15,0,13,96,38,13,2,2020,5,8,2,12,2,3,1,1,1,4
63160,1,1,20,1,1,11,3,9,9,0,3,0,1,0,1,100,64,130,0,4,5,5,8,8,1,14,6,0,13,96,37,3,7,2020,6,21,2,33,1,1,4,3,1,4
63161,1,1,30,1,1,11,20,9,9,0,3,0,2,0,1,65,67,185,0,4,1,2,8,2,1,14,12,0,13,0,0,17,12,2020,5,19,2,1,1,1,4,2,1,4
63162,1,1,33,1,1,11,3,20,0,0,1,0,3,0,1,30,67,200,0,0,2,3,8,2,1,1,80,0,13,12,0,27,1,2020,2,21,2,8,1,1,1,3,1,0
63163,1,1,66,2,1,11,3,20,1,0,1,0,1,0,1,999,63,123,0,5,2,2,1,2,1,1,80,0,5,96,38,22,2,2020,7,19,2,8,2,3,1,1,1,0
63165,1,1,49,1,1,11,3,20,8,0,1,0,1,0,1,51,64,170,0,3,5,3,1,2,1,1,80,0,13,96,38,26,2,2020,4,5,2,8,1,1,1,3,1,0
63166,1,1,31,2,1,11,3,20,0,0,3,0,1,0,1,999,69,200,0,0,2,2,1,2,1,1,80,0,7,0,0,2,3,2020,2,18,2,8,1,1,1,3,1,0
63167,1,1,30,2,1,11,3,20,0,0,3,0,2,0,1,999,64,245,0,9,5,3,1,2,1,1,80,0,13,0,38,11,3,2020,4,6,2,8,3,2,1,3,10,0
63168,1,1,55,1,1,11,3,20,1,0,1,0,2,0,1,999,74,210,0,0,5,3,1,2,1,1,80,0,60,96,0,19,3,2020,5,3,2,8,1,1,1,2,10,0
63169,1,1,21,1,1,11,3,20,0,0,2,0,2,0,1,998,67,115,1,0,1,5,8,8,1,11,15,0,13,0,38,21,10,2020,4,18,2,12,2,2,1,3,1,0
63170,1,1,999,9,1,11,99,98,8,0,99,1,9,99,1,999,999,999,99,0,6,8,1,2,1,1,83,0,999,96,39,18,10,2020,1,2,2,15,3,2,1,3,1,9
63171,1,1,50,2,1,11,3,1,0,0,1,1,1,0,1,999,63,115,0,4,2,3,1,2,1,1,50,1,2,96,0,24,3,2020,3,12,2,14,1,1,1,1,1,0
63172,1,1,32,1,1,11,99,9,1,0,2,0,1,0,1,998,69,210,0,4,1,2,8,2,1,1,98,0,13,96,39,23,7,2020,5,22,2,58,2,2,1,3,1,4
63173,1,1,38,1,1,11,99,20,9,0,99,1,1,0,1,53,65,170,0,4,1,2,8,2,1,1,83,0,60,96,38,24,1,2020,6,18,2,15,1,1,2,3,1,9
63174,1,1,42,1,1,11,2,98,0,0,1,0,2,1,1,998,68,180,0,0,2,4,8,2,1,1,80,0,60,0,38,5,11,2020,5,18,2,8,3,2,1,3,1,1
63175,1,1,32,1,1,11,20,20,9,0,1,0,2,0,1,998,68,155,0,4,2,3,8,2,1,1,98,0,94,96,0,17,10,2020,7,22,2,25,3,2,4,3,1,4
63176,1,1,26,1,1,11,3,9,1,0,1,0,1,0,1,45,70,185,0,0,2,4,1,2,1,1,17,1,60,96,39,25,4,2020,7,15,2,12,2,2,1,1,1,2
63177,1,1,38,1,1,11,3,20,0,0,1,0,1,0,1,998,68,175,0,0,5,5,8,8,1,1,80,0,2,96,0,17,9,2020,5,20,2,8,1,1,1,3,1,0
63178,1,1,31,2,1,11,3,20,0,0,1,0,1,0,1,70,66,220,0,0,3,2,8,1,1,1,80,0,7,96,0,12,12,2020,7,23,2,8,1,1,1,3,1,0
63179,1,1,52,1,1,11,3,20,0,0,2,0,1,0,1,999,66,145,0,4,2,6,1,2,1,1,80,0,15,0,0,26,4,2020,1,22,2,8,3,2,1,3,1,0
63180,1,1,999,9,1,11,99,99,9,0,1,1,9,99,1,999,999,999,99,9,4,3,1,2,1,1,80,0,999,99,999,9,6,2020,3,22,2,8,3,2,1,3,1,9
63181,1,1,999,9,1,11,99,99,9,0,1,1,9,0,1,999,999,999,99,4,1,2,1,2,1,1,83,0,13,96,999,10,6,2020,4,15,2,9,3,4,1,1,1,9
63184,1,1,44,1,1,11,3,9,0,0,1,0,1,0,1,999,70,200,0,4,3,4,1,8,1,1,12,1,13,96,0,26,11,2020,5,1,2,14,1,1,5,2,1,4
63185,1,1,998,8,1,11,98,98,9,0,99,1,9,0,1,998,999,999,99,4,1,2,1,2,1,1,11,0,13,96,30,20,6,2020,7,99,2,9,1,1,4,3,1,9
63186,1,1,38,1,1,11,99,20,1,0,1,0,1,0,1,30,70,225,0,0,2,3,8,2,1,10,16,0,7,0,10,2,7,2020,5,21,2,9,2,3,1,3,1,0
63187,1,1,998,2,1,11,98,98,9,0,99,1,9,0,1,65,999,999,99,4,2,2,8,2,1,1,80,0,7,96,0,1,7,2020,4,20,2,8,1,1,1,3,1,9
63188,1,1,998,8,1,11,98,98,9,0,99,1,9,99,1,998,999,999,99,4,5,3,8,2,1,1,83,0,999,96,0,26,7,2020,1,3,2,9,1,1,1,3,1,9
63189,1,1,48,1,1,11,99,20,0,0,2,1,1,0,1,39,65,165,0,0,1,4,8,2,1,1,80,0,7,96,38,6,5,2020,4,21,2,8,3,2,1,3,1,0
63190,1,1,22,1,1,11,3,9,0,0,1,0,2,0,1,100,64,166,0,4,1,5,8,8,1,1,17,0,13,96,39,11,5,2020,2,18,2,12,2,2,1,1,1,1
63191,1,1,42,1,1,11,3,20,0,0,1,0,1,0,1,998,66,150,4,0,8,8,8,8,1,10,83,0,60,96,0,19,10,2020,2,11,2,9,3,2,1,1,1,0
63192,1,1,43,1,1,11,3,20,0,0,1,0,3,0,1,998,67,160,0,0,5,3,1,2,1,1,80,0,60,96,0,20,10,2020,3,19,2,8,2,3,1,2,1,0
63193,1,1,31,1,1,11,20,20,0,0,1,0,1,0,1,998,72,210,0,0,1,2,8,8,1,1,13,1,82,96,0,14,5,2020,5,22,2,33,1,1,4,3,1,4
63194,1,1,39,1,1,11,3,20,0,0,1,0,1,0,1,998,74,220,0,0,1,4,8,8,1,1,83,0,3,0,0,5,11,2020,5,16,2,9,1,1,1,1,1,0
63196,1,1,17,1,1,11,3,9,0,0,2,0,2,0,1,999,999,999,0,4,8,8,8,8,1,1,12,0,13,96,0,11,12,2020,6,12,2,30,1,1,4,1,1,4
63197,1,1,999,9,1,11,99,99,9,0,1,1,9,99,1,999,999,999,99,0,2,2,8,2,1,1,80,0,999,96,0,30,10,2020,6,19,2,15,1,1,4,3,1,0
63198,1,1,40,1,1,11,20,1,0,0,1,0,2,0,1,100,70,175,0,0,3,4,8,8,1,1,13,1,7,96,0,23,5,2020,7,20,2,42,1,1,4,1,1,4
63199,1,1,29,1,1,11,3,9,1,0,1,0,2,0,1,75,76,220,0,0,3,2,8,2,1,14,13,0,5,96,0,20,5,2020,4,18,2,25,19,1,4,1,1,4
63200,1,1,61,1,1,11,3,20,0,0,1,0,1,0,1,10,66,180,0,0,2,3,8,8,1,11,15,0,60,0,38,8,8,2020,7,9,2,12,2,3,1,1,1,2
63201,1,1,57,2,1,11,20,9,1,0,1,0,1,0,1,998,62,188,0,0,2,3,8,2,1,11,15,0,7,96,38,5,6,2020,6,17,2,12,2,3,1,1,1,4
63202,1,1,998,1,1,11,98,98,9,0,99,1,9,0,1,49,999,999,99,4,1,4,1,2,1,1,80,0,60,96,36,16,8,2020,1,13,2,8,1,1,1,1,1,9
63203,1,1,36,1,1,11,99,20,9,0,1,0,0,0,1,36,65,170,0,4,1,6,1,2,1,1,90,0,119,6,60,5,9,2020,7,21,2,18,3,2,1,3,1,0
63204,1,1,39,2,1,11,3,20,0,0,2,0,1,0,1,42,66,186,0,0,5,3,1,2,1,1,80,0,7,96,0,19,8,2020,4,21,2,8,1,1,1,3,10,0
63205,1,1,31,1,1,11,3,20,1,0,1,0,1,0,1,998,73,190,0,4,2,2,1,2,1,1,80,0,13,96,0,23,4,2020,5,21,2,8,1,1,1,3,1,0
63206,1,1,36,1,1,11,20,9,1,0,1,0,2,0,1,50,72,180,1,4,1,2,8,8,1,14,6,0,3,96,0,2,9,2020,4,20,2,33,1,1,4,2,1,4
63207,1,1,34,1,1,11,98,98,9,0,99,1,2,0,1,40,69,180,0,0,5,7,1,2,1,1,80,0,13,96,0,18,10,2020,1,19,2,8,3,3,1,3,1,0
63208,1,1,999,9,1,11,99,99,9,0,99,1,9,99,1,998,999,999,99,4,1,2,8,8,1,1,80,0,999,96,0,30,5,2020,7,21,2,8,1,1,1,3,10,9
63209,1,1,20,1,1,11,3,9,9,0,1,0,1,0,1,998,67,200,0,4,2,3,8,8,1,1,13,0,5,96,0,26,9,2020,7,9,2,33,1,1,4,1,1,4
63210,1,1,30,1,1,11,20,20,9,0,1,0,1,0,1,998,71,180,0,0,1,2,8,2,1,1,10,0,997,96,0,18,10,2020,1,20,2,12,1,1,1,2,1,4
63211,1,1,23,1,1,11,3,20,1,0,1,0,2,0,1,48,73,172,1,4,2,3,1,2,1,1,80,0,60,96,0,25,9,2020,6,5,2,8,1,1,1,3,1,0
63212,1,1,48,1,1,11,3,9,0,0,1,0,1,0,1,62,66,177,0,4,2,2,8,8,1,17,10,1,7,0,0,26,9,2020,7,1,2,12,1,1,1,3,1,4
63213,1,1,37,1,1,11,99,20,9,0,99,1,1,0,1,82,66,190,0,4,5,5,8,2,1,1,80,0,3,96,91,25,7,2020,7,22,2,8,1,1,1,3,1,0
63214,1,1,39,1,1,11,2,20,1,0,1,0,1,99,1,998,72,195,0,4,2,3,8,8,1,1,17,0,62,96,91,27,9,2020,1,8,2,12,2,2,1,1,1,0
63215,1,1,62,1,1,11,3,9,0,0,1,0,2,0,1,998,65,190,0,0,5,5,8,8,1,12,21,0,7,96,48,17,10,2020,7,19,2,12,1,1,1,3,1,1
63216,1,1,66,1,1,11,98,98,0,0,1,0,1,0,1,35,66,190,0,0,1,4,1,2,1,1,80,1,13,96,0,9,10,2020,6,20,2,8,1,1,1,3,1,0
63217,1,1,30,1,1,11,20,20,9,0,1,0,9,0,1,998,65,150,0,4,4,4,8,8,1,1,6,0,12,96,0,27,10,2020,3,19,2,1,1,1,1,3,1,4
63218,1,1,29,1,1,11,20,1,1,0,4,0,2,0,1,95,71,215,0,4,2,2,1,2,1,1,12,1,7,0,36,1,11,2020,1,3,2,33,1,1,3,3,1,3
63219,1,1,998,8,1,11,98,98,9,0,99,1,9,99,1,36,999,999,99,4,5,5,1,2,1,1,80,0,999,93,38,12,9,2020,7,19,2,8,1,1,1,1,1,9
63221,1,1,18,1,1,11,3,9,1,0,1,0,2,0,1,998,74,220,0,4,2,3,8,2,1,15,6,1,13,96,0,25,9,2020,6,18,2,33,1,1,4,1,1,4
63222,1,1,999,9,1,11,99,20,9,0,1,1,9,99,1,999,999,999,99,5,2,2,8,2,1,1,80,0,999,96,39,16,10,2020,6,19,2,8,1,1,1,3,1,9
63223,1,1,44,1,1,11,20,20,9,0,1,0,1,0,1,998,65,110,0,4,2,4,8,8,1,1,17,0,98,96,0,12,10,2020,2,15,2,12,8,1,1,1,1,4
63224,1,1,33,2,1,11,3,8,0,0,2,0,2,0,1,84,64,130,0,4,5,5,6,8,1,1,72,1,7,96,0,30,10,2020,6,16,2,12,8,1,1,1,1,2
63225,1,1,54,1,1,11,3,1,9,0,1,0,2,0,1,999,74,320,0,9,1,4,1,2,1,1,10,0,119,96,51,6,11,2020,6,17,2,12,1,1,1,5,1,4
63226,1,1,31,1,1,11,3,9,1,0,4,0,1,0,1,998,69,210,0,4,2,3,8,2,1,1,54,0,13,99,91,29,9,2020,3,17,2,12,1,1,1,1,1,1
63227,1,1,18,2,1,11,3,9,0,0,2,0,2,0,1,65,62,125,0,3,3,7,1,1,1,1,50,0,13,96,0,17,12,2020,5,0,2,12,1,1,1,2,1,0
63228,1,1,54,1,1,11,3,9,0,0,2,0,1,0,1,65,69,130,0,0,3,7,1,1,1,15,50,0,60,12,0,17,12,2020,5,0,2,12,1,1,1,2,1,1
63231,1,1,44,1,1,11,3,1,9,0,1,0,1,0,1,48,72,200,0,0,1,7,1,2,1,11,54,0,13,96,38,8,11,2020,1,22,2,12,2,4,1,3,1,4
63232,1,1,21,2,1,11,3,1,0,0,5,0,1,0,1,999,66,127,0,0,1,2,1,2,1,4,55,0,5,0,38,9,11,2020,2,16,2,12,2,2,1,1,1,0
63233,1,1,27,2,1,11,3,20,0,0,2,0,2,0,1,998,62,103,0,0,1,7,8,2,1,1,80,0,5,0,0,8,12,2020,3,19,2,8,1,1,1,3,1,0
63236,1,1,30,1,1,11,3,20,0,0,1,0,1,0,1,36,66,190,0,0,1,2,1,2,1,1,80,0,13,0,0,28,7,2020,3,23,2,8,1,1,1,2,1,0
63237,1,1,40,1,1,11,3,20,0,0,1,0,2,0,1,998,72,185,0,0,1,2,8,8,1,1,80,1,60,96,0,17,7,2020,6,20,2,8,1,1,1,2,1,0
63238,1,1,34,1,1,11,99,9,9,0,99,1,1,0,1,998,66,140,0,0,1,2,8,2,1,1,17,0,1,96,38,30,7,2020,5,22,2,12,2,2,1,3,1,9
63239,1,1,33,1,1,11,99,9,1,0,1,1,1,0,1,998,72,220,0,0,1,2,8,2,1,1,10,0,3,96,28,23,4,2020,5,15,2,12,1,1,1,1,1,3
63241,1,1,20,2,1,11,3,1,8,0,3,0,2,0,1,65,67,128,0,4,3,5,1,1,1,15,51,0,7,96,27,22,12,2020,3,8,2,12,1,1,1,1,1,2
63242,1,1,49,2,1,11,3,20,8,0,1,0,1,0,1,55,62,190,1,0,2,3,1,1,1,1,80,0,2,96,0,24,12,2020,5,5,2,8,1,1,1,3,1,0
63243,1,1,23,2,1,11,20,9,1,0,2,0,1,0,1,998,62,190,0,4,3,5,8,8,1,98,13,0,13,0,28,9,11,2020,2,21,2,20,1,1,4,2,1,4
63244,1,1,30,1,1,11,20,9,0,0,1,0,1,0,1,65,70,180,2,0,6,1,8,1,1,14,80,0,13,96,0,25,10,2020,1,1,2,8,17,1,1,3,10,3
63245,1,1,25,1,1,11,3,1,9,0,1,1,2,0,1,69,65,185,0,4,1,3,1,2,1,1,51,0,7,96,36,8,11,2020,1,17,2,12,3,2,1,3,1,2
63246,1,1,42,1,1,11,3,9,0,0,1,0,1,0,1,76,71,160,0,2,1,4,8,2,1,1,17,0,13,96,0,5,5,2020,3,9,2,12,2,3,1,1,1,0
63247,1,1,24,2,1,11,3,9,0,0,2,0,1,0,1,998,60,110,0,0,1,5,1,2,1,11,15,0,7,96,38,27,10,2020,3,18,2,12,2,2,1,3,1,0
63248,1,1,36,1,1,11,3,20,0,0,7,0,2,0,1,40,71,200,0,0,2,3,1,2,1,1,80,0,7,96,0,17,10,2020,7,22,2,8,3,2,1,3,1,0
63249,1,1,25,1,1,11,20,8,1,0,1,0,1,0,1,998,67,140,0,0,1,7,1,2,1,1,17,0,60,0,60,21,10,2020,4,9,2,12,2,2,1,1,1,2
63250,1,1,60,1,1,11,3,9,9,0,1,0,1,0,1,998,71,245,0,4,1,3,8,8,1,1,14,0,2,0,0,7,12,2020,2,15,2,39,3,3,4,1,1,4
63251,1,1,38,1,1,11,20,20,0,0,2,0,2,0,1,998,71,185,0,4,2,4,6,2,1,1,6,1,81,96,0,17,11,2020,3,22,2,1,1,1,1,3,1,4
63253,1,1,39,1,1,11,20,20,0,0,1,0,1,0,1,998,61,160,0,4,1,6,8,1,2,1,8,0,94,96,39,7,11,2020,7,7,2,1,2,3,1,1,2,4
63254,1,1,27,1,1,11,3,9,8,0,1,0,2,0,1,60,72,200,1,4,5,5,8,8,1,1,10,0,60,96,51,31,10,2020,7,19,2,12,1,1,1,3,1,2
63255,1,1,80,1,1,11,3,20,9,0,1,0,1,0,1,999,69,190,0,9,2,2,1,2,1,1,12,0,13,0,999,2,3,2020,2,11,2,43,3,2,3,1,1,4
63256,1,1,68,1,1,11,3,20,8,0,2,0,1,0,1,20,80,170,0,0,5,3,1,2,1,1,80,0,60,0,0,14,1,2020,3,16,2,8,3,3,1,1,1,0
63257,1,1,25,1,1,11,20,20,9,0,1,0,1,0,1,999,75,170,0,4,2,2,1,2,1,1,51,0,80,0,0,18,1,2020,7,23,2,12,3,3,1,3,1,4
63258,1,1,23,1,1,11,99,20,9,0,1,0,1,0,1,107,64,140,1,2,3,4,6,2,1,1,6,0,3,96,85,16,10,2020,6,1,2,33,1,1,3,3,1,4
63259,1,1,42,1,1,11,20,20,1,0,1,0,2,0,1,998,72,190,0,0,1,5,1,2,1,1,17,0,5,96,39,16,4,2020,5,16,2,12,2,2,1,1,1,4
63260,1,1,55,1,1,11,3,20,0,0,1,0,3,6,1,998,73,280,0,0,1,2,8,8,1,14,98,0,66,96,0,26,10,2020,2,8,2,8,1,1,1,1,1,0
63262,1,1,31,1,1,11,3,9,9,0,2,0,2,0,1,998,71,170,0,0,8,8,8,8,1,98,12,0,7,96,51,2,2,2020,1,10,2,19,3,98,4,1,1,3
63263,1,1,18,2,1,11,3,20,1,0,2,0,1,0,1,998,64,165,0,4,1,2,8,8,1,1,12,1,13,96,0,23,5,2020,7,7,2,33,1,1,4,1,1,4
63264,1,1,40,2,1,11,2,20,0,0,2,0,1,0,1,999,999,120,0,0,1,2,1,2,1,11,80,0,60,96,38,2,3,2020,2,13,2,8,3,2,1,1,1,0
63266,1,1,28,2,1,11,3,1,0,0,2,0,2,0,1,999,62,135,0,0,2,2,1,2,1,3,53,0,7,0,0,3,3,2020,3,18,2,12,2,3,1,3,1,1
63267,1,1,999,9,1,11,99,99,9,0,1,1,9,0,1,999,999,999,99,9,1,2,1,2,1,1,80,0,13,99,999,11,3,2020,4,16,2,8,3,4,1,1,1,9
63268,1,1,24,1,1,11,3,20,8,0,2,0,3,19,1,998,73,160,0,5,2,3,1,8,1,1,80,0,62,96,94,5,9,2020,7,4,2,8,1,1,1,3,1,0
63269,1,1,35,1,1,11,98,98,9,0,99,1,1,0,1,998,71,200,0,0,2,4,8,8,1,11,15,0,7,96,38,2,11,2020,2,22,2,12,8,1,1,3,1,0
63270,1,1,57,1,1,11,3,9,0,0,1,0,1,0,1,35,68,162,0,0,1,4,1,2,2,1,80,0,13,0,0,1,3,2020,1,18,2,8,1,1,1,5,10,0
63271,1,1,58,1,1,11,20,20,9,0,1,0,2,0,1,998,69,150,0,4,1,2,1,2,2,1,6,0,81,96,0,12,3,2020,5,11,2,33,1,1,4,1,2,4
63272,1,1,20,1,1,11,20,9,1,0,1,0,5,0,1,63,71,140,0,4,1,2,8,8,1,1,13,0,13,96,39,1,4,2020,4,12,2,59,3,2,4,1,1,4
63273,1,1,998,8,1,11,98,98,9,0,99,1,9,99,1,998,999,999,99,0,1,4,8,8,1,14,80,0,999,96,999,18,5,2020,2,23,2,8,1,1,1,3,1,9
63274,1,1,28,1,1,11,3,20,9,0,1,0,2,0,1,998,73,158,0,0,2,3,8,2,1,10,16,0,13,96,0,2,8,2020,1,4,2,46,3,3,4,3,1,4
63275,1,1,48,1,1,11,3,20,0,0,1,0,1,0,1,35,69,235,0,0,2,8,8,8,1,1,80,0,60,0,0,27,9,2020,1,0,2,8,3,2,1,3,1,0
63276,1,1,53,1,1,11,99,9,9,0,1,0,1,0,1,998,70,190,0,0,8,8,8,8,1,14,12,0,7,96,0,17,9,2020,5,18,2,42,1,1,4,1,1,4
63277,1,1,20,1,1,11,20,20,9,0,1,0,2,0,1,998,72,140,0,4,5,5,8,8,98,14,98,1,94,96,0,12,1,2020,1,6,2,1,1,1,1,3,1,4
63278,1,1,52,1,1,11,99,20,0,0,1,0,3,2,1,998,69,256,0,0,0,0,0,0,0,10,82,1,11,96,0,27,5,2020,4,3,2,8,16,1,1,3,1,0
63279,1,1,59,1,1,11,3,9,0,0,1,0,1,0,1,60,64,135,0,0,3,4,8,8,1,1,11,0,13,0,0,18,10,2020,1,5,2,24,1,1,4,2,5,4
63280,1,1,20,1,1,11,99,20,0,0,99,1,2,0,1,58,63,129,0,4,1,4,1,2,1,1,80,1,13,96,0,13,11,2020,6,21,2,8,1,1,1,3,1,0
63281,1,1,47,1,1,11,3,9,9,0,1,0,1,0,1,998,69,180,0,0,2,3,1,2,1,1,13,0,13,96,0,14,11,2020,7,1,2,46,3,2,4,3,1,4
63282,1,1,46,1,1,11,3,20,0,0,3,0,1,0,1,50,73,240,0,0,2,2,8,8,1,1,80,0,13,0,0,14,11,2020,7,0,2,8,1,1,1,3,1,0
63283,1,1,42,1,1,11,3,9,9,0,2,0,1,0,1,998,70,160,0,4,2,2,8,8,1,14,6,0,7,96,0,12,11,2020,5,0,2,33,3,4,4,3,1,4
63284,1,1,22,1,1,11,99,20,0,0,1,0,2,0,1,43,70,160,0,4,1,2,8,2,1,1,80,0,60,13,0,14,11,2020,7,17,2,8,1,1,1,2,1,0
63285,1,1,44,1,1,11,20,9,0,0,1,0,2,0,1,998,67,180,0,4,1,4,8,8,1,1,50,1,60,96,0,14,11,2020,7,18,2,12,3,2,1,2,1,4
63286,1,1,999,9,1,11,98,98,0,0,1,1,9,99,1,998,999,999,99,0,2,3,8,8,2,99,82,1,999,96,0,16,3,2020,2,20,2,8,1,1,1,2,1,9
63287,1,1,23,2,1,11,3,1,0,0,2,0,2,0,1,58,61,190,0,4,1,4,8,2,1,14,13,1,13,6,0,15,11,2020,1,2,2,30,1,1,4,3,1,4
63288,1,1,999,9,1,11,98,98,9,0,1,1,9,99,1,998,999,999,99,0,1,5,8,8,98,1,80,0,999,96,0,26,7,2020,1,15,2,8,3,3,1,1,1,9
63289,1,1,50,2,1,11,3,20,0,0,1,0,1,0,1,33,66,130,0,0,1,4,8,8,1,1,80,0,7,0,0,15,11,2020,1,4,2,8,1,1,1,3,1,0
63290,1,1,19,1,1,11,20,20,9,0,2,0,2,0,1,999,71,195,0,4,1,2,1,2,1,1,12,0,7,99,0,31,10,2020,7,14,2,30,1,1,4,1,1,4
63291,1,1,57,2,1,11,3,9,0,0,1,1,2,0,1,998,66,130,0,4,2,3,1,2,1,1,80,1,7,96,91,29,9,2020,3,19,2,8,3,3,1,5,1,0
63292,1,1,33,2,1,11,20,8,9,0,1,0,2,0,1,998,67,180,0,0,2,2,8,8,1,1,17,0,7,96,39,10,11,2020,3,3,2,12,2,2,1,3,1,4
63293,1,1,59,1,1,11,3,20,0,0,1,0,1,0,1,43,70,195,0,0,3,3,8,8,1,1,80,0,5,0,0,11,11,2020,4,5,2,8,1,1,1,2,1,0
63294,1,1,20,1,1,11,20,9,9,0,1,0,1,0,1,998,72,260,0,0,1,2,8,2,1,1,11,0,13,96,0,12,11,2020,5,4,2,14,3,98,7,2,1,4
63295,1,1,67,1,1,11,3,9,0,0,1,0,2,0,1,998,66,165,0,0,0,0,0,0,0,98,19,1,13,96,38,12,11,2020,5,4,2,12,4,1,1,3,1,4
63296,1,1,49,1,1,11,20,9,0,0,1,0,3,0,1,998,63,120,1,0,1,2,5,8,1,14,10,1,60,96,36,13,11,2020,6,13,2,12,1,1,2,1,1,4
63297,1,1,998,8,1,11,98,98,9,0,99,1,9,99,1,998,999,999,99,0,2,2,8,2,1,1,80,0,998,96,0,4,11,2020,4,5,2,8,1,1,1,2,1,9
63298,1,1,84,1,1,11,3,20,0,0,1,0,1,0,1,35,65,140,0,0,8,6,8,2,1,1,80,0,13,96,0,4,11,2020,4,13,2,8,1,1,1,1,1,0
63299,1,1,36,1,1,11,3,20,0,0,1,0,1,0,1,998,74,250,0,0,1,2,1,2,1,1,80,0,95,96,0,16,11,2020,2,12,2,8,2,2,1,1,1,0
63300,1,1,20,2,1,11,3,20,0,0,2,0,1,0,1,998,63,159,0,0,1,4,1,2,1,1,83,0,13,96,0,20,9,2020,1,22,2,9,3,2,1,3,1,1
63301,1,1,43,2,1,11,3,20,0,0,1,0,1,0,1,40,65,130,0,0,1,4,1,1,1,1,80,0,13,96,0,4,11,2020,4,19,2,8,1,1,1,3,1,0
63302,1,1,19,2,1,11,3,1,1,0,3,0,2,0,1,61,60,125,0,3,1,5,1,2,1,1,67,1,13,96,39,23,10,2020,6,20,2,12,2,2,1,3,1,1
63303,1,1,999,9,1,11,99,99,9,0,1,1,9,99,1,999,999,999,99,9,1,2,1,2,1,1,80,0,999,96,999,19,11,2020,5,17,2,8,1,1,1,3,1,9
63304,1,1,999,9,1,11,99,99,9,0,1,1,9,99,1,999,999,999,99,9,1,3,1,2,1,1,83,0,999,99,999,18,11,2020,4,21,2,9,1,1,1,3,1,9
63305,1,1,999,9,1,11,99,99,9,0,1,1,9,99,1,999,999,999,99,9,1,5,1,2,1,1,80,0,999,99,999,19,11,2020,5,19,2,8,3,3,1,3,1,9
63306,1,1,57,2,1,11,3,20,0,0,1,0,1,0,1,33,65,145,0,0,2,2,1,8,1,1,80,0,7,0,0,6,11,2020,6,4,2,8,3,3,1,3,1,0
63307,1,1,22,1,1,11,3,20,1,0,1,0,2,0,1,998,65,155,0,0,2,2,1,2,1,1,80,0,13,96,0,19,11,2020,5,21,2,8,1,1,1,2,1,0
63308,1,1,998,9,1,11,98,98,9,0,1,1,9,99,1,998,999,999,99,0,1,3,8,8,1,1,80,0,999,96,39,15,11,2020,1,6,2,8,3,2,1,1,1,9