ST_CASE,VEH_NO,PER_NO,AGE,SEX,PER_TYP,SEAT_POS,REST_USE,AIR_BAG,DRUGS,LOCATION,NUMOCCS,HIT_RUN,OWNER,V_CONFIG,HAZ_INV,TRAV_SP,DR_HGT,DR_WGT,PREV_SPD,SPEEDREL,VTRAFWAY,VNUM_LAN,VPROFILE,VPAVETYP,VSURCOND,P_CRASH1,P_CRASH2,DR_DRINK,VPICBODYCLASS,DRDISTRACT,DRIVERRF,DAY,MONTH,YEAR,DAY_WEEK,HOUR,RUR_URB,HARM_EV,RELJCT2,TYP_INT,REL_ROAD,LGT_COND,WEATHER,INJ_SEV
63309,1,1,31,1,1,11,99,1,0,0,3,0,2,0,1,999,73,210,0,4,2,2,1,1,1,1,50,1,13,96,36,21,11,2020,7,3,2,14,1,1,7,3,1,1
63310,1,1,27,1,1,11,98,98,9,0,1,0,2,0,1,998,74,205,0,0,1,2,5,8,1,14,10,0,1,96,33,17,11,2020,3,12,2,12,1,1,1,1,1,4
63311,1,1,22,1,1,11,20,20,9,0,1,0,1,0,1,999,65,136,0,4,5,5,1,2,1,1,51,0,80,99,0,21,11,2020,7,12,2,12,3,2,1,1,1,4
63312,1,1,27,1,1,11,3,1,1,0,1,0,1,0,1,999,69,180,0,0,5,3,1,2,1,12,55,0,13,96,48,21,11,2020,7,18,2,12,1,1,1,3,1,0
63313,1,1,32,1,1,11,99,1,9,0,1,0,2,0,1,999,73,166,0,0,0,0,0,0,0,4,59,0,5,96,0,21,11,2020,7,19,2,12,8,1,1,3,1,4
63314,1,1,998,8,1,11,98,98,9,0,99,1,9,99,1,998,999,999,99,0,1,2,1,2,1,1,80,0,999,96,0,6,11,2020,6,19,2,8,1,1,1,2,1,9
63315,1,1,61,1,1,11,20,20,1,0,2,0,2,0,1,60,74,200,0,0,2,3,8,8,1,15,10,0,94,96,27,27,10,2020,3,18,2,12,1,1,1,3,1,4
63316,1,1,22,2,1,11,3,9,1,0,2,0,2,0,1,998,61,130,0,4,2,2,1,2,2,14,6,1,13,96,0,6,11,2020,6,23,2,33,1,1,4,3,2,4
63317,1,1,30,1,1,11,20,20,9,0,1,0,1,0,1,999,70,220,0,4,6,3,1,1,1,1,14,0,81,96,0,21,11,2020,7,23,2,25,3,3,4,3,1,4
63318,1,1,26,1,1,11,3,1,1,0,3,0,1,0,1,46,69,149,5,4,1,2,1,2,1,1,11,1,13,96,36,22,11,2020,1,3,2,33,1,1,4,3,10,1
63319,1,1,65,1,1,11,3,20,0,0,1,0,1,0,1,23,73,220,0,0,1,5,8,8,1,1,80,0,60,96,0,17,11,2020,3,16,2,8,1,1,1,1,1,0
63320,1,1,51,1,1,11,20,20,0,0,1,0,1,0,1,999,69,250,0,9,1,4,1,2,1,1,83,0,6,96,0,12,11,2020,5,12,2,9,1,1,1,1,1,4
63321,1,1,999,9,1,11,99,99,9,0,1,1,9,99,1,999,999,999,99,9,5,5,1,2,1,1,80,0,999,99,999,22,11,2020,1,19,2,8,3,3,1,3,1,9
63322,1,1,18,2,1,11,3,20,0,0,3,0,3,0,1,999,62,115,1,0,5,5,1,2,1,1,80,0,13,0,0,22,11,2020,1,21,2,8,1,1,1,3,1,0
63323,1,1,999,9,1,11,99,20,9,0,99,1,9,99,1,999,999,999,99,9,5,4,1,2,1,1,80,0,999,99,0,23,11,2020,2,18,2,8,1,1,1,3,1,9
63324,1,1,27,1,1,11,3,20,0,0,3,1,1,0,1,999,69,165,0,4,5,3,1,2,1,1,11,1,13,96,36,23,11,2020,2,0,2,33,1,1,4,3,1,0
63325,1,1,19,2,1,11,3,20,9,0,1,0,1,0,1,13,62,120,0,0,1,2,1,2,1,11,15,0,13,96,39,23,11,2020,2,7,2,12,2,3,1,1,1,4
63326,1,1,18,1,1,11,3,20,9,0,2,1,2,0,1,998,69,170,0,0,1,3,5,8,1,1,80,0,3,12,39,23,11,2020,2,20,2,8,1,1,1,3,1,0
63327,1,1,998,8,1,11,98,98,9,0,99,1,5,0,1,998,999,999,99,0,1,2,8,8,1,1,17,0,13,96,39,24,11,2020,3,3,2,12,2,2,1,3,1,9
63328,1,1,57,2,1,11,3,9,0,0,2,0,1,0,1,20,57,120,0,0,1,2,8,2,1,11,15,0,13,0,38,24,11,2020,3,10,2,12,2,3,1,1,1,4
63329,1,1,19,1,1,11,98,9,1,0,2,0,2,0,1,30,78,287,0,0,1,5,8,2,1,1,17,1,13,96,39,24,11,2020,3,20,2,12,2,2,1,3,1,3
63330,1,1,23,1,1,11,3,9,9,0,2,0,2,0,1,103,71,200,0,4,5,3,1,2,1,1,6,0,3,96,37,24,11,2020,3,22,2,17,1,1,4,3,1,4
63331,1,1,47,1,1,11,3,20,1,0,2,0,1,0,1,31,71,200,0,0,2,3,8,2,1,15,80,0,13,0,0,25,11,2020,4,17,2,8,1,1,1,2,1,0
63332,1,1,23,1,1,11,3,20,0,0,2,0,1,0,1,998,69,180,0,0,5,5,1,8,1,1,80,1,13,96,0,25,11,2020,4,20,2,8,1,1,1,2,1,0
63333,1,1,21,1,1,11,3,9,0,0,2,0,1,0,1,998,66,160,0,0,1,4,1,8,1,11,15,0,13,96,999,25,11,2020,4,20,2,12,2,2,1,3,1,1
63334,1,1,48,1,1,11,3,20,0,0,1,0,1,0,1,998,71,205,0,0,5,5,8,8,1,12,21,0,13,96,48,25,11,2020,4,21,2,12,1,1,1,3,1,0
63335,1,1,74,1,1,11,3,20,0,0,2,0,9,0,1,998,67,155,0,0,1,2,8,8,1,12,21,0,2,96,48,25,11,2020,4,22,2,12,1,1,1,3,1,0
63336,1,1,34,1,1,11,3,9,9,0,2,0,1,0,1,998,69,150,0,4,2,2,8,8,1,1,12,0,1,96,0,26,11,2020,5,1,2,33,1,1,3,3,1,4
63337,1,1,91,1,1,11,3,20,0,0,1,0,1,0,1,998,72,160,0,0,8,8,1,2,1,10,80,0,95,96,38,26,11,2020,5,11,2,8,3,2,1,1,1,0
63338,1,1,22,2,1,11,3,9,0,0,4,0,2,0,1,75,63,123,0,0,2,4,1,2,1,1,17,1,13,96,91,26,11,2020,5,19,2,12,2,2,1,3,1,3
63339,1,1,999,9,1,11,99,99,9,0,1,1,9,99,1,999,999,999,99,9,5,5,1,2,1,1,80,0,999,0,999,26,11,2020,5,20,2,8,1,1,1,3,1,9
63340,1,1,999,9,1,11,99,99,9,0,1,1,9,99,1,999,999,999,99,9,2,2,1,2,1,1,80,0,999,99,999,26,11,2020,5,21,2,8,3,3,1,3,1,9
63341,1,1,52,1,1,11,3,20,0,0,1,0,3,1,1,999,73,353,0,0,2,2,1,2,1,10,83,0,11,0,10,28,11,2020,7,11,2,9,3,3,1,1,1,0
63342,1,1,68,1,1,11,3,1,9,0,1,0,1,0,1,999,63,155,0,9,1,4,1,2,1,1,13,0,13,96,4,28,11,2020,7,12,2,38,1,1,4,1,1,4
63343,1,1,19,1,1,11,3,20,8,0,2,0,2,0,1,999,66,200,0,4,1,2,1,2,1,1,55,0,7,96,39,28,11,2020,7,18,2,12,2,2,1,3,1,0
63344,1,1,66,1,1,11,3,20,0,0,1,0,1,0,1,35,72,200,0,0,1,5,8,8,1,1,80,0,13,96,0,31,10,2020,7,1,2,8,1,1,1,2,1,0
63345,1,1,28,1,1,11,3,98,8,0,1,0,2,0,1,60,67,175,1,0,3,4,8,8,98,1,80,0,3,96,0,13,2,2020,5,20,2,8,1,1,1,2,98,9
63346,1,1,62,1,1,11,3,9,9,0,1,0,1,0,1,998,73,215,0,0,1,2,1,2,1,11,67,0,5,96,999,28,11,2020,7,19,2,12,2,3,1,3,1,4
63347,1,1,21,1,1,11,20,2,0,0,7,0,1,0,1,33,70,155,2,4,2,3,8,8,1,1,62,0,5,0,39,11,11,2020,4,22,2,12,2,2,1,3,1,3
63348,1,1,999,9,1,11,99,99,9,0,1,1,9,99,1,999,999,999,99,9,5,5,1,2,1,1,51,0,999,99,999,29,11,2020,1,2,2,12,1,1,1,2,1,9
63349,1,1,38,1,1,11,20,20,1,0,1,0,1,0,1,999,74,240,0,4,2,3,5,2,1,6,51,1,81,96,35,29,11,2020,1,18,2,12,1,1,1,2,1,4
63350,1,1,33,1,1,11,99,9,9,0,2,0,1,0,1,998,67,210,0,0,5,3,8,8,1,1,13,0,13,96,0,27,3,2020,6,20,2,33,1,1,4,3,1,4
63351,1,1,69,2,1,11,3,20,0,0,3,0,1,0,1,998,58,120,0,0,2,4,8,2,1,11,15,0,7,96,38,8,11,2020,1,14,2,12,8,1,1,1,1,0
63352,1,1,20,2,1,11,98,98,0,0,1,0,2,0,1,999,65,326,0,0,1,4,1,2,1,1,80,0,7,96,0,29,11,2020,1,18,2,8,1,1,1,3,1,0
63353,1,1,22,1,1,11,3,1,0,0,1,0,1,0,1,999,68,145,0,4,6,2,1,2,1,1,14,1,7,96,39,29,11,2020,1,23,2,33,3,2,4,3,1,4
63354,1,1,37,1,1,11,3,20,0,0,1,0,1,0,1,998,67,180,0,0,1,6,8,2,1,1,80,1,7,96,0,9,11,2020,2,19,2,8,3,2,1,3,1,0
63355,1,1,11,1,1,11,3,20,0,0,1,0,2,0,1,998,61,95,0,0,0,0,0,0,0,13,80,0,2,0,31,30,11,2020,2,11,2,8,4,1,1,1,1,0
63358,1,1,33,2,1,11,99,20,9,0,99,1,1,0,1,998,63,180,0,0,1,3,5,2,1,1,83,0,7,96,0,1,12,2020,3,19,2,15,2,2,1,3,1,0
63359,1,1,46,1,1,11,3,20,8,0,1,0,1,0,1,28,67,220,0,0,5,5,1,2,1,1,80,0,95,96,0,30,11,2020,2,17,2,8,1,1,1,3,1,0
63361,1,1,50,1,1,11,3,20,8,0,1,0,1,0,1,999,71,190,0,0,2,2,1,2,1,1,80,0,13,96,38,1,12,2020,3,18,2,8,3,2,1,3,1,0
63362,1,1,41,1,1,11,3,20,8,0,1,0,1,0,1,999,68,160,0,0,1,4,1,2,1,1,80,0,5,96,0,2,12,2020,4,5,2,8,1,1,1,3,1,0
63363,1,1,28,1,1,11,99,20,9,0,1,1,1,0,1,29,75,150,0,0,1,3,8,2,1,1,17,0,13,96,39,16,11,2020,2,9,2,12,2,2,1,1,1,0
63364,1,1,52,1,1,11,3,20,0,0,1,0,1,0,1,998,65,200,0,0,2,3,8,2,1,1,83,0,7,96,0,1,12,2020,3,19,2,9,3,2,1,3,1,0
63366,1,1,30,1,1,11,98,99,1,0,1,1,1,0,1,999,72,290,1,4,2,4,1,2,1,1,13,0,13,96,36,1,12,2020,3,19,2,14,1,1,4,3,1,0
63367,1,1,27,2,1,11,3,20,0,0,2,0,1,0,1,35,70,165,0,0,2,2,8,2,1,1,80,1,7,0,0,3,12,2020,5,20,2,8,1,1,1,3,1,0
63368,1,1,998,8,1,11,98,98,9,0,99,1,9,99,1,998,999,999,99,0,2,2,8,8,1,99,80,0,998,99,999,4,12,2020,6,3,2,8,1,1,1,3,1,9
63369,1,1,19,1,1,11,20,20,9,0,1,0,1,0,1,998,64,135,0,4,2,2,8,2,1,1,13,0,13,96,0,4,12,2020,6,12,2,14,1,1,7,1,1,4
63371,1,1,56,1,1,11,3,1,9,0,1,0,1,0,1,998,65,195,0,0,2,2,5,8,1,1,54,0,13,96,51,4,12,2020,6,17,2,12,1,1,1,2,1,4
63373,1,1,66,1,1,11,20,8,1,0,1,0,4,0,1,91,71,204,0,4,2,3,1,2,1,14,12,1,13,96,0,4,12,2020,6,22,2,33,1,1,3,3,1,4
63374,1,1,31,1,1,11,20,9,9,0,1,0,2,0,1,998,71,175,0,4,8,8,8,8,1,1,13,0,13,96,0,5,12,2020,7,3,2,14,1,1,7,3,1,4
63375,1,1,19,2,1,11,20,9,0,0,4,0,2,0,1,998,65,220,0,4,1,2,8,2,1,1,14,1,2,96,39,5,12,2020,7,4,2,59,3,3,4,3,1,4
63376,1,1,66,1,1,11,3,9,9,0,1,0,1,0,1,999,67,210,0,0,1,2,8,2,1,1,13,0,7,96,0,5,12,2020,7,13,2,31,1,1,4,1,1,4
63377,1,1,49,2,1,11,3,9,9,0,1,0,1,0,1,998,65,150,0,0,0,0,0,0,0,11,15,0,13,96,999,5,12,2020,7,13,2,12,4,1,1,1,1,4
63378,1,1,52,1,1,11,20,20,1,0,1,0,0,0,1,998,73,280,0,0,0,0,0,0,0,1,98,0,996,96,30,29,10,2020,5,19,2,12,8,1,1,3,1,4
63379,1,1,20,1,1,11,3,20,0,0,1,0,2,0,1,43,69,135,0,0,5,5,8,8,1,1,80,0,60,96,0,11,11,2020,4,20,2,8,1,1,1,3,1,0
63380,1,1,18,1,1,11,99,9,9,0,99,1,5,0,1,998,65,120,0,4,8,3,8,8,1,1,13,1,13,96,91,6,12,2020,1,3,2,30,1,1,4,3,1,2
63381,1,1,71,1,1,11,3,20,8,0,1,0,1,0,1,999,67,178,0,9,1,2,1,2,1,4,55,0,60,96,74,6,12,2020,1,12,2,12,2,2,1,1,1,2
63382,1,1,62,1,1,11,2,9,0,0,1,0,1,0,1,998,66,150,0,0,2,3,8,8,1,1,17,1,7,96,39,17,12,2020,5,16,2,12,2,2,1,1,1,1
63383,1,1,59,1,1,11,3,20,1,0,2,0,4,0,1,999,72,228,0,4,1,2,1,2,1,1,83,0,60,96,39,6,12,2020,1,17,2,9,3,3,1,3,1,0
63384,1,1,20,1,1,11,3,1,1,0,1,0,1,0,1,999,69,175,0,0,2,2,1,2,1,14,54,1,13,96,51,7,12,2020,2,0,2,12,1,1,1,3,1,3
63385,1,1,24,1,1,11,20,1,1,0,2,0,2,0,1,998,69,170,0,4,1,5,8,1,1,1,17,0,7,5,39,8,12,2020,3,16,2,12,2,3,1,1,1,3
63386,1,1,999,9,1,11,99,99,9,0,1,1,9,99,1,999,999,999,99,9,5,5,1,2,1,12,60,0,999,99,0,7,12,2020,2,6,2,12,1,1,1,4,1,9
63387,1,1,24,1,1,11,3,20,8,0,2,0,1,0,1,999,67,180,0,0,1,4,1,2,1,1,80,0,13,96,0,7,12,2020,2,6,2,8,3,2,1,3,1,0
63388,1,1,34,1,1,11,99,3,0,0,1,1,2,0,1,998,71,175,0,0,5,5,1,2,1,10,16,1,13,96,0,5,11,2020,5,21,2,12,3,3,1,3,1,0
63389,1,1,46,1,1,11,3,20,8,0,1,1,1,0,1,999,72,200,1,0,2,2,1,2,2,1,80,0,7,0,0,12,12,2020,7,6,2,8,3,3,1,4,2,0
63390,1,1,998,8,1,11,98,98,9,0,99,1,9,99,1,998,999,999,99,0,1,2,8,8,98,11,80,0,999,96,0,23,11,2020,2,5,2,8,3,3,1,3,1,9
63391,1,1,39,1,1,11,20,20,0,0,1,0,1,1,1,23,77,350,0,0,5,3,1,2,1,1,80,0,60,96,0,11,11,2020,4,17,2,8,1,1,1,5,1,0
63392,1,1,33,2,1,11,3,20,0,0,1,0,3,0,1,30,67,135,0,0,1,2,6,2,2,1,80,0,13,0,0,10,3,2020,3,11,2,8,1,1,1,1,2,0
63393,1,1,22,1,1,11,3,20,0,0,1,0,1,0,1,53,69,135,0,0,1,4,1,2,1,1,83,0,13,0,0,11,11,2020,4,0,2,15,1,1,1,2,1,0
63394,1,1,28,1,1,11,20,20,0,0,1,0,3,0,1,999,74,170,0,0,5,5,1,2,2,1,83,0,13,0,0,19,3,2020,5,16,2,9,1,1,1,1,2,0
63395,1,1,22,1,1,11,3,20,0,0,2,0,2,0,1,999,63,230,0,9,2,2,1,2,1,1,83,0,13,0,0,19,5,2020,3,20,2,15,3,2,1,3,1,0
63396,1,1,32,1,1,11,99,20,1,0,99,1,4,0,1,998,72,265,0,4,5,5,8,2,1,1,80,0,7,96,0,2,8,2020,1,22,2,8,3,3,1,3,1,0
63397,1,1,97,2,1,11,3,1,0,0,1,0,1,0,1,999,63,120,0,4,1,5,1,2,1,1,55,0,13,96,39,12,6,2020,6,16,2,12,2,2,1,1,1,4
63398,1,1,34,1,1,11,20,1,1,0,1,0,1,0,1,999,66,190,0,9,2,2,1,2,1,1,13,1,13,96,999,5,7,2020,1,2,2,14,3,3,4,3,1,4
63399,1,1,22,1,1,11,99,1,8,0,5,0,1,0,1,999,71,195,0,4,2,5,1,2,1,1,12,0,13,96,53,8,7,2020,4,0,2,46,3,2,4,3,1,2
63400,1,1,58,1,1,11,20,9,9,0,1,0,3,0,1,998,67,200,0,4,1,4,8,2,1,1,50,0,65,96,0,13,10,2020,3,19,2,12,1,1,1,3,1,4
63401,1,1,45,1,1,11,3,9,9,0,2,0,1,0,1,998,76,280,0,0,1,2,1,2,1,11,15,0,7,0,39,8,12,2020,3,21,2,12,2,2,1,2,1,4
63402,1,1,34,1,1,11,3,20,0,0,1,0,1,0,1,68,68,190,2,4,2,2,8,2,1,4,83,0,3,96,0,21,4,2020,3,19,2,9,8,1,1,3,1,0
63403,1,1,999,9,1,11,99,99,9,0,1,1,9,99,1,998,999,999,99,0,1,5,1,2,1,1,80,0,999,96,0,15,6,2020,2,2,2,8,3,2,1,3,1,9
63404,1,1,29,1,1,11,3,9,9,0,2,0,1,0,1,998,65,150,0,4,2,2,8,2,1,15,61,0,13,96,27,29,7,2020,4,20,2,12,1,1,1,5,1,4
63405,1,1,45,1,1,11,3,1,0,0,1,0,1,0,1,998,66,225,0,0,8,8,8,8,1,1,66,0,13,0,39,24,9,2020,5,9,2,12,2,2,1,1,1,1
63406,1,1,22,1,1,11,3,8,1,0,4,0,1,0,1,998,70,320,0,5,2,3,8,8,1,1,13,1,13,96,0,31,10,2020,7,0,2,30,3,4,4,3,1,0
63407,1,1,998,8,1,11,98,98,9,0,99,1,9,99,1,998,999,999,99,0,5,7,8,8,1,1,80,0,998,96,0,16,12,2020,4,5,2,8,1,1,1,3,1,9
63408,1,1,62,1,1,11,3,20,0,0,1,0,2,0,1,25,68,170,0,0,2,2,8,8,1,1,80,0,13,0,0,16,12,2020,4,18,2,8,2,3,1,5,1,0
63409,1,1,34,1,1,11,20,9,0,0,1,0,2,0,1,998,67,215,0,0,8,8,8,8,2,1,13,1,13,96,0,2,12,2020,4,2,2,33,1,1,4,3,1,4
63410,1,1,51,2,1,11,3,9,0,0,1,0,2,0,1,998,60,280,0,0,1,4,1,2,1,1,66,1,13,96,39,18,12,2020,6,3,2,12,2,2,1,3,1,4
63411,1,1,36,1,1,11,3,20,0,0,1,0,2,0,1,998,69,200,1,0,1,4,1,2,1,1,80,0,13,96,0,10,12,2020,5,18,2,8,1,1,1,2,1,0
63412,1,1,34,1,1,11,3,20,0,0,1,0,1,0,1,35,70,145,0,0,1,2,8,2,1,1,80,0,60,96,0,15,10,2020,5,18,2,8,1,1,1,3,1,0
63413,1,1,23,1,1,11,3,20,0,0,1,0,1,0,1,998,69,120,0,0,1,5,8,8,1,11,63,0,13,0,0,18,12,2020,6,10,2,12,2,2,1,1,1,0
63414,1,1,51,2,1,11,3,20,0,0,3,0,1,0,1,30,66,190,0,0,1,2,5,8,1,14,80,0,7,0,0,18,12,2020,6,16,2,8,1,1,1,5,1,0
63415,1,1,999,9,1,11,99,20,9,0,1,1,9,99,1,999,999,999,99,0,8,8,8,8,1,11,15,0,999,96,0,20,12,2020,1,20,2,12,2,2,1,3,1,9
63416,1,1,64,1,1,11,20,20,9,0,1,0,2,0,1,999,73,200,0,0,2,3,1,2,1,1,61,0,80,96,85,20,6,2020,7,23,2,30,1,1,4,3,1,4
63417,1,1,25,1,1,11,3,20,0,0,1,0,1,0,1,46,67,145,0,3,2,2,1,2,1,1,80,0,3,96,0,14,8,2020,6,20,2,8,3,3,1,3,1,0
63418,1,1,23,1,1,11,3,20,0,0,2,0,1,0,1,998,64,165,0,0,1,3,8,8,1,11,15,0,60,96,38,4,9,2020,6,15,2,12,2,3,1,1,1,0
63419,1,1,30,1,1,11,3,20,0,0,1,0,1,0,1,999,67,144,0,9,1,2,1,2,1,1,55,0,13,96,39,13,12,2020,1,14,2,12,2,2,1,1,1,0
63420,1,1,27,1,1,11,20,1,9,0,1,0,2,0,1,999,68,190,0,9,1,5,1,2,1,14,13,0,5,96,999,15,11,2020,1,1,2,39,3,3,4,3,1,4
63421,1,1,998,8,1,11,98,98,8,0,99,1,9,99,1,998,999,999,99,0,5,5,8,8,1,1,80,0,999,96,0,12,10,2020,2,5,2,8,3,3,1,3,1,9
63423,1,1,25,1,1,11,3,9,1,0,1,0,1,0,1,998,72,160,0,4,1,2,8,8,1,1,66,0,7,96,91,18,12,2020,6,6,2,12,2,2,1,1,1,2
63425,1,1,60,1,1,11,3,20,0,0,1,0,3,7,1,50,70,200,0,0,2,2,1,2,1,1,80,0,66,0,0,15,12,2020,3,0,2,8,1,1,1,2,1,0
63426,1,1,34,1,1,11,3,20,0,0,1,0,2,0,1,998,72,270,0,0,2,4,8,8,1,15,80,0,7,96,0,18,12,2020,6,17,2,8,1,1,1,3,1,0
63427,1,1,22,1,1,11,3,20,0,0,1,0,2,0,1,45,71,210,0,0,5,4,1,2,1,1,80,0,15,96,53,15,12,2020,3,1,2,8,1,1,1,3,1,0
63428,1,1,46,1,1,11,3,20,0,0,1,0,1,7,1,6,64,160,0,0,4,3,6,8,1,10,80,0,66,0,0,15,12,2020,3,9,2,8,3,2,1,1,1,0
63429,1,1,20,2,1,11,3,20,0,0,1,0,2,0,1,5,63,121,0,0,1,2,8,2,1,10,80,0,13,0,38,15,12,2020,3,9,2,8,3,2,1,1,1,0
63430,1,1,88,1,1,11,3,20,9,0,2,0,1,0,1,998,68,175,0,0,2,2,8,2,1,15,10,0,4,96,28,15,12,2020,3,11,2,12,1,1,1,1,1,4
63431,1,1,71,2,1,11,20,9,0,0,1,0,1,0,1,998,60,155,0,0,5,4,1,2,1,1,13,0,13,96,0,15,12,2020,3,15,2,30,1,1,4,1,1,4
63433,1,1,998,1,1,11,99,98,9,0,99,1,9,99,1,998,999,999,99,0,1,4,1,2,1,1,83,0,998,96,0,10,11,2020,3,17,2,15,2,2,1,3,1,9
63434,1,1,29,1,1,11,3,9,0,0,2,0,1,0,1,998,69,250,0,0,6,2,8,2,1,11,15,1,13,96,39,15,12,2020,3,19,2,12,2,2,1,3,1,3
63435,1,1,30,1,1,11,20,20,9,0,1,0,1,0,1,998,76,235,0,4,5,5,8,8,1,1,56,0,80,96,0,26,10,2020,2,20,2,12,1,1,1,3,1,4
63436,1,1,61,2,1,11,2,9,1,0,1,0,1,0,1,43,62,130,0,0,1,2,8,2,1,1,10,0,13,96,91,15,12,2020,3,20,2,12,1,1,1,2,1,2
63437,1,1,91,1,1,11,3,9,9,0,1,0,1,0,1,998,67,165,0,0,0,0,0,0,0,11,15,0,13,93,38,16,12,2020,4,14,2,12,4,1,1,1,1,4
63438,1,1,65,2,1,11,3,20,0,0,1,0,1,0,1,40,59,140,0,0,2,6,1,2,1,1,80,0,7,96,0,16,12,2020,4,18,2,8,3,2,1,3,1,0
63439,1,1,27,1,1,11,20,1,1,0,1,0,5,0,1,92,69,260,0,4,8,8,8,8,1,1,50,0,7,96,91,16,12,2020,4,20,2,12,3,2,1,3,1,2
63440,1,1,26,2,1,11,3,9,0,0,2,0,2,0,1,62,66,130,0,0,5,5,1,2,1,1,54,1,13,96,51,16,12,2020,4,22,2,12,1,1,1,3,1,4
63442,1,1,44,1,1,11,3,9,0,0,1,0,1,0,1,72,77,220,0,0,1,4,1,2,1,1,17,0,15,96,40,30,1,2020,5,20,2,10,6,1,1,3,1,4
63443,1,1,30,2,1,11,99,20,0,0,2,0,1,0,1,998,67,130,0,0,1,4,8,8,1,1,80,1,7,96,0,20,9,2020,1,0,2,8,2,3,1,3,1,0
63444,1,1,51,2,1,11,99,20,9,0,1,1,1,0,1,999,61,130,0,0,1,5,1,2,1,11,80,0,13,96,38,22,12,2020,3,8,2,8,3,2,1,1,1,0
63445,1,1,25,1,1,11,3,8,9,0,1,0,1,0,1,998,74,175,0,0,8,8,8,8,1,1,17,0,60,96,51,10,11,2020,3,19,2,10,6,1,1,3,1,4
63446,1,1,31,1,1,11,20,20,0,0,1,0,2,0,1,998,67,200,1,4,1,4,1,2,1,1,13,1,60,96,0,18,12,2020,6,18,2,33,1,1,4,3,1,4
63447,1,1,22,1,1,11,20,1,1,0,1,0,2,0,1,83,71,230,0,4,2,2,1,2,1,1,67,0,7,96,36,29,7,2020,4,10,2,12,2,3,1,1,1,4
63448,1,1,21,1,1,11,3,20,0,0,2,0,1,0,1,998,77,298,0,0,1,4,5,2,1,1,80,0,13,0,0,22,12,2020,3,17,2,8,1,1,1,5,1,0
63449,1,1,24,2,1,11,99,9,1,0,1,0,1,0,1,998,68,160,0,0,2,2,8,8,1,11,13,1,13,96,48,19,12,2020,7,22,2,33,3,2,4,3,5,3
63450,1,1,999,9,1,11,99,99,9,0,99,1,9,99,1,999,999,999,99,0,1,4,8,8,1,1,80,0,999,99,6,22,12,2020,3,19,2,8,3,3,1,1,1,9
63451,1,1,45,2,1,11,3,1,0,0,1,0,2,0,1,998,66,130,0,0,1,5,1,8,1,11,63,0,15,0,38,20,12,2020,1,18,2,12,2,3,1,3,1,0
63452,1,1,35,1,1,11,3,20,0,0,2,0,1,0,1,998,67,165,0,0,1,2,8,2,1,1,80,0,7,0,0,22,12,2020,3,21,2,8,3,2,1,3,1,0
63453,1,1,71,1,1,11,3,9,0,0,2,0,1,0,1,35,74,200,0,4,2,3,8,2,1,1,80,0,13,96,0,26,9,2020,7,18,2,8,1,1,1,1,1,0
63454,1,1,19,1,1,11,3,1,1,0,2,0,3,0,1,80,72,165,1,4,1,7,1,2,1,1,55,0,13,96,39,22,12,2020,3,22,2,12,2,2,1,3,1,2
63455,1,1,63,1,1,11,20,20,0,0,1,0,1,0,1,998,76,280,0,0,1,2,8,8,1,1,62,0,94,96,0,6,12,2020,1,16,2,12,2,3,1,1,1,4
63456,1,1,19,1,1,11,99,20,8,0,1,0,2,0,1,999,68,250,0,4,1,2,1,2,1,1,82,0,5,19,6,22,12,2020,3,4,2,30,1,1,4,3,1,0
63457,1,1,35,1,1,11,3,20,0,0,1,0,2,0,1,34,70,175,0,0,1,6,8,1,1,1,80,0,13,96,0,18,12,2020,6,19,2,8,3,2,1,3,1,0
63458,1,1,28,1,1,11,3,20,8,0,3,0,1,0,1,999,65,125,0,0,5,5,1,2,1,1,80,0,3,96,0,24,12,2020,5,22,2,8,1,1,1,3,1,0
63459,1,1,25,1,1,11,99,9,0,0,1,0,1,0,1,85,65,135,0,3,1,6,8,1,1,1,13,1,5,96,0,19,12,2020,7,4,2,46,3,2,4,3,1,4
63460,1,1,30,1,1,11,20,20,9,0,1,0,5,0,1,999,73,270,0,4,1,2,1,2,1,1,67,0,80,96,39,26,12,2020,7,12,2,12,2,2,1,1,1,4
63461,1,1,52,2,1,11,20,9,1,0,2,0,2,0,1,998,62,130,0,0,1,4,8,2,1,1,17,1,13,96,39,10,12,2020,5,21,2,12,2,3,1,3,1,4
63462,1,1,48,2,1,11,3,8,0,0,1,0,1,0,1,55,60,217,0,4,2,4,1,2,1,1,80,0,7,0,0,10,12,2020,5,5,2,8,1,1,1,4,1,0
63463,1,1,25,1,1,11,20,20,0,0,1,0,2,0,1,998,66,130,0,4,1,2,8,8,1,1,6,1,80,96,0,29,12,2020,3,3,2,33,1,1,4,3,1,4