ST_CASE,VEH_NO,PER_NO,AGE,SEX,PER_TYP,SEAT_POS,REST_USE,AIR_BAG,DRUGS,LOCATION,NUMOCCS,HIT_RUN,OWNER,V_CONFIG,HAZ_INV,TRAV_SP,DR_HGT,DR_WGT,PREV_SPD,SPEEDREL,VTRAFWAY,VNUM_LAN,VPROFILE,VPAVETYP,VSURCOND,P_CRASH1,P_CRASH2,DR_DRINK,VPICBODYCLASS,DRDISTRACT,DRIVERRF,DAY,MONTH,YEAR,DAY_WEEK,HOUR,RUR_URB,HARM_EV,RELJCT2,TYP_INT,REL_ROAD,LGT_COND,WEATHER,INJ_SEV
63464,1,1,999,9,1,11,99,99,9,0,99,1,9,99,1,998,999,999,99,0,1,5,8,2,1,1,80,0,999,99,6,11,12,2020,6,6,2,8,1,1,1,3,1,0
63465,1,1,62,1,1,11,3,20,0,0,1,0,1,0,1,998,70,145,0,0,5,3,1,2,1,11,63,0,60,0,38,26,12,2020,7,17,2,12,8,1,1,3,1,0
63466,1,1,36,1,1,11,3,20,0,0,1,0,2,0,1,38,68,167,0,0,1,5,8,8,1,1,80,0,13,96,0,12,12,2020,7,18,2,8,1,1,1,3,1,0
63467,1,1,30,1,1,11,99,99,0,0,1,0,1,0,1,999,65,125,0,4,3,5,8,2,1,15,6,0,1,96,0,14,11,2020,7,16,2,52,1,1,4,1,1,4
63468,1,1,34,1,1,11,20,20,1,0,1,0,2,0,1,998,70,150,0,4,1,2,1,2,1,6,17,0,80,96,33,19,12,2020,7,16,2,12,2,2,1,1,1,4
63469,1,1,33,1,1,11,3,9,0,0,1,0,2,0,1,998,74,220,0,0,2,3,1,2,1,1,50,1,13,96,0,12,12,2020,7,3,2,12,3,2,1,3,1,1
63470,1,1,33,1,1,11,99,20,9,0,99,1,1,0,1,998,72,240,1,2,1,2,1,2,1,1,98,0,3,96,36,25,12,2020,6,13,2,12,1,1,1,1,1,0
63471,1,1,31,1,1,11,99,9,9,0,99,1,2,0,1,998,68,140,0,0,1,3,1,2,1,1,80,0,7,96,38,8,11,2020,1,20,2,8,3,2,1,3,1,0
63472,1,1,999,9,1,11,99,99,9,0,99,1,9,0,1,999,999,999,99,0,8,8,8,8,1,1,80,0,13,0,6,12,7,2020,1,14,2,8,1,1,1,1,1,9
63473,1,1,999,9,1,11,99,99,9,0,99,1,9,99,1,998,999,999,99,0,3,4,1,2,1,99,80,0,999,99,6,23,12,2020,4,19,2,9,1,1,2,3,1,9
63474,1,1,41,1,1,11,20,20,0,0,8,0,1,0,1,43,68,190,0,0,5,5,8,8,1,1,83,0,13,96,0,25,12,2020,6,18,2,15,3,3,1,3,1,0
63475,1,1,22,1,1,11,20,20,8,0,1,0,2,0,1,998,68,170,1,4,1,2,8,2,2,14,12,0,7,0,0,23,12,2020,4,5,2,42,1,1,4,2,2,4
63476,1,1,81,1,1,11,20,20,0,0,1,0,1,0,1,998,73,205,0,0,2,4,1,8,1,1,99,0,12,96,0,30,12,2020,4,16,2,98,1,1,1,1,1,4
63477,1,1,61,1,1,11,3,20,0,0,1,0,1,0,1,35,69,196,0,0,5,5,1,2,1,1,83,0,95,0,999,26,12,2020,7,17,2,9,1,1,1,3,1,0
63478,1,1,999,9,1,11,98,20,9,0,1,1,9,99,1,998,999,999,99,0,1,4,8,8,1,11,80,0,999,96,39,27,12,2020,1,17,2,8,3,2,1,3,1,9
63479,1,1,66,1,1,11,3,20,0,0,99,1,1,0,1,999,62,170,0,0,5,3,8,2,1,1,80,0,60,96,0,20,10,2020,3,0,2,8,1,1,1,2,1,0
63481,1,1,25,1,1,11,20,9,9,0,1,0,2,0,1,998,73,200,0,0,1,2,1,2,1,1,10,0,13,96,28,14,8,2020,6,10,2,12,1,1,1,1,1,4
63482,1,1,32,1,1,11,20,8,1,0,1,0,1,0,1,90,69,220,1,4,2,4,1,2,1,1,10,1,13,96,0,10,9,2020,5,20,2,12,1,1,1,3,1,4
63483,1,1,30,1,1,11,99,1,1,0,1,1,2,0,1,999,71,150,0,4,2,4,1,2,1,1,80,1,13,99,38,27,12,2020,1,19,2,8,3,2,1,3,1,2
63484,1,1,27,1,1,11,3,20,9,0,2,0,1,0,1,998,72,160,0,0,1,5,8,8,1,1,83,0,13,96,999,23,11,2020,2,17,2,9,1,1,1,3,1,0
63486,1,1,61,2,1,11,3,20,0,0,1,0,1,0,1,998,62,175,0,0,8,8,8,8,1,1,83,0,7,96,0,2,12,2020,4,18,2,9,1,1,1,3,1,0
63487,1,1,17,2,1,11,3,20,0,0,1,0,2,0,1,20,65,127,0,0,5,5,8,2,1,1,80,0,7,0,0,25,12,2020,6,17,2,8,1,1,1,3,1,0
63488,1,1,998,1,1,11,99,99,9,0,99,1,9,99,1,998,999,999,99,0,2,3,8,8,1,1,80,0,999,0,0,26,12,2020,7,18,2,8,1,1,1,3,10,9
63489,1,1,24,1,1,11,3,20,0,0,1,1,1,0,1,45,65,200,1,0,5,5,1,2,1,1,83,0,13,0,0,27,12,2020,1,5,2,15,1,1,1,2,1,0
63490,1,1,61,1,1,11,3,20,0,0,2,0,1,0,1,58,68,200,0,0,2,2,1,2,1,1,80,0,2,0,0,27,12,2020,1,18,2,8,1,1,1,3,1,0
63491,1,1,27,2,1,11,2,20,8,0,2,0,1,0,1,29,65,135,0,0,1,2,1,2,1,4,80,0,13,96,0,31,12,2020,5,15,2,8,3,2,1,1,1,0
63492,1,1,75,1,1,11,3,9,9,0,2,0,1,0,1,998,73,178,0,0,8,8,8,8,1,1,17,0,13,96,0,12,8,2020,4,11,2,12,2,2,1,1,1,4
63493,1,1,28,1,1,11,3,20,9,0,2,0,1,0,1,998,68,135,0,0,1,2,8,2,2,1,17,0,5,96,38,13,12,2020,1,3,2,12,2,2,1,3,10,4
63494,1,1,16,2,1,11,3,20,0,0,2,0,2,0,1,998,66,280,0,0,2,4,1,2,1,11,54,0,2,96,38,29,10,2020,5,17,2,12,2,3,1,5,1,0
63495,1,1,33,2,1,11,99,98,9,0,1,0,1,0,1,998,62,175,0,4,1,8,8,8,1,14,11,0,997,96,0,12,12,2020,7,0,2,30,1,1,4,3,1,4
63496,1,1,25,1,1,11,99,20,9,0,99,1,1,0,1,998,63,115,0,0,2,2,8,8,1,1,83,0,13,96,35,16,8,2020,1,2,2,9,18,1,1,3,1,0
63497,1,1,22,1,1,11,20,20,0,0,2,0,1,0,1,998,70,145,2,4,1,4,6,2,1,14,13,1,94,96,0,26,12,2020,7,23,2,33,1,1,4,3,1,4
63498,1,1,999,1,1,11,98,98,9,0,99,1,9,99,1,999,999,999,99,4,1,2,1,8,1,98,80,0,999,96,0,23,8,2020,1,0,2,8,3,2,1,3,1,0
63499,1,1,32,1,1,11,3,9,0,0,1,0,1,0,1,998,73,185,0,0,1,2,8,8,1,1,12,1,13,96,0,30,12,2020,4,21,2,38,1,1,4,2,10,4
63501,1,1,38,2,1,11,20,2,9,0,1,0,2,0,1,998,61,218,0,0,4,3,1,2,1,1,13,0,2,96,0,15,7,2020,4,18,2,40,1,1,4,1,1,4
63502,1,1,22,1,1,11,2,20,0,0,1,0,2,0,1,998,64,135,0,0,1,2,8,8,1,1,80,0,7,96,0,27,12,2020,1,18,2,8,1,1,1,2,1,0
63503,1,1,45,1,1,11,20,9,9,0,1,0,1,0,1,998,64,135,1,0,1,2,8,2,1,14,98,0,7,96,27,31,12,2020,5,21,2,1,1,1,1,2,1,4
63504,1,1,998,8,1,11,99,98,9,0,99,1,9,0,1,999,999,999,99,0,5,3,1,2,1,1,80,0,13,96,0,10,3,2020,3,6,2,8,1,1,1,3,1,9
63505,1,1,38,1,1,11,2,20,0,0,2,0,1,0,1,998,68,220,0,0,8,8,8,8,1,1,83,0,7,96,0,20,3,2020,6,22,2,9,2,2,1,3,1,0
63506,1,1,21,2,1,11,98,98,0,0,2,1,1,0,1,998,56,108,0,0,8,4,8,8,1,1,80,0,3,96,0,26,5,2020,3,23,2,8,3,3,1,3,1,0
63507,1,1,30,1,1,11,3,20,9,0,1,1,1,0,1,998,73,240,0,0,0,0,0,0,0,11,80,0,7,96,0,10,9,2020,5,6,2,8,4,1,1,3,1,0
63508,1,1,41,1,1,11,20,1,9,0,1,0,2,0,1,998,71,265,0,0,1,4,1,2,1,1,10,0,13,96,28,30,9,2020,4,9,2,12,1,1,1,1,1,4
63509,1,1,70,1,1,11,3,20,0,0,1,0,1,0,1,998,61,160,0,0,5,5,1,2,1,1,80,0,60,0,0,1,10,2020,5,3,2,8,1,1,1,6,1,0
63510,1,1,22,1,1,11,3,9,0,0,3,1,1,0,1,998,63,200,1,4,1,2,8,1,1,1,17,1,3,96,39,1,8,2020,7,18,2,12,2,2,1,1,1,2
63511,1,1,35,1,1,11,20,1,8,0,1,0,2,0,1,999,76,210,0,4,1,5,1,2,1,1,55,0,13,96,39,17,10,2020,7,17,2,12,2,2,1,1,1,4
63512,1,1,28,1,1,11,3,98,1,0,1,0,2,0,1,998,74,185,0,0,2,3,8,2,1,1,80,0,3,0,0,9,12,2020,4,21,2,8,3,98,1,3,1,0
63513,1,1,64,1,1,11,3,20,8,0,1,0,3,0,1,999,68,180,0,0,1,4,1,2,1,1,83,0,60,96,0,15,11,2020,1,13,2,9,8,1,1,1,1,0
63514,1,1,27,1,1,11,20,1,1,0,1,0,1,0,1,999,70,176,0,9,5,5,1,2,1,1,10,1,60,96,51,13,12,2020,1,3,2,12,1,1,1,2,1,4
63515,1,1,71,1,1,11,3,9,0,0,2,0,3,0,1,35,64,152,0,0,1,2,8,2,1,1,55,0,2,96,39,26,10,2020,2,6,2,12,2,2,1,3,1,1
63516,1,1,55,1,1,11,3,9,9,0,1,0,1,0,1,998,68,200,0,4,1,3,8,8,1,14,14,0,13,96,39,27,12,2020,1,2,2,33,3,3,4,3,1,4
63517,1,1,18,1,1,11,20,9,1,0,3,0,2,0,1,60,64,172,0,0,4,2,8,1,1,1,12,1,13,0,0,20,11,2020,6,20,2,33,19,1,4,3,1,4
63520,1,1,23,1,1,11,3,8,0,0,1,0,2,0,1,75,71,180,1,3,1,2,8,8,1,1,1,1,13,0,80,29,11,2020,1,21,2,12,1,1,1,2,1,3
63521,1,1,22,1,1,11,99,20,9,0,99,1,2,0,1,45,68,150,0,0,4,5,8,8,1,6,80,0,60,15,0,13,8,2020,5,12,2,8,3,2,1,1,1,0
63522,1,1,22,1,1,11,3,1,1,0,1,0,2,0,1,999,74,220,0,9,2,4,1,2,1,1,55,1,60,96,39,13,12,2020,1,5,2,12,2,2,1,3,1,2
63523,1,1,998,8,1,11,3,99,9,0,99,1,9,99,1,998,999,999,99,0,5,5,1,2,1,1,80,0,999,96,0,25,10,2020,1,21,2,8,3,3,1,3,1,0
63524,1,1,45,1,1,11,99,1,1,0,1,1,1,0,1,999,73,215,0,4,1,3,1,2,1,1,55,0,7,96,39,31,12,2020,5,15,2,12,2,2,1,1,1,2
63525,1,1,61,1,1,11,99,99,9,0,99,1,3,2,1,998,64,162,0,0,8,2,8,8,1,10,80,0,11,96,0,3,9,2020,5,5,2,8,3,2,1,3,1,0
63527,1,1,58,1,1,11,20,20,9,0,1,0,1,0,1,998,69,300,0,0,2,4,1,8,1,1,8,0,81,96,0,19,7,2020,1,9,2,12,2,3,1,1,1,4
63528,1,1,59,1,1,11,20,20,0,0,1,0,3,1,1,15,65,190,0,0,1,7,8,8,1,10,80,0,63,96,0,13,12,2020,1,14,2,8,3,3,1,1,1,0
63529,1,1,33,2,1,11,3,9,0,0,2,0,1,0,1,998,62,125,0,0,5,5,8,2,1,11,63,0,13,96,38,31,12,2020,5,23,2,12,2,2,1,3,1,0
63530,1,1,25,1,1,11,3,20,8,0,1,0,3,1,1,999,69,159,0,0,3,4,1,1,1,1,13,0,11,96,0,23,6,2020,3,15,2,14,1,1,4,1,1,0
63531,1,1,46,1,1,11,3,9,0,0,1,0,3,1,1,59,68,200,0,0,1,2,1,2,1,1,17,0,63,96,39,28,9,2020,2,5,2,12,2,2,1,2,1,2
63533,1,1,35,1,1,11,20,9,1,0,1,0,2,0,1,998,72,185,0,4,2,2,1,2,2,14,6,1,13,96,0,26,12,2020,7,0,2,33,1,1,3,3,10,4
63534,1,1,42,1,1,11,3,20,0,0,1,0,3,0,1,45,65,155,0,0,1,5,1,8,1,1,80,0,7,96,0,23,11,2020,2,3,2,8,1,1,1,3,1,0
63535,1,1,999,9,1,11,99,98,9,0,99,1,9,99,1,998,999,999,99,0,2,2,1,1,1,1,80,0,999,96,38,21,10,2020,4,18,2,8,3,98,1,3,1,9
63536,1,1,38,1,1,11,3,20,0,0,3,0,3,1,1,998,69,175,0,4,8,8,8,8,1,1,17,0,11,96,0,30,6,2020,3,11,2,12,2,3,1,1,1,0
63537,1,1,49,1,1,11,3,20,0,0,1,0,1,0,1,65,66,180,0,0,3,4,1,1,1,1,80,0,7,96,0,4,10,2020,1,19,2,8,1,1,1,2,1,0
63538,1,1,27,1,1,11,20,20,9,0,1,0,2,0,1,999,67,185,0,0,3,5,8,2,1,1,13,0,13,96,0,18,12,2020,6,2,2,59,1,1,4,3,1,4
63539,1,1,41,2,1,11,3,20,0,0,1,0,1,0,1,35,63,140,0,0,2,2,1,8,1,1,80,1,2,96,0,31,1,2020,6,21,2,8,3,2,1,3,1,0
63540,1,1,29,1,1,11,3,1,1,0,1,0,1,0,1,999,68,175,0,2,1,5,1,2,1,1,62,1,13,96,27,30,7,2020,5,11,2,12,2,2,1,1,1,3
63541,1,1,49,1,1,11,3,20,8,0,1,0,1,0,1,999,69,180,0,0,1,2,1,2,1,1,83,0,13,96,0,31,8,2020,2,10,2,9,2,4,1,1,1,9
63542,1,1,70,2,1,11,3,20,9,0,1,0,1,7,1,998,71,215,0,0,1,2,8,8,1,10,83,0,66,96,0,21,12,2020,2,8,2,9,3,3,1,1,1,0
63543,1,1,40,2,1,11,3,9,0,0,1,0,1,0,1,998,65,127,0,0,1,4,8,1,1,1,80,0,13,0,0,11,4,2020,7,6,2,8,1,1,1,4,1,5
63544,1,1,23,1,1,11,3,20,8,0,3,0,2,0,1,998,70,200,0,0,5,3,8,8,1,1,83,0,60,0,0,10,3,2020,3,20,2,9,8,1,1,3,1,0
63545,1,1,43,1,1,11,3,9,9,0,1,0,2,0,1,65,70,150,0,0,3,5,8,1,1,1,12,0,3,96,0,1,9,2020,3,23,2,25,1,1,3,3,1,4
63546,1,1,28,2,1,11,3,20,8,0,4,0,1,0,1,75,66,172,0,0,3,6,8,8,1,1,80,0,7,96,0,3,11,2020,3,16,2,8,1,1,1,1,1,0
63547,1,1,26,2,1,11,20,9,1,0,1,0,1,0,1,80,62,165,0,0,2,2,1,8,1,14,10,0,7,96,0,1,11,2020,1,18,2,1,1,1,4,2,1,4
63548,1,1,21,1,1,11,3,8,0,0,1,0,2,0,1,77,68,220,0,2,1,5,8,2,1,1,54,0,3,96,85,16,10,2020,6,16,2,12,1,1,1,1,1,3
63549,1,1,38,2,1,11,3,20,1,0,1,0,1,0,1,999,68,184,0,0,1,5,1,2,1,1,80,0,13,0,0,17,8,2020,2,21,2,8,3,3,1,3,1,0
63550,1,1,20,1,1,11,99,9,0,0,1,0,1,0,1,998,71,186,0,4,5,5,1,2,1,1,13,0,3,96,0,29,12,2020,3,23,2,39,3,2,4,3,1,4
63552,1,1,47,1,1,11,3,1,8,0,2,0,1,0,1,999,68,210,0,4,3,4,1,1,1,1,52,0,95,96,0,13,11,2020,6,19,2,12,1,1,1,2,1,2
63554,1,1,88,1,1,11,3,1,8,0,1,0,1,0,1,999,70,206,0,0,2,4,1,2,1,11,54,0,60,96,38,5,11,2020,5,17,2,12,2,3,1,5,1,0
63555,1,1,20,1,1,11,99,9,1,0,2,0,1,0,1,998,66,165,0,4,8,8,8,8,98,1,19,1,13,96,0,14,12,2020,2,0,2,99,2,2,1,3,1,4
63556,1,1,23,1,1,11,3,1,1,0,1,0,1,0,1,89,64,121,0,4,1,6,1,2,1,1,55,1,3,96,39,27,11,2020,6,23,2,12,2,2,1,2,1,1
63557,1,1,61,1,1,11,3,8,1,0,1,0,1,0,1,0,74,260,0,0,2,6,8,1,1,5,66,0,13,0,40,21,12,2020,2,12,2,10,6,1,1,1,1,4
63558,1,1,22,1,1,11,20,20,9,0,1,0,1,0,1,999,66,160,0,9,6,3,1,1,1,14,12,0,80,96,0,13,9,2020,1,18,2,25,5,1,4,1,1,4
63559,1,1,44,1,1,11,20,20,9,0,1,0,2,0,1,50,75,200,0,4,1,2,8,2,1,1,17,0,98,0,39,26,12,2020,7,17,2,12,2,2,1,1,1,4
63560,1,1,63,1,1,11,3,9,0,0,1,0,1,0,1,70,67,145,0,4,3,6,1,8,2,1,50,0,13,0,0,28,12,2020,2,4,2,12,18,1,1,3,2,1
63561,1,1,43,1,1,11,99,9,1,0,1,0,2,0,1,999,70,265,0,4,2,1,1,1,1,1,12,0,13,0,0,5,1,2020,1,18,2,33,1,1,8,3,1,4
63562,1,1,84,1,1,11,99,20,9,0,1,0,1,0,1,998,70,205,0,0,2,3,1,2,1,1,12,0,3,96,0,21,1,2020,3,0,2,33,3,3,3,3,1,4
63563,1,1,999,9,1,11,99,20,9,0,99,1,2,0,1,998,999,999,99,9,1,2,8,2,1,1,80,0,7,96,999,21,12,2020,2,23,2,8,1,1,1,2,1,0
63564,1,1,998,8,1,11,98,20,9,0,99,1,9,99,1,998,999,999,99,9,8,8,8,8,1,1,80,0,998,96,0,11,9,2020,6,19,2,8,3,2,1,1,1,0
63566,1,1,28,1,1,11,99,8,1,0,2,0,2,0,1,998,70,230,0,4,1,5,1,1,1,11,6,1,13,0,39,2,1,2020,5,0,2,39,3,2,4,3,1,4
63567,1,1,31,1,1,11,3,1,1,0,2,0,2,0,1,999,72,175,0,4,1,4,1,2,1,1,12,1,3,96,36,12,6,2020,6,23,2,33,1,1,4,3,1,3
63568,1,1,998,8,1,11,98,98,9,0,99,1,9,99,1,998,999,999,99,0,1,5,8,8,1,1,80,0,998,96,38,19,7,2020,1,21,2,8,3,2,1,3,1,9
63569,1,1,47,1,1,11,3,20,1,0,1,0,1,0,1,999,67,155,0,4,1,5,1,2,1,1,51,1,13,96,26,14,9,2020,2,2,2,12,1,1,1,3,1,0
63570,1,1,49,1,1,11,3,20,0,0,1,0,1,0,1,40,68,190,0,0,2,2,8,2,1,1,80,0,13,12,38,13,8,2020,5,5,2,8,3,2,1,3,1,0
63571,1,1,55,1,1,11,20,20,1,0,1,0,2,0,1,999,71,280,0,0,1,4,1,2,1,4,55,0,13,96,30,16,10,2020,6,16,2,12,8,1,1,1,1,0
63572,1,1,37,1,1,11,98,98,9,0,1,1,2,0,1,998,71,195,0,4,1,7,8,8,1,11,54,0,13,96,91,30,10,2020,6,18,2,12,2,2,1,3,1,0
63573,1,1,83,2,1,11,3,1,0,0,1,0,1,0,1,999,63,125,0,0,1,2,1,2,1,11,54,0,7,96,38,3,11,2020,3,14,2,12,2,3,1,1,1,0
63574,1,1,27,1,1,11,3,20,0,0,1,0,3,0,1,65,70,175,0,0,3,3,1,8,1,1,80,0,7,0,0,25,3,2020,4,22,2,8,1,1,1,2,1,0
63575,1,1,59,1,1,11,3,20,0,0,1,0,1,1,1,5,76,285,0,0,0,0,0,0,0,98,17,0,63,96,38,10,11,2020,3,7,2,12,8,1,1,1,1,0
63577,1,1,37,1,1,11,99,20,9,0,99,1,2,0,1,999,62,190,0,9,1,2,1,2,1,10,80,0,60,96,0,6,12,2020,1,11,2,8,3,3,1,1,1,0
63578,1,1,22,1,1,11,20,9,0,0,5,0,1,0,1,998,63,130,0,2,1,5,1,2,1,11,8,0,60,96,91,22,10,2020,5,2,2,1,3,2,1,3,1,0
63579,1,1,39,2,1,11,3,2,0,0,2,1,1,0,1,68,66,135,0,0,2,4,5,2,1,1,11,1,7,96,0,23,8,2020,1,18,2,12,1,1,1,1,1,1
63580,1,1,23,1,1,11,3,9,1,0,1,0,1,0,1,65,74,155,0,0,6,3,6,1,1,1,8,0,13,96,0,25,12,2020,6,14,2,33,5,1,4,1,1,2
63581,1,1,62,1,1,11,3,20,0,0,1,0,1,0,1,998,68,180,0,0,2,4,1,2,1,1,80,0,60,0,0,18,7,2020,7,5,2,8,1,1,1,3,1,0
63582,1,1,54,1,1,11,3,20,0,0,1,0,1,0,1,998,66,232,0,0,1,2,1,2,1,1,80,0,60,0,0,27,10,2020,3,13,2,8,3,2,1,1,1,0
63583,1,1,35,1,1,11,20,20,1,0,1,0,2,0,1,998,71,190,0,0,2,2,1,2,1,1,13,1,12,0,0,24,7,2020,6,2,2,93,1,1,4,3,1,4
63584,1,1,48,1,1,11,3,20,0,0,1,0,1,0,1,51,71,290,0,4,1,4,8,2,1,1,80,1,7,96,0,23,10,2020,6,23,2,8,1,1,1,3,1,0
63585,1,1,30,1,1,11,3,20,8,0,1,0,2,0,1,998,999,999,99,4,1,2,8,1,1,1,13,0,13,0,58,24,1,2020,6,21,2,33,1,1,4,3,10,4
63586,1,1,30,1,1,11,20,20,9,0,1,0,1,0,1,998,77,240,0,0,8,8,8,8,1,99,12,0,80,0,0,22,8,2020,7,19,2,33,1,1,4,3,1,4
63587,1,1,39,1,1,11,20,98,1,0,1,0,9,0,1,998,72,275,0,0,1,8,8,8,98,99,99,0,104,96,0,31,3,2020,3,99,2,1,1,1,1,8,98,4
63588,1,1,999,9,1,11,99,99,9,0,99,1,2,0,1,998,999,999,99,0,8,8,8,8,1,1,83,0,13,0,0,2,2,2020,1,22,2,9,2,98,1,3,1,9
63589,1,1,998,8,1,11,98,98,9,0,99,1,9,99,1,998,999,999,99,4,1,2,8,8,1,1,83,0,998,96,0,8,7,2020,4,20,2,9,1,1,1,3,1,9
63590,1,1,71,2,1,11,99,98,8,0,1,0,1,0,1,998,65,175,0,0,8,8,8,8,1,1,80,0,7,0,0,26,10,2020,2,3,2,8,1,1,1,3,1,9
63591,1,1,64,1,1,11,20,20,9,0,1,0,1,0,1,998,72,187,0,0,1,2,8,8,1,1,52,0,87,96,34,16,12,2020,4,9,2,12,2,3,1,1,1,4
63592,1,1,31,1,1,11,20,9,9,0,1,0,1,0,1,998,74,195,0,0,1,8,8,8,1,1,50,0,60,0,0,15,11,2020,1,2,2,12,1,1,1,3,1,4
63593,1,1,34,2,1,11,3,1,0,0,4,0,2,0,1,105,62,115,0,4,3,3,1,1,1,1,51,1,7,96,36,26,12,2020,7,22,2,12,1,1,1,3,1,3
63594,1,1,23,1,1,11,3,98,0,0,1,0,3,6,1,64,67,176,4,4,3,4,8,8,1,14,52,0,66,12,0,8,9,2020,3,17,2,12,1,1,1,1,1,0
63595,1,1,53,2,1,11,3,20,1,0,1,0,1,0,1,999,62,150,0,0,1,6,1,2,1,1,80,0,1,96,0,1,11,2020,1,18,2,8,3,2,1,2,1,0
63596,1,1,36,2,1,11,3,20,0,0,2,0,1,0,1,998,67,210,0,0,3,7,8,8,1,1,80,0,7,96,0,13,12,2020,1,19,2,8,1,1,1,3,10,0
63597,1,1,70,1,1,11,3,20,0,0,1,0,2,0,1,998,68,145,0,4,1,5,1,2,1,1,80,0,7,0,0,9,9,2020,4,21,2,8,3,2,1,2,10,0
63598,1,1,36,2,1,11,3,20,1,0,2,0,1,0,1,999,63,170,0,0,1,4,1,2,1,1,80,0,13,96,0,15,11,2020,1,19,2,8,1,1,1,3,1,0
63599,1,1,74,1,1,11,2,20,0,0,1,0,2,0,1,998,68,175,0,0,1,6,1,1,1,11,15,0,999,0,38,31,7,2020,6,15,2,12,2,3,1,1,1,0
63600,1,1,16,2,1,11,99,20,0,0,3,0,2,0,1,43,70,220,0,0,1,6,8,8,1,1,80,0,7,0,0,31,7,2020,6,20,2,8,2,2,1,3,1,0
63601,1,1,24,1,1,11,20,20,9,0,1,0,2,0,1,998,73,176,0,4,1,2,1,1,1,98,6,0,80,0,36,2,2,2020,1,12,2,1,1,1,5,1,1,4
63602,1,1,39,1,1,11,3,20,0,0,1,0,1,0,1,998,65,170,0,0,2,7,1,8,1,11,83,0,7,96,0,9,10,2020,6,19,2,9,3,2,1,3,1,0
63603,1,1,58,1,1,11,3,20,0,0,2,0,1,0,1,36,73,200,0,0,3,5,8,8,1,1,80,1,13,96,0,25,11,2020,4,23,2,8,2,2,1,3,1,0
63604,1,1,29,1,1,11,20,9,1,0,1,0,1,0,1,998,71,155,0,0,2,2,5,2,2,14,13,1,7,96,0,8,11,2020,1,3,2,33,1,1,4,3,2,4
63605,1,1,41,1,1,11,3,20,0,0,4,0,3,4,1,998,73,220,0,0,1,7,8,2,1,12,10,0,60,0,48,29,11,2020,1,16,2,12,1,1,1,3,1,0
63606,1,1,44,1,1,11,3,20,0,0,1,0,2,0,1,58,67,184,0,0,1,2,6,2,1,14,83,0,95,96,0,15,11,2020,1,15,2,9,2,4,1,1,1,0
63607,1,1,55,1,1,11,3,8,0,0,1,0,1,0,1,998,66,155,0,0,3,3,6,2,1,14,13,0,60,96,0,30,11,2020,2,7,2,33,1,1,4,1,1,4
63608,1,1,998,8,1,11,98,98,8,0,99,1,9,99,1,998,999,999,99,0,2,3,1,2,1,99,80,0,998,96,0,10,12,2020,5,17,2,8,1,1,1,2,1,5
63609,1,1,22,1,1,11,3,20,0,0,1,0,2,0,1,43,62,165,0,0,1,6,1,8,1,1,80,0,13,9,0,25,12,2020,6,1,2,8,2,2,1,3,10,0
63610,1,1,52,2,1,11,3,1,1,0,1,0,1,0,1,100,63,140,0,4,3,2,6,8,1,14,12,0,13,96,0,24,12,2020,5,6,2,25,1,1,3,4,10,4
63611,1,1,19,1,1,11,3,20,0,0,2,0,2,0,1,40,66,150,0,4,4,3,1,2,1,1,80,0,13,0,6,30,12,2020,4,14,2,8,3,3,1,1,1,0
63612,1,1,58,1,1,11,3,20,0,0,1,0,1,0,1,40,69,210,99,0,3,3,1,2,1,12,53,0,60,96,0,25,7,2020,7,12,2,1,1,1,1,1,1,0
63613,1,1,56,2,1,11,3,20,1,0,2,0,2,0,1,40,68,290,0,0,5,3,8,8,1,6,17,0,95,96,33,21,12,2020,2,19,2,12,2,3,1,3,1,3
63614,1,1,47,2,1,11,3,20,0,0,1,0,2,0,1,35,65,135,0,0,2,2,1,2,1,1,80,0,60,96,0,21,10,2020,4,3,2,15,8,1,1,3,5,0
63615,1,1,37,1,1,11,98,98,8,0,1,0,2,0,1,998,70,180,0,0,0,0,0,0,0,99,80,0,60,0,28,26,10,2020,2,21,2,8,1,1,1,1,98,0
63616,1,1,45,2,1,11,3,98,8,0,1,0,1,0,1,998,66,165,0,0,1,7,8,8,1,1,80,1,7,96,60,8,10,2020,5,22,2,8,1,1,1,3,1,1
63619,1,1,42,1,1,11,3,1,8,0,1,0,1,0,1,0,68,194,0,0,3,5,1,1,1,5,53,0,13,96,54,1,11,2020,1,1,2,12,1,1,1,2,1,4
63620,1,1,24,1,1,11,3,20,0,0,2,0,2,0,1,70,62,150,0,0,3,4,8,1,1,15,10,1,13,96,27,26,9,2020,7,4,2,12,1,1,1,2,1,3
63621,1,1,27,1,1,11,2,20,0,0,2,0,2,0,1,8,71,180,0,4,6,1,8,2,1,1,80,0,111,96,0,1,9,2020,3,6,2,8,5,1,1,3,1,0
63624,1,1,51,1,1,11,3,20,0,0,1,0,3,5,1,5,63,140,0,0,1,6,1,2,1,10,80,0,66,96,38,30,11,2020,2,10,2,8,3,2,1,1,1,0